sha256,pkg_name,vercode,dex_date,added,num_downloads,az_metadata_date,title,developerName,uploadDate
67631094797B696B723F5F87581B65FA27F4D02A40EA1A4BC6A7C98298A7EEE1,com.ray3d.shootsniper,212,1981-01-01 01:01:02,2023-07-06 16:14:51.484324,50000000,2023-07-06T16:16:03.146155,Shoot Hunter-Gun Killer,RAY3D,23 May 2023
31DE6E2C8684073CA733C4C0F34BBCF0D82DA4EE0F5434CA6E7DD247A7162C37,com.perfect.slices,75,1981-01-01 01:01:02,2023-09-06 13:27:46.949653,100000000,2023-09-06T13:28:09.469729,Perfect Slices,SayGames Ltd,5 Sept 2023
065CC804F328E7D4E91D0587CD2495F4D05EA08AB705DC08F011DDB81CA1B18D,com.loudtalks,2600853,1981-01-01 01:01:02,2023-06-21 21:57:43.512944,100000000,2023-06-21T21:57:45.140875,Zello PTT Walkie Talkie,Zello Inc,14 Jun 2023
117D943B372617198A4B7D6EFC6182493DBD89E6D88220B9B1F4AB5F4FC053DA,com.microsoft.teams,2023122843,1981-01-01 01:01:02,2023-07-09 05:51:18.020546,100000000,2023-07-09T05:51:34.644827,Microsoft Teams,Microsoft Corporation,3 Jul 2023
0051E3C656BDB95CF830556D23C81ED886D5C9897275D0FB97AA55F6A20B1DEB,com.fivepaisa.trade,552,1981-01-01 01:01:02,2023-10-11 18:26:21.671836,10000000,2023-10-11T18:27:14.195600,"5paisa: Share Market, MF & IPO","5paisa - Stock Market, Demat Account, Mutual Fund",28 Sept 2023
1313090DB6C2BBEDD94FE5F10690F76787BC765E952F84C2CC0C99A3A8E17970,com.TeamTerrible.BabyInYellow,5179,1981-01-01 01:01:02,2023-02-17 16:07:02.124794,50000000,2023-02-17T16:09:19.953131,The Baby In Yellow,Team Terrible,14 Feb 2023
0AA593475D22C7354EAB169FA542604760145B1A1D9431DDC7F9C31C937BF6DF,com.espn.score_center,12048,1981-01-01 01:01:02,2023-12-15 20:13:38.341072,50000000,2023-12-15T20:14:54.525427,ESPN 6.95.1,Disney,15 Dec 2023
0F6723D8C1644166D86CBDB5D7ABD828545176A35AD8A84344418A9DD74BEF2B,com.dysugar.jewels.prince,520,1981-01-01 01:01:02,2023-11-03 01:52:10.097674,50000000,2023-11-03T01:54:00.073147,Jewels Classic - Crush Jewels 5.1.9,IVYGAMES,30 Oct 2023
081148D0DB01D4CC6E1F876FF9950AF4980FB1A6DB376A6643AEB8ECCD9F6167,com.mmircil.cnb2,49011,1981-01-01 01:01:02,2023-07-23 10:50:38.477066,50000000,2023-07-23T10:51:32.057652,Crafting and Building,GeneRe,19 Jul 2023
1F8F64FC284D4B9944719653E0D839964F01BEC508598E4B767FF40E794240F8,mp3videoconverter.videotomp3converter.audioconverter,91014125,1981-01-01 01:01:02,2023-03-08 14:24:15.515385,50000000,2023-03-08T14:24:40.875249,Video to  MP3 Converter,accountlab,7 Mar 2023
0045BC00ECAF50BF36A4AD3003A6D3229E8A326F6AF17ED972AB2D87A972B8B3,com.disney.frozensaga_goo,854,1981-01-01 01:01:02,2023-05-10 22:24:34.329017,50000000,2023-05-10T22:26:31.967232,Disney Frozen Free Fall Games,"Jam City, Inc.",28 Apr 2023
94F5D5B6908A52E968D311CA9F3FC63784C3E40D6D5CC9E7BD6385216AAA5CC0,com.outfit7.talkinggingerfree,470,1981-01-01 01:01:02,2023-11-06 13:18:22.070522,100000000,2023-11-06T13:17:56.361171,"Talking Ginger
3.3.1.137",Outfit7 Limited,3 Nov 2023
00C0401D31158A0074E4EB9FEB34C384E5ED6366A116DCD87D1A72272DEDEE74,com.fa.tag.karate.fighting,200153,1981-01-01 01:01:02,2023-06-08 13:46:16.901947,50000000,2023-06-08T13:48:07.580806,Karate Fighter: Fighting Games,Fighting Arena,2 Jun 2023
0116B544787BFA4BCD0904D9C698C712711CA2DC4F84F8B825C12A430CA6240D,air.com.buffalo_studios.newflashbingo,50190063,1981-01-01 01:01:02,2023-05-27 12:27:12.163636,50000000,2023-05-25T21:17:13.046470,Bingo Blitz™️ - Bingo Games,Playtika Santa Monica,24 May 2023
546A5426B5A8061A0AD4489727F630858043BF042EA7053EB06768BA4176986D,com.spilgames.mydolphinshow,6902618,1980-01-01 00:00:00,2023-11-01 09:13:27.908041,50000000,2023-11-01T09:14:06.110065,My Dolphin Show 4.38.6,Azerion Casual,12 Aug 2021
101AF2E94DE1CE13509EC85767DB8AB34E1EAAAE582428A8741223EDBDF446EA,com.icq.mobile.client,10011564,1981-01-01 01:01:02,2023-03-21 10:44:39.762275,50000000,2023-03-21T10:45:50.239580,ICQ: Video Calls & Chat Rooms,LLC Mail.Ru,17 Mar 2023
671A45976F61F5BABEEECA6DFDE46AA1492FD28A0821E74AD9199B4384D65F6C,com.budgestudios.StrawberryShortcakeBakeShare,2707,1980-01-01 00:00:00,2023-06-02 14:35:38.483606,50000000,2023-06-02T14:36:43.015913,Strawberry Shortcake Bake Shop,Budge Studios,31 May 2023
E6C3C76CA9B8053FE1CAB6096C466BB654AA318FFFFB02DF1F8756FE6868D6F6,com.fingersoft.hillclimb,610,1981-01-01 01:01:02,2023-09-24 02:59:05.466808,1000000000,2023-09-24T02:58:35.686451,Hill Climb Racing,Fingersoft,20 Sept 2023
327C40A9CE24CC2B74FF44F711662DAC9C195E388B551EDD1372D14D616FBFD3,com.MegaJoy.PrisonBreak68,91,1981-01-01 01:01:02,2023-10-15 20:10:44.089246,50000000,2023-10-15T20:12:08.670411,Prison Break: Stickman Story,FARM STUDIO,12 Oct 2023
016CBA021B8E827B501367932BC5B069507E59C9E6FC1C1DA3BF22F36A41DC56,com.dd.doordash,15116209,1981-01-01 01:01:02,2023-07-18 12:28:51.952427,50000000,2023-07-18T12:30:43.294980,DoorDash - Food Delivery,DoorDash,13 Jul 2023
234A03F5B691889B88000C34D24EA2D22F063E147CE589814DD0ADD05FB82EA6,com.google.android.dialer,14468708,2009-01-01 00:00:00,2023-08-23 00:24:14.215449,1000000000,2023-08-23T00:24:42.624983,Phone by Google,Google LLC,17 Aug 2023
02A04E922E8E6378F798289A78554ACC496E6BDF1A8FB2FD8C03C77A63DB8648,com.google.android.apps.searchlite,778215,2009-01-01 00:00:00,2023-05-05 16:25:56.308548,1000000000,2023-05-05T16:26:22.007934,Google Go,Google LLC,24 Apr 2023
932AFECD72B6B3E4A78A6B6B8BF070435E1262A746B771C3919508A6200BBBB7,com.geishatokyo.trafficrun,12185,1981-01-01 01:01:02,2023-05-20 02:24:10.053494,100000000,2023-05-20T02:23:06.347018,Traffic Run!: Driving Game,"Geisha Tokyo, Inc.",18 May 2023
3B675B8B4657932B7D3EF2A9737E44901E09A318290ABED55C5F5F2BC1BAE3B9,org.ppsspp.ppsspp,114040000,1981-01-01 01:01:02,2023-01-04 05:57:16.491105,100000000,2023-01-04T05:58:35.156619,PPSSPP - PSP emulator,Henrik Rydgård,3 Jan 2023
34BA42EEC2E3411F52B400B4E1F4AAABB084AF580BCAF0B2EC9DD3905805069D,bubbleshooter.orig,90000849,1981-01-01 01:01:02,2023-05-02 13:30:18.410572,100000000,2023-05-02T13:30:21.419659,Bubble Shooter,Bubble Shooter,"Apr 20, 2023"
004E0FC20F0108396635E3B39B96753678578B1AF80E07D3BBC9410CD2DA91FA,com.hulu.plus,4011185,2023-01-17 23:58:02,2023-02-14 23:25:18.426656,50000000,2023-02-14T22:29:48.600142,Hulu: Stream shows & movies,Disney,19 Jan 2023
7F1A833648E0B32A6F501CF9E67B3AC2600009C6EAF947227BA9654A5830805D,com.shopclues,1257,1981-01-01 01:01:02,2023-10-01 13:39:43.274839,50000000,2023-10-01T13:40:05.163485,ShopClues,ShopClues,18 Sept 2023
052F1868C4E22E3657C2AE008E684CF6EC8C60A7652D7A9F4487F422BBCA178B,com.tapblaze.pizzabusiness,1227,1981-01-01 01:01:02,2023-02-19 10:44:36.420762,100000000,2023-02-19T10:45:45.104039,"Good Pizza, Great Pizza",TapBlaze,17 Feb 2023
7371BB981B4213FA45F050265892EBDDE5C7761C5F85466654CDDEDC4986EA17,com.ForgeGames.SpecialForcesGroup2,139,1980-01-01 00:00:00,2023-06-04 14:30:48.537116,100000000,2023-06-01T02:49:10.033649,Special Forces Group 2,ForgeGames,29 May 2023
1F3A12C7BD3EFA788AAD518B18DA011E2E19C748C53FDDFC276054436D776811,com.piriform.ccleaner,800010426,1981-01-01 01:01:02,2023-11-09 23:35:28.990591,100000000,2023-11-09T23:38:28.606006,"CCleaner – Phone Cleaner
23.22.0",Piriform,"Nov 2, 2023"
01758DCEC59637DAE65168FFC3B9E9ABA430907D120F8D2A21A4E7DEB88B82BD,com.impp.city.traindriver.simulator,94,1981-01-01 01:01:02,2023-06-16 12:44:22.238417,100000000,2023-06-16T12:46:15.925564,City Train Driver- Train Games,Imperial Arts Pty Ltd,13 Jun 2023
12B181BEC923CF1381F15EB309CF478B0E6EF0B086BE18E5C475541F630F6DE6,sixpack.sixpackabs.absworkout,57,1981-01-01 01:01:02,2023-12-15 17:45:50.078947,100000000,2023-12-15T17:47:23.762667,"Six Pack in 30 Days
1.1.11",Leap Fitness Group,13 Dec 2023
019EE7DA577D0733C3F57E077E12FCD6F6C3161CC51775D01F1C48034AEEB313,dk.tactile.lilysgarden,437319,1981-01-01 01:01:02,2023-09-20 18:53:19.101043,50000000,2023-09-20T18:52:26.887322,Lily’s Garden - Design & Relax,Tactile Games,20 Sept 2023
0208D662C6072146F1A867B1B55FBD427EFE8498089DD73C9DE1E647BA7282B7,com.yelp.android,26231310,1981-01-01 01:01:02,2023-03-28 10:56:30.899003,50000000,2023-03-28T10:56:45.040299,Yelp,"Yelp, Inc",22 Mar 2023
0A985E44B912F48F37B6A6AFF857FB6AABDB4DEB4B2E12B30ED49A125D7B17AA,com.lumber.inc,878,1981-01-01 01:01:02,2023-12-22 21:36:12.117359,50000000,2023-12-22T21:37:14.516060,Idle Lumber: Business Empire 1.8.8,Game Veterans,22 Dec 2023
0755162B1E542A34AA19DCED0906DDD2D94AB4A4DB02CAF107AAD75BD372655C,com.bitsmedia.android.muslimpro,1410010601,1981-01-01 01:01:02,2023-10-30 12:07:03.015596,100000000,2023-10-30T12:07:23.440662,Muslim Pro: Quran Prayer Times,Bitsmedia Pte Ltd,29 Oct 2023
19A626F5501AAC76153B5F5A7FB3AA3BAE3AAC912DF5E03D22A8BE5DDC55F62B,com.google.ar.core,233110983,1981-01-01 01:01:02,2023-11-30 13:14:40.990518,1000000000,2023-11-30T13:14:41.995912,"Google Play Services for AR
1.41.233110983",Google LLC,25 Nov 2023
324DF5AF370EF2FD3442A0E340BEEB11511A82B5F05ED0BB28353E9B0354B11F,com.apalon.myclockfree,22300,1981-01-01 01:01:02,2023-12-02 11:12:56.890505,50000000,2023-12-02T11:14:24.828008,Alarm Clock for Me 2.85.0,Apalon Apps,29 Nov 2023
140D3DD511D23A1B1DCB2313AFBBB3D566797FC97D6F78D04D8BE5EBE3BF9316,com.bancomer.mbanking,117903,1981-01-01 01:01:02,2023-08-13 19:39:35.73236,50000000,2023-08-13T19:39:37.285622,BBVA México,BBVA,12 Aug 2023
2AD3374678AA76B005FB1DE4C2179C089A3B6F3FE60BC47DFE4DBD229E0F4FB4,com.dramaton.slime,1074,1981-01-01 01:01:02,2023-12-15 08:37:02.872698,100000000,2023-12-15T08:41:20.749832,"Super Slime Simulator: DIY Art
10.74",Dramaton,14 Dec 2023
3CB9D66636A2D7A4B513D0D2C6027C45CF07AAF08442D3701659802D69C3B8CB,air.com.lunime.gachalife,1001014,1981-01-01 01:01:02,2023-08-15 19:00:58.553341,100000000,2023-08-15T19:01:00.098281,Gacha Life,Lunime,15 Aug 2023
2E727FB20CFFA5C94BA32F57D8FE51A087B7DB9F4DCBCA21849ED9EDB535DA06,com.cdgames.fidget3d,200071,1981-01-01 01:01:02,2023-03-16 10:31:43.564512,100000000,2023-03-16T10:32:32.497621,Fidget Toys 3D - Antistress,Fidget Dev,15 Mar 2023
1BB523207A40299D1A45652A179618C49F37B0312219F009BEF66921C16CC2E7,com.fingerfun.coc.gplay,1023,1981-01-01 01:01:02,2023-10-26 16:09:34.251302,10000000,2023-10-26T16:10:28.633100,City of Crime: Gang Wars,FingerFun Limited.,25 Oct 2023
6038E042DCF3292239ED844C20537C9A3CB6713473D6954B1F04E85E5F078454,com.Rohit.IndianBikes,26,1981-01-01 01:01:02,2023-09-28 08:02:52.659384,100000000,2023-09-28T08:04:14.592031,Indian Bikes Driving 3D,Rohit Gaming Studio,25 Sept 2023
00202CC3FCFB1113142EA3001C6040D7B0834FE360592C5E5F85C2D9E138F0C8,com.kakao.taxi,1771,1981-01-01 01:01:02,2023-09-07 10:45:42.489431,10000000,2023-09-07T10:45:52.912869,"Kakao T - Taxi, Driver, Bike",Kakao Mobility Corp.,4 Sept 2023
0971740A406FBE75A80D1657A53F608EA5D3E3284B301BC7C4EB89279B702DCA,com.bandlab.bandlab,10610400,1981-01-01 01:01:02,2023-12-18 03:53:40.245481,50000000,2023-12-18T03:55:49.774790,BandLab – Music Making Studio 10.61.4,BandLab Technologies,14 Dec 2023
189D1C379C19799218A8BD4AA1DEF3C72740DDD478B98285327B087737798B42,com.fundevs.app.mediaconverter,261,1981-01-01 01:01:02,2023-12-16 09:39:31.31889,100000000,2023-12-16T09:41:08.585506,"Video MP3 Converter
2.6.8",FunDevs LLC,15 Dec 2023
003F595362E3DC47D1B3020BD2A9716B1C02B5F4CD3ED1B62ABC26C17D733711,com.thetransitapp.droid,3021574,1981-01-01 01:01:02,2023-12-20 01:50:04.436751,10000000,2023-12-20T01:49:49.448312,"Transit: Live Bus &amp; Tube Times
5.15.10","Transit, Inc.",19 Dec 2023
370C96C2DB0A9B73B6FAB9070FC4D941BCFE5A5F0AA42A8B51828E3657E0F5C7,com.simppro.quran.offline,85,1981-01-01 01:01:02,2023-06-08 01:06:07.44904,50000000,2023-06-08T01:21:10.271332,القرآن الكريم كامل بدون انترنت,simppro,1 Jun 2023
1D03A41BA8266E77AAA0BA8EC49E7D5AC30751D616CDDCE339E6408D340CC4EE,com.mobikwik_new,1760,1981-01-01 01:01:02,2023-01-02 05:20:38.57693,50000000,2023-01-02T05:21:49.061746,"MobiKwik- UPI, Bills, PayLater",One MobiKwik Systems Limited,29 Dec 2022
0B899841A62036C6CCA08B8CE79A5C46E7D53FCA6B98C97704BB3FDF0DC7FA2A,com.unicostudio.braintest,2756,1981-01-01 01:01:02,2023-12-01 04:31:10.85842,100000000,2023-12-01T04:31:38.905390,"Brain Test: Tricky Puzzles
2.746.0",Unico Studio,27 Nov 2023
2424E5D32A9ABCD597FEFCC71CD5B84B3A0A30F2C8F6287CB8DD62B13BA784C5,com.ludo.master.hippo,206,1981-01-01 01:01:02,2023-10-04 20:20:10.011276,50000000,2023-10-04T20:20:17.231557,Ludo Master™ - Ludo Board Game,Hippo Lab,7 Sept 2023
08CF915DB5C78B42B82B898E082CEDA9EA6974DB5F09D38DC8511789762967EE,com.intsig.camscanner,64502,1981-01-01 01:01:02,2023-07-22 21:17:14.452516,100000000,2023-07-22T21:17:47.220446,CamScanner - PDF Scanner app,CamSoft Information,"Jul 19, 2023"
53C14550264F47728F6331C6AEEBF2FB83BE9350D204FC1343ED9B71079F253F,com.razmobi.monstertrucks2,10,2017-07-10 00:24:12,2023-12-05 21:02:54.91619,100000000,2023-12-05T21:03:38.503777,"Monster Trucks Game for Kids 2
2.3.2",Raz Games,9 Jul 2017
9702C649EA31ACFB39B5106C62B6AF2EFF11D5E5EB3A2EAFC94E668CF42F8640,com.ViperGames.StickmanWarriors,200020,1981-01-01 01:01:02,2023-09-04 01:39:00.182567,50000000,2023-09-04T01:41:04.480778,Stickman Warriors,ViperGames,15 Aug 2023
047EDCF493FF26F2877F180C97294D63E512A7B6827967EC903B05BDA8473F40,com.dreamgames.royalmatch,13973,1981-01-01 01:01:02,2023-03-08 12:13:45.953361,50000000,2023-03-08T12:14:30.637679,Royal Match,"Dream Games, Ltd.",7 Mar 2023
0FFB2DD8CC1CBBF31175E6E44A99E3E6124D8D38DE6241FCAB1BF7874CB2FBA9,com.zakg.scaryteacher.hellgame,124,1980-01-01 00:00:00,2023-05-04 19:59:45.256657,100000000,2023-05-04T19:59:02.641535,Scary Teacher 3D,Z & K Games,29 Mar 2023
5694DEF04DCD5AD2E539D8E762700436B3C0B073B519FC1BAC52D6261B838D54,com.mustardgames.impossible.tracks.mountain.stuntracing.monstertruck,10060000,1981-01-01 01:01:02,2023-06-03 17:27:41.936709,50000000,2023-06-03T17:28:03.626168,Car Games: Kar Gadi Wala Game,WeeWoo Mobile,2 May 2023
045E783225E81C42BE72C8A05395AB984EBF54B12EE7C16D739C0D890C9D539D,com.fruitheroes.legend,108,1980-01-01 00:00:00,2023-05-04 15:42:45.09053,50000000,2023-05-04T15:45:40.196379,Fruit Block - Puzzle Legend,Legend Game Inc.,25 Apr 2023
0747A207D9A35C6F46739F182236A384EE0A308739EEB79777A8782DE90A5257,com.lyrebirdstudio.mirror,60700,1981-01-01 01:01:02,2023-07-04 18:31:39.108439,50000000,2023-07-04T18:32:09.287816,Mirror Photo Editor: Collage M,Lyrebird Studio,4 Jul 2023
01370BC93BF7D9BFB5CC7B3238A51A27BDB81D85E131B0F9285C340D84D491D2,com.camerasideas.trimmer,1179,1981-01-01 01:01:02,2023-11-14 16:39:33.587978,100000000,2023-11-14T16:41:15.904043,"YouCut - Video Editor &amp; Maker
1.601.1179",InShot Video Editor,14 Nov 2023
061C1CCDA90556ED90BFD3F72DE273421044339AE72E75978F5B6C2A2CB8E8A3,com.runtastic.android,2023112773,1981-01-01 01:01:02,2023-12-01 22:24:23.796276,50000000,2023-12-01T22:26:08.492359,adidas Running: Run &amp; Work Out 13.24,Adidas Runtastic,27 Nov 2023
0C05670503183BE9C40C08CC4033832F5D26B9A119045772C631D0958D971EAB,com.digilocker.android,964,1981-01-01 01:01:02,2023-06-20 19:44:49.890907,50000000,2023-06-20T19:46:02.673193,DigiLocker,"National eGovernance Division, Government of India",20 Jun 2023
D2939137AFE49EAC4770B84490C7D4CC7480586FD1D9D77561F9B4F9E7BFA6FF,com.lbe.parallel.intl.arm64,32,1981-01-01 01:01:02,2023-05-26 12:33:06.369877,50000000,2023-05-26T12:34:38.056402,Parallel Space - 64Bit Support,LBE Tech,26 May 2023
CAE1A4F6110DB976DAEA9AA1E234439BCE1349E7E0776569C5C92C3CB59C9ABC,com.vivo.website,37004,1981-01-01 01:01:02,2023-08-04 14:28:40.504079,500000000,2023-08-04T14:29:31.229951,vivo.com,Vivo Website,13 Jun 2023
11D41E4A28A79F28CFD8A373D4B9DA6A2020B35DD9B12698F0B4E220A8807805,com.km.cutpaste.util,92,1981-01-01 01:01:02,2023-03-12 12:30:30.461301,50000000,2023-03-12T12:30:43.749557,Cut Paste Photos,Dexati,11 Mar 2023
1A4445153161BD92A6917547D0030904BFB9A94E1D5CC089649D391C4246EF20,com.gokids.bphone1,3006005,1981-01-01 01:01:02,2023-07-29 06:17:46.763261,50000000,2023-07-29T06:17:58.142606,Babyphone game Numbers Animals,GoKids! publishing,"Jul 20, 2023"
0062D90AF436045CADD32E0531B36D7953C2B53DF12A64D7A1C1C19ECDB6093E,com.vaultmicro.camerafi.live,10330,1981-01-01 01:01:02,2023-10-26 08:08:14.347467,10000000,2023-10-26T08:08:44.795695,CameraFi Live,"Vault Micro, Inc.",25 Oct 2023
16DAA7C49A754EC1C026B31523BEA682E4FB94A25A2D77C972518BFC904C08E1,com.crazylabs.acrylic.nails,1900,1981-01-01 01:01:02,2023-06-13 06:44:15.708164,100000000,2023-06-13T06:46:25.592441,Acrylic Nails!,CrazyLabs LTD,6 Jun 2023
07BA2109729200800E5115AD75A2EC4099CC7C0B87D331338108C7CB1E5B9EB7,com.flashkeyboard.leds,200,1981-01-01 01:01:02,2023-09-10 23:17:21.843271,50000000,2023-09-10T23:19:14.693099,LED keyboard: Fonts keyboard,Zayzik : LED Keyboard Studio,8 Sept 2023
03FCC4075E0691DEA8E3380065053D896759B4CD3B6CC87055D6609A29A865F3,com.makemytrip,669,1981-01-01 01:01:02,2023-06-03 07:16:43.664683,50000000,2023-06-03T07:16:22.940988,"MakeMyTrip Hotels, Flight, Bus","MakeMyTrip—Hotel, Flight, IRCTC Authorised Partner",28 May 2023
1D7FFF263F9E4934F5627503B5B8D37564F278F3D25F699880F1D5685B93181C,com.Celltop.SpiralRoll,42,1981-01-01 01:01:02,2023-08-01 20:12:08.87055,100000000,2023-08-01T20:14:13.206800,Spiral Roll,VOODOO,31 Jul 2023
0BB06BD4555B1F959A56AC1F6509F3160EE716D83189855EE9E2F925BD686C1D,com.photoeditor.snapcial,129,1981-01-01 01:01:02,2023-07-29 20:31:48.883677,50000000,2023-07-29T20:36:12.151477,AI Photo Editor Collage Maker,Snapcial™ - Photo Editor and Photo Collage Maker,"Jul 27, 2023"
C0F579BBC71B0FB9263D7A6050F267EC59098BBD622F6301723F3A180881A5AF,com.shootbubble.bubbledexlue,30,1980-01-01 00:00:00,2023-06-12 18:17:19.430681,100000000,2023-06-12T18:17:48.730471,Shoot Bubble Deluxe,Kiwi Mobile Limited,5 Jun 2023
15D3F1DFA43C79DA2084EBE6E5AA4988DFACBA7162D66CAF704614D4C7C8299B,ru.auto.ara,96380,1981-01-01 01:01:02,2023-09-26 02:29:29.173161,50000000,2023-09-26T02:31:58.507305,Авто.ру: купить и продать авто,Direct Cursus Computer Systems Trading LLC,"Sep 19, 2023"
263CE82DD160DD45CBFF97769084357F71785BA2721EE6B347D24E15AF666B6B,com.bubadu.buildergame,55,1981-01-01 01:01:02,2023-03-28 13:08:56.720134,50000000,2023-03-28T13:10:12.217470,Builder Game,FM by Bubadu,16 Mar 2023
0987A920CD4C60DED84812939DE6A2FE915FC0F99C795FBAC9DC651C8FA854DC,com.videoeditorpro.android,3301021,1981-01-01 01:01:02,2023-02-07 18:05:07.417498,100000000,2023-02-07T18:06:23.008995,VivaCut - Pro Video Editor APP,VivaCut professional video editor,2 Feb 2023
D2A03B25B068C460823B0BAE685AF0639800FF02E7C748CA7ACD23C058F0727A,com.smule.magicpiano,3190,1981-01-01 01:01:02,2023-03-07 18:33:28.905118,50000000,2023-03-07T18:34:45.665916,Magic Piano by Smule,Smule,7 Mar 2023
64A908A0DBBF462C6E3D8254055C4A03EEC54226D800EA4BC601732388253A30,com.baklabs.taxi.two,2050,1981-01-01 01:01:02,2023-11-13 04:26:19.753268,100000000,2023-11-13T04:25:54.601042,"Taxi Game 2
2.4.2",baklabs,31 Oct 2023
1BAB5431340B75DAC0F50E94AF5F18C38C096ECA9737D3D9518BB3A89C4592F1,ujc.junkcleaner.app,23050401,1981-01-01 01:01:02,2023-05-09 14:27:07.988587,50000000,2023-05-09T14:27:28.812343,Ultra Junk Cleaner,UNCLEBO LTD,4 May 2023
33450154078EF39D3AAC0ED1728F31F10F336C822F92D8C5D75B855910C90850,pampam.ibf2,243,1981-01-01 01:01:02,2023-06-20 21:46:11.542918,100000000,2023-06-20T21:46:50.047691,Bottle Flip 3D,tastypill,14 Jun 2023
17C07049EAC5025B6CB971B42D85915AF484723C157BB71ACD81ACED992DD4BA,com.tinyco.potter,5010300,1981-01-01 01:01:02,2023-07-03 23:10:11.274055,50000000,2023-07-03T23:14:23.854732,Harry Potter: Hogwarts Mystery,"Jam City, Inc.",29 Jun 2023
03285F6A80B014EF6CAD38F025E6733E95FFBD754CEDA8DEACDFF538481BBAAB,com.cutestudio.neonledkeyboard,340,1981-01-01 01:01:02,2023-11-07 04:29:25.44714,50000000,2023-11-07T04:29:45.084152,Neon LED Keyboard: RGB &amp; Emoji 3.4.0,AZ Mobile Software,20 Oct 2023
0061DD2AB62CABA4DC29F0DBB2C4928FC6EE543D0D9F056B19D6E47FB12DEC5D,pl.lukok.draughts,2756,1981-01-01 01:01:02,2023-05-15 12:03:15.346866,100000000,2023-05-15T12:03:59.171133,Draughts,CC  Games,12 May 2023
28A349E7D1A764730A53FD2D96F449ADBB8D3733532B43CC8E5C50550014E516,com.feelingtouch.zf3d,253,1981-01-01 01:01:02,2023-08-09 20:32:03.804941,50000000,2023-08-09T20:31:43.260902,Zombie Frontier 3: Sniper FPS,FT Games,7 Aug 2023
18470296B626F3912C0E5D7DDD7F8453D2DBDFE8C4964F07805F994F9707CFA6,com.transsion.healthlife,4001039,1981-01-01 01:01:02,2023-10-16 09:40:41.295957,50000000,2023-10-16T09:41:52.029552,"My Health - steps,jogging",Shalltry Group,9 Oct 2023
00786E749C67F9381BED5AE3E23EB6C303B19C01DB233072D0C877EDF974E536,com.walmart.android,23200103,1981-01-01 01:01:02,2023-05-30 22:06:49.635378,50000000,2023-05-30T22:06:51.174177,Walmart: Shopping & Savings,Walmart,25 May 2023
00A0E29A75FB17121EC7F0BE17670C26AF0C3267D43A00B3AD9A272B6A2E5D01,com.fluffyfairygames.idleminertycoon,78514,1981-01-01 01:01:02,2023-12-15 08:56:04.138554,100000000,2023-12-15T08:56:44.029085,"Idle Miner Tycoon: Gold Games
4.49.0",Kolibri Games,14 Dec 2023
0021AF53A23394A2CE4C6C0D34943D177A17BCE2822FBA884E8CDC6A37138B38,com.ludia.jurassicworld,2132023,1981-01-01 01:01:02,2023-06-08 11:09:05.166178,50000000,2023-06-08T11:09:07.232427,Jurassic World™: The Game,"Jam City, Inc.",2 Jun 2023
1CDC48660CCE9EF234E420B23500B2842F1CAED31443A1BDE7EB60D07A34D9F5,com.teamviewer.teamviewer.market.mobile,1541104,1981-01-01 01:01:02,2023-04-26 11:19:58.654653,50000000,2023-04-26T11:25:32.431448,TeamViewer Remote Control,TeamViewer,21 Apr 2023
091EE8EB7C03189788AAC2D2195E32D90ABFF8C5E78850BABC169CAA1E8B6B68,com.GamesForKids.Mathgames.MultiplicationTables,142,1981-01-01 01:01:02,2023-01-13 16:52:10.955959,50000000,2023-01-13T16:52:12.809228,"Math Games, Learn Add Multiply",GunjanApps Studios,9 Jan 2023
44E0CAD702A47294A3B4128BB40D974E3E141F36CB98F700DE914A277D38983C,com.isysway.free.alquran,145,1981-01-01 01:01:02,2023-11-21 23:05:08.668455,50000000,2023-11-21T23:07:03.704063,Al-Quran (Pro) 4.8.1,ISYSWAY,10 Nov 2023
064AD10023EC7228B300484C366CF8B0674D7C1D0A81989740400AA7A3E38A31,com.merge.animals,2015,1981-01-01 01:01:02,2023-10-09 03:54:38.169015,50000000,2023-10-09T03:57:01.182555,Merge Animals 3D - Mutant race,SayGames Ltd,28 Sept 2023
0533818C07F2AE54638FEE3D1D6F33CB35E3CF0FB61BAE76246F1E8C8EAA24CE,com.shazam.android,1303710,1981-01-01 01:01:02,2023-07-05 17:42:10.341016,500000000,2023-07-05T17:42:55.785400,Shazam: Music Discovery,Apple Inc.,4 Jul 2023
1DF4286A7E3A538AA3434B4E4F55FBB2EEC9550C64A576CF3DA93A2FDC250BF0,it.rortos.realflight,2000600,1981-01-01 01:01:02,2023-12-10 19:38:40.957864,50000000,2023-12-08T22:18:51.535525,Airline Commander: Flight Game 2.0.6,RORTOS,6 Dec 2023
00F3E1EF5D068475A5F64459E393665D0645637F2F4044FF020726826DCBF4DE,com.jellybtn.boardkings,30730,1981-01-01 01:01:02,2023-06-28 15:43:22.532587,50000000,2023-06-28T15:45:20.826096,Board Kings: Dice Online Game,Playtika,27 Jun 2023
262ABC78FF81540570453A9BA169DC7BFC5A0384CB67E3BC15A5A8AA1164ABDC,com.budgestudios.StrawberryShortcakeSweetShop,2669,1980-01-01 00:00:00,2023-07-25 16:19:42.726979,50000000,2023-07-25T16:19:44.300252,Strawberry Shortcake Sweets,Budge Studios,20 Jul 2023
072A0E060E2A047FF3DBD2B19432D739F9FBADCBE7627FDB3A05363FE097EF82,com.avito.android,2143,1981-01-01 01:01:02,2023-01-25 12:47:39.353381,100000000,2023-01-25T12:48:15.181917,"Авито: квартиры, авто, работа",Avito.ru,24 Jan 2023
19EDEF1412055B234EF220E573D7364DAC73A64A615028156D135AECF779E012,com.socialquantum.acityint,45410,1981-01-01 01:01:02,2023-05-16 16:13:04.476305,50000000,2023-05-16T16:14:16.946931,Megapolis: City Building Sim,Social Quantum Ltd,10 May 2023
1061804D4E71B07C5A93144FF4FDEA96B97F8EBC86123083E01A816D9A5C9599,com.google.android.videos,43800187,2009-01-01 00:00:00,2023-03-06 22:09:38.764896,5000000000,2022-12-07T02:35:32.275988,Google TV,Google LLC,5 Dec 2022
96A54DF232D6983B0CEB60719E4C2E221E61E6721CA83A69BBC040A7808143C4,com.imaginstudio.imagetools.pixellab,56,1981-01-01 01:01:02,2023-11-05 18:56:49.191776,100000000,2023-11-05T18:56:50.902725,"Picture Editor
2.1.2",App Holdings,26 Oct 2023
0022F38EDAE65CCA55720B08E20D20FDE716CD0FEC787876EC6BD33F93601C1F,com.planner5d.planner5d,468,1981-01-01 01:01:02,2023-06-08 14:38:34.197569,10000000,2023-06-08T14:39:33.417726,Planner 5D: Design Your Home,Planner 5D,31 May 2023
073B0738D297F354B009BD35236B5DD6442F2218140D77FA4B66A972B8B050B6,com.bethsoft.falloutshelter,142,1980-01-01 00:00:00,2023-06-07 16:01:25.269107,50000000,2023-06-07T16:01:27.626682,Fallout Shelter,Bethesda Softworks LLC,30 May 2023
0A34724152AEE86FBED2744034061555D02EB36B3B42457E79044CE14C22D796,com.indiaBulls,20247,1981-01-01 01:01:02,2023-01-11 17:17:21.008556,50000000,2023-01-11T17:17:37.014629,Dhani: Online Shopping App,Dhani Services Limited,10 Jan 2023
01C37FA926091EA7E8A2E8D75ECF80CD74EAFD8E4286D65A57A2D6A05506E049,ee.mtakso.client,2288,1981-01-01 01:01:02,2023-06-08 08:02:31.245383,50000000,2023-06-08T08:02:09.858544,Bolt: Request a Ride,Bolt Technology,1 Jun 2023
050A9F489623BACD8DFD351106B5C0499E8D3A2415529E1B2D1A90B3E9792C99,com.amanotes.beathopper,23033019,1981-01-01 01:01:02,2023-03-31 18:26:26.198898,500000000,2023-03-31T18:27:11.986739,Tiles Hop: EDM Rush!,AMANOTES PTE LTD,30 Mar 2023
0D14085954C95FA2B75664D985167DD4CB857FB6E8E8244BDB006D6026793669,com.YsoCorp.StretchGuy,2081,1981-01-01 01:01:02,2023-07-24 21:02:29.746255,50000000,2023-07-24T21:02:53.619753,Stretch Guy,Yso Corp,24 Jul 2023
00524B7C6348FB72123B880B42C43501A3678CD2F189B172528807F2A8117DB4,com.theporter.android.customerapp,251,1981-01-01 01:01:02,2023-10-17 19:03:38.771979,10000000,2023-10-16T14:23:13.049889,Porter - Online Delivery App,SmartShift Logistics Solutions Private Limited,15 Oct 2023
739D83A40BD31B60CD970B9FC9C74768E2631BA6B9E4E899C476274B350FC0D2,com.nautilus.RealCricket3D,719,1980-01-01 00:00:00,2023-11-02 18:00:13.31757,50000000,2023-11-02T18:01:45.922851,Real Cricket™ 20 5.5,Nautilus Mobile,30 Oct 2023
02B89BB396328A66C4FF9E52D6E54BB7334401454A85202F2A03D57ADA800716,fr.vinted,231400,1981-01-01 01:01:02,2023-04-12 10:27:55.931968,50000000,2023-04-12T10:30:37.412990,Vinted: Buy & sell second hand,Vinted,6 Apr 2023
2E143D35C2251AA3BED681B750DE3D7404179B6FD1592B298C907A8173D07314,online.cashemall.app,489,1981-01-01 01:01:02,2023-10-04 17:15:00.509576,50000000,2023-10-04T17:15:02.889277,Cash'em All - Play & Win Gifts,Cash'em All,15 Sept 2023
0729D344B4D72A974F87F1C1B98B510339B1610715BF0EC7026380E27C950F70,com.coupang.mobile,210380,1981-01-01 01:01:02,2023-01-25 02:40:08.721378,50000000,2023-01-25T02:38:52.468086,쿠팡 (Coupang),Coupang Corp.,"Jan 18, 2023"
0287F6010E46474CA2D82AFBB91BA4CB791090702AEC270DBBE9C2A98B1297D9,com.banggood.client,75402,1981-01-01 01:01:02,2023-03-11 11:45:59.990645,50000000,2023-03-11T11:50:45.822101,Banggood - Online Shopping,Banggood,"Mar 8, 2023"
01F6AE9D4DA91005301FF899363914B4E68F6D9768853107513A35A3BA272138,com.sygic.aura,211220508,1981-01-01 01:01:02,2023-01-17 15:39:30.078854,50000000,2023-01-17T15:38:56.527589,Sygic GPS Navigation & Maps,Sygic.,13 Jan 2023
267C2DE336AFFC9003044C1E84E363BB4AD7FACFC965C237B8C781BD1A242339,com.litatom.app,361,1981-01-01 01:01:02,2023-12-02 23:33:48.33531,100000000,2023-12-02T23:33:52.027067,"Litmatch - 遇见新朋友
6.29.1",CONSTRUCT TECHNOLOGY,26 Jul 2023
0035BD45A314FA199147A54F071E390E42CE848C43FB19F13F8C40A29784970B,com.depth.visual.wallpaper4d,41,1981-01-01 01:01:02,2023-05-23 17:35:06.173156,10000000,2023-05-23T17:35:29.767900,4D Wallpaper 2020,X Launcher Team - Hide App,25 Apr 2023
03FA2110F48F17345EAE3CDB4C3CEDE28C5720CF478C5544CCF05D9D3FE941AF,com.bitmango.go.blockhexapuzzle,421,1981-01-01 01:01:02,2023-11-01 14:55:49.96091,50000000,2023-11-01T14:56:41.986790,Block! Hexa Puzzle™ 23.1101.01,BitMango,30 Oct 2023
0975ABF4AF574B0ECBFF0FFA5036245912608500BE6521086F84A7CDA801C9B4,com.google.android.apps.nbu.paisa.user,3046845,1981-01-01 01:01:02,2023-12-13 11:06:10.212852,1000000000,2023-12-12T00:12:03.457737,"Google Pay: Secure UPI payment
205.1.2 (arm64-v8a_release_flutter)",Google LLC,8 Dec 2023
0ED5452F5E3D99E04AA18B4BD9471774ECBF6506017710E59693ECEE7A2BCB2F,com.icarus.carball,1426,1981-01-01 01:01:02,2023-05-31 20:21:00.809124,50000000,2023-05-31T20:21:05.316465,Rocket Car Ball,Words Mobile,30 May 2023
1052F9CE4F7FB5F43B3FD164D7FFDAE61B31E0A1B9EA05DDE4F0FDAB7307994B,fall.stars.race,102,1981-01-01 01:01:02,2023-12-13 19:45:07.34049,50000000,2023-12-13T19:45:57.334066,STAR: Super Tricky Amazing Run 1.61.0.0,CASUAL AZUR GAMES,7 Dec 2023
0E27700B81200FEC9ED3F88651665861783AA2E5F754CF8E47E5FEB3AD7A21C1,pdfreader.pdfviewer.officetool.pdfscanner,37,1981-01-01 01:01:02,2023-10-20 17:32:11.175105,50000000,2023-06-24T02:56:22.758338,PDF Reader App : Read All PDF,Trusted Android Apps- PDF Reader & Documents Tools,12 Jun 2023
0C9C7088ED7B1978E398F942216B7C9034A1377E3ED8DA2175624B16E3FED9B6,ins.story.unfold,635,1981-01-01 01:01:02,2023-09-06 12:09:14.380855,50000000,2023-09-06T12:11:06.466377,Mivo: Face swap video bride,Mivo studio,6 Sept 2023
1050CF984F46AE1B27ADF5DB2492A3C5A633CC52596CDF2A8635C6D18614C910,com.metago.astro,2023062114,1981-01-01 01:01:02,2023-06-24 14:48:03.446514,50000000,2023-06-24T14:48:08.459760,ASTRO File Manager & Cleaner,data.ai Basics,23 Jun 2023
08C6F50DB9125A80A6726D5D7564146215E5680A7BBAC31910E068EAF3343798,com.touchtalent.bobbleapp,6400002,1981-01-01 01:01:02,2023-12-02 23:25:24.0305,50000000,2023-12-02T23:28:18.154057,Bobble Keyboard 6.4.0.000,Bobble AI,6 May 2023
006A81BE840557BA7BD5F28615F8DF8F8EEAC66F9A4F48D51D67F3390996A943,com.att.myWireless,22013,1981-01-01 01:01:02,2023-04-02 19:19:56.288266,100000000,2023-04-02T19:20:51.339353,myAT&T,"AT&T Services, Inc.",16 Mar 2023
011321559430A48C0E3370AD4F56C0B9BF3924E58557C7B18CFF8483BA9E1292,com.playtika.wsop.gp,1341,1981-01-01 01:01:02,2023-08-21 16:49:06.188525,50000000,2023-08-21T16:45:35.620619,WSOP Poker: Texas Holdem Game,Playtika,18 Aug 2023
2FE8BB201F0A1D589FDDEE2B410AE861877385724F2CB3C0DB98EB8CD958A891,com.CarXTech.highWay,220,1981-01-01 01:01:02,2023-10-13 14:13:36.826256,50000000,2023-10-13T14:14:47.859648,CarX Highway Racing,"CarX Technologies, LLC",12 Oct 2023
073685AE72A5F25A9E359A65E731BE33DC93C1F9BE98B5885B6333FA2CE267C6,video.player.videoplayer,237200,1981-01-01 01:01:02,2023-12-05 20:49:17.964374,100000000,2023-12-05T20:51:21.999742,"Video Player All Format
2.3.7.2",InShot Inc.,27 Nov 2023
41D68691B0D0CD668447F53A302D025B9778580910EFF176E41535E98CA67103,com.google.android.accessibility.soundamplifier,187416,2009-01-01 00:00:00,2023-08-28 21:13:06.496405,100000000,2022-12-01T09:42:22.715382,Sound Amplifier,Google LLC,22 Nov 2022
CF98659FF621C5B77547E7348BDF7A24F6929CF2075A39FFE6764F793F7DE842,com.digidust.elokence.akinator.freemium,266,1981-01-01 01:01:02,2023-01-15 01:18:55.26477,100000000,2023-01-15T01:19:24.147763,Akinator,Elokence SAS,13 Jan 2023
0F82C6D3F192E76A341E672BBBB8FFD88D83951AE732A4ED717CE18D32EA0368,musicplayer.musicapps.music.mp3player,128,1981-01-01 01:01:02,2023-12-08 23:19:48.944189,100000000,2023-12-08T23:20:44.276953,"Music Player: Play Music
2.17.0.128",InShot Inc.,27 Nov 2023
0041F2026B15D7918F3CEA7074A46E86C2402EA7EEF4CEC3C7AEE678B32C4F8C,com.gen.workoutme,813,1981-01-01 01:01:02,2023-05-12 01:32:24.210129,10000000,2023-05-12T01:33:32.644291,BetterMe: Health Coaching,BetterMe Limited,11 May 2023
0033DFB09BF942BB3EFCBA1C141911A0D29D70AD912D1949F30FF250A3F3666D,com.nhn.android.nbooks,3360100,1981-01-01 01:01:02,2023-10-05 16:43:39.416534,10000000,2023-10-05T16:45:14.162970,SERIES,NAVER WEBTOON,5 Oct 2023
AB434EAABC52BF7F82B5E0ACB0364C49F2E1BD825C4D74E607F0FCD3E0A8E1D3,com.ihari.escapetheprison,378,1981-01-01 01:01:02,2023-09-07 13:00:09.843973,50000000,2023-09-07T13:02:37.642402,Escape Masters,CASUAL AZUR GAMES,31 Aug 2023
214622ED51668341E18F29EB4D6AA20BF0E683DABB64407204855DBCF136740A,com.yolostudio.squidsurvival,17,1981-01-01 01:01:02,2023-08-15 01:21:17.781972,50000000,2023-08-15T01:21:26.056177,420: Prison Survival,YoloGame Studio,14 Aug 2023
0875CD30E15EE34309F0FC762FC013CC1434FB56735C6D01297E7DA9D9D0A214,com.halo.wifikey.wifilocating,2305111,1981-01-01 01:01:02,2023-05-20 13:47:29.766841,100000000,2023-05-20T13:48:54.389868,WiFi Master: WiFi Auto Connect,LINKSURE NETWORK HOLDING PTE. LIMITED,11 May 2023
2214545309EAA5C1E069EB87B0135B53C08F100D93CE7CE73CB99CF3D41F9E46,nic.goi.aarogyasetu,1072,1981-01-01 01:01:02,2023-07-09 05:01:29.386478,100000000,2023-07-09T05:02:02.237487,Aarogya Setu,National Informatics Centre.,2 Jul 2023
5F5C09B777FB36941C7B41AD7C73A3A832BAEA8E731E210F90367330C0EF5C5E,com.microsoft.office.onenote,1805775859,1981-01-01 01:01:02,2023-12-21 11:45:28.903203,500000000,2023-12-21T11:47:57.776358,"Microsoft OneNote: Save Notes
16.0.17029.20098",Microsoft Corporation,11 Dec 2023
1B01F747D0B2DDE546B4DBB01552D1A8772703AC9CECBD1547BBE3547B170338,com.babbel.mobile.android.en,21190099,1981-01-01 01:01:02,2023-02-03 11:12:59.403249,50000000,2023-02-03T11:13:19.871400,Babbel: Language Learning,Babbel,31 Jan 2023
0B9703D340045013805D3A43CF4705ED7624CD9D60DBE5684782275693FCB07D,com.mcdonalds.mobileapp,22024,1981-01-01 01:01:02,2023-05-04 22:00:32.0023,100000000,2023-05-04T22:01:12.271151,McDonald's,McDonald's Apps,21 Apr 2023
005B4944D11BED67A136486F696CBBC03B95F52DB124B03DAE98E1FA046DE07D,company.gamesx.guitarflash,102,1981-01-01 01:01:02,2023-03-20 22:29:23.812025,10000000,2023-03-20T22:29:38.272619,Guitar Flash,Games X Informática EIRELI,17 Mar 2023
02FB1ED5840F451A111E058490A1C9752867C6F2AD7B1003FFA789C48E9E1529,com.stx.pullhimout,113,1981-01-01 01:01:02,2023-10-16 06:31:30.935693,50000000,2023-10-16T06:31:32.252505,Pull Him Out,Lion Studios,26 Sept 2023
0E82EFFD41D534A9022F4799B51CEE45F6619D65F4EA4941700E15236F12C07A,photo.android.hd.camera,6310,1981-01-01 01:01:02,2023-09-23 21:48:37.721407,50000000,2023-09-23T21:50:06.381511,HD Camera for Android,Mobile_V5,21 Sept 2023
5BECCF53369D19552FD8365DB1296D901BAD1C894E7857BF1AAB237978D92929,com.peacock.flashlight,90700,1980-01-01 00:00:00,2023-07-31 18:16:35.837529,50000000,2023-07-31T18:17:17.388264,Flashlight,"Lighthouse, Inc.",19 Jul 2023
2F24E607F208529D44898B652861A2BA3EBB47605167AD53DE5D3BAFC7018150,com.nllc.superhero,309,1981-01-01 01:01:02,2023-06-07 21:16:34.065819,50000000,2023-05-31T16:07:31.652471,Superhero: Battle for Justice,Naxeex Action & RPG Games,15 May 2023
11FD74B26B537460D5E2CCF04F2A0F662EB2E9434AF0F2580233B4160E86597B,com.teacapps.barcodescanner,173,1981-01-01 01:01:02,2023-09-29 06:10:14.504721,100000000,2023-09-29T06:11:00.618027,QR & Barcode Reader,TeaCapps,27 Sept 2023
0136CACD76854F4A3A1D31A8ADD78D600CEAA83A5C2DD0A77FD2989C49D18A31,com.mventus.selfcare.activity,1626,1981-01-01 01:01:02,2023-03-29 19:07:02.344998,100000000,2023-03-29T19:09:05.059952,"Vi: Recharge, Music, Games, TV",Vodafone Idea Ltd.,29 Mar 2023
064EACD68C27C9F43F15DBA11A2AEA1638F945DD96A756A6C7DCD379136747D0,com.google.android.apps.docs.editors.sheets,220601952,1981-01-01 01:01:02,2023-12-12 10:32:06.029192,1000000000,2023-12-12T10:32:34.362383,"Google Sheets
1.23.482.01.90",Google LLC,11 Dec 2023
00B6FE7A418C59D2177ED7E581506E0034B604B79116414BFF2D4DD13E127EC7,eu.nordeus.topeleven.android,6210,1981-01-01 01:01:02,2023-08-21 14:20:49.338176,100000000,2023-08-21T14:21:59.541893,Top Eleven Be Football Manager,Nordeus,17 Aug 2023
8E7C4446710106A8B6685DC2C9BA0F8C1131C25ECAD6B2C123D039AA48CC37C8,com.junesoftware.maskgun,216293,1981-01-01 01:01:02,2023-04-05 08:46:59.83246,50000000,2023-04-05T08:47:13.547997,MaskGun: FPS Shooting Gun Game,SuperGaming,26 Mar 2023
2635D1597FD2869E960E504656A89EDC1A573345A86FF03A42E4156166937AA8,com.RedLineGames.Game49,97,1981-01-01 01:01:02,2023-12-22 22:01:20.717159,100000000,2023-12-22T22:02:18.777083,"Ice Cream Inc.
1.1.7",TapNation,"Dec 15, 2023"
2E167705B0238052083BF7380A6091CD3DF7917F101A92060FA97D9491BF2EF5,com.microsoft.office.powerpoint,2003408675,1981-01-01 01:01:02,2023-03-24 06:46:26.79426,1000000000,2023-03-24T06:48:16.257482,Microsoft PowerPoint,Microsoft Corporation,16 Mar 2023
0EF72AF7A11608D234FAF11F9CCA863028A86E207AD63576ED0F807E78E0943F,com.devgame66.csshot,882302,1981-01-01 01:01:02,2023-03-16 12:43:37.369689,100000000,2023-03-16T12:44:34.152892,Gun Strike: FPS Shooting Games,Fun Shooting Games - FPS,16 Mar 2023
254C0CDF7045E27F571A00D3825C80883CD05D80E179D2AE4F8B0C69641AD3DC,com.ebay.kleinanzeigen,307484,1981-01-01 01:01:02,2023-11-14 12:19:57.492804,50000000,2023-11-14T12:22:03.616321,"Kleinanzeigen - without eBay
15.13.0",Marktplaats B.V.,14 Nov 2023
13DCEDE77E34DC0118C0DF6CA2CF14D2AF349AFE2F1F273F7AFAFF5510F906C6,com.alpha.applock,432,1981-01-01 01:01:02,2023-07-18 08:03:15.586638,100000000,2023-07-18T08:05:19.879907,AppLock - Lock apps & Password,"SailingLab: Focus on Security, Booster, Cleaner",16 Jul 2023
0339608144F60966D22F52E97F6EB31470DE75627057E22D78201893C72E727F,sortpuz.water.sort.puzzle.game,3701,1981-01-01 01:01:02,2023-10-21 23:06:05.030639,50000000,2023-10-21T23:08:20.757811,SortPuz: Water Sort Puzzle,Dark Halo,10 Oct 2023
26153AE574AEA8ACD95C468B2A91009E87B56B551C3821A08CD0C85719EE3244,com.rocks.music.videoplayer,736,1981-01-01 01:01:02,2023-09-19 00:59:26.625818,50000000,2023-09-19T01:00:45.694005,HD Video Player All Formats,ASD Dev Video Player for All Format,14 Sept 2023
01550BE934EF52DE14A7EFABB82974375E5F2A11CEDB465B2989D11398D8A7B3,com.kingsgroup.sos,2754,1981-01-01 01:01:02,2023-04-19 10:51:34.166368,50000000,2023-04-19T10:52:21.117245,State of Survival: Zombie War,FunPlus International AG,18 Apr 2023
385499690507E54DECF47E9907BAD5219203D507358B94FC2523AEA12200353D,com.keplerians.evilnun,300369,1981-01-01 01:01:02,2023-10-18 02:05:34.630363,50000000,2023-10-18T02:07:13.430254,Evil Nun: Horror in the School,Keplerians Horror Games,16 Oct 2023
0419A85837AF98A6529A3560CC9803A60BBD734BB0F313866EAF857CEF026BE9,de.lotum.whatsinthefoto.es,61174,1981-01-01 01:01:02,2023-11-29 22:45:20.72611,50000000,2023-11-29T22:46:02.144411,4 Fotos 1 Palabra 61.68.4,Lotum GmbH,29 Nov 2023
07B579276AAF6A9CD4505B9F5E12B4C5EEA8A7C12049133AB295C31E4BD05B4A,videoeditor.videomaker.videoeditorforyoutube,138,1981-01-01 01:01:02,2023-06-28 02:11:21.075255,50000000,2023-06-28T02:23:20.191830,Video Editor - Video.Guru,InShot Video Editor,26 Jun 2023
01A6C28E97D3E65F208D1F70103D3626BF8EF6090600B5A73429AE97AAE98121,com.gamebasics.osm,403302,1981-01-01 01:01:02,2023-10-14 10:46:42.782761,50000000,2023-10-14T10:48:21.991045,OSM 24 - Football Manager game,Gamebasics BV,11 Oct 2023
1552FF92EE208E8A937551D203DA6B8A660A8559DA19BD4BDFCB499BD790AB41,com.tictactoe.wintrino,91,1981-01-01 01:01:02,2023-12-12 05:14:39.427985,50000000,2023-12-12T05:16:19.442292,Tic Tac Toe Royale 400.1.91,Wintrino,3 Dec 2023
002B6C732E5BB1336368892038BB6C534D6C45595C8E6E0C0625DA8B2F583020,com.apusapps.browser,262,1980-01-01 00:00:00,2023-03-06 13:56:33.868249,10000000,2023-03-06T13:56:23.042062,APUS Browser - Fast & Private,APUS Browser Dev Team,6 Mar 2023
0305D497B4F02227C4ED057AC35CDD263443E2D39BC131C01CFD00440CD32A31,com.playstrom.drawonepart,54,1981-01-01 01:01:02,2023-02-17 00:59:31.063908,100000000,2023-02-17T00:59:32.498181,DOP: Draw One Part,SayGames Ltd,15 Feb 2023
0024C24428519FBBC87E9C42C13B7B6EEE96E84A9FCB15D60ABF7D4453F941CF,com.crazylabs.diamond.paint.by.number,501,1981-01-01 01:01:02,2023-11-30 20:11:26.400913,10000000,2023-11-30T20:17:13.923475,"Diamond Painting ASMR Coloring
0.5.0.1",CrazyLabs LTD,24 Nov 2023
07C2C2343000D3887DBDF732760C820B07524CE9E2913EB4C63C1C276CCED5EA,com.allgoritm.youla,11050,1981-01-01 01:01:02,2023-05-20 16:42:21.317277,50000000,2023-05-20T16:42:22.781213,"Youla, Buy and sell easily",VK.com,15 May 2023
14CE3888B9AFCB275EA446AC4A4342B4557797623E12D8B54A858C9C2FBD5E4F,io.wifimap.wifimap,1492,1981-01-01 01:01:02,2023-02-13 21:33:47.055723,100000000,2023-02-13T21:35:19.660611,"WiFi Map®: Find Internet, VPN",WiFi Map LLC,13 Feb 2023
51CCBA45C4631C607ECBC67BF2AA40C160088E2A861E04E417E2DDB54D6EA45F,com.easybrain.jigsaw.puzzles,30600086,1981-01-01 01:01:02,2023-02-10 17:32:37.759489,50000000,2023-02-10T17:56:06.705631,Jigsaw Puzzles - puzzle game,Easybrain,8 Feb 2023
4043C08533A3447F44CC03AD7E9594B2E3A66F270185FA10B0C66C9653B37CF2,com.gta.truck.driver.city.crush,343,1981-01-01 01:01:02,2023-02-20 18:24:22.162547,100000000,2023-02-20T18:23:53.029198,Rio crime city: mafia gangster,Naxeex Action & RPG Games,27 Jan 2023
0056FCF6EDC59A68AF756DFBE7E4F086F3FD1E69D5AA8C830EE8ED9683290FB7,com.homedesign.babymanor.virtual.free,106300,1981-01-01 01:01:02,2023-10-08 05:21:32.642224,10000000,2023-10-08T05:21:18.544700,Baby Manor - Mansion Makeover,MAGIC SEVEN,27 Sept 2023
885743000175967DA0C5B84A6D71B7110533F84B48C576661A3F9DAFF1E8D43B,com.noxgroup.app.security,273,1981-01-01 01:01:02,2023-01-05 01:38:48.000527,50000000,2023-01-05T01:39:16.836030,"Nox Security, Antivirus, Clean",Nox Ltd.,4 Jan 2023
0A6261F6DF861F68A5FC365A0074161E8418DE7ED793E20835F69EFA47ACC27C,com.transsion.magazineservice.hios,721084,1981-01-01 01:01:02,2023-12-15 07:04:18.259196,50000000,2023-12-15T07:04:45.883846,Magazine Lockscreen HiOS 10.0.1.46,Shalltry Group,11 Dec 2023
2A1A26489B074082164C3397E16655297FEA0E5C21302E66CEF0C9028EDFC7FA,com.episodeinteractive.android.catalog,2380001,1981-01-01 01:01:02,2023-02-06 23:52:24.522769,100000000,2023-02-06T23:53:22.319630,Episode - Choose Your Story,Episode Interactive,2 Feb 2023
02EE84972C1A06B48A3C4B84F11F1D932DCE4D8E86C0A5BB7E00FE13F49C81D5,com.simejikeyboard,727,1981-01-01 01:01:02,2023-03-26 03:02:54.912888,100000000,2023-03-26T03:28:30.757045,Facemoji Emoji Keyboard&Fonts,EKATOX APPS,24 Mar 2023
05195390E56F0C29385F3BFB23C47E0D9946E53DAB7977BA5DD40BAEF69856D4,com.nextbillion.groww,125843448,1981-01-01 01:01:02,2023-12-02 19:30:16.173735,50000000,2023-12-02T19:30:17.060548,"Groww Stocks, Mutual Fund, UPI 16.44","Groww: Share Market, Trading, Demat Account, Pay",31 Aug 2023
0BB5F832438EA1CD0C18EEB545BBBAE8989F343341301830E42DC10D6208CBB7,com.avast.android.cleaner,800010278,1981-01-01 01:01:02,2023-09-04 21:45:41.561393,50000000,2023-09-04T21:46:10.514594,Avast Cleanup – Phone Cleaner,Avast Software,29 Aug 2023
01C99E7DE17B38507BC8AF45E5D87CBC11E97427E55F8FE9C0F45D513F835762,com.ea.game.simcitymobile_row,1050002,1981-01-01 01:01:02,2023-09-05 07:28:29.978573,100000000,2023-09-05T07:34:47.109021,SimCity BuildIt,ELECTRONIC ARTS,"Aug 28, 2023"
001C090BC2A42273D285278158DDD61BF0E2D33F352E516DDC8FD234CE1433A4,org.mozilla.firefox_beta,2015961731,1981-01-01 01:01:02,2023-07-12 06:18:32.57494,10000000,2023-07-12T06:18:19.348658,Firefox Beta for Testers,Mozilla,11 Jul 2023
002AFD2DDF4288FA015B78E134D4491FAA54072995F6254FD8786A7003DDB6CE,com.telltalegames.walkingdead200,30135,2016-11-02 18:44:08,2023-11-01 09:52:46.706509,10000000,2023-10-31T23:51:36.854653,"The Walking Dead: Season Two
1.35","Howyaknow, LLC",2 Nov 2016
0887919BDA1A4E591179DAADAF0CE13B92680F684734D07BED0A218C7D300FB1,de.lotum.whatsinthefoto.us,61163,1981-01-01 01:01:02,2023-11-12 12:17:48.302693,50000000,2023-11-12T12:18:46.585523,4 Pics 1 Word 61.66.0,Lotum GmbH,7 Nov 2023
24B6EEDB7E1E6069716B31EC972139EAA82180E9ED0559DF1DFA556099523583,com.orbitalknight.ridiculousfreekick,1600011833,1981-01-01 01:01:02,2023-04-06 21:11:46.837541,50000000,2023-04-06T21:13:22.640115,Crazy Kick! Fun Football game,VOODOO,6 Apr 2023
885D18E8302FAFBB4ED6B7353FA384683BF38A19CCEFADEA1EBBD44610356D0A,com.DVloper.Granny3,7,1981-01-01 01:01:02,2023-08-23 12:45:04.731583,50000000,2023-08-23T12:45:31.868465,Granny 3,DVloper,23 Aug 2023
07B4D48E8A4F68C23F728406A844E46AD81234E5F0E9EC87468AF05EE109DBCF,tunein.player,273977,1981-01-01 01:01:02,2023-07-02 00:51:59.707448,100000000,2023-07-02T00:58:48.021690,"TuneIn Radio: News, Music & FM",TuneIn Inc,30 Jun 2023
4AB013FC79B81B80F4945BBD9E8A81F957F14B5695BF8A2C7F4C810DF1419DEA,com.freeplay.runandfight,278,1981-01-01 01:01:02,2023-03-25 22:53:03.751798,100000000,2023-03-25T23:16:18.044183,Join Clash 3D,Supersonic Studios LTD,"Mar 22, 2023"
2608C38F5A5E223407686B77B30F9B00CF42F36C84EA348420903F43A3859BDD,com.domobile.applockwatcher,2023082101,1981-01-01 01:01:02,2023-08-21 13:09:15.392072,100000000,2023-08-21T13:10:46.689419,AppLock,DoMobile Lab,21 Aug 2023
34277BB0E1A615BEB5FD1901A381DB370B3BEC3E592945773BA4F9405BCBD5D6,com.herman.ringtone,3100294,1981-01-01 01:01:02,2023-01-15 10:10:19.332241,50000000,2022-11-18T09:23:01.573308,Ringtone Maker:create ringtone,Big Bang Inc.,16 Nov 2022
08CAD0A43A44AE2A5178ED252D4311CBB6B3DC5617B04DDD1DE424C479E269F4,com.fgz.us.flying.police.robot.rope.hero.crime.city.hero.games,98,1981-01-01 01:01:02,2023-05-03 15:02:22.089868,50000000,2023-05-03T15:02:47.495573,Spider Rope Hero Spider Game,Falcon Gamerz,19 Apr 2023
14B302BC57B34C4A22D46C6403CD53C83D3613F09CD95C731A63E16B2A03E1C1,com.mustardgames.topspeed.formulacar.racinggames,113,1981-01-01 01:01:02,2023-02-14 16:33:05.063351,50000000,2023-02-14T16:32:30.643422,Formula Car Racing: Car Games,Mustard Games Studios,14 Feb 2023
009145584AD6830904D72A7FC9726391C67E93E2FB88B5B4E63740B5C034A8D6,com.ufotosoft.justshot,100921,1981-01-01 01:01:02,2023-02-20 22:31:58.806005,100000000,2023-02-20T22:33:30.718620,Sweet Snap: Live Face sticker,Deepfake Ai Lab,18 Feb 2023
01C4C4D197371582A096F329B454D3271332B680BFC2A395FE44E8B76F8796AC,com.lima.doodlejump,3920075,1981-01-01 01:01:02,2023-11-16 01:59:09.818978,50000000,2023-11-16T02:13:19.361080,"Doodle Jump
3.11.27",Lima Sky LLC,"Nov 14, 2023"
03367AB08A2F3A8907370C44E480D91EE4AA11A854B46166A438ECF83557E26E,com.expressvpn.vpn,11020040,1981-01-01 01:01:02,2023-07-24 07:21:05.829293,50000000,2023-07-24T07:23:03.247084,ExpressVPN: VPN Fast & Secure,ExpressVPN,19 Jul 2023
03110B1F00496AAE769335CB52A4FFDA799D53CDB8D600CD7996BA051F72D179,com.BallGames.Woodturning,2714,1981-01-01 01:01:02,2023-04-12 16:15:31.884802,100000000,2023-04-12T16:17:23.776052,Woodturning,VOODOO,12 Apr 2023
1F6F0488EF7D18FB7A91937E55C4ECF2B5B6E4E6E91D8467C193F67F1EB2C89B,com.utorrent.client,7444,1981-01-01 01:01:02,2023-12-22 06:41:29.72837,100000000,2023-12-22T06:41:34.209811,"µTorrent®- Torrent Downloader
8.1.0","Rainberry, Inc.","Dec 20, 2023"
036557A229A2449DDE81D1ACA5C396D0B064B8947D62A9CB69E32B845434B8EB,kik.android,80000816,1981-01-01 01:01:02,2023-07-08 21:23:43.410315,100000000,2023-07-08T21:23:44.765198,Kik — Messaging & Chat App,MediaLab AI - Kik,6 Jul 2023
04CF509608554EAF51B16248562B04641A0EDAFCAFD8449C012B63413E910893,com.mi.globalbrowser,202307216,1981-01-01 01:01:02,2023-07-28 18:58:54.073519,500000000,2023-07-28T19:00:13.417441,Mi Browser Pro,Zhigu Corporation Limited,24 Jul 2023
3266287268591FCB67957C1C0B8CC441EDF96D24709739ACEFD429DD3FC4CDCC,com.jdpapps.wordsearch,127,1981-01-01 01:01:02,2023-06-02 18:04:24.886949,50000000,2023-06-02T18:04:27.609117,Word Search,Quarzo Apps,21 May 2023
1B05C35524BEAAD0CCEAC1A8484A113F218DE441B4302A005FCB10E1194E140D,com.kayac.park_master,2007040,1981-01-01 01:01:02,2023-01-15 08:32:18.131705,100000000,2023-01-15T08:32:54.458034,Park Master,KAYAC Inc.,10 Jan 2023
0723C09D7D89A0B0FC453EC1FE9DED25587E852418D63C5905BAFF82408DE7BE,com.pixel.art.coloring.color.number,253,1981-01-01 01:01:02,2023-05-26 01:22:20.290208,100000000,2023-05-26T01:25:28.607247,Happy Color - Colouring Game,X-FLOW,22 May 2023
536343090E658AE7994A70AD793F8B8E8CCB1FD2FCBA7FD2821026BFDA3361E4,com.braindom2riddle,150,1981-01-01 01:01:02,2023-12-30 10:04:47.819103,50000000,2023-12-30T10:04:02.697352,Braindom 2: Brain Teaser Games 2.1.8,Matchingham Games,"Dec 25, 2023"
40DB3CBE24AE97956A1839DC3AB7061C9E44C874A5DF6D5666B52389D5247D6C,com.easybrain.nonogram,51200010,1981-01-01 01:01:02,2023-11-05 01:08:58.544629,50000000,2023-11-05T01:06:57.183356,Nonogram.com - logic games 5.12.0,Easybrain,"Oct 31, 2023"
085C49E845D4964EE1C5C7BB0E1A5BF6B43009E58BE48B06F00A14C04941518B,com.coloring.mermaids,1844,1981-01-01 01:01:02,2023-07-18 15:41:59.46447,50000000,2023-07-18T15:43:09.761735,Mermaids,Coloring Games,3 Jul 2023
1660932FA93101B7977DF4FAE2825ADD7814146B0EBE6002BF76866F0335E7F5,com.ironmeta.security.turbo.proxy.vpntomato.pro,28817,1981-01-01 01:01:02,2023-06-30 03:00:39.795614,50000000,2023-06-30T03:00:34.284858,Tomato VPN | VPN Proxy,IronMeta Studio,26 Jun 2023
D590E0D53A5E76B9A4F3722FA5EA090133C27C6DB7BE216A4E47A983C7835614,com.dvloper.slendrinacellarfree,24,1981-01-01 01:01:02,2023-08-27 14:46:54.130765,50000000,2023-08-27T14:48:03.614790,Slendrina: The Cellar,DVloper,25 Aug 2023
0131CAD60A09C810F41F10B2132FF3FB1F650EBD2388953191F7BDAF17E1FD7C,ru.fotostrana.sweetmeet,1226,1981-01-01 01:01:02,2023-03-17 16:38:16.696392,50000000,2023-03-17T16:13:13.980651,Dating App - SweetMeet,SweetMeet,17 Mar 2023
5C5D0199361CA10EF241E3F29D0C7ACBCD52DC9801B9AE3F94235508D16D41FD,goldenshorestechnologies.brightestflashlight.free,35,1981-01-01 01:01:02,2023-11-11 05:01:56.626915,50000000,2023-11-11T05:04:51.234358,Brightest Flashlight ® 2.6.7,"GoldenShores Technologies, LLC",16 Aug 2022
0E0BBA24BC5BD99063D9F16C1101760B4EC3AE11738691D27741251342AA30F2,com.mobirix.swipebrick2,231122001,1981-01-01 01:01:02,2023-11-22 11:59:48.355217,100000000,2023-11-22T12:00:08.385707,"Bricks Breaker Quest
1.6.10",mobirix,21 Nov 2023
03806C4F299C2260506B69EA8EB93442938387A8D9DD0A58782494D5121C64AB,com.google.android.apps.youtube.music,55052240,1981-01-01 01:01:02,2023-03-29 06:01:02.045743,1000000000,2023-03-29T06:03:08.695287,YouTube Music,Google LLC,27 Mar 2023
E840674E11DE8C891A09237D3A213982A5E5525C3EDF0751F0C96DF8190E1CC5,appinventor.ai_progetto2003.SCAN,57,1981-01-01 01:01:02,2023-09-12 15:12:17.669898,50000000,2023-09-12T15:13:26.362941,QR BARCODE SCANNER,WB Development Team,24 Aug 2023
0445970A9A7DF5BCE4C9894A3C9A37F8385C7EC1FA30A227D94C76726DC2910C,com.imo.android.imoimlite,2107,2019-07-29 06:05:36,2023-12-03 02:01:11.839175,50000000,2023-12-02T22:40:58.023407,imo Lite -video calls and chat 9.8.000000012437,imo.im,29 Jul 2019
987AEC30B497FE7E80AFB5EEEC64B16FF78A80DBF63BC6AAA5B971048F390BD4,com.easytouch.assistivetouch,4007,1981-01-01 01:01:02,2023-11-07 13:52:50.228233,50000000,2023-11-07T13:55:00.486289,Assistive Touch for Android 4.0.7,Assistive Touch Team,6 Nov 2023
17D9F630AE2465289F558B19448569BD1E6186A50682D801FA363D030C4BD5C7,com.demin.emojipuzzle,85,1981-01-01 01:01:02,2023-10-10 08:06:40.774971,100000000,2023-10-10T08:07:13.363646,Emoji Puzzle!,Supersonic Studios LTD,2 Oct 2023
4958B380DA03B349CD051299D7ECA37345FE07FA8F0665162981944B61BD4ED9,com.higgs.cubemaster3d,23110711,1981-01-01 01:01:02,2023-11-10 04:09:37.835334,50000000,2023-11-10T04:09:57.906122,Cube Master 3D - Match Puzzle 1.8.7,Higgs Studio,7 Nov 2023
05D29044445D6124A0BECD0F58285CD8DFA5B3D5526D49E97291F45092BD06BE,com.evernote,1213609,1981-01-01 01:01:02,2023-12-07 23:10:23.703491,100000000,2023-12-07T23:11:23.850850,"Evernote - Note Organizer
10.61.2",Evernote Corporation,"Dec 4, 2023"
24E02564371E3E922FAF44A485CE584D1C1E43F25405C36E0FEB39AC54B001DB,com.ak.ta.dainikbhaskar.activity,525,1981-01-01 01:01:02,2023-05-23 14:19:36.021005,50000000,2023-05-23T14:20:26.997810,Hindi News by Dainik Bhaskar,Dainik Bhaskar Group,13 May 2023
05FCBC0B9B4C7D4A2984127486AE15684363A5390228B6E58C6386528086EDBB,com.fugo.wow,4296085,1981-01-01 01:01:02,2023-03-06 08:22:44.111788,100000000,2023-03-06T08:22:45.782367,Words of Wonders: Crossword,Fugo Games,2 Mar 2023
01C4D56D168F5076DE594DED0693732B1D6EE21875F9954F41DAF27416AFCB5C,com.alien.shooter.galaxy.attack,2427,1981-01-01 01:01:02,2023-12-15 13:04:43.467789,100000000,2023-12-15T13:06:03.947523,"Galaxy Attack: Shooting Game
53.2",1SOFT,15 Dec 2023
037176DD479297D6F1E48562B5B1C3A057BE394948B866B057B30116B830D2D5,com.playgendary.creamaster,567,1981-01-01 01:01:02,2023-03-21 12:03:00.574068,100000000,2023-03-21T12:06:14.820720,Perfect Cream: Icing Cake Game,CASUAL AZUR GAMES,"Mar 15, 2023"
1AF37CD55FF729EA153EA8AC6B7D682C5B9D82CB638DE7AA52D350372A9D109A,com.secondarm.taptapdash,2027,1981-01-01 01:01:02,2023-11-28 14:15:58.832119,50000000,2023-11-28T14:18:49.238544,Tap Tap Dash 2.027,JOX Development LLC,24 Nov 2023
142F16E68A7E0A2648846B7E8D611BF3121DC377AF7F4DF173C1F6148A0891AD,com.mediastudio.allvideodownloader.downloadvideoshd.bestdownloader,97,1981-01-01 01:01:02,2023-08-02 01:00:07.635165,50000000,2023-08-02T01:00:03.902686,All Video Downloader App,Media Studio Inc - All Video Downloader Apps,1 Aug 2023
1AE0A7571E00B69B4CF4274967255A48CDD88C980F28B803ED6E4EC8C7D35D42,com.ansangha.drparking4,28,1981-01-01 01:01:02,2023-04-27 06:46:52.468867,100000000,2023-04-27T06:52:24.898665,Dr. Parking 4,SUD Inc.,24 Apr 2023
0A356302DEB9C1F84678316E2C6E83A33F1079B721B7B890CA1EE124DF0CF331,com.habby.archero,1274,1981-01-01 01:01:02,2023-03-23 02:01:16.892425,50000000,2023-03-23T02:03:06.188019,Archero,Habby,22 Mar 2023
37FD66EB68A58992889A335B681AD855F0E2433A9B9C69B41328B49681B039AE,slime.simulator.time.asmr,278,1981-01-01 01:01:02,2023-11-12 06:24:19.986339,50000000,2023-11-12T06:26:47.883569,Slime Simulator ASMR DIY Games2.78,Questzy,8 Nov 2023
0223693FE0F0ABB1EDB70346E21FDF196578A9E20E319B11D9D6E06047D9BAE6,com.dolap.android,1180411,1981-01-01 01:01:02,2023-06-03 08:45:07.878068,10000000,2023-06-03T08:59:29.398974,Dolap,Trendyol,31 May 2023
A71906324AA420AF975E529EB48E5DACE8E033ACD2FBF0D1644E8DD7B42D4A0F,mobi.gameguru.racingfevermoto,15126,1981-01-01 01:01:02,2023-03-16 14:50:44.000137,100000000,2023-03-16T14:51:53.224732,Racing Fever: Moto,Gameguru Advertisement FZC,16 Mar 2023
9DC86F9C10B9D320BBE8E4B6B962311A912E9F5ACBB25DBE5536DC0B9245B903,com.sinyee.babybus.garden,8680000,1981-01-01 01:01:02,2023-12-17 07:53:45.482843,50000000,2023-12-17T07:54:43.649008,Little Panda&#39;s Farm 8.68.00.00,BabyBus,13 Dec 2023
3FC598DD67E94BBA04A16C3AC3540A976F2EB487BD51F577BA0DE2EE5288FA97,com.combineinc.streetracing.driftthreeD,653,1981-01-01 01:01:02,2023-09-05 00:49:34.863986,100000000,2023-09-05T00:50:36.270200,Street Racing 3D,Ivy,24 Aug 2023
300EE2D3DF8E32DA3918C58DCF50B69D5A76B699E1DEAF3EBFF796EF38FA8160,com.celltick.lockscreen,7009,1981-01-01 01:01:02,2023-01-13 10:07:55.115662,100000000,2023-01-13T10:08:01.418763,Start,Start_Magazine,12 Jan 2023
143052223BD693B5B27FC39A2D10E80192760D982ACECBF6D78D7AACD9466B18,com.sega.sonic1px,198,1981-01-01 01:01:02,2023-04-11 13:58:22.512378,50000000,2023-04-11T14:00:24.381008,Sonic the Hedgehog Classic,SEGA,1 Feb 2023
1BE56A6556D8B4DE02E9FAD8C90259E2772418F79F6AF344663F6A4FB8FE3AED,com.xs.pooltd,4063,1981-01-01 01:01:02,2023-04-27 15:06:31.467731,50000000,2023-04-27T15:07:07.221900,3D Pool Ball,CanaryDroid,25 Apr 2023
0DE9D83EBEB822E12FAC3B1A17D3D4BA5537589415B1E8DD4ECAE18E88E99819,com.aldagames.zombieshooter,106,1981-01-01 01:01:02,2023-11-29 11:40:09.537065,50000000,2023-11-29T11:41:13.696116,The Walking Zombie 2: Shooter 3.7.0,Alda Games,28 Nov 2023
470F97D5C80603B65BA1BBEF14B559A690114FA2289BB09733C7C29BADC78374,com.hideitpro,20231216,1981-01-01 01:01:02,2023-12-13 10:51:42.759713,50000000,2023-12-13T10:52:00.810984,"Hide Photos, Video-Hide it Pro 8.7.4",Goaffpro,12 Dec 2023
00592BFB02B216E84164DD848C865728E1A8DB687EE5510ABC0591EC7E66F2B8,com.playit.videoplayer,20708007,1981-01-01 01:01:02,2023-11-03 08:55:34.52906,100000000,2023-11-03T08:57:37.130979,"PLAYit-All in One Video Player
2.7.8.7",PLAYIT TECHNOLOGY PTE. LTD.,1 Nov 2023
0370AAF00F861FF576FDF8414287259E1659F00E2857F6A4A1EE99E42CBC90CB,media.audioplayer.musicplayer,690,1981-01-01 01:01:02,2023-05-19 02:17:36.033667,100000000,2023-05-19T02:18:42.517558,Music Player,Leopard V7,17 May 2023
366F5B5B6D2A643D2B295893D3E2C699C9A63F0C958DDD469D26215DD9B37233,com.tutotoons.app.smolsiesmycutepethouse.free,7000082,1981-01-01 01:01:02,2023-03-01 07:36:21.467278,50000000,2023-03-01T07:37:22.338840,Smolsies - My Cute Pet House,TutoTOONS,28 Feb 2023
5C47CDCB9AD4E3F74B58FF48E9459D94DC4C173C1C459413914C16448B8FCDE2,com.securityandprivacy.android.verizon.vms,611000549,1981-01-01 01:01:02,2023-12-24 15:08:30.493044,50000000,2023-10-21T16:42:27.858560,Digital Secure,Verizon Consumer Group,"Oct 10, 2023"
1153F38E32C675E34468D8E5849895E3191E00BEF096BD15920C556CC4A7B534,com.bigframes.color_road,33314,1981-01-01 01:01:02,2023-03-21 12:29:27.759461,50000000,2023-03-21T12:30:53.532211,Color Road,VOODOO,17 Mar 2023
1469A3FCE9307514B9C4C3AC973274243E7C751C0C970A85305BBCE58C5E2211,com.bubadu.doctorkids,63,1981-01-01 01:01:02,2023-08-26 23:17:42.352045,50000000,2023-08-26T23:20:02.094222,Doctor Kids,FM by Bubadu,23 Aug 2023
163E76E35D1CAA0E44E585B10E20B92130BAFA4456168FE7FD3BE638D4F0A0BA,com.howtoloot.pullpin.herorescue,65,1981-01-01 01:01:02,2023-11-18 02:11:32.721655,100000000,2023-11-18T02:13:23.998881,"How to Loot - Pin Pull
1.2.2",Azura Global,6 Nov 2023
0046EF779D648AD05F5454F267012BED3E074CC5AC11567196EAFF49D80ADE19,com.wealthdoctor,131,1981-01-01 01:01:02,2023-08-12 21:28:09.016053,10000000,2023-08-12T21:28:03.048485,ffreedom - the livelihood app,ffreedom app,11 Aug 2023
13D0C17883A3F8B18D8F53258A60D395A4D711E7A9A702A26C1A6A633E37A534,ch.smalltech.ledflashlight.free,21011,1981-01-01 01:01:02,2023-07-27 02:07:43.731594,50000000,2023-07-27T02:07:35.048196,Torch Flashlight LED HD,smallte.ch,26 Jul 2023
0D64E1D279388596E0C398F10FC3988B335A2877C59780925107883A366DFF2B,com.axlebolt.standoff2,3040,1980-01-01 00:00:00,2023-04-16 22:16:37.640624,100000000,2023-04-16T22:13:43.896349,Standoff 2,AXLEBOLT LTD,16 Apr 2023
008D818D5C97146FBFB9E26D9E18CEC31F3A4063E5AE6ED371E776B7B22277B9,com.vng.g6.a.zombie,520019463,1981-01-01 01:01:02,2023-11-27 16:13:45.687496,100000000,2023-11-23T21:49:53.989978,"Dead Target: Zombie Games 3D
4.120.1",VNG GAME STUDIOS,23 Nov 2023
065F09C60AA7EAAC4E9BDF7189FD590B75731BFCC3A2F42E663E4AA4C8287DAC,codematics.universal.tv.remote.control,160,1981-01-01 01:01:02,2023-12-11 15:19:03.000262,100000000,2023-12-11T15:20:48.997971,"Universal TV Remote Control
2.5.0",CodeMatics Media Solutions,5 Dec 2023
3BDA72C81D769545347C322F8A340FDA67274858357292953B75DE66F5338225,com.appadvisory.drawclimber,329,1981-01-01 01:01:02,2023-02-21 20:26:51.509031,50000000,2023-02-21T20:27:49.824096,Draw Climber,VOODOO,21 Feb 2023
0BF317D1C7B85050940D44E1D6BD22895D39EE3BC64DE28C7C22CB39F34BEF80,com.rovio.angrybirdstransformers,22100,1981-01-01 01:01:02,2023-01-25 11:21:25.489586,50000000,2023-01-25T11:22:30.359894,Angry Birds Transformers,Rovio Entertainment Corporation,25 Jan 2023
079C6C38F133E80A6F3F06E4DD7D90F61697016076F0B1F8491A887D74836512,com.maroieqrwlk.unpin,1660001,1981-01-01 01:01:02,2023-05-22 15:40:32.135392,100000000,2023-05-22T15:42:45.966181,Pull the Pin,Popcore Games,19 May 2023
00458C02A12F6BB2833F9C8AF1618655B35317498F232210A59809CE41E06819,id.co.myhomecredit,10212,1981-01-01 01:01:02,2023-03-05 08:12:57.25316,10000000,2023-03-04T03:59:17.022161,Home Credit – Cicilan Barang,Home Credit Indonesia,22 Feb 2023
2E8A259CBDBFA37E6C3D985E7D0F1C1E0636E27B349A80D1CC5206ECFC6CA0D0,video.downloader.videodownloader,108,1981-01-01 01:01:02,2023-04-27 16:18:37.857156,100000000,2023-04-27T16:19:40.784988,Video Downloader,InShot Inc.,23 Apr 2023
00DA1245809616438549E0ECB5227EA7CB443923C3C459DFB0BAF782FA8958C9,com.badoo.mobile,4843,1981-01-01 01:01:02,2023-11-09 05:41:37.841029,100000000,2023-11-09T05:46:23.229463,"Badoo: Dating, Chat &amp; Meet
5.344.1",Badoo,6 Nov 2023
9499DDF754890417ADA36F35FF642B1C791C9EEA44EFBEE60ABA6585760F0D7B,com.snap.camerakit.plugin.v1,210102508,1981-01-01 01:01:02,2023-01-25 02:42:10.207162,100000000,2023-01-25T02:43:27.555293,Camera Kit,Snap AR,10 Jan 2023
22AF38A1A0F45BA91C6B9F2C5CC413F86712072309B54E9780CCD703ACD75D74,com.halfbrick.jetpackjoyride,677970000,1981-01-01 01:01:02,2023-10-12 04:23:33.284679,100000000,2023-10-12T04:24:49.645380,Jetpack Joyride,Halfbrick Studios,9 Oct 2023
50F0B1174EDD8580752312095AC0CE8D1A1131C87E8656BE0EEC94DE7140BB63,com.google.android.wearable.app,774567564,2009-01-01 00:00:00,2023-10-26 04:36:16.943778,50000000,2023-10-26T04:36:39.533453,Wear OS by Google Smartwatch,Google LLC,23 Oct 2023
004B5F78BE4E1F11656A4F77224DD85B0FA020F2EDBEC5911FD028429E08676A,com.fabernovel.ratp,8010199,1981-01-01 01:01:02,2023-09-29 19:10:29.234319,10000000,2023-09-29T19:11:17.473471,Bonjour RATP,RATP SMART SYSTEMS,29 Sept 2023
7E81494795DF212BE6C0173F58C718C54FA97F2A8FF09C17AF6A8630E3F113B5,com.forthblue.pool,51,1980-01-01 00:00:00,2023-11-23 04:30:11.194016,100000000,2023-11-23T04:32:32.863048,"Pool Billiards Pro
5.1",TerranDroid,20 Nov 2023
02958B1CE5CA62F6F548BA6D66AE9D8DE99673F499B9FC3C16379399E5C28C0C,com.lazygeniouz.saveit,160224,1981-01-01 01:01:02,2023-04-07 06:54:42.646615,100000000,2023-04-07T06:55:41.372325,"Status, Sticker Saver",Lazy Geniouz Pvt. Ltd.,6 Apr 2023
6AD13595E416A4B4B974E769A8A3C7ABE7132299911928A18BF0DCCDF18BA8EF,com.crrepa.band.dafit,11013,1981-01-01 01:01:02,2023-12-11 18:54:05.604697,50000000,2023-12-11T18:52:20.701783,Da Fit v2.6.0-124-g4dc85913b7,MO YOUNG LTD,8 Dec 2023
07BEB230B992816931AED84E5C5CA47B16919BF59A2F4B8D30B7E8F546ECC9C4,com.olacabs.customer,60406004,1981-01-01 01:01:02,2023-12-01 05:10:29.890659,100000000,2023-12-01T05:12:32.858857,"Ola, Rides Done Right
6.4.6",Ola (ANI TECHNOLOGIES PRIVATE LIMITED),24 Nov 2023
893E69490E7FAA8D40E02323B40F1A0BDC717739B6CC9E64ACEF749E87258896,com.cg.cowboy,14016,1981-01-01 01:01:02,2023-09-24 12:27:37.033187,100000000,2023-09-24T12:29:01.973464,West Gunfighter,Candy Mobile,22 Sept 2023
00A89C8AE322E488F06852DB59602B41EF29E7EC4F591F0EDB0929C02A065F39,com.playgendary.tom,129,1981-01-01 01:01:02,2023-10-16 20:14:22.063316,100000000,2023-10-16T20:14:13.408068,Tomb of the Mask,Playgendary Limited,16 Oct 2023
033B561C554559A15A10FE953570189BEFF44627E6C275ADD3223AAA236FB659,org.telegram.messenger,33412,1981-01-01 01:01:02,2023-04-26 14:34:42.257258,1000000000,2023-04-26T10:51:16.138038,Telegram,Telegram FZ-LLC,25 Apr 2023
0621F6754D918B98D8CDC8D069CC2919BD08AE9D7EE2947B4383BB4947C7CC98,com.gamexis.racing.ferocity.apps,1326,1981-01-01 01:01:02,2023-04-04 07:58:03.410355,100000000,2023-04-04T07:58:11.430339,Real Car Games - Mobile Racing,GAMEXIS,2 Apr 2023
4171EA9165505D9A039B71A5F1946AA7BFCFDE7FCBD7E3DDC4E0B518C9AEC014,com.xinmei365.font,483,1981-01-01 01:01:02,2023-12-22 22:39:08.795965,50000000,2023-12-22T22:39:12.550943,HiFont - Font Tool 8.7.8,HyFont Studio,19 Dec 2023
271BF7AF3F34C0887F3FDBABD94DB7A02D18BC421DBB2B99C03AAA0F74DF7DA8,com.nintendo.zara,23270,2023-11-08 11:26:38,2023-11-08 12:23:11.595719,100000000,2023-11-08T12:23:12.866574,"Super Mario Run
3.0.30","Nintendo Co., Ltd.",7 Nov 2023
2C7916411A17908A9A4622CBB461AA9FC251DB1F55BD4614AF7DDBC513E727B4,com.spotify.lite,93679,1981-01-01 01:01:02,2023-08-21 21:34:53.858046,50000000,2023-08-21T21:35:51.241193,Spotify Lite,Spotify AB,"Aug 7, 2023"
C6A94B145E7B0221DB5C8F961B8A0D192FE508F72B33182709B148810FD8C75A,air.WR3DFree,1720064,2023-02-02 10:56:48,2023-02-05 11:56:57.199148,100000000,2023-02-05T11:57:45.246599,Wrestling Revolution 3D,MDickie,5 Feb 2023
013CCDE8EA8F284F235CB1B9C6C11AC9C802B2F61A09519D85722153ED6D711F,com.parkourrace.game,1090620,1981-01-01 01:01:02,2023-03-22 18:37:13.335156,50000000,2023-03-22T18:36:52.480835,Parkour Race - FreeRun Game,Madbox,17 Mar 2023
2642B48F502BB55E9A9AC7EB8C9F83168E3315F281CE640CD04762A1C4390042,game.puzzle.blockpuzzle,54,1981-01-01 01:01:02,2023-04-29 14:10:16.463141,50000000,2023-04-29T14:13:39.398015,Block Puzzle,Block Puzzle - Puzzle Games,27 Apr 2023
0545B7734181CB9102A0B881BFC59762A963B02823F33B9A7E450F2F2021969A,com.lyrebirdstudio.cartoon,20601,1981-01-01 01:01:02,2023-03-27 11:40:40.59695,50000000,2023-03-27T11:40:23.344124,ToonApp: Cartoon Photo Editor,Lyrebird Studios,24 Mar 2023
1D06704F9902C5DE0C33AE786A8F3A7842D9C34BD84F018D91592FFEB96D4DE6,com.shopee.id,597,1981-01-01 01:01:02,2023-11-03 21:45:44.579622,100000000,2022-03-25T20:26:04.391690,Shopee 4.4 Sambut Ramadan,Shopee,25 Mar 2022
2C6A8035C8503B9FBB8B70745079BB0B7A0DECDFA8955A5407D0C99A23CA03EB,com.hazar.fps,128,1981-01-01 01:01:02,2023-01-04 16:26:42.262278,50000000,2022-12-24T19:39:03.512339,Special Ops: Online FPS PVP,Hazmob,23 Dec 2022
033C490138F0EA1A78931EC7596837314FBD4146C9CE0341DD29370F0624E883,com.moon.craft.buildingcraft,170,1981-01-01 01:01:02,2023-10-28 08:13:20.928787,50000000,2023-10-28T08:14:19.091818,MiniCraft: Blocky Craft 2023,XGame Global,22 Oct 2023
1354F482BD809AE3DD603DD63A63F9B7E0E1F14426F5B350FA33AABA27232E43,com.playtrends.citypassenger.coachbus.simulatorbus.driving3d,90060100,1981-01-01 01:01:02,2023-08-18 22:44:08.898966,50000000,2023-08-18T22:44:53.533051,Bus Game - Bus Wala Game 3D,Newry,3 Aug 2023
1E040BAFE7DB3D3A82858BCAEC5AD934E3FB8B5FC1F46B9BAFDF17E3CEC99B4F,com.joyjourney.PianoWhiteGo,20068,1981-01-01 01:01:02,2023-07-31 18:59:01.816067,100000000,2023-07-31T19:01:16.843787,Piano Music Go-EDM Piano Games,Joy Journey Music Games,26 Jul 2023
31B6226BC1467BE389481DB6661F543E7CA4E01C883C2CE21322AEC89F8718B1,com.anydesk.anydeskandroid,70000,1981-01-01 01:01:02,2023-03-22 01:22:09.325053,50000000,2023-03-22T01:23:16.993539,AnyDesk Remote Desktop,AnyDesk Software GmbH,21 Mar 2023
00107C429A24A43395FB5919E6BEA84B5D6B51BEB9C69478EF33E8AFCCB403C7,com.crone.skinsforgirls,270,1981-01-01 01:01:02,2023-07-23 18:53:30.620528,10000000,2023-07-23T18:56:50.509571,Girls Skins for Minecraft PE,Crone,"Jul 21, 2023"
1AF5118938B7E57A7A14325C323A533C647EC253D892DC0413C26CE862E0A505,com.xiaomi.midrop,33810,1980-01-01 00:00:00,2023-07-28 06:15:42.062511,1000000000,2023-07-28T06:19:10.281354,ShareMe: File sharing,Xiaomi Inc.,23 Jul 2023
2F2737A2252C5B4FD1AC3148E6DFDFC681D7D8CAAA01A107CABFC8B513066CBC,com.stickman.warriors.stickwarriors.dragon.shadow.fight,148,1981-01-01 01:01:02,2023-03-17 11:26:31.059804,50000000,2023-03-17T11:29:08.116096,Stickman Warriors,SkySoft Studio,16 Mar 2023
0582614A2D44B2844562729882E597D12491542D44EE99BABFCF8D5FD9992953,com.kumagames.highschoolsimulator2018,197,1980-01-01 00:00:00,2023-09-06 01:49:07.978036,50000000,2023-09-01T05:57:24.626943,High School Simulator 2018,KUMA GAMES,28 Aug 2023
151C37F573E795BC51013A7C032A1CC0F46C548582860C4A8BCE7D0D43EE6DE7,com.tencent.qqlivei18n,10430,1981-01-01 01:01:02,2023-06-03 18:38:20.095626,100000000,2023-06-01T02:50:27.424906,WeTV: Asian & Local Drama,Image Future,26 May 2023
0F6B8E8766BE584CAEBBBC6AB53669D52CEE2CDA5D8B27017A506CA20EBC1BF4,com.taxis99,1106370006,1981-01-01 01:01:02,2023-11-21 23:51:02.776421,100000000,2023-11-21T23:53:26.378457,"99 - Private Driver and Taxi
6.37.0",99 Tecnologia LTDA,15 Nov 2023
0C453F2CF617EAEA9675A9A0C1D5D10186BEF11C188AD6300D7540C711A75292,com.matteljv.uno,118586,1981-01-01 01:01:02,2023-10-24 08:35:27.018812,100000000,2023-10-24T08:39:29.510033,UNO!™,Mattel163 Limited,19 Oct 2023
04C0C3439F6142DB3A759700802042475E64B6E0FCE0D343ADD323D0CE63A234,com.whatsapp.w4b,232021000,1981-01-01 01:01:02,2023-12-02 23:17:24.050212,1000000000,2023-12-02T23:18:21.309145,"WhatsApp Business
2.23.20.21",WhatsApp LLC,29 Sept 2023
30ADABD02D4D96B4322EBA3AA2F18427B3ABFEAB7A2681AE14B2DBF498D5135A,com.digitalchemy.calculator.freedecimal,6480,1981-01-01 01:01:02,2023-04-14 02:54:04.06486,50000000,2023-04-14T02:54:05.288579,Calculator Plus,"Digitalchemy, LLC",10 Apr 2023
01FC87893BF27873E08906FBE07548E5F8BDD9B4850B3A78F3CBA45EC5D5F203,com.outfit7.mytalkingtom2,920,1981-01-01 01:01:02,2023-06-29 05:39:59.310359,500000000,2023-06-29T05:40:36.236784,My Talking Tom 2,Outfit7 Limited,27 Jun 2023
11C37F5386CF069FC9A8D3F125AC9A6B0493047C1CB9F790F9D148EBA798266B,com.devuni.flashlight,286,1981-01-01 01:01:02,2023-12-02 05:21:46.313482,100000000,2023-12-02T05:23:55.610494,"Torch - Tiny Flashlight ®
6.0.1",Nikolay Ananiev,30 Nov 2023
1D40799844E68E879C55CE23B2D1946E9FE5FCC10916A4068E9CD8558D5B9E4F,br.gov.dataprev.meuinss,4190600,1981-01-01 01:01:02,2023-12-08 20:33:23.167911,50000000,2023-12-08T20:36:00.362347,"Meu INSS – Central de Serviços
4.19.06",Serviços e Informações do Brasil,"Dec 8, 2023"
B810D8E7D509C2B21E854AD7051BA65430166D434F261BB23C4E801E3820C371,com.touchtao.ws2014googleelite2,75,1981-01-01 01:01:02,2023-09-09 16:52:27.154912,50000000,2023-09-09T16:54:30.804646,Winner Soccer Evo Elite,TouchTao,31 Aug 2023
09FDCCC005C8AD624C71776A5B7744C8669078383059AE9F7BDA3FCDEB3EC736,com.SGS.DrivingSchoolGames.RealCarParkingSimulator,234,1981-01-01 01:01:02,2023-04-06 14:48:59.053148,50000000,2023-04-06T14:49:55.991873,Car Driving School : Car Games,Spark Game Studios,3 Apr 2023
041F12AD4CCB7296844222DD2E2DF258AD87BAEDA3A061A2AB72A0DCC3136C3F,com.peoplefun.wordcross,4600,1981-01-01 01:01:02,2023-04-25 21:55:01.061448,50000000,2023-04-25T21:55:04.273790,Wordscapes,PeopleFun,"Apr 20, 2023"
007D97A9E4D93229020F2FDF3A8C3D0A4C70C1F517C6FE8523EB4F6F182239E2,com.king.farmheroessupersaga,103700207,1981-01-01 01:01:02,2023-07-21 02:27:33.853828,50000000,2023-07-21T02:29:19.121699,Farm Heroes Super Saga Match 3,King,18 Jul 2023
2DA5F746F729D1E538B9226BCDAB3DFBAB3706A9079087D93AE6F41839858D0F,com.candyroom.clubcraft,1007085,1981-01-01 01:01:02,2023-11-23 09:41:52.207501,100000000,2023-11-23T09:45:06.894714,"School Party Craft
1.7.85",Candy Room Games & RabbitCo,22 Nov 2023
0A8D2434B3B22F7A05A81C86DCF26B24FB90414154FE89CC0C134B6127546C6B,ru.yandex.searchplugin,230500023,1981-01-01 01:01:02,2023-05-26 02:03:14.457482,100000000,2023-05-26T02:01:50.924425,Yandex Start,Intertech Services AG,23 May 2023
948BDAE3268D8D14752DFE412D3F9EE4DFFA275897FA25DA540854E851CDD042,com.jrdcom.filemanager,1023112201,2009-01-01 00:00:00,2023-11-24 15:59:51.240535,50000000,2023-11-24T16:05:52.142452,File Manager-Easy &amp; Smart v10.1.7.1.1117.2,mie-alcatel.support,22 Nov 2023
0D80843D398BDB30FD0C312FC3372E530774E835F8AA6B94D47F74F3DA3F0F4B,com.forqan.tech.PrincessColoring,1009004,1981-01-01 01:01:02,2023-07-01 22:50:37.475092,50000000,2023-07-01T22:50:14.486529,Princess Coloring & Dress Up,KiDEO,28 Jun 2023
24F7052A4FD0FEBD10765DE0123E204A5301A54845DBC41A075CFEB677F32589,com.hwg.sos,1345,1981-01-01 01:01:02,2023-01-30 17:09:36.369316,50000000,2023-01-30T17:09:45.846177,Brain Wash - Thinking Game,SayGames Ltd,30 Jan 2023
64FCC9BF7F64CE0E7B11760BAF68AD1EF32E9B0C4E56F92C70874D122D51C3AE,com.beatronik.djstudiodemo,174,1981-01-01 01:01:02,2023-09-27 05:58:16.309731,50000000,2023-09-27T06:00:46.761991,DJ Studio 5 - Music mixer,Beatronik,2 Sept 2023
00653259F5838CCD9BC61A0667A7F9B949D81472E5477957973E939E4C0B8B2E,com.onedebit.chime,94981,1981-01-01 01:01:02,2023-05-04 19:13:54.776654,10000000,2023-05-04T19:17:08.806743,Chime – Mobile Banking,Chime,28 Apr 2023
01A84BD9A5E920D6AD7A3B35794EAA5F8441FB94B56DE9BA34E28C72B0F5DC8E,br.jus.tse.eleitoral.etitulo,205030010,1981-01-01 01:01:02,2023-02-09 04:37:35.464412,50000000,2023-02-09T04:38:48.601838,e-Título,Justiça Eleitoral Brasileira,31 Jan 2023
647B8962B9D9BE4DF31E898E4BA5CAE63D666F108E0BBD4BAACEAA2EC3597B2B,com.bible.kids,503,1980-01-01 00:00:00,2023-06-30 08:02:36.0771,50000000,2023-06-30T08:03:29.636707,Bible App for Kids,Life.Church,29 Jun 2023
2A070840E1FB677AD55A86B7A9C410B5BDCCA3F0A24058552CAEF43056202CAF,com.supertapx.lovedots,1,1980-01-01 00:00:00,2023-12-10 14:11:30.509153,100000000,2023-12-10T14:11:47.739188,"Love Balls
1.1.0",Lion Studios,20 Apr 2018
0747B02F62F5165D69297892D72ACE9276670AE113F13CFFD5A0E63CE8759CB2,com.dailymotion.dailymotion,21127,1981-01-01 01:01:02,2023-11-17 02:02:19.169185,50000000,2023-11-17T02:02:05.506675,Dailymotion 2.11.27,Dailymotion,16 Nov 2023
01B6606C8F273FB5D4CD01F9B881D9A6F2AE4C6292D8CE2BE6BF614E687688A4,com.binance.dev,100026202,1981-01-01 01:01:02,2023-03-23 02:06:29.828915,50000000,2023-03-23T02:06:07.683344,"Binance: BTC, Crypto and NFTS",Binance Inc.,22 Mar 2023
24D1C8B310A27A9651F6B5A40711BE7A0F08E1A15483B8B4BCE263405BDF28C4,com.ketchapp.rider,207011186,1981-01-01 01:01:02,2023-06-19 20:31:31.312025,100000000,2023-06-19T20:32:40.070198,Rider,Ketchapp,6 Jun 2023
0008B7F0F6F6A013F27BB903C5868BED021444D3196B04D2EB79101EA2E80B87,br.com.original.bank,655,1981-01-01 01:01:02,2023-01-25 04:42:12.246922,10000000,2023-01-25T04:43:41.627568,Original Instantâneo e Digital,Banco Original,19 Jan 2023
02F1E380068A23D03CC6708E06A09837E9287BB6758C84332F4CF4A34BA2884A,com.lenovo.serviceit,1008,1981-01-01 01:01:02,2023-11-10 07:19:57.596372,50000000,2023-11-10T07:21:09.884390,Lenovo 10.0.8.0927,Lenovo Inc.,"Nov 6, 2023"
1E9A4F87E57B9FBF8DB70EAF650BB9A833D0286DF030E28793E59F11326DCB5A,com.gameloft.android.ANMP.GloftGGHM,62035,1981-01-01 01:01:02,2023-07-15 17:12:23.270179,100000000,2023-07-14T21:44:48.165140,Gangstar Vegas: World of Crime,Gameloft SE,10 Jul 2023
8E6AB57E8C92170DEB080B1686551939DD79E6589153B099CB0807B1A17A4D21,com.miniclip.plagueinc,1527,1981-01-01 01:01:02,2023-08-26 17:26:47.998124,100000000,2023-08-26T17:26:50.246363,Plague Inc.,Ndemic Creations,22 Aug 2023
040686F9E9FC25513BF8D53FF9E46586CD027535B6BAF7FFB755AAF673569925,com.superking.ludo.star,174,1981-01-01 01:01:02,2023-10-21 11:41:56.419993,50000000,2023-10-21T11:42:58.832952,Ludo Star: Online Ludo Gaming,Gameberry Labs,19 Oct 2023
8A8F7FB706A08AE6D3D083973C0BEA31C872393FD5B0BD9BAFBBBE64A6BA742F,com.minidev.vpn,200,1981-01-01 01:01:02,2023-07-06 15:15:56.505179,50000000,2023-07-06T15:16:02.725088,Super VPN - Stable & Fast VPN,MiniVPN Dev,2 Jul 2023
11ADBD4E3C60DBF7C8B737E728D68256BB58356C4851BCEF7B3EF5D49ACBED37,com.crazylabs.asmr.cut,1998,1981-01-01 01:01:02,2023-05-25 16:59:28.938276,50000000,2023-05-25T16:59:30.512971,ASMR Slicing,CrazyLabs LTD,18 May 2023
0A21E1B5B7490FDF7018CC4DDF55D4011C4FF5B01F188B60937D35305FB58CDD,com.google.android.apps.maps,1067134443,1981-01-01 01:01:02,2023-08-24 11:19:12.966628,10000000000,2023-08-24T11:19:43.878681,Google Maps,Google LLC,22 Aug 2023
07FBBD0E42C7CA9D41B8DAC0F950477D2B0F753FE4C564D64D57C0646AA84CDB,mega.privacy.android.app,232440147,1981-01-01 01:01:02,2023-09-05 18:46:03.097365,100000000,2023-09-05T18:46:37.794893,MEGA,Mega Ltd,31 Aug 2023
09B7600357999AE54DE573CCEE094E9B816C28DE8ACCAE3F603D020AC0797F84,com.scores365,1263,1981-01-01 01:01:02,2023-05-15 21:35:07.643717,50000000,2023-05-15T21:38:29.313395,365Scores: Live Scores & News,365Scores LTD,14 May 2023
083BFC3156E634D4195C9775C908D03DFF209E168E43BB2989DE56ADE79FCF4D,com.nomonkeys.ballblast,2241,1981-01-01 01:01:02,2023-06-16 23:15:03.394308,50000000,2023-06-16T23:15:33.466824,Ball Blast Cannon blitz mania,VOODOO,16 Jun 2023
0A8F98D6CB20FC91C5834F2FC4579609C31D6E5D98AFCC22853D9959DB7F56A0,com.edkongames.mobs,881,1981-01-01 01:01:02,2023-12-10 13:02:00.039317,50000000,2023-12-03T05:53:02.262688,Modern Ops: Gun Shooting Games 8.81,Edkon Games GmbH,29 Nov 2023
B4F57FBB916EB4EA4F2F34C99D97B1646771DADF82FEEED7678A36CD3BA4D315,com.dvloper.granny,63,1981-01-01 01:01:02,2023-08-25 12:56:37.675887,100000000,2023-08-25T12:57:04.498164,Granny,DVloper,24 Aug 2023
D20A84D6C61481E7EE5F748453CA13189D0F447CA472E33C2C8D08BE8D6C8821,com.merge.cat.paradise,15,1981-01-01 01:01:02,2023-05-31 17:53:40.432305,50000000,2023-05-31T17:54:21.672141,Cat Paradise,seazusouth,29 May 2023
07249516769763BD7EC3E13D440E4E14E9F30355B42EEAFBB70847C14D260239,com.sonyliv,9860,1981-01-01 01:01:02,2023-01-06 16:25:38.024542,100000000,2023-01-05T23:08:17.384335,"Sony LIV:Sports, Entertainment",Sony Pictures Networks India Pvt. Ltd,3 Jan 2023
0477A9D8F2976B734EDCF39D4CD5B8E97334B5758C582B42B341C908559FDB99,com.phonepe.app,23102707,1981-01-01 01:01:02,2023-11-17 23:50:23.329967,500000000,2023-11-17T23:51:13.192473,"PhonePe UPI, Payment, Recharge
23.10.27.0",PhonePe,16 Nov 2023
2C93FEFE84C79753C96E7CE39E10A9EF58C3894C03869358BA8169FD4E48D16D,com.wildlife.games.battle.royale.free.zooba,13738,1981-01-01 01:01:02,2023-10-11 00:31:01.869716,100000000,2023-10-11T00:31:03.334249,Zooba: Fun Battle Royale Games,Wildlife Studios,10 Oct 2023
048AE3F1D729F2BA795A80CBBE15E8ACC33D0E0A20E664361C77344252630A47,com.fungames.sniper3d,13703,1981-01-01 01:01:02,2023-03-03 14:57:02.009734,500000000,2023-03-03T14:58:36.806784,Sniper 3D：Gun Shooting Games,Fun Games For Free,27 Feb 2023
004AEE014E3035A7ADA18840CADFA324B8430214B2198DC776085941F6F15FEA,com.btpn.dc,8352,1981-01-01 01:01:02,2023-11-16 19:00:45.46044,10000000,2023-11-16T19:02:57.022754,"Jenius
3.48.0",BTPN,9 Nov 2023
2173C5063BD0C0BA456C14258C67FEA7B99E57F0538DDCEEC05848E3A432171B,com.PepiPlay.PepiShopping,181,1980-01-01 00:00:00,2023-04-15 16:21:34.095171,50000000,2023-04-15T16:24:23.690237,Pepi Super Stores: Fun & Games,Pepi Play,14 Apr 2023
4284320F347106EC6ACAA339C97FC28D4BD3098A950B7381E710614D72DE0EB2,com.cleanteam.onesecurity,1729,1980-01-01 00:00:00,2023-02-04 14:28:05.908004,50000000,2023-02-04T14:29:29.206915,"One Security: Antivirus, Clean",One Dot Moblie Limited,3 Feb 2023
04C5462C69BB0741D4041CBCE0F78C8C7F775D212AD8C929D840F43EA1BB6424,com.gameswing.impossible.formula.car.stunts.gt.mega.ramp.games,56,1981-01-01 01:01:02,2023-01-17 02:35:07.232908,50000000,2023-01-17T02:35:19.826471,Formula Car Racing - Mega Ramp,Games Wing,6 Jan 2023
00CA45E39532B7D4C887A125186569D6B9B3B828ABF1AF3D3B86D9608217531E,com.Project100Pi.themusicplayer,31541,1981-01-01 01:01:02,2023-02-15 20:27:39.371979,50000000,2023-02-15T20:28:28.822099,Pi Music Player - MP3 Player,Musicophilia Music Apps,14 Feb 2023
188559589C03B512974BE3202FB76A9D0A58417533292332EF78370EDD148EB9,io.voodoo.crowdcity,27300,1981-01-01 01:01:02,2023-10-06 09:08:53.032748,100000000,2023-10-06T09:08:54.497614,Crowd City,VOODOO,2 Oct 2023
105B2CC2EB9CAF846E753E95C6106BECFC47C96359A9934570E367D6B8FFCA7F,com.ahoygames.okey,1000,1981-01-01 01:01:02,2023-03-28 11:30:05.393472,50000000,2023-03-28T11:30:28.415899,Okey,Ahoy Games,14 Mar 2023
09D83C5769A4356D0F02235F87FAF612B534F205C5C72CA6BD0FFDE1499E56B5,com.free.vpn.super.hotspot.open,12300,1981-01-01 01:01:02,2023-03-20 21:07:05.8633,50000000,2023-03-20T21:08:37.613155,VPN - Super Unlimited Proxy,VPN Super Inc,17 Mar 2023
008C7AF709CEAA26FF27DC2EFA0E0E0A808521568481661A387A25213006C8FA,com.vehicle.rto.vahan.status.information.register,153,1981-01-01 01:01:02,2023-04-13 07:34:19.338584,50000000,2023-04-13T07:35:52.021516,RTO Vehicle Information,Vahan Registration Details - Vehicle Owner Details,12 Apr 2023
0025FBABBF6965EC4CD7442AA247AAF1090624DCB481B2354094F9B232B27FAA,com.croquis.zigzag,7670000,1981-01-01 01:01:02,2023-08-31 05:13:39.505902,10000000,2023-08-31T05:15:49.718298,Zigzag: +7000 shops in one app,Kakao Style Corp.,25 Aug 2023
052807732214442A85A8C8278E08B23249C4075B8FC70750278227568B78255B,co.brainly,605014501,1981-01-01 01:01:02,2023-06-13 22:26:41.376442,100000000,2023-06-13T22:28:19.318517,Brainly – Homework Math Solver,Brainly,7 Jun 2023
3DCCF50C9A884FD02E232BD92D77CB04751956291EF90A876BF8F43AA2B739E7,com.apple.android.music,1310,1981-01-01 01:01:02,2023-09-20 03:40:31.340813,100000000,2023-09-20T03:41:49.039115,Apple Music,Apple,5 Sept 2023
17D7851CA200C3E964D8A8CBEE7EECB0FD960989B40E0A99CC7F0618C942D8F5,com.lomotif.android,1116,1981-01-01 01:01:02,2023-02-08 06:09:06.71818,50000000,2023-02-08T06:09:28.497849,Lomotif: Social Video Platform,Lomotif Pte Ltd,6 Feb 2023
0359B02F9FAFBBF67BF8F91CC5F317FE9A7D4B85587CB84AD4B5F11DB800465E,com.nordvpn.android,1058,1981-01-01 01:01:02,2023-11-21 04:45:35.612941,50000000,2023-11-21T04:49:14.496952,NordVPN: private &amp; secure VPN 6.22.2,Nord Security,20 Nov 2023
031509EFE92334EE3F7D2FA660FAAA5DADCE3E43DCB2BEAA1D3E15662DB6A044,com.movile.playkids.pkxd,10082,1981-01-01 01:01:02,2023-03-09 22:30:35.595582,100000000,2023-03-09T22:48:55.996389,"PK XD: Fun, friends & games",Afterverse Games,9 Mar 2023
CD0C87D41A3F65BCB96D12C82958C9B7A8326AD25CA3BCDEB8648D045CA3AB35,com.PepiPlay.KingsCastle,457,1981-01-01 01:01:02,2023-09-15 16:43:37.457581,50000000,2023-09-15T16:44:17.357977,Pepi Wonder World: Magic Isle!,Pepi Play,12 Sept 2023
30862C764D7DB0FB59BC32667631E670EA220D54FC0B8A626756CA5A0D6595EC,com.ea.gp.simsmobile,3800,1981-01-01 01:01:02,2023-02-13 08:21:47.93888,50000000,2023-02-13T09:23:56.780072,The Sims™ Mobile,ELECTRONIC ARTS,10 Feb 2023
008F47038E89DEC76EC122894E046223A4B661317FF371B6B2AEC9101D74EFFA,com.frontrow.vlog,3813,1981-01-01 01:01:02,2023-05-18 15:13:52.784332,100000000,2023-05-18T15:13:54.778309,VN Video Editor Maker VlogNow,"Ubiquiti Labs, LLC",18 May 2023
240B0BC0F002870D6E6123F5C1B8E61DFBE61520F5D2BB3E1923668907DFF112,com.pepiplay.pepihome,149,1980-01-01 00:00:00,2023-07-05 16:43:58.437377,50000000,2023-07-05T16:44:22.799764,Pepi House: Happy Family,Pepi Play,1 Jul 2023
03634CB0A1F22368BB59624E9C58BBD6B456875D3708DCDD5D25E75822D3D1F9,com.snapdeal.main,500665,1981-01-01 01:01:02,2023-09-07 21:40:00.86678,100000000,2023-09-07T21:40:15.356540,Snapdeal: Online Shopping App,Snapdeal Limited,31 Aug 2023
10BD9710BB6461FC7322CA80783A509169735E932BA0C79D90787C3DD7DB18F5,com.redberry.glitterdressa2,35,1981-01-01 01:01:02,2023-11-20 10:09:06.920795,50000000,2023-11-20T10:09:28.433814,Glitter Dress Coloring Game 6.3,Baram FZE,8 Nov 2023
131C17BA6A5ED7FE49378A66464F0A415D176E58F3DEB2B24DBE6D907BB2263C,com.jio.myjio,7049,1981-01-01 01:01:02,2023-09-15 17:01:20.465452,500000000,2023-09-15T17:02:54.883185,MyJio: For Everything Jio,Jio Platforms Limited,13 Sept 2023
03C85515B351F920E928558C6DB5283081337EFB70C308453BE93E09FD698134,com.instagram.android,370310460,1980-01-01 00:00:00,2023-10-04 00:54:06.852887,5000000000,2023-10-04T00:54:27.471492,Instagram,Instagram,2 Oct 2023
011C3D658709D3F7B55D46CB896FA669E5AFE5D87EABCDA79018E7AED2E0967B,com.arcsoft.perfect365,3319,1981-01-01 01:01:02,2023-06-01 06:51:26.038495,50000000,2023-06-01T06:52:50.462249,Perfect365 Makeup Photo Editor,"Perfect365, Inc.",30 May 2023
0160BEB791801B60851190629B66399F61113DF44169F68E5FB4AC092B70779A,ru.ozon.app.android,2308,1981-01-01 01:01:02,2023-03-27 11:05:22.356903,50000000,2023-03-27T11:06:26.103904,"OZON: товары, продукты, билеты",Internet Solutions LLC,21 Mar 2023
6EBCE1D5779A9DD2927FAE58AD1840FD0305B13DBF0F23FC9E6D08C5385D84C1,com.ea.game.pvzfree_row,174,1981-01-01 01:01:02,2023-11-30 06:58:28.866926,500000000,2023-11-30T07:00:48.954841,"Plants vs. Zombies™
3.4.4",ELECTRONIC ARTS,28 Nov 2023
074815F7B458F053B31CC8CEFE472F26D9AE77944E5490D2DDF9F01015D94770,com.pixel.gun3d,300717,1980-01-01 00:00:00,2023-06-30 21:19:10.358973,100000000,2023-06-30T21:19:11.788480,Pixel Gun 3D - Battle Royale,Pixel Gun 3D,30 Jun 2023
003CB5F1C625781061D25DCA64E15F490A5BF425CCAADF814AADDAD4C7B8A848,air.cbn.superbook.bible.app.android,979000000,2023-06-12 17:33:20,2023-06-16 12:54:10.395203,10000000,2023-06-16T12:55:11.552474,Superbook Kids Bible App,The Christian Broadcasting Network (CBN),13 Jun 2023
3AAB91A7797551620B20E388FDF705D8E527E8334F28944A29D8A02068E94729,com.talpa.hibrowser,2090201,1981-01-01 01:01:02,2023-07-29 19:43:31.880613,100000000,2023-07-29T19:50:15.458316,Hi Browser-Private&Fast web,Dating Group,21 Jul 2023
5DD52F27C21BD9D63CD8DE060288C5ED4165FA6DBCA52E6BE0F9355803337475,com.detector.lie.game.prank,35,1980-01-01 00:00:00,2023-09-08 00:12:34.197993,50000000,2023-09-08T00:12:29.977997,Lie Detector Test Prank,Eijoy Entertainment,28 Aug 2023
048407D98D5EE40A4E9AE2865FDA83A6B81BB0DD9BFE60AAD4EC3EB059D731C6,com.freevpnintouch,70500,1981-01-01 01:01:02,2023-06-21 18:12:44.610621,50000000,2023-06-21T18:14:22.162640,VPN Betternet: Unlimited Proxy,"Betternet, LLC",9 Jun 2023
0C7B1912057C703C03E6BD51359A195780970C5021C50F487C621DA63F9F488D,com.sec.app.samsungprintservice,3870,1981-01-01 01:01:02,2023-08-02 03:22:24.305376,1000000000,2023-08-02T03:23:25.643259,Samsung Print Service Plugin,HP Inc.,29 Jul 2023
E9A9E6A507C6FE0F50334A67525E6F63D3E41953B046CAD72F3520DCB16DA6F6,com.mobirix.zombieking,73,1981-01-01 01:01:02,2023-08-27 12:32:10.861671,50000000,2023-08-27T12:32:50.975968,Zombie Hunter King,mobirix,22 Aug 2023
25CAFA498A7A6F6C09302EE9524B2B32FAC69E2B0FE46508953B72056ECE01FD,jpark.AOS5,190,1981-01-01 01:01:02,2023-05-13 07:23:11.302049,100000000,2023-05-13T07:23:39.006824,Anger of stick 5 : zombie,Button E&M,2 May 2023
06C7489F4DEA089D747EA2048833659B53FA2117F3A490FD9DDD2FD7E952D623,com.graph.weather.forecast.channel,76,1980-01-01 00:00:00,2023-03-31 11:22:43.590236,50000000,2023-03-31T11:23:24.739946,Weather,smart-pro android apps,30 Mar 2023
6DA094CA16E432DA7E457A2E46EFD975A1F3EC80EF45B833A73D2C42239E66A9,photo.video.instasaveapp,89,1981-01-01 01:01:02,2023-07-03 00:35:43.209929,50000000,2023-07-03T00:35:55.417272,Video Downloader : FastSave,Photo and video applications,26 Jun 2023
0E27DB97E4B3B6AB65BDA64E2FBDC6B62572B773A6394A2B2EB3354B352C878C,com.unicostudio.braintest2new,187,1981-01-01 01:01:02,2023-01-04 01:42:00.568309,50000000,2023-01-04T01:42:45.312890,Brain Test 2: Tricky Stories,Unico Studio,3 Jan 2023
19BCA60AA4930C7C6226528EADAD6EB41EE6C124CE40182F4EBBB57FE053FABE,com.gameloft.android.ANMP.GloftFWHM,670213,1981-01-01 01:01:02,2023-04-19 12:34:01.768184,100000000,2023-04-19T12:19:21.242980,Sniper Fury: Shooting Game,Gameloft SE,12 Apr 2023
04D3C9EDA92872813C58AD280DDC129E935DA6F76D5F08E0EA5E2F73175BF038,com.skype.raider,1250149625,1981-01-01 01:01:02,2023-12-02 18:38:52.308808,1000000000,2023-12-02T18:39:34.384563,"Skype
8.102.0.211",Skype,17 Aug 2023
013D39A3E92A5F8B3217F3399FDF1E77F543659D312B0F063A2586B12094CDA2,com.gokids.tbdoll,20001008,1981-01-01 01:01:02,2023-03-16 09:45:27.805449,50000000,2023-03-16T10:24:40.350941,Fashion Dress up girls games,GoKids! publishing,14 Mar 2023
0F8C94C6238C46F378A2BDFC93E99B477B32239BCAFA62E46B931F12A561F4A0,com.clearchannel.iheartradio.controller,710290101,1981-01-01 01:01:02,2023-07-09 16:13:02.071039,50000000,2023-07-07T17:47:31.214282,"iHeart: Music, Radio, Podcasts","iHeartMedia, Inc.",6 Jul 2023
07819F3A0D09155458B0ECD66637C4F27C540C6B7336D5B94FC4C4EE45D204A0,bubbleshooter.android,900000520,1981-01-01 01:01:02,2023-10-22 15:24:28.236304,50000000,2023-10-22T15:24:29.645415,Bubble Shooter,Ilyon,17 Oct 2023
2EB42C12755AFD91AD871E6CE89BF0A82B914A60BA7652A304E06B5C6433C47F,com.sinyee.babybus.hero,8670000,1981-01-01 01:01:02,2023-07-19 20:50:05.025686,50000000,2023-07-19T20:49:29.154692,Baby Panda's Town: My Dream,BabyBus,18 Jul 2023
02ED9EAD24ABB5ED7040672B3BD7F97DA40EE21CE3CF046A11D3ACE6AC8FE73F,com.tencent.wesing,591,1981-01-01 01:01:02,2023-07-31 20:52:37.674232,100000000,2023-07-31T20:53:07.598136,"WeSing - Karaoke, Party & Live",Tencent Music Entertainment Hong Kong Limited,26 Jul 2023
F882E4D451FCFCB83D0472BB68C35E9B99B8B543A750FA1C1BCAD65696FC6449,com.davexp.dollify,257,1980-01-01 00:00:00,2023-11-10 01:47:02.507034,50000000,2023-11-10T01:49:52.524821,Dollify 1.4.2,Dave XP,9 Nov 2023
120617C370636F64A18F85993371B4CF237F281A464860A3643B2D938383E7A5,net.peakgames.amy,1200000,1981-01-01 01:01:02,2023-04-10 10:40:46.891822,50000000,2023-04-10T10:40:48.822508,Toy Blast,Peak,7 Apr 2023
168CC1AD1D6C748151ED7DC4C16ACF2A1F385ECB6E98AA5C8F9C3B80C66E15CA,com.cam001.selfie,1597,1981-01-01 01:01:02,2023-11-03 08:00:17.134227,100000000,2023-11-03T08:01:37.196016,"Sweet Selfie: Camera &amp; Editor
5.5.1597",Selfie Camera & Photo Editor & Beauty Snap,28 Oct 2023
0D2E4793030AF7D187F872DD4528F7E7FD6C561D264C0E37F9F36342FE76121D,com.ChillyRoom.DungeonShooter,50320,1981-01-01 01:01:02,2023-07-24 06:23:04.503724,50000000,2023-07-24T06:23:15.209903,Soul Knight,ChillyRoom,19 Jul 2023
0010A140FF71FE07F349DE129C0155ED17772E3266DC078811F76D98EBCB9D11,com.fme.cooking.crush.food.games,108030,1981-01-01 01:01:02,2023-02-10 07:17:06.648455,10000000,2023-02-10T07:17:22.520181,Cooking Crush: cooking games,FlowMotion Entertainment,"Feb 8, 2023"
1E51B4985DF2F581D48E62EE117F721EB091BD15EA75E9167EB49F4C623550E8,com.sec.android.app.shealth,6250075,2009-01-01 00:00:00,2023-10-27 22:04:02.763808,1000000000,2023-10-27T22:05:52.469055,Samsung Health,"Samsung Electronics Co.,  Ltd.",17 Oct 2023
071A618DA268CEF9407252B986839979FEE6E6CDA2591E04FE043158477BB5CD,jp.ne.ibis.ibispaintx.app,1101000026,1981-01-01 01:01:02,2023-12-11 06:59:19.655296,100000000,2023-12-11T07:00:26.052466,"ibis Paint X
11.1.0",ibis inc.,7 Dec 2023
1EE1C6D465520E583A67FF20CE5762A9B9161A63BADC3E4792A57F5606019BD4,com.vladk.pipemasters,694,1981-01-01 01:01:02,2023-02-27 11:58:21.257038,50000000,2023-02-27T11:59:20.100615,Flow Legends: Pipe Games,CASUAL AZUR GAMES,21 Feb 2023
0CC73F5598B9CD601CAE56AD5217AACCFFAD558C1D2B777A0FCD0C4076A49E58,br.com.timbrasil.meutim,7004031,1981-01-01 01:01:02,2023-11-30 23:34:20.15511,50000000,2023-11-30T23:35:48.210620,MEU TIM 7.4.31,TIM S.A.,24 Nov 2023
280169CDFE0C5B145567A679BF526DDAE40572C9B802A23B1EF1F2CFF2143517,com.bigbasket.mobileapp,2275110,1981-01-01 01:01:02,2023-12-01 11:50:57.373588,50000000,2023-12-01T11:53:33.969579,bigbasket &amp; bbnow: Grocery App 7.11.1,Bigbasket.com,20 Nov 2023
01C4954914314A3BA0F3D9FFFB6EF811796F950FFBDA5595DFE8E5A4B032E362,com.groupon,455239,1981-01-01 01:01:02,2023-08-08 03:14:41.388269,100000000,2023-08-08T03:14:51.567174,Groupon - Deals & Coupons,"Groupon, Inc.",3 Aug 2023
08E13743E1BDAD37510601B111F8EAF357928C2A2FFA9EC6CCDC6C09448F3044,me.lyft.android,1682024936,1981-01-01 01:01:02,2023-04-25 04:17:17.158773,50000000,2023-04-25T04:22:30.632990,Lyft,"Lyft, Inc.",20 Apr 2023
11CDD360B1610D32EC31DAD92DF105E8C825D5D3FA05B39D4C49DB8368815980,com.mast.status.video.edit,164,1981-01-01 01:01:02,2023-08-24 14:16:25.019516,100000000,2023-08-24T14:17:35.000408,mAst: Music Status Video Maker,mAst Team,17 Aug 2023
2BBC596057FCF182FA6E53B7969F1D3EFB5EC9A0FE6AF9E3C2A2A19E7C027D65,com.pixign.smart.puzzles,723,1981-01-01 01:01:02,2023-05-08 11:09:43.28529,50000000,2023-05-08T11:11:01.196721,Smart Puzzles Collection,App Holdings,2 May 2023
09D0B129367E1D69B80FD132150B31207E22E5319C7C565490FDDF8E18201DDE,com.dancing.smash.hop.game.tiles.beat.piano.surfer,126,1981-01-01 01:01:02,2023-07-26 07:03:29.442831,50000000,2023-07-26T07:03:04.154601,Cyber Surfer: Beat&Skateboard,Badsnowball Limited,24 Jul 2023
7E6BF01C2A45A662ADBEEB596C23A814E72D668281493D4978A849575B125B2C,com.impp.construction.simulator.forklift,151,1981-01-01 01:01:02,2023-09-19 11:50:19.948659,100000000,2023-09-19T11:52:49.525381,City Construction Simulator 3D,Imperial Arts Pty Ltd,"Sep 11, 2023"
0383BB1F441263908E277A504956C5F327436DDF5DE7BEF844525FB45D0EBDC5,com.search.music.mp3.musicplayer,64,1981-01-01 01:01:02,2023-11-14 19:14:55.47385,50000000,2023-11-14T19:16:11.837663,Music player 64.1,creative & quality std,12 Nov 2023
2350F8CD4401B216B4D6472B555C3687D2AD4218DBED73FEEF8135DBC2CF304A,com.miHoYo.GenshinImpact,534,1981-01-01 01:01:02,2023-02-28 23:12:30.266072,50000000,2023-02-28T23:18:57.620437,Genshin Impact,COGNOSPHERE PTE. LTD.,"Feb 16, 2023"
1CACC97B9780C9CEEFD95831E607D1459E33DF3FFF6B94361F6057B37D4691D8,free.os.jump.superbros.adventure.world,341,1981-01-01 01:01:02,2023-06-05 16:09:04.510137,100000000,2023-06-05T16:09:36.977714,Super Bob Run,FALCON GAME STUDIO,4 Jun 2023
197F4C0864F222903936FDCDECDC35422942BB33D337E39DF6A2BE233D1F0DAB,com.flightradar24free,90308353,1981-01-01 01:01:02,2023-04-06 17:44:21.89425,50000000,2023-04-06T17:44:51.826195,Flightradar24 Flight Tracker,Flightradar24 AB,3 Apr 2023
01690893BF59FDD77D86EA82369E638A853460BFDD3D3B37B9C3B9C5011CAC99,com.king.candycrushjellysaga,301203003,1981-01-01 01:01:02,2023-08-23 18:30:10.748592,100000000,2023-08-23T18:31:14.700787,Candy Crush Jelly Saga,King,23 Aug 2023
1A68F29948D8195EFAF3CC392F36577D84C47EEE3752C1B15393CBCC3ADF1EE1,com.KisekiGames.smart,618,1981-01-01 01:01:02,2023-06-24 01:44:56.006082,50000000,2023-06-24T01:46:30.209844,My Mini Mart,Supersonic Studios LTD,19 Jun 2023
442CC987AEE76B3CEBF9CA4AFDA2ED45B0AC64D115ED833475B7313ED56066EA,com.transsion.itel.launcher,1027,1981-01-01 01:01:02,2023-12-03 21:33:45.75317,50000000,2023-12-03T02:47:37.784400,itel launcher 8.5.18,Shalltry Group,21 Nov 2023
469F059AB829B80FB73156A2EB8A8E10397BB1BB0EF77AC8FB552012BD0FD3D5,phonecleaner.androidmaster.cleanupspace.phone.booster,48,1981-01-01 01:01:02,2023-05-26 12:35:29.459794,50000000,2023-05-26T12:41:33.140052,Phone Cleaner: Virus Cleaner,Games Tree,12 May 2023
00EF7C71931D0222D4FD15716BF2552E13677FCBEF90A52F96C43B8C7F7B2F37,org.thoughtcrime.securesms,122612,1981-01-01 01:01:02,2023-03-20 19:42:00.572105,100000000,2023-03-20T19:42:49.749240,Signal Private Messenger,Signal Foundation,15 Mar 2023
1B752226C837AA4A41D47FDC2169C3C2609FAA0329EEFE9E0294612D39557F09,com.marsvard.stickermakerforwhatsapp,1000503,1981-01-01 01:01:02,2023-01-12 20:19:16.772447,100000000,2022-04-22T10:36:29.833337,Sticker maker,Viko & Co,1 Apr 2022
11CCA5F52E827B8E86B44B8D66211EE940AF0D00A0CDC4CE05521C4FB64B8740,com.turbo.stars,171,1981-01-01 01:01:02,2023-11-28 15:47:19.787542,100000000,2023-11-28T15:48:26.042656,"Turbo Stars - Rival Racing
1.8.24",SayGames Ltd,15 Nov 2023
637D9E77B7199344314B94E359AAC1D3B05D2A6F81E20F83627633BE8F6F3A19,com.i6.FlightSimulatorAirplane3D,171,1980-01-01 00:00:00,2023-10-20 03:12:04.612334,100000000,2023-10-20T03:12:55.457958,Flight Simulator: Fly Plane 3D,i6 Games,17 Oct 2023
023A1567C02F1949F15E9DE1DDEFFBC79F39759CAFEF41C3D1FCC5B094D9AFE8,com.eyu.piano,1084005,1980-01-01 00:00:00,2023-02-14 04:04:26.397153,50000000,2023-02-14T04:05:42.288329,Dream Piano,Tap Lab,13 Feb 2023
068FB21622E4724671203281954F2FFD9CF028F957B7081A76E8C0411A855EA0,com.joydo.minestrikenew,770,1980-01-01 00:00:00,2023-11-19 15:42:21.444977,50000000,2023-11-19T15:44:43.715614,"Cops N Robbers:Pixel Craft Gun
14.1.1",Riovox,15 Nov 2023
00147B137DD01BFF04982D1F00390611298AB6C1D3CA885778E10CED7BF17239,com.evlcm.cutewallpapers,184,1981-01-01 01:01:02,2023-06-19 19:12:40.381038,10000000,2023-06-19T19:13:17.622098,Cute Wallpapers - Kawaii,KawaiiSparkle,14 Jun 2023
1414C0A6FF9985F88A0EF124F34EA6B1C52021B3E48F5DBDD89442B7F4B0E2BA,uk.co.aifactory.chessfree,197,1981-01-01 01:01:02,2023-05-21 00:30:19.410638,50000000,2023-05-21T00:30:44.566459,Chess,AI Factory Limited,16 May 2023
12654C150297ABDAA148E6841038D46ADD7C72FB2932E05D729D16967187D437,com.sgn.pandapop.gp,312006100,1981-01-01 01:01:02,2023-08-24 15:13:18.678802,50000000,2023-08-24T15:13:21.121201,Bubble Shooter: Panda Pop!,"Jam City, Inc.",23 Aug 2023
09D76C96956A21A37BAFA81C5CB0FF5A555224460A98ECBEB05CA461DBF9A9B9,com.tempo.video.edit,6409011,1981-01-01 01:01:02,2023-01-01 08:41:22.565407,50000000,2023-01-01T08:41:24.242204,Tempo - Music Video Maker,Tempo trend video editor with effects & music. Ltd,30 Dec 2022
0221F290AF7B0905F5F179AB7CF37A901FA7869D7BC5450FAC2DB0CDB253AB56,com.ubisoft.dance.JustDance,217,1981-01-01 01:01:02,2023-04-24 21:05:49.697959,50000000,2023-04-24T21:08:22.348869,Just Dance Now,Ubisoft Entertainment,14 Apr 2023
0C3BDDDFDCBA9A78B5DA0097A61E9C9968E9158EAC17608F8C1F49955EA077CC,com.riseup.game,200446,1981-01-01 01:01:02,2023-11-14 07:11:37.532841,100000000,2023-11-14T07:12:29.385090,"Rise Up: Balloon Game
2.5.0",CASUAL AZUR GAMES,10 Nov 2023
0FE152EFD02A3F3035C34ABC89E24C0BB4E11308C03A9082915A0AD349FC77A0,com.gameswing.impossiblecarstunts.monstertrucks.cardriving.simulator,89,1981-01-01 01:01:02,2023-03-10 15:48:10.75415,50000000,2023-03-10T15:47:48.715787,Ramp Car Racing - Car Games 3D,Games Wing,10 Mar 2023
02732726D9BFA2EF1D20A0DEA87C3C6D876C660C0531312DFFEA4E5077E9B3C2,com.facebook.lite,501501157,2023-11-12 06:36:14,2023-12-02 23:16:38.031863,1000000000,2023-12-02T23:16:41.629016,"Facebook Lite
380.0.0.14.112","Meta Platforms, Inc.",12 Nov 2023
0D83DA26FF7F690150ECA0AA2EBD2F10004BBD3A4C4D2A48BAE2432EA6D5E2DB,com.xvideostudio.videoeditor,1789,1981-01-01 01:01:02,2023-09-10 19:02:51.476678,100000000,2023-09-10T19:02:53.488067,Video Editor & Maker VideoShow,VIDEOSHOW Video Editor & Maker & AI Chat Generator,7 Sept 2023
034EAED930B5F0A5A9ACA7963DA0645C8901AEC17412B592A6B727E8830FA939,com.mgc.RopeHero.ViceTown,659,1981-01-01 01:01:02,2023-10-23 01:29:39.852286,100000000,2023-10-23T01:31:57.219185,Rope Hero: Vice Town,Naxeex Action & RPG Games,"Sep 28, 2023"
31E22397A40D99EA0EA39AD3506602B1B6A7D45C98CE1528763425D2B4D9B0D6,com.venmo,4168,1981-01-01 01:01:02,2023-11-23 07:44:42.069885,50000000,2023-11-23T01:55:44.540905,Venmo 10.31.1,"PayPal, Inc.",20 Nov 2023
387A2F036FAE8676BEDED204CCBD3A142614B5D469F10DA3B6CD8CB26F78546E,com.tt.android.dm.view,543,1981-01-01 01:01:02,2023-09-24 13:30:03.903815,50000000,2023-09-24T13:30:19.844576,Downloader,Renkmobil Bilisim,22 Aug 2023
0022EAB93E8488DBC929DCFBEFE777F77605CBF579C67A58F5B782E6FB070326,mytown.mytownworld,2400,1981-01-01 01:01:02,2023-09-22 02:31:56.340272,10000000,2023-09-22T02:34:16.914820,My Town World - Mega City game,My Town Games Ltd,21 Sept 2023
09C99AEAC14B8897AC5061B6611B2E1D424B2FC8DC076593B1DF1B8532D16281,Com.sktelecom.minit,215,1981-01-01 01:01:02,2023-01-17 13:26:25.742882,50000000,2023-01-17T13:26:50.028083,T world,SKTelecom,10 Jan 2023
1BBA112DA1763FE5F28B0D9A15A5083E272CC574654C071CE4BCA3BFEAD290B9,com.masarat.salati,321,1981-01-01 01:01:02,2023-03-26 05:47:38.611026,50000000,2023-03-26T05:47:40.402253,صلاتك Salatuk (Prayer time),Masarat App,25 Mar 2023
0377B85C6C52B491B93ADFB9C2A91C577CBEF6AE6F8798B770892DB4967E3D9F,com.sand.airdroid,40300030,1981-01-01 01:01:02,2023-05-02 07:07:45.127389,50000000,2023-05-02T07:08:22.026194,AirDroid: File & Remote Access,SAND STUDIO,27 Apr 2023
328391A9A1D91E33922A3937F203D9A7F78E2E3A5596096AAB6898CDC856B45E,com.google.android.apps.adm,20002277,1981-01-01 01:01:02,2023-03-16 20:06:07.661198,100000000,2023-03-16T20:06:42.850100,Google Find My Device,Google LLC,13 Mar 2023
05812A631567987FC702C92590D9B474EFD42A30F469AFD4553B064F33AEF304,br.com.rodrigokolb.realdrum,298,1981-01-01 01:01:02,2023-03-07 22:11:47.353802,100000000,2023-03-07T22:14:11.230776,Real Drum: electronic drums,Kolb Apps,7 Mar 2023
0530CBEEC14143733E0DC2A6F595F7B878F284ACB802DBBCCBE415976A22C9B6,paint.by.number.pixel.art.coloring.drawing.puzzle,10936,1981-01-01 01:01:02,2023-11-11 02:51:50.025009,100000000,2023-11-11T02:50:25.166325,"Paint by Number: Coloring Game
4.4.15",Kidult Lovin,"Nov 10, 2023"
009B578484266D08AC19C69C5E47F1EB4C4075EF3C952FB7646A7164A09B0A39,com.lgeha.nuts,40003104,1981-01-01 01:01:02,2023-06-09 11:32:40.178396,50000000,2023-06-09T11:33:34.936969,LG ThinQ,"LG Electronics, Inc.",25 May 2023
29CC3F074B1853069CE03B3F40E676DE54871CF981BE949E496256EB08C92CFF,com.outfit7.talkingangelafree,360,1981-01-01 01:01:02,2023-09-09 02:31:49.175845,100000000,2023-09-09T02:33:43.008102,Talking Angela,Outfit7 Limited,30 Aug 2023
032C0AC0E771E3BB3A4B09019ED871A4ED35F9AAD49C2A72E41B71DC85A249D0,com.adobe.psmobile,1481,1981-01-01 01:01:02,2023-10-04 17:43:42.779767,100000000,2023-10-04T17:43:21.523584,Photoshop Express Photo Editor,Adobe,4 Oct 2023
117F6EE7850360D5B187287DD77F1141D3569BB3A961A435D8E6796A25827D85,com.microsoft.launcher,1123940,1981-01-01 01:01:02,2023-11-02 11:31:57.242706,50000000,2023-11-02T11:32:56.924397,Microsoft Launcher 6.230903.0.1123940,Microsoft Corporation,26 Oct 2023
14FDFC0903AC94CBDEEFD679B4AA3AC704079B5B58D1EE19139498C89DA74F12,com.devexpert.weather,239,1981-01-01 01:01:02,2023-01-09 09:41:01.595451,50000000,2023-01-09T09:41:54.689264,Weather & Clock Widget,Interactive Saudi Arabia,8 Jan 2023
056B59F57EE637CA8ACC7C0DDA3BD9FD0DDEFF060BF91DB461E1E2B2C96A9E3B,com.google.android.apps.magazines,2022162068,1981-01-01 01:01:02,2023-12-01 17:45:58.550384,1000000000,2023-11-30T23:19:23.026289,"Google News – Daily Headlines
5.92.0.584109454",Google LLC,28 Nov 2023
8BF945CF1C0214113A862976690192C6BA7F79D64FE37F621D895FDCF873EE03,com.bigduckgames.flow,50603,1981-01-01 01:01:02,2023-04-12 06:58:07.911702,100000000,2023-04-12T06:58:45.062531,Flow Free,Big Duck Games LLC,6 Apr 2023
11CA7C33B544F781C8303AFB4E3A0FC66FED8EAC4D1AC9B53CA988EFE1736DF9,com.giphy.messenger,2460,1981-01-01 01:01:02,2023-10-04 17:20:08.367833,50000000,2023-10-04T17:21:22.358343,GIPHY: GIF & Sticker Keyboard ,"Giphy, Inc.",2 Oct 2023
00007738F6DD5874482B36E11ACA237DD58ECCFE00870AFB34FA4B104C9659BC,com.remitly.androidapp,8162,1981-01-01 01:01:02,2023-10-26 04:16:00.153565,10000000,2023-10-26T04:18:22.962970,Remitly: Money Transfer & Send,Remitly,19 Oct 2023
0F7BEA605462EF2D2264EB886CF25F5A453405DD5A58B772C055C6AF255C05AA,pedometer.steptracker.calorieburner.stepcounter,95,1981-01-01 01:01:02,2023-10-25 19:38:36.889987,50000000,2023-10-25T19:38:38.277502,Step Counter – Pedometer,Leap Fitness Group,19 Oct 2023
02BBC264BB31568055F75A84DF01211FD6A7753A488122D0B6BCDB8180283755,com.jsdev.instasize,308,1981-01-01 01:01:02,2023-08-24 13:24:45.594934,50000000,2023-08-24T13:27:00.760408,InstaSize Photo Editor＋Resizer,"Instasize, Inc.",22 Aug 2023
40977386096A1C7B865190B0750051E499293B1D79C38E47EC34881C4A4A5980,com.ludashi.dualspace,117,1980-01-01 00:00:00,2023-11-06 18:10:29.865035,100000000,2023-11-06T18:10:20.849245,"Dual Space - Multiple Accounts
4.2.6",DUALSPACE,1 Nov 2023
53AA3B32A0B835D9EC412F6C0E9237D5D3F7C3EDEEC78EA170C8C7E64D5C6C75,com.loltap.farmland,121,1981-01-01 01:01:02,2023-12-15 17:45:45.094349,50000000,2023-12-15T17:46:49.341196,Farm Land - Farming life game 2.2.14,Homa,"Dec 12, 2023"
4ABD0506F5359663B1AA998FC65BABF06EF0696AB766A8426D311EE0616FC327,com.tester.wpswpatester,1185,1981-01-01 01:01:02,2023-08-03 17:35:40.855783,100000000,2023-08-03T17:36:42.813151,WIFI WPS WPA TESTER,Sangiorgi Srl,31 Jul 2023
022B077CEC748DACD29D0B892E1CE15A6812AD6EA88C31C1338DA4C121DDA244,com.schibsted.bomnegocio.androidApp,14950101,1981-01-01 01:01:02,2023-06-24 01:39:48.614444,100000000,2023-06-24T01:45:04.254593,OLX - Venda e Compra Online,OLX Brasil,"Jun 21, 2023"
1E5E7B781811F1413F7B8CAEBC98C811A8681C173AAFC448BFC03CD08B3F621C,com.google.android.apps.podcasts,100003695,2009-01-01 00:00:00,2023-06-18 11:57:20.725001,500000000,2023-05-17T05:26:36.505575,Google Podcasts,Google LLC,9 May 2023
06B013CFC9E710BB81554D5502718FB487442B364A5978F2883A84FDCFA825E3,com.my.hc.rpg.kingdom.simulator,599,1981-01-01 01:01:02,2023-05-25 22:38:34.674806,50000000,2023-05-25T22:39:27.216537,Hustle Castle:Jeu de Chevalier,UPWAKE.ME,25 May 2023
075F94B881F46B8499581393EFE8062C8BCB20404AF7965369B94C512077A71D,com.google.android.apps.paidtasks,2018606076,2009-01-01 00:00:00,2023-09-11 04:02:18.8811,50000000,2023-09-11T04:02:24.529214,Google Opinion Rewards,Google LLC,6 Sept 2023
3B221F99B87C5A3383B688E8734BAC064B2C5EC20759D740A0C7C7DB35C246EF,com.os.falcon.fidget.toy3d.pop.it.diy.calming.asmr.satisfying,400066,1981-01-01 01:01:02,2023-10-17 06:38:38.43799,50000000,2023-10-17T06:39:27.381264,Fidget Toys 3D AntiS Stress,FALCON GAME STUDIO,16 Oct 2023
1195D7A4A5B1B185A06E0F712433014FCCA794D9669877C12F7FABE3EE29A09D,com.ismaker.android.simsimi,667,1981-01-01 01:01:02,2023-10-20 11:02:04.730768,100000000,2023-10-20T11:03:38.735255,SimSimi,SimSimi Inc.,19 Oct 2023
1490A1D8058A29027F3F7D6BCED4F9A94FC4E0D534425BA773F4E415785FC2CA,com.sbi.lotusintouch,12369,2023-05-26 18:00:40,2023-05-27 12:05:37.929383,100000000,2023-05-27T12:06:31.568781,YONO SBI: Banking & Lifestyle,State Bank of India,26 May 2023
07103A4C65223AED0B8E077E5B54F1607770BF297E5D591009C4E7FEFB78790A,com.hyperdivestudio.papersgradeplease,72,1981-01-01 01:01:02,2023-08-15 04:35:34.944782,100000000,2023-08-15T04:38:13.781062,Papers Grade Please!,Lion Studios,1 Aug 2023
0BECEE0E71C09F6329695B8F6291E52D53E9B3EF3C3679706625AD6567E7DEFF,in.AajTak.headlines,655,1981-01-01 01:01:02,2023-10-21 20:31:32.493005,100000000,2023-10-21T20:32:46.762803,Hindi News:Aaj Tak Live TV App,TV Today Network Limited,16 Oct 2023
0FD4F245968754D4604D6A5F2E02096624157694CF584288F801C8ABD0B10F01,com.no.color,1334,1981-01-01 01:01:02,2023-10-13 01:56:42.222124,50000000,2023-10-13T01:56:20.769741,No.Pix Color by Number & Pixel,ideaFun - Pixel Art Coloring Games Color by Number,26 Sept 2023
0AC825E3D206A999645DCEDC73707010E149547E093DDFB502380CDFFCFF08B1,com.seenax.HideAndSeek,166,1981-01-01 01:01:02,2023-02-02 14:44:14.395029,100000000,2023-02-02T14:45:16.718015,Hide 'N Seek!,Supersonic Studios LTD,2 Feb 2023
096D33E0DC74DBC3CDF0381B4D411E38650064D1DA9B602709AF32EB745061DD,com.lszenlamzr.parkingjam,1850001,1981-01-01 01:01:02,2023-10-27 21:39:44.670461,100000000,2023-10-27T21:41:33.538369,Parking Jam 3D,Popcore Games,26 Oct 2023
2C8DB0C449EABC95EA53A0A01C41445FE27F859BB4C4151CD4D5B269AEB30E5F,com.YovoGames.babycare,83,1981-01-01 01:01:02,2023-12-19 14:56:44.618744,50000000,2023-12-19T14:58:27.454376,Baby care : baby games 1.8.3,YovoGames,15 Dec 2023
CA85BC4D2358B55DB161043AC24D5E8E04525A5DF4CC88EE78ABC655C9F2D835,face.cartoon.picture.editor.emoji,78,1981-01-01 01:01:02,2023-08-02 17:09:36.968015,50000000,2023-08-02T17:09:26.090651,"Avatoon: Avatar Maker, Creator",IdeaLabs.,31 Jul 2023
0C304154B1363FA015B57268B7514155CD8179958ADFEA0A7FBBF840CF6808BA,com.scee.psxandroid,23070002,1981-01-01 01:01:02,2023-07-30 18:24:12.263427,100000000,2023-07-30T18:25:28.826877,PlayStation App,PlayStation Mobile Inc.,20 Jul 2023
078BE631DADDF33582610CF37689FD51562A4F95B13B4175F82FC7E4AEF165DF,com.fgol.HungrySharkEvolution,10120,1981-01-01 01:01:02,2023-03-13 12:58:30.810774,100000000,2023-03-13T13:00:16.762469,Hungry Shark Evolution,Ubisoft Entertainment,28 Feb 2023
0C9FD23D4BDD39F28C28316936D16DA42578ED8287D27CAA1C8A79D746CA7037,com.mobisystems.office,46815,1981-01-01 01:01:02,2023-03-30 15:47:25.724883,100000000,2023-03-30T15:48:55.806751,"OfficeSuite: Word, Sheets, PDF",MobiSystems,30 Mar 2023
30BCFD8651D7A27141371ECE4467E7577781570AD66BEA57FD8C2F09D3C57ECD,com.joeware.android.gpulumera,61484,1981-01-01 01:01:02,2023-03-28 09:59:36.016171,100000000,2023-03-28T09:58:52.678051,Candy Camera - selfie,Studio SJ,27 Mar 2023
0906A0FB9C58F510AF7FE00F96F8A9919801F963F1F61DBDD3E629CC8E9BFB36,com.vpnmasterx.free,2023062301,1981-01-01 01:01:02,2023-06-27 00:35:07.049589,50000000,2023-06-27T00:36:04.113868,VPN Proxy - Fast Secure Proxy,VPM Master,23 Jun 2023
03010D8084A544098ACC9F2DB9DC03037BEBC81A8D9D12135946DAC47C553C33,com.topchopgames.skyroller,20042,1981-01-01 01:01:02,2023-03-22 10:45:57.565719,100000000,2023-03-22T10:46:21.999380,Sky Roller,Homa,16 Mar 2023
576326B5195A7FA499E9707D0565708764B21571FFED7187A20985BC411C870A,com.oppo.music,100702025,1981-01-01 01:01:02,2023-08-31 08:35:55.949909,100000000,2023-08-11T08:10:22.809053,Music,Allsaints Music Group,31 Jul 2023
EE884BDD689F886E382A548A2D7DD24449C2240E5D35E6B4BCE88DFC7E66E2B0,cookie.pop.match3,923000007,1981-01-01 01:01:02,2023-11-06 22:13:53.508994,50000000,2023-11-06T22:15:29.978600,Cookie Rush Match 3 3.3.4,Match 3 Fun Games,16 Oct 2023
115FA9855C4226CFB96644AF9E677F12C2422EB0CC64D74852EC30ECC88DB354,com.honeyponey.bubbletea,230270934,1981-01-01 01:01:02,2023-02-05 13:51:41.7807,50000000,2023-02-05T14:12:59.113552,Bubble Tea!,Dual Cat,"Jan 27, 2023"
0231B4BC2E1D097D59F35FABAE615ED01A4D60181EA8E49B43B81BBC3388C6FB,buttocksworkout.hipsworkouts.forwomen.legworkout,22,1980-01-01 00:00:00,2023-12-17 06:00:25.543455,50000000,2023-12-17T06:01:07.442169,Buttocks Workout - Fitness App 1.0.22,Simple Design Ltd.,"Jun 26, 2018"
08C9F72D0B7EB82AB09EC03D52494D9351EB01BCF9F281FAC489D67C50C802BC,com.offerup,406300003,1981-01-01 01:01:02,2023-01-31 13:27:50.565244,50000000,2023-01-31T07:50:32.058598,OfferUp: Buy. Sell. Letgo.,OfferUp Inc.,26 Jan 2023
BAD3CEF5E6C8512ACFD04FE85BC730B57D460289DD80264EAF9802A1B3B45266,com.EvilChaotic.ModernWarplanes,303263,1981-01-01 01:01:02,2023-06-03 17:28:32.103958,50000000,2023-06-03T17:29:12.716869,Modern Warplanes: PvP Warfare,GDCompany,31 May 2023
0968621E92F945209C6BADB51B40576E0DD38551FA9E84E0DA5275919A23F22C,com.drawpuzzle.dop.drawit.justdrawit,110,1981-01-01 01:01:02,2023-12-22 02:21:48.944791,50000000,2023-12-22T02:23:40.350954,Crafty Puzzle: Drawing Game 1.1.10,Zego Studio,30 Oct 2023
38F86B1DD0C2B01490960484EF5468736A2C61A0FA73DC608538A911621D5746,com.Atinon.PassOver,46,1981-01-01 01:01:02,2023-02-24 11:49:38.032921,50000000,2023-02-24T11:48:54.576675,Cube Surfer!,VOODOO,23 Feb 2023
02A4EE886203A242C859C2E52BAAA7FDC0EE37A585075AA0C1A495506AE2CAF7,com.multicraft.game,298,1981-01-01 01:01:02,2023-09-16 18:04:48.66821,50000000,2023-09-16T18:04:43.684261,MultiCraft — Build and Mine!,MultiCraft Studio OÜ,8 Sept 2023
009A4893857D528A50FBE3A64A8A90D32A3E76297FCB6E42AAEBF936AEFD32C9,trendyol.com,682,1981-01-01 01:01:02,2023-01-05 17:02:26.095454,50000000,2023-01-05T17:04:35.994379,Trendyol,Trendyol,5 Jan 2023
2A240A75CDB2490C8A9D8E2DD40D4AFD6CB5F9301AE34E3B591753A4303644E6,com.puzzles.game.halloweeen.one,152,1981-01-01 01:01:02,2023-09-05 06:37:03.111378,50000000,2023-09-05T06:40:09.512100,Find The Differences-Detective,Fastone Games HK,"Aug 26, 2023"
E8980B308B13A2D49A78626740433D955CA12DF5A28595A4ABBA9673E05498B6,com.mobadu.BlockyFarmRacing,58,1981-01-01 01:01:02,2023-10-24 21:54:07.314934,50000000,2023-10-24T21:54:44.431228,Blocky Farm Racing & Simulator,mobadu,16 Oct 2023
EBB68E54A5A5BD54E190AFDF9E3D23CD691F2A1F8A92F57AF1A56F9CCF85C89C,iflix.play,603591752,1981-01-01 01:01:02,2023-02-24 13:59:39.399068,50000000,2023-02-24T14:02:37.907015,iFlix: Asian & Local Dramas,Image Future,"Feb 24, 2023"
24D1967B38D6896B2C64F551EBA5A5875ED2E59710E97B31286D47CF8A38E2F3,at.nk.tools.iTranslate,636,1981-01-01 01:01:02,2023-05-14 02:35:37.259337,50000000,2023-05-14T02:36:17.589797,iTranslate Language Translator,iTranslate,8 May 2023
289B7082493D1AE2419852DF23009C878971CF4C5D0775761C68DA3011FA7B7A,com.ht2.rainbow.hide.seek,200019,1981-01-01 01:01:02,2023-03-27 15:45:13.772165,10000000,2023-03-27T15:43:36.423529,Rainbow Friends: Hide 'N Seek,Windy Game,"Mar 27, 2023"
0F27EEA65B20AF5FBE21007C8315DE081E60E308FD317493A6D7EF2F6A664E4F,com.hcg.cok.gp,2954,1981-01-01 01:01:02,2023-01-11 14:38:10.18506,50000000,2023-01-11T14:38:24.292632,Clash of Kings,Elex Wireless,10 Jan 2023
0019C6184AC55DF67DF5A89581E9821D5CE7F4B01A41DCF5FE38352D849A162C,com.playcreek.DeathWorm_Free,245,1980-01-01 00:00:00,2023-02-22 16:09:30.912202,50000000,2023-02-22T16:10:38.064473,Death Worm™ - Alien Monster,PlayCreek Games,22 Feb 2023
1AACE7D6B4A35ABE86516BC876143C3BD8E5E2317F8E0139D1E55737B6F898E2,com.telkom.tracencare,235,1981-01-01 01:01:02,2023-09-12 12:02:04.967909,50000000,2023-09-12T12:05:31.505158,SATUSEHAT Mobile,Ministry of Health Republic of Indonesia,3 Sept 2023
2CCF310FC9AF31ACC05006EF9F8937483CFB517C4E186CD42671A6BFADA97D78,com.in.mvbit,2716,1981-01-01 01:01:02,2023-01-08 21:34:21.400697,50000000,2023-01-08T21:34:49.486041,MVBit - MV video status maker,mvbit,"Jan 3, 2023"
3F169FC40A9A08EB36BDEA580F46C6819CC41DA688FD1DD512C6B82639F4678A,com.activision.callofduty.shooter,14869,1981-01-01 01:01:02,2023-06-03 17:45:30.582447,100000000,2023-05-29T09:23:15.370174,Call of Duty Mobile Season 4,"Activision Publishing, Inc.",23 May 2023
EA3DF3BE46ACF98CA4A0CEE44CE30077E9DCA243E11F550AB65574CE0021FF15,com.constructor.games,90,1981-01-01 01:01:02,2023-12-03 23:20:55.903805,50000000,2023-12-03T23:22:07.326489,Construction Set 1.4.21,SayGames Ltd,22 Nov 2023
0159B5285BB49DEAE8B749A1D054FB864B78CF52D27B034DF21B82F45AC75AD0,com.nu.production,1000090488,1981-01-01 01:01:02,2023-04-28 02:24:22.239262,100000000,2023-04-28T02:25:12.811462,"Nubank: conta, cartão e mais",Nu,18 Apr 2023
07B65F5D4B90FFF50EDFF95000FAC9F4163086ED37C55F3636692C3DA646F929,com.hp.printercontrol,4231,1981-01-01 01:01:02,2023-08-31 06:44:27.431003,100000000,2023-08-31T06:43:53.758960,HP Smart,HP Inc.,29 Aug 2023
0652E5A18A5BA5351B8F4AF2FC7BA91C00C596EC66D046C6BC8E1B2B7282C115,com.iqiyi.i18n,693912,2023-12-11 18:34:24,2023-12-18 21:33:05.716922,50000000,2023-12-18T21:34:33.677213,"iQIYI - Drama, Anime, Show 5.12.0",iQIYI,11 Dec 2023
4B49315847BBE0B367ED9A0DD564D1AA85A2C7232B77AF9AE02CE0DDC4CA769A,br.com.gabba.Caixa,1209,1981-01-01 01:01:02,2023-02-23 02:03:22.666155,100000000,2023-02-23T02:04:18.285158,CAIXA,Caixa Econômica Federal,6 Jan 2023
19E8A456F3BD70A4C2A6A28B49F1B95C2F57712053006244A5CE70E7EC5BD772,com.bt.bms,13300,1981-01-01 01:01:02,2023-08-06 21:50:40.610601,50000000,2023-08-06T21:50:56.876102,BookMyShow | Movies & Events,Bigtree Entertainment Pvt. Ltd.,28 Jul 2023
72ABE581C269256C18D53FA6796390C78CE60B63F0982FB07E3769AA4F27CE2F,com.dagtirmanma.oyunu,200129,1981-01-01 01:01:02,2023-10-26 23:58:26.829909,100000000,2023-10-26T23:59:22.688335,Mountain Climb 4x4 : Car Drive,Silevel Games Ltd,23 Oct 2023
10F7A4F45E92869CCBF0EA8D399F0FD265284F91E6A42A1993A90DE61C451642,com.ahnlab.v3mobileplus,2191,1981-01-01 01:01:02,2023-01-12 05:04:15.84636,50000000,2023-01-12T05:03:54.901776,V3 Mobile Plus,AhnLab Inc.,5 Jan 2023
097ADE31427C69C1BF98869DA30FD47A592B78507AD8DEB46066F40343B1DCD7,com.dancing.smash.hop.game.tiles.circles.beat.paino,162,1980-01-01 00:00:00,2023-02-03 08:53:58.813175,100000000,2023-02-03T08:55:23.506657,Smash Colors 3D: Swing&Dash,Badsnowball Limited,31 Jan 2023
F61F641EC677FCC7A5D1F3555BB7C41993C7F24916F0FA7F0D50B5D0AB0874A1,com.zuuks.truck.simulator.ultimate,131,1980-01-01 00:00:00,2023-08-14 02:34:15.968634,50000000,2023-08-14T02:33:51.269523,Truck Simulator : Ultimate,Zuuks Games,1 Aug 2023
B0B72F8CB225F35F78F15AF5013869D2A34BFDF3D83B4E7DCA31FFA3BF30461E,com.turner.tooncup,502065,1981-01-01 01:01:02,2023-06-14 14:36:08.796627,50000000,2023-06-14T14:36:23.489741,Toon Cup - Football Game,Cartoon Network EMEA,13 Jun 2023
01747B159CAFB87EACF1B391ED642D9B773D50CEB1210AE07F098EA6EE1406F5,de.wetteronline.wetterapp,2079640,1981-01-01 01:01:02,2023-08-28 14:36:56.461105,100000000,2023-08-28T14:38:03.238736,Weather & Radar - Storm alerts,WetterOnline GmbH,22 Aug 2023
001D7700C742549800A8979DC8E9F653AAE5EC0325C25E4D0E33CE75544DD3AC,com.bigfishgames.gummydropgoogle,51802279,1981-01-01 01:01:02,2023-12-19 21:59:56.317877,10000000,2023-12-19T21:59:02.012120,Gummy Drop! Match 3 to Build 4.75.0,Big Fish Games,14 Dec 2023
0FC75C3D4A3CCF801EBFDD3483AEE74B4555488463DADD51CD931DA2E10A0466,com.crazylabs.monster.high,4140,1980-01-01 00:00:00,2023-01-20 16:37:39.537899,50000000,2023-01-20T16:37:53.526114,Monster High™ Beauty Salon,CrazyLabs LTD,20 Jan 2023
65241DF8ED2E774B930574FFAF58DD5A922B202ABDC2AFA26E68123B109ECDAA,com.baviux.voicechanger,3909,1981-01-01 01:01:02,2023-03-26 16:45:26.25399,100000000,2023-03-26T16:45:30.667326,Voice changer with effects,Baviux,21 Mar 2023
03EB10D78408960CFF3E8822A3BD2B26B4800B531D3D4BDC05562217B5B504CC,com.google.android.apps.kids.familylink,654985,1981-01-01 01:01:02,2023-04-13 21:50:10.575314,100000000,2023-04-13T21:51:10.796940,Google Family Link,Google LLC,31 Mar 2023
328C49A951C5E78DA86434E9B6F6AEA7660B95BB15D9C1B6B1A840CFC14A7716,losebellyfat.flatstomach.absworkout.fatburning,55,1981-01-01 01:01:02,2023-03-31 00:48:04.42052,50000000,2023-03-31T00:49:54.977451,Lose Belly Fat  - Abs Workout,Leap Fitness Group,"Mar 21, 2023"
0E3299293A25980B34D31AFA8DD2598BC449A224BC3F69274884655155281DF7,com.glovo,267450,1981-01-01 01:01:02,2023-03-22 10:40:08.905385,50000000,2023-03-22T10:41:41.089126,Glovo: Food Delivery and More,Glovoapp 23SL,17 Mar 2023
2161234CA328DAC940A7F7390FCB64EF109F4C1AB607F9C70C750B24EE9380A2,com.wolvesinteractive.traffictour,23091211,1981-01-01 01:01:02,2023-09-27 02:22:14.414889,50000000,2023-09-27T02:22:27.501831,Traffic Tour : Car Racer Game,Wolves Interactive ™️,12 Sept 2023
020AA255A2E02E07F4528AB4B1D3A1910C7CD967CE23095E9DFCAF934B017632,com.kabam.marvelbattle,126837200,1981-01-01 01:01:02,2023-03-06 18:14:50.543045,100000000,2023-03-06T18:15:55.764753,Marvel Contest of Champions,"Kabam Games, Inc.",16 Feb 2023
1E28BE85F64400028677755622493603543F244516895BD69013708ADDB2F4CC,com.playvalve.wsjourney,268,1981-01-01 01:01:02,2023-10-03 00:59:26.627742,50000000,2023-10-03T01:00:04.973843,Word Search - Word Puzzle Game,Playvalve,2 Oct 2023
07A31AFE6C5B4E2DCADA52DD09B5BE3792448C84C39C0C841F0DE1945E06DD8F,com.Seriously.BestFiends,2102101913,1981-01-01 01:01:02,2023-08-28 13:05:45.222745,50000000,2023-08-28T13:05:46.936839,Best Fiends - Match 3 Puzzles,Seriously Digital Entertainment Ltd.,22 Aug 2023
0178C04A9FE9D5B755A8327DD8CF4D9B056AE3C7F0B3B75CB5F4E6A050901CDD,com.fungamesforfree.colorfy,517,1981-01-01 01:01:02,2023-09-24 07:30:00.395416,50000000,2023-09-24T07:29:46.250228,Colorfy: Colouring Book Games,Fun Games For Free,14 Sept 2023
001D16C78272F8CDD16EC979C15CF1624029E25987F098DC7C0C3575150441E6,ng.jiji.app,1400126,1981-01-01 01:01:02,2023-03-17 22:52:20.995149,10000000,2023-03-17T22:53:32.970356,Jiji Nigeria: Buy & Sell,Jiji Group,7 Mar 2023
111241FD03A399680806AAD761496DE3695E87DB9425C5E4B1CCCA0D072CF29F,com.weieyu.yalla,1403,1981-01-01 01:01:02,2023-09-15 00:41:48.499539,100000000,2023-09-15T00:43:36.912038,Yalla - Group Voice Chat Rooms,Yalla Technology FZ-LLC,14 Sept 2023
198A8F11ECB90187B7E4C360A8BE6803A86221F621C2CD8C195EA2320B11ED9D,com.nintendo.zaka,323792101,1981-01-01 01:01:02,2023-02-07 02:40:38.354548,100000000,2023-02-07T02:40:50.805294,Mario Kart Tour,"Nintendo Co., Ltd.",24 Jan 2023
021DEC261C772F0BD60DBAF4F87C571F4105F125C56D3191D482BA346109F6DE,com.amazon.mShop.android.shopping,1241256011,1981-01-01 01:01:02,2023-09-14 04:22:34.378626,500000000,2023-09-14T04:24:40.408868,Amazon Shopping,Amazon Mobile LLC,7 Sept 2023
0CD96E2DC788A89CF7D8F19EF78BD170530FFB083638DF276D8F22BAAADF0AB0,com.leftover.CoinDozer,121863,1981-01-01 01:01:02,2023-12-06 19:38:55.922617,100000000,2023-12-06T19:44:56.759630,"Coin Dozer: Sweepstakes
28.6","Game Circus Studios, LLC",30 Nov 2023
2B7893102343D950A628FA6741634FAF255DEDC9601262A5E13B5411DB205722,com.tilemaster.puzzle.block.match,20084,1981-01-01 01:01:02,2023-03-22 04:04:29.934504,50000000,2023-03-22T04:10:55.335512,Tile Master® - Classic Match,Higgs Studio,"Mar 20, 2023"
0791BF6B2BB8ADE57AA67373B4E826FCA1FB2C1F96F2D1C2DA74E668D647C01F,com.mi.android.globalFileexplorer,20210567,1981-01-01 01:01:02,2023-03-02 07:56:26.234593,1000000000,2023-03-02T07:57:56.170685,File Manager,Xiaomi Inc.,21 Feb 2023
017635AF0F5287F7D1295E879C6C1F97049645650BD6B839D5090616EFDC4146,com.sgiggle.production,1690471483,1981-01-01 01:01:02,2023-07-30 21:50:27.525912,100000000,2023-07-30T21:50:47.774262,Tango-Live Stream & Video Chat,Tango,27 Jul 2023
69528E7311659A4AB30F9415A2F02B8CCD6F49E1E37E8AE84EEC235D00D9214D,tr.gov.turkiye.edevlet.kapisi,21035034,1981-01-01 01:01:02,2023-02-10 15:45:22.254243,50000000,2023-02-10T16:06:46.777242,e-Devlet Kapısı,T.C. Cumhurbaşkanlığı Dijital Dönüşüm Ofisi,9 Feb 2023
0BC401D551E1971F41C17DB2E6127F22051C0A5C2A017D23E0299CBCF96BC7F0,com.zing.zalo,12100725,1981-01-01 01:01:02,2023-12-30 10:35:23.094107,100000000,2023-12-30T10:35:37.620697,"Zalo
23.12.02",Zalo Group,23 Dec 2023
620FCD1B679A33F04E9C9869639F0D949CE8794664A01BDA2DE7EC8CD0BE8BAC,com.drink.water.fun,10089,1981-01-01 01:01:02,2023-11-16 21:28:50.89653,50000000,2023-11-16T21:28:38.009685,Drinking Games &amp; Juice (joke) 6.5.7,ideaFun - Pixel Art Coloring Games Color by Number,15 Nov 2023
1625A83F62327BFECDCF79A5CE90E697052DBED8CD01774AF32FC6D055A57930,women.workout.female.fitness,53,1981-01-01 01:01:02,2023-04-10 13:43:41.486485,50000000,2023-04-10T13:44:15.767325,Workout for Women: Fit at Home,Leap Fitness Group,31 Mar 2023
029A7F98EF6408830066A570831373E8257F3115A29DE8520262491D97041522,com.king.farmheroessaga,330472,1981-01-01 01:01:02,2023-04-20 02:33:39.539581,100000000,2023-04-20T02:33:51.616790,Farm Heroes Saga,King,19 Apr 2023
03F8805474FF8FAA770FA7B38D7118ACEDA334BB325F0ACEA3F8AA6D292F612D,com.fitbit.FitbitMobile,40243041,1981-01-01 01:01:02,2023-10-19 02:50:04.38889,50000000,2023-10-19T02:51:21.448597,Fitbit,Fitbit LLC,17 Oct 2023
0497F86A3F398935ACEB248A0C8B3A3990A1C3D17BB8C67E34B9D1C9FD40C6B4,com.facebook.pages.app,516601693,1980-01-01 00:00:00,2023-09-17 17:58:10.266709,100000000,2023-09-17T17:59:29.541593,Meta Business Suite,"Meta Platforms, Inc.",14 Sept 2023
4AF9CF85F5727C26216FE774D310B76C303B3972CA1F528AA4E62FAC487A37AF,ru.ivi.client,13180,1981-01-01 01:01:02,2023-12-09 05:23:23.470804,50000000,2023-12-09T05:25:00.779689,"Иви: сериалы, фильмы, мультики 23.12.1",ivi.ru,8 Dec 2023
05B75D118F85D45D8A2AA9429FF339DBE90374496A6F17024C81B4C5216EBEDF,com.freegamesstudio.thesurvivalhuntergames2,171,1981-01-01 01:01:02,2023-01-20 01:58:57.339164,50000000,2023-01-20T02:00:22.522459,The Survival Hunter Games 2,Aeria Canada,19 Jan 2023
015542177093181C16D336D0BF7C1C3525F390CDBD6A983DF3876682FA069A38,com.mobilityware.solitaire,5172,1981-01-01 01:01:02,2023-11-17 20:01:00.186366,100000000,2023-11-17T20:04:32.387477,"Solitaire - Classic Card Games
7.7.0.5172",MobilityWare,13 Nov 2023
0D7CCA2D8AAEA997A9CD9E2C1A6A420A3223ED5BB67C948F6BD7298916F1CB08,com.halfbrick.dantheman,11122003,1981-01-01 01:01:02,2023-07-13 17:56:33.740188,50000000,2023-07-13T17:58:53.527244,Dan the Man: Action Platformer,Halfbrick Studios,12 Jul 2023
04BA63E29139767FA23B298BECC606E4813720C38145A31404A4AF10A31243A6,com.minicades.stockcars,186,1981-01-01 01:01:02,2023-12-03 17:24:28.45236,50000000,2023-11-30T00:08:15.078162,Stock Car Racing 3.15.3,Minicades Mobile,23 Nov 2023
00689A20D1C736D6959E622DB5498CA62A03B649F3311B229C6663175EE1E7D7,com.playstation.mobile2ndscreen,14,1981-01-01 01:01:02,2023-11-06 17:38:29.436662,10000000,2023-11-06T17:45:27.237206,"PS4 Second Screen
23.10.0",PlayStation Mobile Inc.,"Nov 1, 2023"
0FB257115B275749ED8D24AA41685A2ED9E52DC2228AF88F36154CE81B8153F7,br.com.vivo,432140424,1981-01-01 01:01:02,2023-06-17 04:59:11.873739,50000000,2023-06-17T04:59:49.681526,Vivo - Telefónica,VIVO S.A.,7 Jun 2023
4EB282F8040CBDC57A3CEE921C707FB0F7F6D93270EE5A53C9FCCC2B426B2681,com.Born2Play.StackyDash,69,1981-01-01 01:01:02,2023-04-10 16:28:53.824525,100000000,2023-04-10T16:29:51.604510,Stacky Dash,Supersonic Studios LTD,9 Apr 2023
01F2581B286DB5E270001204DF120F60DBB8677D467E82564494E542552391D0,com.generagames.resistance,298,1980-01-01 00:00:00,2023-09-30 16:57:25.583638,100000000,2023-09-23T03:40:34.300910,Cover Fire: Offline Shooting,Viva Games Studios,20 Sept 2023
0765297262650DC47AC1C262D140B749A74F31D744DB5B3AF683EE3AADF822D7,com.sinyee.babybus.career,8661502,1981-01-01 01:01:02,2023-07-04 20:19:26.392847,50000000,2023-07-04T20:21:12.090030,Baby Panda's Town: Life,BabyBus,2 Jul 2023
0D8C8F702C12FD90A8AA9D1D9545E39C08A1FC6AA938E44842722BF68B7DABCD,air.com.sgn.cookiejam.gp,1014080133,1981-01-01 01:01:02,2023-09-19 00:55:37.006314,50000000,2023-09-19T00:55:54.490019,Cookie Jam™ Match 3 Games,"Jam City, Inc.","Sep 18, 2023"
3A8A259DB545720AF83AEFCF0A8991659E040C97794BBEDEBB1316676D3FE105,com.uncosoft.highheels,1268,1981-01-01 01:01:02,2023-09-27 08:48:36.400521,100000000,2023-09-27T08:50:56.297584,High Heels!,Zynga,20 Sept 2023
AD66E78DA6650C33AB5C79AEC2B94A2B84FB8FA80349E769769CB63D8A174781,com.vive.riderleague,580,1981-01-01 01:01:02,2023-08-21 09:42:32.664536,50000000,2023-08-21T09:43:39.136702,Race.io,Vive,18 Aug 2023
3AA66846C23A943186D001490BA85C7585F78F670E80258AFA4F91DBBF6A7EBF,linkdesks.pop.bubblegames.bubbleshooter,25351,1981-01-01 01:01:02,2023-11-10 19:51:56.323426,50000000,2023-11-10T19:52:09.343977,"Bubble Shooter Viking Pop
5.11.1.30270",LinkDesks - Jewel Games Star,1 Nov 2023
843653C2451D86F93B45EEF2E5BC9AE25461B011563371ED8512A7C792A1EC3F,com.icegame.fruitlink,140011010,1981-01-01 01:01:02,2023-06-21 15:25:01.780847,50000000,2023-06-21T15:25:34.839280,Fruit Splash,Lovely Game,21 Jun 2023
0AB94B6B5DD2B23B4386A746CD5C5FCAD645A6BAC37F2654190238678092C322,com.blockpuzzle.jewel.diamond,20099,1981-01-01 01:01:02,2023-08-03 07:41:31.789372,50000000,2023-08-03T07:41:26.367599,Block Puzzle Gem: Jewel Blast,Block Puzzle Games Jewel,25 Jul 2023
87CBC7158BBB5B66CF8A383CEB16D4C70179994DC9D9D037DFD83D12E295AC68,com.gamesforgirlsfree.dressupgames,500030,1981-01-01 01:01:02,2023-06-01 03:38:51.655743,100000000,2023-06-01T03:39:14.242915,Dress Up Games,Dress Up Makeover Girls Games,30 May 2023
049F9187594091A82C6C590302A616ED6095FA58A05E777055BFE3699EEB83D4,com.google.android.apps.docs.editors.docs,220592950,1981-01-01 01:01:02,2023-09-15 02:40:01.231408,1000000000,2023-09-15T02:40:15.660508,Google Docs,Google LLC,12 Sept 2023
474532232E4807B313725B80175503752F146C1C6C562D1831D1B64A7B7EA5D9,com.chillingo.robberybob2.android.gplay,416919,1981-01-01 01:01:02,2023-09-29 02:33:34.847073,100000000,2023-09-29T02:35:31.603098,Robbery Bob 2: Double Trouble,Deca_Games,12 Sept 2023
0B3D29E832767EA437EA7164D866EA9E924219E6694126D9E2491739313C6AA9,com.duokan.phone.remotecontroller,6339,1981-01-01 01:01:02,2023-04-04 13:24:09.372941,100000000,2023-04-04T13:24:28.479434,"Mi Remote controller - for TV,","Beijing Xiaomi Mobile Software Co.,Ltd",2 Apr 2023
4F375D32A51E0505DA385C9A57780289772B5E834E05BF6B1ED0BACF5C3F7BE4,music.musicplayer,60477,1981-01-01 01:01:02,2023-08-16 01:52:44.410593,50000000,2023-08-16T01:53:41.349304,Audio Player,JRT Studio Music Players,1 Jun 2023
0B4E7EEF41DF67EE8EEC68296C4705D7FC601A8C05413D452F295EF78B9C2D20,com.julian.fastracing,16,1981-01-01 01:01:02,2023-05-24 00:44:37.9529,100000000,2023-05-24T00:46:00.075307,Fast Racing 3D,Doodle Mobile Ltd.,15 May 2023
7BDF77CE2F09EA518D7D870453967EC5F94821A2D63C91A5D8414157A96BC492,com.rubygames.slingdrift,36002,1981-01-01 01:01:02,2023-05-08 12:06:52.783249,50000000,2023-05-08T12:08:04.664222,Sling Drift,tastypill,28 Apr 2023
A139F3FE1CC9193E71AABA70BCBE90046FA63878626CC1E801BD839A1215B3D0,jp.co.goodroid.hyper.muscle,26,1980-01-01 00:00:00,2023-11-14 14:44:41.752299,50000000,2023-11-14T14:46:28.009604,Muscle Race 3D 1.2.2,"GOODROID,Inc.",24 Sept 2023
0797C633E91FEDC42FD30AAE7DB862EC558308E8CB6916CEEFCE74A53C4BB547,com.mcdonalds.app,1175,1981-01-01 01:01:02,2023-04-30 11:17:00.706254,50000000,2023-04-29T08:28:58.595360,McDonald's,"McDonalds USA, LLC",21 Apr 2023
054EF5E4F32B99CD614C835738BB5BA8ABB9F398A2786D1036EA1F12E2C900EE,com.vkontakte.android,17733,1981-01-01 01:01:02,2023-10-19 04:39:17.564639,100000000,2023-10-19T04:40:43.954357,"VK: music, video, messenger",VK.com,18 Oct 2023
26090E5AF5215E5E206CFB56931229E22C5D2097B8245856BD92167425BEE24A,com.google.android.apps.work.clouddpc,1889180,1981-01-01 01:01:02,2023-11-30 23:23:44.579222,50000000,2023-11-30T23:25:27.104110,Android Device Policy 98.58.3 (1889180),Google LLC,21 Nov 2023
0E109A6216714618327C34816423251C540D464ED1EFE6FBAEF1F593F2B499F0,com.chaloapps.roosterrudy,245,1981-01-01 01:01:02,2023-12-07 23:14:56.96975,50000000,2023-12-07T23:16:32.411731,Chicken Gun 3.7.0,ChaloApps,7 Dec 2023
0461DD748EFF7C639BE6D0BA4CAE7720937256FA993D5CF64ABAEDB69241CF43,com.sinyee.babybus.food,8660005,1981-01-01 01:01:02,2023-05-17 23:09:53.678946,50000000,2023-05-17T23:15:25.948543,Little Panda's Chinese Recipes,BabyBus,17 May 2023
0023B7D6B9AB0DAD8D5A0687804D43F13214FDA61DF5BF3A1972B6EC3FD61439,com.cyberlink.powerdirector.DRA140225_01,1224080,1981-01-01 01:01:02,2023-12-10 07:06:27.105741,100000000,2023-12-10T07:06:27.921021,"PowerDirector - Video Editor
13.0.0",Cyberlink Corp,"Dec 9, 2023"
10F171A357CB0D621D273BEF9187E68878FDE5C4EBEA700210EEABFB0F187FA6,com.game.colorslime,200212,1981-01-01 01:01:02,2023-12-16 13:26:00.328788,50000000,2023-12-16T13:26:01.229893,Jelly Dye 2.2.2,CASUAL AZUR GAMES,14 Dec 2023
1496DD35637AA5F7C9F996B1BDD70B18032783E8E24F8DF2DC97CDC65278457E,com.knights.bikesstunt.motomaster,160,1981-01-01 01:01:02,2023-07-03 15:24:38.210628,100000000,2023-07-03T15:24:40.762245,Bike Racing Motorcycle Games,The Knights Pvt Ltd,"Jun 11, 2023"
99597B6E9F914D88D96767F0DBF07B6A858A10E82B1E59C6C16C6318A27E21C6,com.lyrebirdstudio.tbt,69600,1981-01-01 01:01:02,2023-07-02 11:17:31.275412,50000000,2023-07-02T11:17:55.157276,PicsApp Photo Editor & Collage,Lyrebird Studio,26 Jun 2023
082C6C9DA6FCD9BFACD56CD3FF5B5F9CE92469575E10046BABD48E682BC93596,com.pandora.android,23041002,1981-01-01 01:01:02,2023-05-13 01:55:46.782544,100000000,2023-05-13T01:56:41.966744,Pandora - Music & Podcasts,Pandora,8 May 2023
06B6E03AE4A155AC367D7763CD8B1089827E511CF46381346F6844A82CB0A271,com.sbi.SBIFreedomPlus,1135,1980-01-01 00:00:00,2023-08-09 12:58:58.192048,50000000,2023-08-09T12:59:32.775282,Yono Lite SBI - Mobile Banking,State Bank of India,7 Aug 2023
0EEC02AE5014869552607067C81A2633EB49838AC7858A33EA647CC10E65F8C4,com.app.rescuecut,47,1981-01-01 01:01:02,2023-12-23 05:05:50.653331,100000000,2023-12-23T05:06:44.113663,"Rescue Cut - Rope Puzzle
2.1.25",ITI inc.,14 Dec 2023
234721A22ED8B6BBAC383559515A74E560B5161D305A08AE96A69815EA9C6177,com.brainup.thinkoutside,61,1981-01-01 01:01:02,2023-08-27 15:14:01.955034,50000000,2023-08-27T15:15:21.336759,Brain Up,Azura Global,19 Aug 2023
2154241D2B6331948A093D1DF28BFC1D89176D3EB4EF09995933BDBC54E3C227,in.cricketexchange.app.cricketexchange,381,1981-01-01 01:01:02,2023-05-11 11:53:17.702625,50000000,2023-05-11T11:54:23.378734,CREX - Cricket Exchange,Cricket Exchange,9 May 2023
381F43F983EE06066EF56599A133B65DEC8BEC9014688511614B131C2F69F44E,com.parking.game,110,1981-01-01 01:01:02,2023-11-10 22:50:29.984336,50000000,2023-11-10T22:50:30.997539,Drive and Park 1.0.28,SayGames Ltd,8 Nov 2023
02C3BFF8F2F343C5F106A327CEDE9CED59BAF7198B954D0CDF9F80A07B34FFCB,com.swifthawk.picku.free,265,1981-01-01 01:01:02,2023-01-26 01:45:07.173953,50000000,2023-01-26T01:44:53.903674,PickU: Photo Editor & Cutout,PickU Corp,18 Jan 2023
1E2FCE8DFAD96C13A6C8A302A7A35149D3939C59E382FF9859297424937E4C05,com.sinyee.babybus.tailor,8650001,1981-01-01 01:01:02,2023-01-10 18:20:22.464295,100000000,2023-01-10T18:20:33.208340,Baby Panda's Fashion Dress Up,BabyBus,9 Jan 2023
528122D43F2938A76E0E3AFC17A184D453EBCE77F7E1D3346EA3CD89CCA8DF97,com.build.vip.realm.city,379547,1981-01-01 01:01:02,2023-03-22 07:32:13.751781,50000000,2023-03-22T07:35:06.496844,Craft World - Master Block 3D,Master Craft Game 3D,21 Mar 2023
0952BE0D2B1E8CDE100F9EB730BFD8EDBB23380D37F2D797F3BD4F189049C998,net.froemling.bombsquad,21744,1981-01-01 01:01:02,2023-12-30 10:14:43.72908,50000000,2023-12-30T10:16:28.867189,BombSquad 1.7.33,Eric Froemling,29 Dec 2023
1A4B8FE8D3032A14D67476B69AB41DBCCB17666E1227B841D24B70092AF9EA60,com.oyo.consumer,20684,1981-01-01 01:01:02,2023-08-25 08:21:36.803331,50000000,2023-08-25T08:21:39.535469,Belvilla Vakantiehuizen,OYO- Hotels & Vacation Homes | Bookings and Offers,23 Aug 2023
1022B30D722F5E209991659FA83D9E93BCD0B1DE4179D5B9C626478BCF7CFE50,com.videochat.livu,10617001,1981-01-01 01:01:02,2023-11-02 13:36:25.932213,50000000,2023-01-05T01:25:59.118891,LivU - Live Video Chat,LIVU Team,4 Jan 2023
8F0BF55CF389F886F616C3C1255E966D7BFDDD5D9D1F58EE97D6EF0007968A72,com.edjing.edjingdjturntable,63071301,1981-01-01 01:01:02,2023-12-21 04:21:38.740497,100000000,2023-12-21T04:21:42.529233,"edjing Mix DJ Music Mixer App
7.13.01",MWM - Music and creative apps for Android,20 Dec 2023
F9EEDC74E2E5302198374D399D07D6E7AFEDC877164D4FCF59DF4BBF22316830,com.teslacoilsw.launcher,70058,1981-01-01 01:01:02,2023-12-17 07:35:15.374854,50000000,2023-12-17T07:36:47.065403,Nova Launcher 7.0.58,Nova Launcher,12 Dec 2023
9B087BFB0307245E76F2EFC465FB6F79C57DF7B6C187B6F8D43AA9AAB89D745F,org.xbmc.kodi,2000001,1981-01-01 01:01:02,2023-01-16 10:57:57.409913,50000000,2023-01-16T10:59:04.467334,Kodi,Kodi Foundation,15 Jan 2023
5046F430AFA77FEAF6CC6D09CC9889DC20606E83FA87018F9D037DE866C4968D,com.socialnmobile.dictapps.notepad.color.note,14600,1981-01-01 01:01:02,2023-05-30 16:45:48.526667,100000000,2023-05-30T16:47:14.858890,ColorNote Notepad Notes To do,Notes,27 May 2023
02F29E2C753667B2C57566DA5950BD7839115C3A4B601344B948E9C5977AE2A9,com.Neurononfire.SupremeDuelist,377,1981-01-01 01:01:02,2023-08-02 09:02:17.486546,100000000,2023-08-02T09:03:08.620891,Supreme Duelist Stickman,Neron's Brother,1 Aug 2023
52AD443FA86F555BDDE9324BCFFC30C9E6227A6696E18D7EA0757A7F3A429435,com.sony.nfx.app.sfrc,16531330,1981-01-01 01:01:02,2023-02-13 03:50:33.281946,100000000,2023-02-13T03:51:09.572926,News Suite by Sony,Sony Network Communications Inc.,7 Feb 2023
58AEC687588E82702D0CA7DFE31AAB0B36BB2075FC73C3DBB5C8B0CA233AE3D8,com.b2w.americanas,210002322,1981-01-01 01:01:02,2023-01-02 22:03:03.055627,50000000,2023-01-02T22:04:07.959070,Americanas: compras online,americanas s.a.,30 Dec 2022
02447C4ACB07A135934C0F8053C42BA5CE65CB9F53490DE46A091B02468181A4,com.alibaba.aliexpresshd,80003782,1981-01-01 01:01:02,2023-09-02 17:42:12.250146,500000000,2023-09-02T17:42:23.196706,AliExpress,Alibaba Mobile,30 Aug 2023
14EF378566C3CC513192AD2BD7A4FA0C4A288146643135410B8AA2B31AC4E0F8,com.tbegames.and.top_speed_racing,755014306,1981-01-01 01:01:02,2023-06-17 20:36:11.349115,50000000,2023-06-17T20:39:00.710430,Top Speed: Drag & Fast Racing,T-Bull,7 Jun 2023
08B8D4A5301781ECFDCD49087A0D7199231FA5EAE30A16105963506B9C5899A3,com.yandex.browser,1918897794,1981-01-01 01:01:02,2023-11-22 15:19:06.909121,100000000,2023-11-21T02:57:50.556034,"Yandex Browser with Protect
23.11.0.232",Direct Cursus Computer Systems Trading LLC,20 Nov 2023
005CB3303683162D0D27411D33898E1E2C0608D08375D801985D32AF6F52640C,com.playgendary.tanks,874,1981-01-01 01:01:02,2023-04-23 02:52:19.236794,100000000,2023-04-23T06:29:09.055259,Tank Stars,CASUAL AZUR GAMES,18 Apr 2023
36E3B281C1CBF6C8E62107B9B004EDD4EC6CFD61AC9E80B07CCB9F22E9522C72,com.musicplayer.playermusic,142,1981-01-01 01:01:02,2023-06-19 19:47:17.712257,50000000,2023-06-19T19:47:20.095690,Music Player - Audify Player,Audify Music Player,14 Jun 2023
002D3AE603D4C31BC263AB6EFA3B591FA006C9C27E7160AE8986F5096A2F50B1,br.com.lojasrenner,724,1981-01-01 01:01:02,2023-09-14 17:30:37.108915,10000000,2023-09-14T17:31:18.192044,Lojas Renner - Comprar Roupas,Lojas Renner,11 Sept 2023
00384274D2175B50977DD390E54DB87651C6FE9FA627AC9DDA4C3F5045F1DEFB,com.king.blossomblast,434,1981-01-01 01:01:02,2023-04-20 16:51:56.172463,50000000,2023-04-20T16:58:06.381236,Blossom Blast Saga,King,20 Apr 2023
9F02C38599FF7C568C026D3BA9DD7F8907D8D5A44C5DD9F0E6C57003E876157A,com.tiltingpoint.spongebob,1869,1981-01-01 01:01:02,2023-03-04 05:24:05.716444,50000000,2023-03-04T05:24:30.803399,SpongeBob: Cooking Fever,Tilting Point,1 Mar 2023
0C6DDB092918D7AB90693DCBBA85488DC74612E571AE691CE7FA4FFC30BD9D8E,com.money.run.hypercasual3d,26,1981-01-01 01:01:02,2023-06-29 22:22:09.003266,50000000,2023-06-29T22:23:55.883889,Money Run 3D,XGame Global,27 Jun 2023
014C4843B5D1CC4C1BEC351F4801B55F62F0A5B8AEFC8E874DFB6CBCCC359101,com.transsion.phonemaster,6619,1981-01-01 01:01:02,2023-03-31 13:44:04.075088,500000000,2023-03-31T13:45:07.670709,Phone Master–Junk Clean Master,Shalltry Group,30 Mar 2023
04330A1EEA95A3DFA74AD4034CBEC02C1233CF01C8881AA6FEB6AE917D9EF8EC,com.google.android.apps.docs,213183212,1981-01-01 01:01:02,2023-06-21 05:29:45.599163,5000000000,2023-06-21T05:31:00.153832,Google Drive,Google LLC,"Jun 14, 2023"
0F8B91496088AAF9AE65923E30D0EFF9D9E6637D7A27ADCEA5BA290D25043C20,com.fundrivegames.mega.ramp.ultimate.cars.stunts.impossibletracks,18,1981-01-01 01:01:02,2023-12-12 15:27:45.313819,50000000,2023-12-12T15:29:20.218530,Ramp Car Games: GT Car Stunts 2.6,Fun Drive Games,31 Aug 2023
2340752CDF5CCE3FD1D83CEF6541327DAA31EC1F11121CC50B17C519DAF3E72A,com.mobile.number.locator.phone.caller.location,61,1981-01-01 01:01:02,2023-04-07 01:41:13.390592,50000000,2023-04-07T01:43:21.006845,Number Locator - GPS Location,iCareLife - GPS Phone Number Locator - TikDownload,31 Mar 2023
60BF7D62B6620ACFB657B379AF3C127BF43B3A1A31C57C7D89F06BF2286E0A26,videostatusmaker.videostatus.boo,75,1981-01-01 01:01:02,2023-04-09 07:13:10.588367,50000000,2023-04-09T07:13:13.308726,Boo - Video Status Maker,The One World Apps,3 Apr 2023
112B7687E69CAE94F727B7E8B69941A05312B1656FF9F81958D7C958501C1042,com.asiainno.uplive,38177,1981-01-01 01:01:02,2023-02-28 05:47:54.997703,50000000,2023-02-28T05:47:56.718185,"Uplive-Live Stream, Go Live",Asia Innovations HK Limited,27 Feb 2023
23AAD6861B0FF5AF0AA13EEE26BAE20D92EF1B2492837EBA2401C9E0E4A4D18C,com.launcher.ios11.iphonex,20230905,1981-01-01 01:01:02,2023-09-09 01:03:11.268214,100000000,2023-09-09T01:03:20.802541,"Phone 14 Launcher, OS 16",SaS Developer,5 Sept 2023
0862F2170FC5DBA4516E06284438E93ADAB610732B5996467B25E922C8BA20DC,com.azure.authenticator,202355143,1981-01-01 01:01:02,2023-08-26 04:38:31.184682,100000000,2023-08-26T04:37:57.419286,Microsoft Authenticator,Microsoft Corporation,21 Aug 2023
05EE4D953A22B98A7BEF12EA9834F633DDB9A97FAAEDBA205DFB7B204C51195A,com.life360.android.safetymapd,263600,1981-01-01 01:01:02,2023-01-27 23:06:51.798882,100000000,2023-01-27T23:06:44.729715,Life360: Find Family & Friends,Life360,23 Jan 2023
1C208D0F2E552069870F08B61BF8838549654857ADEAB065C152D960B01659B3,de.motain.iliga,1014631139,1981-01-01 01:01:02,2023-06-17 09:31:44.830641,50000000,2023-06-17T09:36:11.249985,OneFootball-Scores and news,Onefootball GmbH,16 Jun 2023
2F9444D636C64F19047BDA3DB3ECC17B3338618023DC3CC7B2E728227C25EB3C,com.billiards.shooting.ball.pool,121,1980-01-01 00:00:00,2023-02-04 15:40:36.779488,50000000,2023-02-04T15:40:25.144044,Shooting Ball - Billiards,7788`s,2 Feb 2023
1D91866912E96118AE93881B8969D033C734D8066CBF18BBC8B969D8838F646B,com.edujoy.Word_Search,1027,1981-01-01 01:01:02,2023-03-27 18:10:28.035683,50000000,2023-03-27T18:11:20.878360,Word Search Games in english,AppQuiz,23 Mar 2023
03F468F3880D621082861C8805A22B4C55776752EAB8BB8E37A9FAC0AAD0FB3D,com.vcast.mediamanager,2023100900,1981-01-01 01:01:02,2023-11-02 01:44:57.514423,100000000,2023-10-23T21:12:31.162038,Verizon Cloud,Verizon Consumer Group,27 Sept 2023
0E626A97ECC4A5030E58BBD9543D5009B7597500817CAA53C10AE8243FCF3AF9,com.didiglobal.passenger,1107034410,1981-01-01 01:01:02,2023-01-06 11:49:25.263311,50000000,2023-01-06T09:54:02.119322,DiDi-Rider,DiDi Global,2 Jan 2023
02F13F2579355178318891C23E55A048F59451FE87BE3247B8782790BB823C77,com.cnn.mobile.android.phone,6358931,1981-01-01 01:01:02,2023-03-28 10:04:03.078768,50000000,2023-03-28T10:05:30.044464,CNN Breaking US & World News,CNN,20 Mar 2023
031C64EA9BDDB0CE2D6F4126EC961FE0C04D59655FA83B5A004224D215F2A2C7,com.tmobile.pr.mytmobile,88724,1980-01-01 00:00:00,2023-10-12 07:30:41.095029,100000000,2023-10-12T06:38:18.533589,T-Mobile,T-Mobile USA,5 Oct 2023
295843DA04D6A8010B9E2AF32485CA6FF234D0E8437C6A839F0C69320EB28BF5,com.kms.free,43725,1981-01-01 01:01:02,2023-03-21 19:33:34.9567,100000000,2023-03-21T19:34:19.700929,Kaspersky Security & VPN,Kaspersky Lab Switzerland,15 Mar 2023
1C89579D21252AB4915D899955132AE786E319210F3CAFCBA22DD88801E78269,com.bubadu.duddu,75,1981-01-01 01:01:02,2023-06-02 23:58:47.791387,50000000,2023-06-03T00:09:45.401290,Duddu - My Virtual Pet Dog,Bubadu,29 May 2023
673BBD3CF51E55D7E2F5BE912AAFA9AEC15D8A118B2DF38ADC81049CA1A10518,com.kathleenOswald.solitaireGooglePlay,7270,1981-01-01 01:01:02,2023-02-01 22:07:04.187107,50000000,2022-12-24T23:57:11.660530,Solitaire + Card Game by Zynga,Zynga,21 Dec 2022
7D3C8468149D8E1CD93F0B60EC7ADD56A9108BA2002EAD5928B15F16697BF596,com.bello.shootingworld,1030019,1981-01-01 01:01:02,2023-08-18 22:25:03.906841,50000000,2023-08-18T22:26:38.764592,Shooting World - Gun Fire,Gun Fire Studio,16 Aug 2023
7761D235452B4C1BD77D783404882563B4E082C03EF7620272AB4267CBF2FA06,com.ivy.galaxyshooting.sky,416,1981-01-01 01:01:02,2023-04-28 04:03:27.285978,50000000,2023-04-28T04:04:11.709956,Galaxy sky shooting,IVYGAMES,23 Apr 2023
9C0C3105796334831B5A10E913C4CA8697B44A81DAF979F40C7C8106F039C986,com.zytoona.wordscrush,786,1981-01-01 01:01:02,2023-09-01 17:24:00.995481,50000000,2023-09-01T17:25:21.359294,كلمات كراش - لعبة تسلية وتحدي ,Zytoona,"Aug 26, 2023"
196C125BDDDBAE80A8AD33AC8A9A99E440F613B68F86386DE7FE563352648AD7,com.nexters.herowars,118102012,1980-01-01 00:00:00,2023-10-03 21:59:32.762862,100000000,2023-10-03T21:59:34.223982,Hero Wars – Fantasy Battles,NEXTERS GLOBAL LTD,2 Oct 2023
08E73A13FCD82D20A00B40BC99A86CE8E5CF494C8D6EFA337DFB3D43C8E47DBC,com.mobilplug.lovetest,13110,1981-01-01 01:01:02,2023-01-16 14:43:44.797802,50000000,2023-01-16T14:46:59.002892,Love test,MobilPlug,16 Jan 2023
08366B1483020D2E533FC0397B3DA40D5DB49A8D4A7567BC157FE8656B7F698A,com.kiloo.subwaysurf,64387,1981-01-01 01:01:02,2023-11-27 11:17:39.485597,1000000000,2023-11-27T11:17:50.130225,"Subway Surfers
3.21.1",SYBO Games,24 Nov 2023
0014B9F8346AF22FF9700BA1E05E7AD8FE1629CA494481846ABE2E4222FD44FA,hd.video.downloader.app.hdvideodownloaderapp,19,1981-01-01 01:01:02,2023-05-02 13:29:30.672448,100000000,2023-05-02T13:32:01.491231,HD Video Downloader App,Leap Fitness Group,4 Apr 2023
2E16C16FF47F5750116CAA815BDD1F7234EF0CC7F6F9467346EE0F62408C4380,com.dencreak.dlcalculator,152,1981-01-01 01:01:02,2023-10-06 20:16:38.787449,100000000,2023-10-06T20:17:45.394654,ClevCalc - Calculator,Cleveni Inc.,5 Oct 2023
03BAA195FA505495F5581466B4567AB538F8CC902D0558801C1D6B049722E2D1,com.root.clean.boost.explorer.filemanager,192,1980-01-01 00:00:00,2023-07-16 00:18:19.921282,100000000,2023-07-16T00:18:05.520143,FileMaster: Manager,SmartVisionMobi,13 Jul 2023
400553C5D5FE3106F1AC9FFC77BA60C6221FBD65A267370A999C405E64BFB713,com.jumpgames.rswrb,76761131,1981-01-01 01:01:02,2023-05-20 05:25:16.465761,50000000,2023-05-20T05:26:40.210751,Real Steel World Robot Boxing,Reliance Games,15 May 2023
0108C61B731E92DEC456F034384C5A904F1466E2F3816C05DB6F0BDE176B64FC,com.jimaapps.city.coach.bus.simulator.driving,115,1981-01-01 01:01:02,2023-04-08 20:20:18.942843,100000000,2023-04-08T20:22:38.395801,Coach Bus Driving - Bus Games,Jima Apps,7 Apr 2023
11B8916C3E78246EC853AD5B984A57C6930536F76380B0D8E0DCE9457E178AC9,com.microsoft.office.outlook,42345815,1981-01-01 01:01:02,2023-11-22 02:29:58.733605,1000000000,2023-11-22T02:30:41.240758,"Microsoft Outlook
4.2345.0",Microsoft Corporation,20 Nov 2023
03DF2DD0F248C1D7FF19F3479C1503590908CF0787F9F9EEB164B7397E06A9F6,com.vpnmasterx.fast,23010902,1981-01-01 01:01:02,2023-01-10 09:06:32.204528,50000000,2023-01-10T09:06:56.032417,Fast VPN - Fast & Secure Proxy,VPM Master,9 Jan 2023
0D57A26A5A56012D15405EA42B907146CDE7CCA7D2A262AF86E55A409A849FA0,com.samsung.android.service.health,150103000,2009-01-01 00:00:00,2023-08-31 09:28:24.89426,100000000,2023-08-31T09:29:45.577308,Health Platform,"Samsung Electronics Co.,  Ltd.",30 Aug 2023
0018035114B447B8E1416911CBADFB4FC0ED3C9EB62E402DF09C0A25A31E8E62,com.etermax.trivia.preguntados2,326,1981-01-01 01:01:02,2023-03-20 20:45:35.379846,10000000,2023-03-20T20:45:37.383310,Trivia Crack 2,etermax,20 Mar 2023
004468A95894A62EC367EF4E32D0CBA71F9174C99D2603C2DBCD77CB8779C869,com.kbstar.kbbank,231,1981-01-01 01:01:02,2023-01-17 19:47:06.954775,10000000,2023-01-17T19:48:58.033061,KB국민은행 스타뱅킹,KB국민은행,16 Jan 2023
4805988310975BA0DC84877F587D6861EB91664E57F6DEFD15014A4772EB31F6,com.ht2.stick.hero,200054,1981-01-01 01:01:02,2023-10-26 19:41:24.146896,50000000,2023-10-26T19:46:25.632883,Stick Hero: Tower Defense,ROCKET SUCCEED TOGETHER,"Oct 25, 2023"
9B65306A7394C5FBC668F5F1B1E9363CBA97509FF7DB5978D6CFE0D6F068716F,com.defianttech.diskdigger,146,1981-01-01 01:01:02,2023-01-11 05:49:11.861197,100000000,2023-01-11T05:49:04.579155,DiskDigger photo recovery,"Defiant Technologies, LLC",9 Jan 2023
0355102277DF7EADFBAAB73DBB3EA64A0C2925FF57C9024A663E418FF9D0662F,com.nhn.android.band,26000086,1981-01-01 01:01:02,2023-07-18 16:56:14.77574,50000000,2023-07-18T16:56:26.727419,BAND - App for all groups,NAVER Corp.,18 Jul 2023
07B5B68D3B7A06E7198BD8CADD96D3DB3C7478B36573E91AF1BC45D60FC4DB92,com.playgendary.polyspherecoolgame,405,1981-01-01 01:01:02,2023-03-01 18:12:53.497822,50000000,2023-03-01T18:17:13.538466,Polysphere: Art Puzzle Game,CASUAL AZUR GAMES,"Feb 28, 2023"
5AC3A6888BC448F61735A1344935E0568DEF457727BC06D3D84858729CE8B479,com.skgames.trafficracer,360,1981-01-01 01:01:02,2023-06-17 04:33:52.447566,100000000,2023-06-17T04:34:16.848766,Traffic Racer,skgames,15 Jun 2023
168B6B1114FA7DF9FCC6A853BB85633B5472DA756DB4752BEF91729A3F1107CA,com.lyxoto.master.forminecraftpe,30203,1981-01-01 01:01:02,2023-09-16 20:36:13.238029,50000000,2023-09-16T20:37:28.899448,Block Master for Minecraft PE,Lyxoto Studios,10 Sept 2023
13E361C4267A693A0C008AF0E7CA775DCD5AFCEFE52128A74CF5DD02AD8EB327,com.fatsecret.android,667,1981-01-01 01:01:02,2023-09-25 08:12:50.4478,50000000,2023-09-25T08:14:30.029138,Calorie Counter by FatSecret,FatSecret,21 Sept 2023
66DDFC9082D6F9116E0615026A7D5A2F2AA49AF4D741C9CECF5A52C7F2DF781F,com.turborocketgames.wildcraft,120545,1981-01-01 01:01:02,2023-12-22 21:39:46.90191,100000000,2023-12-22T21:40:16.064257,"WildCraft: Animal Sim Online
32.0_adreno",Turbo Rocket Games,"Dec 20, 2023"
1243E7278F0702C137C69B7E9B561E31557E0DE4C89B5DF7D182FB82FD2E2900,com.vizorapps.klondike,634,1981-01-01 01:01:02,2023-04-04 14:20:23.23871,50000000,2023-04-04T14:20:24.576972,Klondike Adventures,VIZOR APPS LTD.,4 Apr 2023
30D97141AD9AAA0797BF9C288A0C8B454F3B0467F839C3C8A372B94E108617CB,com.Bingo.Fighter,14116,1981-01-01 01:01:02,2023-09-25 10:03:27.758882,100000000,2023-09-25T10:08:10.587178,Sky Fighters 3D,Doodle Mobile Ltd.,"Sep 22, 2023"
7ABA983602AF38A72175E5F068DBBB28259D49A278923CDAEE41851825D1FECC,increaseheightworkout.heightincreaseexercise.tallerexercise,39,1981-01-01 01:01:02,2023-02-05 09:58:03.857175,50000000,2023-02-05T10:03:11.962942,Height Increase Workout,Leap Fitness Group,"Jan 12, 2023"
0317C78A81D1D72C141AE205777A1167CBBC94558B7B66E1CE696052F3B59E38,com.free.unlimited.lemon.vpn,49718,1981-01-01 01:01:02,2023-12-09 02:39:49.478855,50000000,2023-12-09T02:40:47.249280,3X VPN - Smooth Browsing 4.9.718,Fruit Security Studio,5 Dec 2023
42D18FB30616D0271161547726868A6275E0C02F576C312F2AD89EE6F2C01371,net.mobigame.zombietsunami,196,1981-01-01 01:01:02,2023-04-06 16:48:53.928707,100000000,2023-04-06T16:49:14.317836,Zombie Tsunami,Mobigame S.A.R.L.,30 Mar 2023
8B7BCFBAB94A4E8DDE195BA8E924B2D8F86D904C93012875B9C0DB508E76FF07,com.wedding.run,117,1981-01-01 01:01:02,2023-11-20 14:36:26.405742,50000000,2023-11-20T14:36:38.820937,Dream Wedding 9.10.7,MagicLab,15 Nov 2023
022B2525E1A3FD78CF5F83B718E8054175C28FF6672FD70C4CDB3C8FBACE5533,com.linkdesks.bubblegames.bubbleshooter,1106,1981-01-01 01:01:02,2023-11-03 03:45:49.935122,50000000,2023-11-03T03:46:17.226909,Bubble Shooter Genies 2.48.0,PUZZLEJOY,24 Oct 2023
260E58C53EFC26B6BFB665B7067AEA674F619B8832CC31D50DE5BC2091E71004,com.fsn.nykaa,23700,1981-01-01 01:01:02,2023-10-20 13:45:52.745867,50000000,2023-10-20T13:45:56.214159,Nykaa: Beauty Shopping App,Nykaa.com,16 Oct 2023
26A77119D2C2714D1B7AEC4CAA3759D41CE2845382A59CDD9B302C16B96D2EF2,com.clean.road,148,1981-01-01 01:01:02,2023-09-06 10:04:53.880996,50000000,2023-09-06T10:05:57.267416,Clean Road,SayGames Ltd,21 Aug 2023
028739510C97D8A55DE94A5F40F4D64627D1AFCC568D6E8279E6574B36275E3E,com.photoroom.app,1174,1981-01-01 01:01:02,2023-11-17 17:45:33.132859,50000000,2023-11-17T17:45:34.650721,"PhotoRoom AI Photo Editor
4.7.5",PhotoRoom Background Editor App,16 Nov 2023
00BE563AA093812AEC74B27382F8386F58BCB506C634FBA854F82D34CA7D8A37,com.kitkagames.fallbuddies,8841,1981-01-01 01:01:02,2023-07-15 13:57:36.422736,100000000,2023-07-15T13:59:53.868763,Stumble Guys,Scopely,14 Jul 2023
1A5990004D0324753BE63CEBD4C2144062A468878818A38C144D935B6A6BC913,com.supercell.brawlstars,50221,1981-01-01 01:01:02,2023-06-30 15:06:28.624204,100000000,2023-06-30T15:05:37.207083,Brawl Stars,Supercell,30 Jun 2023
3E4FEA69D993074EA52ECDFD3411A5D865AEFDCF8C34C35B4A70FBE94B59E7EF,com.VectorUpGames.TallManRun,58,1981-01-01 01:01:02,2023-08-21 14:18:37.074377,100000000,2023-08-21T14:19:46.329062,Tall Man Run,Supersonic Studios LTD,20 Aug 2023
006193E6A7B5C3C300645BBF0E1E85327C2D64C46C7C4485B2B056A7A24A00AC,ru.sbcs.store,14979,1981-01-01 01:01:02,2023-07-15 02:11:28.301226,10000000,2023-07-15T02:12:19.244692,Samokat: Food Delivery,Smart Space LLC,14 Jul 2023
21FEED3F3349C8B528B6869A5982AD57B6E625B5051BE802DAA6B021CFC2C7C0,com.gma.water.sort.puzzle,308,1981-01-01 01:01:02,2023-02-25 18:19:24.206254,100000000,2023-02-25T18:21:03.679153,Water Sort: Color Puzzle Game,IEC Global Pty Ltd,"Feb 24, 2023"
00A291416D99938F7C21AC5623DB1562A12A5CBB45A1E798E8DF40B425E613D5,com.tutotoons.app.fluvsies.free,1000781,1981-01-01 01:01:02,2023-07-26 16:56:36.921756,50000000,2023-07-26T17:00:37.991237,Fluvsies - A Fluff to Luv,TutoTOONS,"Jul 25, 2023"
0C3D5780BDCE1420085181A37F1878B7DF6F0618BA971EA575E1E16F73FB7582,ridmik.keyboard,128,1981-01-01 01:01:02,2023-12-02 22:01:58.931788,100000000,2023-12-02T22:02:50.314880,"Ridmik Keyboard
9.6",Ridmik Labs,22 Jan 2023
0E04D8550E476C2E8AE46943139CF03DFA951A8EA6A05859856F76A4AB06C986,com.miniclip.soccerstars,763,1981-01-01 01:01:02,2023-05-10 00:22:00.807683,50000000,2023-05-10T00:23:52.087010,Soccer Stars,Miniclip.com,8 May 2023
2EB21386E71AF18FB4A47D1F9AFE2989D5EF43612B0643123411B9A4CA98AF22,com.zynga.livepoker,225300334,1981-01-01 01:01:02,2023-02-07 01:25:48.439039,50000000,2023-02-06T23:28:26.160124,Zynga Poker- Texas Holdem Game,Zynga,31 Jan 2023
09B321BA8BEBFBF89F40D3DCCBD60944A93B074326F066B2EA9EF48A6F18B014,com.cooyostudio.marble.blast,325,1981-01-01 01:01:02,2023-03-17 04:19:34.074781,50000000,2023-03-17T04:20:31.779097,Jungle Marble Blast,coolstudios,15 Mar 2023
34AFED67E5328080F15ACD5F178F5A462417D4D666DE28F143B20A8A17BF73C0,se.illusionlabs.bmx,39,1981-01-01 01:01:02,2023-08-26 15:26:55.410933,50000000,2023-08-26T15:27:40.770957,Touchgrind BMX,Illusion Labs,23 Aug 2023
3C2E505E8CC220B0D561A1AE4944FC438711C6D046510E9205836ACF334E5D51,com.zhiliao.musically.livewallpaper,282,1981-01-01 01:01:02,2023-02-16 10:42:17.587562,100000000,2023-02-16T10:42:28.310987,TickTock-TikTok Live Wallpaper,TikTok Pte. Ltd.,16 Feb 2023
2347F05AC5C5A38C0549317BF683950FEE15003DE5E8DEB06B1DB81568F79304,com.tabtale.candyblash,127,1980-01-01 00:00:00,2023-11-28 14:19:49.476209,50000000,2023-11-28T14:21:33.509671,Candy Makeup Beauty Game 1.2.7,TabTale,22 Nov 2023
09F4999AB9FAC469EB93D1D98636C77EC1D7BC878473E7157DD6116FA271B5B8,com.tinder,14170092,1981-01-01 01:01:02,2023-09-13 13:32:29.870402,100000000,2023-09-07T18:25:58.481381,"Tinder: Match, Meet and Date",Tinder,31 Aug 2023
006648C15C89B74B1B0AF47C842E93EA7D9E06348CE6F944FF2595DBCDB1D9E8,com.theronrogers.vaultyfree,460410,1981-01-01 01:01:02,2023-01-23 16:30:52.511726,10000000,2023-01-23T16:30:46.694948,Vaulty : Hide Pictures Videos,Squid Tooth LLC,22 Jan 2023
078D53E392724EF9B756E3DA156B6D9888E7E33E117A35820EC676B905B9C880,com.brave.browser,415012124,1981-01-01 01:01:02,2023-04-27 05:03:36.076323,100000000,2023-04-27T05:12:14.915671,Brave Private Web Browser,Brave Software,19 Apr 2023
9EBB66807A5D5D988CB0A7FB5ADEC1228AF684A309C2FDFCC4182C62EC3CF1C3,com.transsion.magazineservice.xos,721082,1981-01-01 01:01:02,2023-09-07 13:10:27.331061,50000000,2023-09-07T13:11:19.184631,Magazine Lockscreen XOS,Shalltry Group,31 Aug 2023
604B406DD1D88F6F62692ABBE5917DFC6017DC0C5A0BA3F67F9EA962F89A13C1,free.vpn.unblock.proxy.vpnmaster,2023101701,1981-01-01 01:01:02,2023-11-05 05:41:53.204738,100000000,2023-11-05T05:41:44.349562,"Snap Master VPN: Super Vpn App
7.8.8",LEMON CLOVE PTE. LIMITED,17 Oct 2023
19814E7D8996CCC51EA94FBF651C274AFF240A93DFDCCC0336C6B8034257CB47,bubble.shooter.shooting.shoot.game,103,1981-01-01 01:01:02,2023-09-27 20:09:30.162778,100000000,2023-09-27T20:10:05.796987,Bubble Shooter,Candy Bubble Studio,26 Sept 2023
018842E0353692E8320CA9DF8C7585FD68D8C179032E65C2701AACFD5F361DF3,com.whatsapp,232188004,1981-01-01 01:01:02,2023-10-27 21:27:41.367954,5000000000,2023-10-27T21:28:13.066205,WhatsApp Messenger,WhatsApp LLC,26 Oct 2023
099E94EDE54138CE1413EA565E797BF38E0EB21A2D43E6800A0A91F2FFD3A00D,com.git.carromking,115,1981-01-01 01:01:02,2023-10-06 18:32:19.875029,50000000,2023-10-06T18:32:10.103558,Carrom King™,Gametion Global,3 Oct 2023
4FBEEFE4A98D86A6C58265E4EFF67DB502C00B0878B958C9CD9B903771DFB7B8,vault.gallery.lock,108,1981-01-01 01:01:02,2023-11-02 08:37:50.166876,50000000,2023-11-02T08:38:05.305488,Photo Lock App - Hide Pictures 108.0,Donna Infotech,31 Oct 2023
03B078F77DA681B75A5F198FF6678E07F134148EE25E87600D1777297D230B54,com.steelcloudstudio.luxury.prado.car.parking.challenge,31,1981-01-01 01:01:02,2023-02-13 01:26:11.705225,50000000,2023-02-13T01:25:16.686526,Prado Car Games Modern Parking,DEHA,10 Feb 2023
01109D11BE19F5EDA599BB8BA36A50B4D01DE7B9A6B0946054F32533995F9E26,com.blendergame.smash,74,1981-01-01 01:01:02,2023-02-25 03:10:11.739403,100000000,2023-02-25T03:09:48.792556,Blend It 3D,SayGames Ltd,24 Feb 2023
00AC25D872702F8D5ABB4FB97D759803F56D58E5B52894A9747326AE95967874,com.tfgco.games.sports.free.tennis.clash,14569,1981-01-01 01:01:02,2023-12-02 05:42:31.232642,100000000,2023-12-02T03:48:44.763964,"Tennis Clash: Multiplayer Game
4.23.0",Wildlife Studios,28 Nov 2023
1F21D41786E2D81A2FAF5CDB82D4AAF8E6C0E0A3118923A658C55D41ACE91A0D,com.niksoftware.snapseed,674352,2009-01-01 00:00:00,2023-04-25 02:14:16.066125,100000000,2023-04-25T02:13:37.384225,Snapseed,Google LLC,26 Mar 2020
CFAC69F5CA884E96B4713014B0B5F6303D238D832F055CC28BB25DA0D9673189,mobi.mgeek.TunnyBrowser,889,1980-01-01 00:00:00,2023-12-01 01:59:46.507904,50000000,2023-12-01T02:03:25.837492,"Dolphin Browser: Fast, Private 12.4.0",Dolphin Browser,29 Nov 2023
1B0B771310D86157B098B3B9C3E57F6699A15D857524425A431D28495B8D02D9,com.disney.wheresmywater2_goo,179,1981-01-01 01:01:02,2023-08-01 02:16:24.483725,100000000,2023-08-01T02:16:39.858812,Where's My Water? 2,Kongregate,28 Jul 2023
3840F23C02D279984A052192A349039DC1AC22A52834C0051DF7940A9CD0FEBD,com.match3blaster.DropStackBallFall,70,1981-01-01 01:01:02,2023-07-13 21:03:36.347757,100000000,2023-07-13T21:04:50.834848,Drop Stack Ball - Helix Crash,Tazkan Games,12 Jul 2023
05BEDAD3C69E400B25F246735F69AF65F5AC39E140CB4BF311F71C7A418BC9C6,com.vicman.toonmeapp,742,1981-01-01 01:01:02,2023-11-15 13:47:32.258962,50000000,2023-11-15T13:49:13.890782,ToonMe - cartoons from photos 0.6.93,Linerock Investments LTD,10 Nov 2023
0C1BE2CD2E0D261F1836C1636FC4185141FD7C93F53DF06779278B385AED5282,com.myntra.android,80110458,1981-01-01 01:01:02,2023-09-09 20:24:56.672939,100000000,2023-09-09T20:26:08.942651,Myntra - Fashion Shopping App,Myntra,"Sep 4, 2023"
0810DF761F0DF802D8F2EBF078764FF2037F2D7360BCA1F02B9B73B2981DCB08,com.google.android.gm,64075485,1981-01-01 01:01:02,2023-12-02 20:53:11.609664,10000000000,2023-12-02T20:53:12.626850,"Gmail
2023.08.13.557154574.Release",Google LLC,21 Aug 2023
0BC51207C9A7FA62DAD5DEDD9B73817427738FD1B9E1574AC3598FE9C64F7597,com.sega.sonicdash,1723681980,1981-01-01 01:01:02,2023-09-08 20:06:54.646733,100000000,2023-09-08T20:08:36.822880,Sonic Dash - Endless Running,SEGA,7 Sept 2023
0EDD1106947605612E1FB8D6E932474E4E8E3840CFD26901A6BA172E6ED809A2,com.wildberries.ru,60642,1981-01-01 01:01:02,2023-12-02 19:58:45.676879,50000000,2023-12-02T20:01:18.078239,Wildberries 5.3.5000,Wildberries LLC,30 Oct 2023
174BB9DED8557C4391037335B2478C294150791AFE52E7A42D799DA1A644448F,photo.editor.photoeditor.filtersforpictures,123,1981-01-01 01:01:02,2023-03-10 06:19:36.169621,50000000,2023-03-10T06:40:15.450485,"Photo Editor, Filters - Lumii",InShot Video Editor,9 Mar 2023
0D5CF14863C575DEAA04952B2A4F0E0933B44D89199884BED826ABCD4FE1C7C6,pk.com.telenor.phoenix,241,1981-01-01 01:01:02,2023-12-02 17:42:11.992641,50000000,2023-12-02T17:44:33.730743,easypaisa - Payments Made Easy 2.9.18,Telenor Microfinance Bank Limited,15 Sept 2022
24C5F8EEC47ACC1FEC82D808DFA5F2FB7C42AC47FDF61803C35A28D96996A951,com.dts.freefireth,2019116549,2023-08-01 17:34:16,2023-08-10 08:48:49.881665,1000000000,2023-08-10T08:48:53.136473,Free Fire: 6th Anniversary,Garena International I,"Aug 1, 2023"
0564AD198C11ABAD85DEAE1A490F77007B2D4C8F17E192415D70A2D40BB3154F,com.comuto,340000445,1981-01-01 01:01:02,2023-08-23 12:38:29.899144,50000000,2023-08-23T12:38:44.194363,BlaBlaCar: Carpooling and Bus,BlaBlaCar,"Aug 18, 2023"
056230D03078C639689AE1E9C31BC4515FAE694927F43908281169D3C1333E3C,com.dash.dancing.smash.game.tiles.circles.beat.piano.rhythm.hop,112,1981-01-01 01:01:02,2023-10-23 23:58:53.071159,50000000,2023-10-23T23:58:27.308765,Magic Hop: EDM & Dancing,Badsnowball Limited,10 Oct 2023
48333F42D194A5A27F4C34301A600B187FFCF67690033742B4A02F5E8B013B5C,com.ohmgames.smashthemall,1042000,1981-01-01 01:01:02,2023-08-24 15:30:15.311402,50000000,2023-08-24T15:32:00.306367,Push'em all,VOODOO,18 Aug 2023
08E1D4A204295982353987888777901E15686FE98B9EE14832A34A220FFB1C04,com.linkdesks.iBubble,1089,1981-01-01 01:01:02,2023-02-15 13:57:39.650715,50000000,2023-02-15T13:58:36.847642,Bubble Shooter Legend,Bubble Joy,15 Feb 2023
0A53A9AAF39CF39DCC4B43F743ED341612863B48E72AECB265D8F83775744BE9,com.asiainno.uplive.aiglamour,40100,1981-01-01 01:01:02,2023-07-02 15:25:09.678921,50000000,2023-07-02T15:27:34.288124,Lamour: Live Chat Make Friends,Golden Hours,28 Jun 2023
0B7D8A16ED72410BF69A83EBEE6B1AA79F19E86760E3523DC281369E1651CDDC,com.popreach.dumbways,782,1981-01-01 01:01:02,2023-09-22 18:38:17.22051,50000000,2023-09-22T18:38:42.905385,Dumb Ways to Die,PlaySide Studios Ltd,"Sep 21, 2023"
62D283CF3EE902AF2349846ADD1D7CE6D22EAFE2211CF9032426772F3F365599,com.yellowpages.android.ypmobile,10040000,1981-01-01 01:01:02,2023-05-29 07:30:32.999949,50000000,2023-04-10T15:55:38.602641,YP - The Real Yellow Pages,Yellowpages,4 Apr 2023
1636A332026423C3EAA34AFF01A73CA92C4F7F2DF7B72D7F3070D7CFD0C931E3,com.touchtype.swiftkey,1230373200,1981-01-01 01:01:02,2023-10-05 22:08:26.681228,1000000000,2023-10-05T22:09:55.081729,Microsoft SwiftKey AI Keyboard,SwiftKey,2 Oct 2023
1245001EB85E8BDD4D78422A84B224276C05368A66D29A670E807ACB0882FF14,com.google.android.gms,234113019,1981-01-01 01:01:02,2023-12-02 20:07:07.119721,10000000000,2023-12-02T20:07:16.934142,"Google Play services
23.41.13 (040400-573284017)",Google LLC,13 Oct 2023
001C60682E1C3BD4D2DE8F4B1E03AC6964E9271D718B44E3B49E0A9B436A15A0,com.foranj.farmparadise,235010,1981-01-01 01:01:02,2023-08-07 20:55:14.171,10000000,2023-08-07T20:56:50.507927,Farm Island - Family Journey,foranj.games,3 Aug 2023
0A4D8A0343C48CC5F27FE84BB48A06694099B83701FCC00B28808BCF1BE82E47,com.Nokobot.FrozenHoneyASMR,1600,1981-01-01 01:01:02,2023-12-22 22:27:11.716891,50000000,2023-12-22T22:28:42.205435,Frozen Honey ASMR 1.6.0.0,CrazyLabs LTD,20 Dec 2023
1C7440924D446EC1654B10944FD17FB538E9F181231871A3C010B60AEF91EB78,com.RBSSOFT.HyperMobile,41,1981-01-01 01:01:02,2023-09-20 23:58:13.424483,50000000,2023-09-20T23:58:58.236767,Chat Master!,Supersonic Studios LTD,19 Sept 2023
22779E40984E7AB5611659B5145DD6EBB0B87D98A52A47A994E2899AEAA6F207,com.princess.coloring,1858,1981-01-01 01:01:02,2023-05-26 02:10:31.221348,50000000,2023-05-26T02:10:32.793665,Princess Coloring game,Coloring Games,11 May 2023
2B9A4094C87749EC3FA2BC7691878E0932093AF381CEEF20EF4FEB586DD9D43E,com.hmdglobal.support,74112,1981-01-01 01:01:02,2023-12-25 08:22:15.80525,100000000,2022-06-28T16:42:46.392984,My Device,HMD Global,22 Jun 2022
495BED02E4B4716A306E07B2C78A9BC518AA7C85E7C927A46A2DA95E206B6DE0,com.studio8apps.instasizenocrop,1440229,1981-01-01 01:01:02,2023-11-05 07:30:39.849226,50000000,2023-11-05T07:31:30.915687,Square InPic - Photo Editor &amp; 4.2.29,Studio 8 Apps,2 Nov 2023
3627300D4A29619669D2C48DA5D5E731085EDBE4908C9716D231D0F7C2799589,com.madfingergames.deadtrigger2,182400003,1980-01-01 00:00:00,2023-02-28 13:17:18.448695,50000000,2023-02-28T13:18:38.349179,DEAD TRIGGER 2: Zombie Games,MADFINGER Games,27 Feb 2023
03A294E0166F9D1E296C19DF8C0438B31FEC96C020A95FBA75F2013A3B7EFB52,me.mycake,305020301,1981-01-01 01:01:02,2023-01-13 11:27:14.466305,100000000,2023-01-13T11:28:37.054549,Cake - Learn English & Korean,Cake Corp.,12 Jan 2023
CC72B59ED42DCB731954315D7A9F2727A3F40B7E463CE2E334F7A68B254EFAB9,com.socialnmobile.hd.flashlight,3930,1981-01-01 01:01:02,2023-10-29 12:02:35.775903,50000000,2023-10-29T12:03:28.457367,Color Torch (LED flash light),Notes,25 Oct 2023
169DEFF47DD5E28D1919F040969A00FD996C5F428FBA47464AEC4D6FA4254BA8,com.cardfeed.video_public,3010520,1981-01-01 01:01:02,2023-02-12 17:54:50.111993,100000000,2023-02-12T17:54:56.277013,Public - Indian Local Videos,Public app,9 Feb 2023
18E761B50947BE1BA58766C24E35C0F8B2CE9D8DDAAEA8F3956757E516FED0FB,com.PoxelStudios.DudeTheftAuto,300034,1981-01-01 01:01:02,2023-02-06 02:54:18.785747,100000000,2023-02-06T02:54:53.651195,Dude Theft Wars: Offline games,Poxel Studios Games,5 Feb 2023
12EA68460709F76421CB435F65D70C1363F80A201592A0EB5F4ADB5FA6AF75D6,com.hgamesart.blackholehero,101,1981-01-01 01:01:02,2023-01-08 15:56:49.184879,50000000,2023-01-08T15:57:09.911602,Black Hole Hero : Vice Vegas,HGames-ArtWorks,8 Jan 2023
2811C03CCFF419FC6805EFBDE307A58C8974C097594B24FAC4CC226B25DFAC15,com.mwm.sampler,410034300,1981-01-01 01:01:02,2023-07-22 12:04:42.265379,50000000,2023-07-22T12:04:57.337234,Beat Maker Pro - Drum Pad,MWM - Music and creative apps for Android,20 Jul 2023
DE360AD750E376BECBCE3A7A87C3CDE955F809045AAD4AE8757AACDE743D344D,fb.video.downloader,427,1981-01-01 01:01:02,2023-11-27 15:27:27.29155,100000000,2023-11-27T15:27:35.693959,"FastVid: Download for Facebook
4.8.0.2.3",FastVid,23 Nov 2023
010F0CFC107859E966ADBA90A399A09828D2DA7404C3FFDE13C2042FF4F6BB68,com.block.juggle,3770,1981-01-01 01:01:02,2023-11-29 07:46:42.688521,100000000,2023-11-29T07:47:52.588697,"Block Blast!
3.7.7",Hungry  Studio,28 Nov 2023
0275611CAF618C3E7D7A5E9548A1F36D5252C57C6A3E5B740D3FD515187F5BA0,com.audible.application,134018,1981-01-01 01:01:02,2023-06-21 21:03:51.575591,100000000,2023-06-21T21:05:18.598587,Audible: Audio Entertainment,"Audible, Inc.",20 Jun 2023
13D3E94044080469B1B4A1AC13DB73789531B0FC8C24A1B4F350272D8C5319F5,com.lionstudios.mrbullet,53305,1981-01-01 01:01:02,2023-06-13 20:55:44.486566,100000000,2023-06-13T20:55:57.408180,Mr Bullet - Spy Puzzles,Lion Studios,12 Jun 2023
0089848DEA356C5846A612E1D580A010F5884D35CFC57AD902D9C1EC9932D2E8,com.weplaydots.twodotsandroid,1805031084,1981-01-01 01:01:02,2023-10-27 00:11:08.205536,50000000,2023-10-27T00:12:39.661755,Two Dots,PlayDots,25 Oct 2023
0944754E09310D0DD550C548A7C47667529B7EE4585A83F67B1F374258255274,com.ubercab.driver,152244,1981-01-01 01:01:02,2023-06-29 12:20:44.508309,100000000,2023-06-29T12:23:43.215146,Uber Driver: Drive & Deliver,"Uber Technologies, Inc.",22 Jun 2023
8646D771EBD0D13C3BE38CEAA737D4DB6EDDFDC407C77BCBFED9F7D1DE845906,com.atomic.apps.ringtone.cutter,300009,1981-01-01 01:01:02,2023-10-08 20:35:59.033181,100000000,2023-10-08T20:36:46.367332,MP3 Cutter and Ringtone Maker,Atomic Infoapps,28 Aug 2023
699EC59A2E28434A023DE95CFAF85B3F427D46EF26CDE093A6A1D7185DA1E6A3,com.rarlab.rar,116,1981-01-01 01:01:02,2023-06-05 06:36:46.025719,100000000,2023-06-05T06:36:42.923261,RAR,RARLAB (published by win.rar GmbH),31 May 2023
403724A0E282C8DFCFDF5DFB55CC346671476615F6BD1693B9A889E1D70E2A39,com.mobirix.airhockey,23052301,1981-01-01 01:01:02,2023-06-02 18:28:55.816764,50000000,2023-06-02T18:29:48.239404,Air Hockey Challenge,mobirix,24 May 2023
650A33D220D5D4300F1728695283299311BD7C0732D15EC8879D2C86C4F80CD8,com.mehdirabiee.XtremeMotorbikes,6,1980-01-01 00:00:00,2023-12-14 21:49:48.807502,50000000,2023-12-14T21:50:51.187471,Xtreme Motorbikes 1.6,Xtreme Games Studio,19 Aug 2023
03D3DDD72CF85E8C18B1FD8D745ACAF4199629D233F3CC235161EDA7EAD21306,com.critical.strike2,200778,1981-01-01 01:01:02,2023-12-09 00:02:34.114539,50000000,2023-12-09T00:02:49.429454,Critical Strike CS: Online FPS 12.605,VERTIGO GAMES,7 Dec 2023
5C95CE7E4337295E9250E4294C4B68842A35CB68352181BAB3A6EF4C8165228E,com.ea.gp.fifamobile,40211,1981-01-01 01:01:02,2023-01-18 04:06:43.851105,100000000,2023-01-18T04:06:55.931332,FIFA Mobile: FIFA World Cup™,ELECTRONIC ARTS,12 Jan 2023
19197DC3B0159709C31E36C64EC5493E2CA24186A909B5C492DCA006DC670EC8,com.coffeebeanventures.easyvoicerecorder,322850401,1981-01-01 01:01:02,2023-08-27 16:18:47.982266,50000000,2023-08-27T16:19:23.186124,Easy Voice Recorder,Digipom,8 Aug 2023
E82FA56D74825F1CE77F0B60208F4A92C5878F54C386405134D16BE674CB2187,com.cg.tennis,17168,1981-01-01 01:01:02,2023-02-23 14:31:26.377115,50000000,2023-02-23T14:31:44.877859,3D Tennis,Mouse Games,23 Feb 2023
7022CAF719AFFF74C9A42D45D4FF56138ECE91CE0F671F46057E5959688C081D,com.racergame.cityracing3d,595082,1981-01-01 01:01:02,2023-11-10 10:41:42.396847,50000000,2023-11-10T10:41:33.235208,City Racing 3D 5.9.5082,3DGames,17 Oct 2023
0016143DB96EA5F7285A7D67122DF4DA79F8516BCE4C612ECE1CD1AFEAE2B1A5,free.tube.premium.advanced.tuber,40600030,1981-01-01 01:01:02,2023-08-27 08:40:40.902544,50000000,2023-08-26T22:32:10.752254,Pure Tuber:No Video Ads Player,Pure Tuber Studio,15 Aug 2023
0046396A39275EA69FCE26DC6301DE65F3AC228665EB6D0B330DE971A3417EA3,me.bukovitz.noteit,97,1981-01-01 01:01:02,2023-06-21 17:27:29.892986,10000000,2023-06-21T17:27:44.650165,noteit widget - by sendit,"iconic hearts, inc.",9 Jun 2023
02F624FA5C2E7288C56A67C873C6A3EE5616B0384ED2AB162C028C04D6AEAB83,com.claroColombia.contenedor,5120,1981-01-01 01:01:02,2023-02-08 12:30:52.103351,100000000,2023-01-22T20:22:45.764654,Claro,CLARO,16 Jan 2023
10412466E9A9887046FF487DCE07EBE086681E16AD0146041073B465A538AC0B,com.outfit7.talkingtomgoldrun,1480,1981-01-01 01:01:02,2023-09-02 08:32:16.557826,500000000,2023-09-02T08:33:07.318590,Talking Tom Gold Run,Outfit7 Limited,1 Sept 2023
2EE5FE21CFF7417F59777F7E43071A0A509BCC462F1C862049329BEE9B28D67D,com.balaji.alt,8027,1981-01-01 01:01:02,2023-12-27 13:33:40.860695,50000000,2023-12-27T13:34:34.369178,ALTT : Web Series &amp; More 3.0.8.0.20,ALT Digital Media Entertainment Ltd,19 Dec 2023
1B40A660EA50C1BBE63A18069087D90321DDE71939A1B0A8F26227FD57326440,com.blockchainvault,64,1981-01-01 01:01:02,2023-12-02 21:17:38.642566,50000000,2023-12-02T21:17:19.797849,Pi Network 1.34.1,SocialChain,5 Dec 2022
06C01AD32A88904B5C579238AC82840521CA060D0238DD0CE2B9889F77852889,com.outfit7.mytalkingtomfriends,780,1981-01-01 01:01:02,2023-08-25 03:26:44.71729,500000000,2023-08-25T03:28:47.850264,My Talking Tom Friends,Outfit7 Limited,21 Aug 2023
0723E338C564553022AA8539574D2A77BC071A10EE55CE6E8DD0528FC806445D,com.strava,1230350,1981-01-01 01:01:02,2023-06-01 21:56:23.955196,50000000,2023-06-01T21:56:58.297542,"Strava: Run, Ride, Hike",Strava Inc.,30 May 2023
09468CA9E28F7361FD75064B6480175C1E6327FAD1300D6458B785084C27451D,com.whitesquare.animaltransform,108,1981-01-01 01:01:02,2023-12-16 10:54:50.712026,50000000,2023-12-16T10:56:41.811680,Animal Transform: Epic Race 3D 3.4.1,Lion Studios,7 Nov 2023
6AAE69BB04C5FC8B1D70BFF30604317B579C250A9012D8BF1528F6F5F5902CEF,com.lyrebirdstudio.instasquare,205805,1981-01-01 01:01:02,2023-12-15 09:58:01.832279,50000000,2023-12-15T10:00:07.700718,Instasquare Photo Editor: Neon 2.5.8.5,Lyrebird Studio,14 Dec 2023
6F275EAE76ED30E5C58D411E9E6B335CE2C69DBC53794DC485CC6E9EB65A806C,com.brokendiamond.advance.car.parking.driving.school,41,1981-01-01 01:01:02,2023-01-26 11:26:52.469815,50000000,2023-01-26T11:52:49.684829,Advance Car Parking Games,Broken Diamond,25 Jan 2023
3EB7A0BE02034EF74F42B1EA24C3D8814F93ECD8C01BA300B38F8D75CC63E08B,com.rvappstudios.abc_kids_toddler_tracing_phonics,169,1981-01-01 01:01:02,2023-09-27 23:43:31.11585,50000000,2023-09-27T23:43:32.574227,ABC Kids - Tracing & Phonics,RV AppStudios,25 Sept 2023
003337AC6499C322B7CF9F89A7B5FF2D9EDC97D9E55013B5170D074BBF22435D,ru.yandex.taxi,50123894,1981-01-01 01:01:02,2023-08-19 19:59:04.442207,100000000,2023-08-19T19:59:36.076331,Yandex Go — taxi and delivery,Intertech Services AG,8 Aug 2023
100FBBDA8839C32CEC36667719D494D0BF8F3EBEE2D816C8DCBFB3A7B8BDFAEC,com.cyberlink.youcammakeup,61010,1981-01-01 01:01:02,2023-06-21 06:34:45.966428,100000000,2023-06-21T06:25:16.981203,YouCam Makeup - Beauty Selfie,Perfect Mobile Corp. Photo & Video Beauty Editor,"Jun 20, 2023"
24A8517847B0A0532BB1D7365636DCB26762228FB16F399BA6E77ED5D102D3AA,com.microsoft.bing,410921305,1981-01-01 01:01:02,2023-12-02 21:19:31.552881,50000000,2023-12-02T21:22:51.862439,Bing: Chat with AI &amp; GPT-4 27.1.410921305,Microsoft Corporation,20 Sept 2023
02FB868C8547252AB6D9C18364F0F54D81D03E58A39ACC2198FE8FC82210CDE8,com.contextlogic.wish,2544,1981-01-01 01:01:02,2023-07-14 22:16:53.347825,500000000,2023-07-14T22:19:01.362416,Wish: Shop and Save,Wish Inc.,4 Jul 2023
1A4B471C95EF8EAA945B376DD95A9FBC73D8FE0BB8D437C6D8015BF1D0141EAD,com.playgendary.partymasters,545,1981-01-01 01:01:02,2023-06-07 18:23:04.303582,50000000,2023-06-07T18:23:48.932652,Partymasters - Fun Idle Game,CASUAL AZUR GAMES,5 Jun 2023
09F49D725A1C0A4191C5EC05D9D399ECB5B687B4E515D95C33CD6F5FCA7DD0BB,com.playrix.township,1013100,1981-01-01 01:01:02,2023-10-18 15:24:51.266141,100000000,2023-10-18T15:26:05.211727,Township,Playrix,12 Oct 2023
09702300B46D6181E29C7B383D880CA4FED59BDDD746005EA2A7CE625F32CA4E,com.sinyee.babybus.icecream,8660304,1981-01-01 01:01:02,2023-08-02 18:10:16.225094,50000000,2023-08-02T18:10:17.645514,Little Panda's Ice Cream Game,BabyBus,1 Aug 2023
2E41F567900A14F360F57D8A8A020EB5E3B35F569AEC33F90116577C16B0A7A4,com.candyrufusgames.survivalcrafttrial,41295800,2023-04-12 13:46:10,2023-04-12 16:30:23.327539,50000000,2023-04-12T16:32:26.042385,Survivalcraft Demo,Candy Rufus Games,12 Apr 2023
699054A8A4C5FB2C55298E0F4440845EC0EF504E06EC2EA36EDB508DCF36E52F,com.appblockgames.freecraftexploration,490,1981-01-01 01:01:02,2023-07-13 18:44:19.922286,100000000,2023-07-13T18:46:56.895249,MOD-MASTER for Minecraft PE,Master for Minecraft,11 Jul 2023
0057EFBA7195FE60D2E4F45F9522258D3D3BC0B19A81538C712360CFC34281EE,com.grandegames.slots.dafu.casino,224,1981-01-01 01:01:02,2023-07-18 16:43:40.127363,10000000,2023-07-18T16:02:44.894740,Jackpot World™ - Slots Casino,SpinX Games Limited,12 Jul 2023
B169ADEC7D140417085D863F80B93B38A417BBF3FAC5D61CEAC6ED3ECFDDD75E,racearena.io,141,1981-01-01 01:01:02,2023-12-05 14:00:05.044324,50000000,2023-12-05T14:01:12.390603,Cars Arena: Fast Race 3D 2.7,Jerboa Games,24 Nov 2023
129187E0CBD8826A3374D10E534F87970057BC46F56B5870C0F408F77386ED7F,com.threesixteen.app,1119,1981-01-01 01:01:02,2023-11-30 13:59:46.4467,50000000,2023-11-30T14:00:10.199208,Rooter: Watch Gaming &amp; Esports 7.0.3,Rooter Sports,28 Nov 2023
1D1AE71F1EC31806B9DC6FAC167107107F622C2C7FB1C17FDBF44F5462DA7EBD,ovo.id,479,1981-01-01 01:01:02,2023-12-21 11:56:44.245591,50000000,2023-12-21T11:59:09.660739,OVO 3.98.0,PT Visionet Internasional,"Dec 14, 2023"
14C9B05685C1263E25A693682B33D5945C901DFCDBC81333C875D3BB511073FB,com.netmarble.mherosgb,208742,1981-01-01 01:01:02,2023-01-11 02:12:50.334123,100000000,2023-01-11T02:14:13.983255,MARVEL Future Fight,Netmarble,4 Jan 2023
13A4BDB0C3DDE804F61D6E99E6480963123137CB1A59F929CA1A5005FA4664C9,com.zitga.ninja.stickman.legends,4233,1981-01-01 01:01:02,2023-12-20 19:29:13.100629,50000000,2023-12-20T19:28:40.856564,"Stickman Legends: Offline Game
4.2.3",ZITGA,20 Dec 2023
3FE2A18E932AB492248971F7D4F0CA0D51163C6323876B04BC9F03DE1427A0CF,com.yolostudio.theimpostor,46,1981-01-01 01:01:02,2023-04-26 14:29:31.830227,50000000,2023-04-26T14:31:26.745857,Red Imposter,ABI Global LTD,24 Apr 2023
4EA7EFBFB3A2801B5B4C4EE40F1A5154B7A955EA7D9357DA4B1E348259B7C722,bubble.shoot.bubbles.game.saga.world,82,1980-01-01 00:00:00,2023-07-16 16:28:15.264589,100000000,2023-07-16T16:28:17.652988,Bubble Shooter,Bubble Shooter スタジオ,12 Jul 2023
0C41E00D922595FCB6912F561E8A0E50EDEC75644B105B028CB01CD6851FE80C,com.orange.kidspiano.music.songs,327,1981-01-01 01:01:02,2023-11-04 20:09:07.080689,100000000,2023-11-04T20:09:46.757481,"Piano Kids - Music &amp; Songs
3.27",Orange Studios Games,3 Nov 2023
26CC7A579B7305F3D5B344FF150FB803287E477BF09155A62F94A40AD3CA71AF,com.blizzard.wtcg.hearthstone,19041600,1981-01-01 01:01:02,2023-12-06 00:16:05.210365,50000000,2023-12-06T00:16:27.465003,Hearthstone 28.2.190416,"Blizzard Entertainment, Inc.",28 Nov 2023
08AE303AFA954AB393A22EA751FF4ABE637C5BE4D94A1D23F5B8007F55A4DAE4,com.crunchyroll.crunchyroid,711,1981-01-01 01:01:02,2023-12-13 21:41:49.861956,100000000,2023-12-13T21:43:57.639903,"Crunchyroll
3.46.2","Crunchyroll, LLC",13 Dec 2023
2638550167C0CDCB6535B68BFC8D8EC8ABBC16C8C5626AA2A3F597E7B05B6E86,br.com.serasaexperian.consumidor,83703,1981-01-01 01:01:02,2023-04-13 14:37:44.44924,50000000,2023-04-13T14:38:32.393288,Serasa: Consulta CPF e Score,Serasa Experian,6 Apr 2023
071C0D72B36BF9EE3FC362904DACC5E528BCF473773003FEC13DA2AC81BB45F7,tv.twitch.android.app,1504010,1981-01-01 01:01:02,2023-06-29 06:54:30.802177,100000000,2023-06-16T23:54:25.613592,Twitch: Live Game Streaming,"Twitch Interactive, Inc.",14 Jun 2023
09A5788352350ECFF4563C539C5FD9E4C3621957CF76BF30ECC253C6E9F8EA2E,com.ktb.customer.qr,930626,1981-01-01 01:01:02,2023-05-20 12:29:30.871948,50000000,2023-05-20T12:30:00.433429,เป๋าตัง - Paotang,Krungthai Bank PCL.,12 May 2023
0FA0C162F471946C1DE59C901DD1D6B2C5635D7FA85FF1DEA4361E10572A80E0,com.cardinalblue.piccollage.google,68507,1981-01-01 01:01:02,2023-02-03 13:15:24.553428,50000000,2023-02-03T13:15:25.719193,PicCollage: Grid & Story Maker,"Cardinal Blue Software, Inc.",2 Feb 2023
242E23CF19D5CF041272471E499A59287FEA149CB7B433B9355710E22E7EA4AF,com.hutchgames.rebelracing,1825002,1980-01-01 00:00:00,2023-03-24 04:45:41.581868,50000000,2023-03-24T04:46:26.870816,Rebel Racing,Hutch Games,22 Mar 2023
262619331311D0BBEDC87D033D4D3C2BFAFF13C9752967C3CFC105218E0156EF,com.apps2us.slither.slink.io,2005019,1981-01-01 01:01:02,2023-10-12 09:54:11.820814,50000000,2023-10-12T09:54:23.187505,Slink.io - Snake Games,Apps2US Studios,11 Oct 2023
006A6A0A79B0DB2691B05718B576EBCED5DE28A73732ECE0135BB70B1D9AF9B0,com.smartwidgetlabs.chatgpt,431,1981-01-01 01:01:02,2023-11-08 17:09:36.829634,10000000,2023-11-08T17:11:34.704308,"AI Chat Open Assistant Chatbot
3.3.4",Smart Widget Labs Co Ltd,"Nov 5, 2023"
2B8DC1B088B458D0EE5EF6E152E610ED980B50078ABF1C1E89ED775F9CEBF105,com.yy.biu,12571,1981-01-01 01:01:02,2023-11-01 21:46:45.189715,100000000,2023-09-05T17:36:04.774562,Noizz: video editor with music,Noizz Team,30 Aug 2023
BB5BDD8B95D3584080A4211FB59230F78CCA28D0A0E144783C978A9475BE9C8E,br.pipacombate.maiworm,40200,1981-01-01 01:01:02,2023-10-26 17:50:08.931357,50000000,2023-10-26T17:51:36.624617,Kite Flying - Layang Layang,Maiworm Digital Strategy,"Oct 18, 2023"
2A39D76684951DFD107F04309735DA67410F554224CD45FCC2AA293CC7B7B1FD,com.kiragames.unblockmefree,201232,1981-01-01 01:01:02,2023-11-05 20:00:50.138011,50000000,2023-11-05T20:01:13.284215,Unblock Me 2.3.8,"Kiragames Co., Ltd.",24 Oct 2023
002D30B507F10C65E9D72A43FFC6E26F976F6E004BE91ECCE8BF01AAE8A7115D,com.google.android.apps.subscriptions.red,436879,2009-01-01 00:00:00,2023-11-16 00:38:43.900283,1000000000,2023-11-16T00:38:50.811817,"Google One
1.196.580728785",Google LLC,9 Nov 2023
14447C360F0D5D949AEB32B5B8B485EBC2CCBAD0E9256718953ED6F02893FD7E,com.cocoplay.stylist.girl,121,1981-01-01 01:01:02,2023-02-02 16:47:42.73118,50000000,2023-02-02T16:48:24.144483,Stylist Girl: Make Me Fabulous,Coco Play By TabTale,2 Feb 2023
236D7F915DF76A3E9F71324BEF0972A9E28B58741C63588E616FB2EDDD728E5B,com.myyearbook.m,3980,1981-01-01 01:01:02,2023-08-16 13:16:46.584737,50000000,2023-08-16T13:16:48.460502,MeetMe: Chat & Meet New People,MeetMe.com,9 Aug 2023
1A16ABE7053A54709B6891695F504BABA9E1B3040C2B4676778C19FEE8666B44,com.addswhilessuffers.binds,67,1981-01-01 01:01:02,2023-12-22 22:16:57.811837,50000000,2023-12-22T22:16:52.518428,Wood Block Puzzle 6.7.0,головоломка world studio,19 Dec 2023
4AE59F5849030024E241BDFE9402E2EAD7764DE826CD4D05374467D1C2675E61,downloader.vitmate.downloaderapp,27,1981-01-01 01:01:02,2023-12-06 02:33:32.979672,100000000,2023-12-06T02:35:35.000544,"Downloader - Video Downloader
1.2.7",Leap Fitness Group,17 Nov 2023
0A4616C424E0E9AF1F342FBA12BF98F78493FDCC18DFD6D52D375378C4ABDCBF,com.gb.spider.stickman.ropehero.grandcitycrime,71,1981-01-01 01:01:02,2023-07-30 20:56:59.051785,50000000,2023-07-30T20:59:58.815234,Stickman Spider Superhero Game,Super Speed Games,25 Jul 2023
6DA16222369F90221DB1F9EBFF56981A305343B5B84F31FCB05FE5EFA6F5F746,air.com.hypah.io.slither,1006002,2019-12-20 17:18:28,2023-05-18 08:14:43.995874,500000000,2023-05-18T08:14:20.538493,slither.io,Lowtech Studios,20 Dec 2019
04105CEDBBDA5D8E810C3DF6966F84C5819DE521592AC6E623F75F1D1397C24B,com.imo.android.imoimbeta,23071082,1981-01-01 01:01:02,2023-08-09 21:37:09.921635,100000000,2023-08-09T21:58:18.297276,imo beta -video calls and chat,imo.im,"Aug 1, 2023"
765373D775CCD7F3AAC95265FAE0C7443A73937798799AAF204AD150AF8A829A,logos.quiz.companies.game,178,1981-01-01 01:01:02,2023-07-15 05:05:10.199213,50000000,2023-07-15T05:05:21.198288,Logo Quiz,bubble quiz games,13 Jul 2023
46638F10405E1203F8FCD2338150B37DB2B009C036049B16DB15EE5166DE8A90,net.skyscanner.android.main,2021112015,1981-01-01 01:01:02,2023-08-03 17:00:06.460904,50000000,2023-08-03T17:01:36.891107,Skyscanner Flights Hotels Cars,Skyscanner Ltd,28 Jul 2023
1EAF4D277CE950A94F9D9B546C0926E4F2E487F047EF8260CA0A0C1C5871B6A3,com.media.music.mp3.musicplayer,122,1981-01-01 01:01:02,2023-03-05 13:37:44.227668,50000000,2023-03-05T13:38:50.015419,Music player,recorder & smart apps,2 Mar 2023
0B9A0A3BF3E0590A17F3EFEED360A28EC37F2D916CADC993CFF36C1968D7882D,com.zynga.words,19801,1981-01-01 01:01:02,2023-09-06 12:03:59.399641,50000000,2023-09-06T12:04:58.005996,Words with Friends Word Puzzle,Zynga,22 Aug 2023
4125A2EEC7360BC7075EB3D17050877D35CBD6B03AB40D0C36BB749977EDB64C,com.ea.game.nfs14_row,60611,1981-01-01 01:01:02,2023-02-07 00:22:28.067393,100000000,2023-02-07T00:23:02.417343,Need for Speed™ No Limits,ELECTRONIC ARTS,2 Feb 2023
08D3CBA538DE744C3DA67A8731EA260029277F6CB08E63A4F0A88CA781DFD463,com.imangi.templerun,56,1981-01-01 01:01:02,2023-07-14 14:31:16.739121,500000000,2021-11-25T14:54:30.650549,Temple Run,Imangi Studios,25 Nov 2021
2D917B61C7EC3CEFEE446E52AF5DD2EDFB58A6B11C0F767272FFE1D309BFF0DB,com.fontskeyboard.fonts,28728,1981-01-01 01:01:02,2023-01-24 04:31:51.316378,100000000,2023-01-24T04:31:25.942198,Fonts Keyboard,Fonts Keyboard,"Jan 19, 2023"
0934221FEF074C2C8CEC818E6D9BC8DDE6261CE4D49F4875E79C0FE3A63E3D21,com.edujoy.masha.games,812,1981-01-01 01:01:02,2023-08-10 09:53:00.947465,100000000,2023-08-10T09:54:17.452563,Masha and the Bear Educational,DTC Lab,"Aug 9, 2023"
11EDECE5A03C64541FA98A139E99903B58A218BED719E56F544099E7AFCF329F,app.source.getcontact,2750,1981-01-01 01:01:02,2023-09-23 19:54:45.242757,100000000,2023-09-23T04:43:54.244871,Getcontact,Getverify LDA,21 Sept 2023
359682134A70BDD1BB2C8A2E4FDBA086B3E87D530DF7373BD200A89AD2232A03,com.sushirolls.app,2008,1981-01-01 01:01:02,2023-09-09 09:28:53.741929,100000000,2023-09-09T09:29:35.410858,Sushi Roll 3D - Cooking ASMR,SayGames Ltd,5 Sept 2023
3AEDEDD5C993DA3F7F891C6A47D91EF17EB53A9DBB255D3747C8DE2F0581078E,com.cyworld.camera,35040440,1981-01-01 01:01:02,2023-11-04 18:32:16.261933,100000000,2023-11-04T18:32:17.576913,"Cymera - Photo Editor Collage
4.4.4",SK Communications,1 Nov 2023
0955345D686BB29243625FF68A678EBD954C543BC3A7A278B7385FF66C178E8D,com.counter.terrorists.swat.attack,319,1981-01-01 01:01:02,2023-10-03 12:23:26.655066,50000000,2023-10-03T12:23:13.760084,Counter Terrorist Shoot,Doing Studio,25 Sept 2023
189F496B0CA160FCFE588352E637C3B14896516653B418B11D57F74AB2A4443F,videoeditor.videorecorder.screenrecorder,2350003,1981-01-01 01:01:02,2023-12-21 23:45:58.698886,100000000,2023-12-21T23:50:17.793140,"Screen Recorder - XRecorder
2.3.5",InShot Inc.,"Dec 20, 2023"
0548C5A70AAFCAF29C6724A839B335742125B4D364665679A26E66E673EEE3FD,mobisocial.arcade,100458,1981-01-01 01:01:02,2023-06-19 20:43:56.371366,50000000,2023-06-19T20:44:02.789255,Omlet: Live & 3D Avatar Stream,"Omlet, Inc",19 Jun 2023
0FB84A9616EB57744B019276476F77996AB3229A48BD49F2982962B38928A572,com.globe.gcash.android,837,1981-01-01 01:01:02,2023-11-19 13:58:53.184946,50000000,2023-11-19T13:57:56.964893,GCash 5.70.1,Mynt - Globe Fintech Innovations,15 Nov 2023
0B365CBFD9ADE07F694366E4A61E1E127EBA8F7A81487B313214E2000D48301D,hr.podlanica,141,1981-01-01 01:01:02,2023-10-23 22:49:25.337018,50000000,2023-10-23T22:49:17.730120,Music Volume EQ + Equalizer,Dub Studio Productions,23 Oct 2023
0CC4F11F937FCD0A6BD9AD6284BF375C43248AC89B77B55129FEBE4445E56040,com.byv.TheArchers2,17464,1981-01-01 01:01:02,2023-10-03 22:19:45.068952,50000000,2023-10-03T22:20:08.247887,The Archers 2: Game with Bow,BYV,29 Sept 2023
040D8E634650B83C2315419559B448DF20041FB85AC0B377FEEC868F1D6A236F,net.peakgames.toonblast,110838,1981-01-01 01:01:02,2023-08-07 16:40:34.397711,100000000,2023-08-07T16:42:55.863067,Toon Blast,Peak,2 Aug 2023
32BFA1DEEF3702D77AAB3824CC3E67386250B3547404C651F750C34214135E33,com.downlood.sav.whmedia,147,1981-01-01 01:01:02,2023-02-02 09:31:15.744613,100000000,2022-10-07T18:01:39.348724,Status Saver - Video Download,Shree Ganesha Labs,30 Sept 2022
214CD0C546774DDBF6950BEAE2AF635CDA77D61F1F5CDB4D3C1546488618D577,omegle.tv,605078,1981-01-01 01:01:02,2023-11-09 22:18:32.573076,100000000,2023-11-09T22:18:52.199411,"OmeTV – Video Chat Alternative
605078",Video Chat Alternative,"Nov 8, 2023"
01CB3A80D69622E21356FF35F5085C0083511B80722201A4F9E072C73B421011,vpn.video.downloader,208,1981-01-01 01:01:02,2023-04-10 11:57:19.481509,50000000,2023-04-10T11:57:31.385262,VD Browser & Video Downloader,DS tools,8 Apr 2023
26797BBF2FE676FD94E945827B28D7D73303BC78FC9C7656BBFB9384F42C3E28,com.quelaba.sopaletras,76,1981-01-01 01:01:02,2023-03-31 18:15:11.745565,50000000,2023-03-31T18:16:55.980002,Word search,AppDrac,30 Mar 2023
55C056B4E2743F2C74D6A589AEE8DAA50F78F6C339A79602267C1C96C2358BE3,com.gameloft.android.ANMP.GloftM5HM,59121,1981-01-01 01:01:02,2023-02-14 14:04:59.010834,100000000,2023-02-14T12:46:51.461995,Modern Combat 5: mobile FPS,Gameloft SE,12 Feb 2023
0CC34E86E24D1F365BE5A1692544DE2ADA2FDC536DC8382EFECBB309CA49DFD1,com.master.hotelmaster,559,1981-01-01 01:01:02,2023-10-02 15:24:22.860509,50000000,2023-10-02T15:23:55.612254,My Perfect Hotel,SayGames Ltd,29 Sept 2023
0A70FFA540E55153EFA499C1E762A816314F663A588ABD871BB64DDA95DD3C6E,com.cocoplay.fashion.style,3004,1980-01-01 00:00:00,2023-08-12 06:07:59.351912,50000000,2023-08-12T06:08:14.043731,Super Stylist Fashion Makeover,CrazyLabs LTD,11 Aug 2023
04E392A66371D7A946EA144E75B720E04A3DCEA5094285DD3A445710DD615564,com.game.space.shooter2,300728,1981-01-01 01:01:02,2023-09-02 08:06:18.010556,100000000,2023-09-02T08:07:39.538291,Space shooter - Galaxy attack,1SOFT,1 Sept 2023
284FA9914921A277F15369B0D5026417F911BE46DACEBF5CA550A010CD337474,com.kayac.level_up_number,22300,1981-01-01 01:01:02,2023-12-18 07:39:29.556155,50000000,2023-12-18T07:39:08.074493,Number Master: Run and merge 2.2.3,KAYAC Inc.,11 Dec 2023
6D319F28780B30A0D967B5C9F403976A35F892F6FE122FE74AFA53EFE744D589,com.playflock.family.hotel.story.home.mansion.puzzle.garden.decoration,21524,1981-01-01 01:01:02,2023-12-21 03:33:50.098325,50000000,2023-12-21T03:35:13.362311,Family Hotel: love &amp; match-3 10.1,PlayFlock,"Dec 15, 2023"
2DA15515AE7F44AAC45865D6DF1B0D2DCA5AF20991C4C52701074E291911D8A3,com.crazylabs.diy.make.up,1811,1981-01-01 01:01:02,2023-07-05 23:22:20.231091,50000000,2023-07-05T23:23:15.747335,DIY Makeup,CrazyLabs LTD,26 Jun 2023
7E4F5D5019C191EE3A4C109835F8926246445E9496F0DDCEEC000657069D4EAF,com.djit.apps.stream,60022106,1981-01-01 01:01:02,2023-04-19 17:12:52.202369,50000000,2023-04-19T17:12:38.546912,Music app: Stream,MWM - Music and creative apps for Android,19 Apr 2023
640EE35219D41802A72434EB65DC74FD4F2F893070A0015A298E9E2EC4FEDC03,com.ibragunduz.applockpro,501,1981-01-01 01:01:02,2023-04-14 22:18:48.910673,50000000,2023-04-14T22:20:51.376151,Applock Pro - App Lock & Guard,Eywin Apps,11 Apr 2023
080894A6A8B1C8755BD6A60A48115C492EAE4038202FEA002A72AC07FD39E589,com.funplus.familyfarm,550,1981-01-01 01:01:02,2023-09-26 23:27:11.565561,50000000,2023-09-26T23:27:12.757477,Family Farm Seaside,Century Games Pte. Ltd.,25 Sept 2023
1362586FD610FD491FA5948393A3447135D79B4D391E865B9C02E31F6312DD7C,com.wordsmobile.zombieroadkill,17117,1981-01-01 01:01:02,2023-05-14 23:40:21.463576,50000000,2023-05-11T23:34:54.151787,Zombie Roadkill 3D,Italic Games,10 May 2023
3127BACB5DFD2730C267C8FA256EFBE945E75AE507A1F4DB4D472617E5A34108,com.vuclip.viu,501,1981-01-01 01:01:02,2023-02-16 15:56:42.573746,100000000,2023-02-16T15:57:56.609392,"Viu: Dramas, TV Shows & Movies",Vuclip Mobile Video,9 Feb 2023
0735E423D7AC6D575D52F1DA1EC30A03638CEB7B14F944146B0D07021C90B7D1,zombie.survival.craft.z,600683,1980-01-01 00:00:00,2023-04-05 11:27:28.742857,100000000,2023-04-05T11:29:14.819139,Last Day on Earth: Survival,KEFIR,4 Apr 2023
0A7EB60D12F54CB7A0D429DC85AEDE4A2A3CF3EBFBBEA0CE930034832FBB5A0B,com.king.candycrushsaga,12621011,1981-01-01 01:01:02,2023-09-26 14:31:00.837871,1000000000,2023-09-26T14:33:49.135757,Candy Crush Saga,King,"Sep 26, 2023"
3610A5FBB61715F1467D3903283C3AED3C42E647A18BC3443BB94B6A2DC675DB,com.bingo.livetalk,300090,1981-01-01 01:01:02,2023-10-18 17:55:41.964027,100000000,2023-10-18T17:57:57.902471,Livetalk - Live Video Chat,Videokar,17 Oct 2023
0ED4A2790E8D27AB1FE7FBE88D5E3B0FCBE60D44691827E41EA5825E596ECD43,com.kutumb.android,580,1981-01-01 01:01:02,2023-08-07 00:51:33.845583,50000000,2023-08-07T00:52:23.913250,Kutumb App - Community App,Kutumb App,4 Aug 2023
02A9FA4A97D657BF237AC7C7381A957614BB34B5A1BF070E9F8A574C3074A330,com.snapwork.hdfc,156,2023-09-08 11:38:58,2023-09-25 19:50:16.11628,50000000,2023-09-25T19:50:59.848979,HDFC Bank MobileBanking App,HDFC Bank,8 Sept 2023
301929463C70E2060AA258EED664D6FF1B4470A6A9844F8F8B888B5896C5AC83,com.higgs.tilemaster3d,23081900,1981-01-01 01:01:02,2023-08-28 17:16:05.261316,100000000,2023-08-28T17:16:41.808406,Tile Master 3D® -Classic Match,Higgs Studio,18 Aug 2023
1E1B3D8AAC9A4F2541FDBF01D137E57E3BA3C02F8E7BB17DB939B2BF2980A23C,hotspotshield.android.vpn,100800,1981-01-01 01:01:02,2023-11-09 04:21:05.213799,100000000,2023-11-09T04:24:22.978690,"HotspotShield VPN - Wifi Proxy
10.8.0",Pango GmbH,8 Nov 2023
1AEE29593EA4C63B568A657D9F2A410F63182521C1A43C5A892F6D9F62B88994,com.yodo1.rodeo.safari,351001,1981-01-01 01:01:02,2023-10-02 07:26:18.173097,50000000,2023-10-02T07:26:20.357721,Rodeo Stampede: Sky Zoo Safari,Yodo1 Games,"Sep 29, 2023"
0EB9447B6FB70D5A836F57C487B1CD6DFA463A15FD11F66BF4352313B80425E5,com.eabdrazakov.photomontage,1401350,1981-01-01 01:01:02,2023-11-24 00:31:39.699687,50000000,2023-11-24T00:33:39.787239,Cut Paste Photo Seamless Edit 35.0,Peml Art FZC LLC,18 Nov 2023
01D562EA42E34F726B8C722D3929F0895D45F88407EA6A8CFD7127C949D5257D,com.bigwinepot.nwdn.international,202301994,1981-01-01 01:01:02,2023-11-30 14:09:13.87522,100000000,2023-11-28T13:04:29.208112,"Remini - AI Photo Enhancer
3.7.442.202301994",Bending Spoons,27 Nov 2023
01FF68F41BB02B0E4C2B6BFF5B2CF22C3374F4305CC6305956368F89C06A19E1,com.gameloft.android.ANMP.GloftDOHM,76121,1981-01-01 01:01:02,2023-10-11 20:12:26.758425,100000000,2023-10-11T20:12:56.280358,Dragon Mania Legends,Gameloft SE,9 Oct 2023
157BF0D405E7990B8A26255F17AC653CBCC07A9817D5521FFA74D6E9A0B58E2B,com.rasugames.pls,41,1981-01-01 01:01:02,2023-10-03 15:42:56.900578,50000000,2023-10-03T15:44:26.862618,Pro League Soccer,Rasu Games,2 Oct 2023
0A543A5B5F9037519F63F362D5E25A6906ED7E373E54D9C69DA126A550388249,com.shape.change,204,1981-01-01 01:01:02,2023-08-24 12:32:14.823522,100000000,2023-08-24T12:31:59.150466,Jelly Shift - Obstacle Course,SayGames Ltd,22 Aug 2023
3C5D374DCD2FF3CAF0CDD931294270374CB99BA52AFEB452E7ED06F2DE3B5B12,com.specimen.zero.horror.survival,40,1981-01-01 01:01:02,2023-09-09 18:37:16.71718,50000000,2023-09-09T18:39:12.500902,Specimen Zero - Online horror,Café Studio,2 Sept 2023
16B300EA5C655BF5ED8E0E63DCBCD0333E2F9E642511136ACB7810B5E5155FF3,homeworkout.homeworkouts.noequipment,82,1981-01-01 01:01:02,2023-10-01 19:29:03.405873,100000000,2023-10-01T19:31:04.478778,Home Workout - No Equipment,Leap Fitness Group,13 Sept 2023
0248D1F66FE406775165DB24C2385681A6F66E216BC305F3CA8452174592625B,com.einnovation.temu,21702,1981-01-01 01:01:02,2023-11-05 07:46:11.715374,100000000,2023-11-05T07:46:26.255381,"Temu: Shop Like a Billionaire
2.17.2",Temu,4 Nov 2023
002B67A4EC5924170FE2F1D9B0B2881177AE496A45C57678F91ED1192AB52C4D,com.fungames.flightpilot,2988,1981-01-01 01:01:02,2023-01-23 18:24:12.950769,100000000,2023-01-23T18:25:30.075338,Flight Pilot Simulator 3D,Fun Games For Free,20 Jan 2023
13155D61242E10D8E119BCF7A640AA89E8340C7DDA66249C5FE7050ED5B74030,com.ohbibi.fps,10878,1981-01-01 01:01:02,2023-02-10 13:24:10.093101,100000000,2023-02-10T13:45:40.076719,FRAG Pro Shooter,Oh BiBi,9 Feb 2023
48D9D87773BD7FF53BD797F2E0DE2188D1320FF710D4FDD110370341F0DFBA46,com.cocoplay.gymnastic.star,167,1980-01-01 00:00:00,2023-11-05 18:41:54.163384,50000000,2023-11-05T18:43:36.151428,Gymnastics Superstar Star Girl 1.6.7,Coco Play By TabTale,3 Nov 2023
07B98F591AB5C5D2FABABF6957350309A1926E009F3E327CAB487D3C127ADDD9,com.playgendary.ktb2,2378,1981-01-01 01:01:02,2023-04-26 09:51:55.904718,50000000,2023-04-26T09:55:10.359631,Kick the Buddy: Forever,Playgendary Limited,24 Apr 2023
D9F9A4CBD39F2A4B4117AE09A296380D1790E33957BDD9970F8ED7582E01ECC5,com.wordmobiles.bikeRacing,14008,1981-01-01 01:01:02,2023-02-14 13:31:20.299829,100000000,2023-02-14T13:31:24.712190,Bike Racing 3D,Words Mobile,14 Feb 2023
57CDCCE7B47A1DC5170415591384A674174E02597378C9A138C19B4CDF8C18E5,com.coloros.pictorial,1000003,1981-01-01 01:01:02,2023-07-02 21:36:33.256124,100000000,2023-07-02T21:38:39.537999,ColorOS Pictorial,ColorOS,9 Jun 2023
225D1BC26801446D3FC1D9BC1C7439ED01C040CA2FE4B695B8FA2815B0FBDAFC,com.playrix.fishdomdd.gplay,933072400,1981-01-01 01:01:02,2023-06-08 07:51:30.371893,100000000,2023-06-08T07:51:39.788469,Fishdom,Playrix,6 Jun 2023
571B5D7A89E029BFE979963AE1773F162DDB6653CF8C31FB577AFFADFDB76944,com.housepaint.game,147,1981-01-01 01:01:02,2023-11-28 12:15:18.195553,50000000,2023-11-28T12:16:26.079901,House Paint 1.4.29,SayGames Ltd,15 Nov 2023
0D23E98F2E68835100036637A63CB256CEDDAA39737925936EF4183BA016C895,com.indigokids.mashakasha,326,1981-01-01 01:01:02,2023-01-10 21:06:08.05964,50000000,2023-01-10T21:05:39.290913,Masha and Bear: Cooking Dash,Hippo Kids Games,10 Jan 2023
0F18EABEDCDEBFAB4EEBCF07260C0F9E3A91F08B65EF17F94E9CE43347932918,com.rapido.passenger,342,1981-01-01 01:01:02,2023-06-21 10:33:23.88303,50000000,2023-06-21T10:40:34.852076,Rapido: Book Bike-Taxi & Auto,Rapido Bike Taxi,"Jun 13, 2023"
0F7C632595926C56C3EA21F908612CAE5896F6273941CBFE3C0DD520DFF19EA5,com.mobisystems.fileman,48621,1981-01-01 01:01:02,2023-09-29 05:47:04.645333,100000000,2023-09-29T05:48:08.968858,File Commander Manager & Vault,MobiSystems,28 Sept 2023
3340ECE67C1ED52FE41C453891AE2BEBD12C073F15513E7D7F227241DD79ED00,games.nerf.epic.pranks.free,46,1981-01-01 01:01:02,2023-04-04 21:07:33.241105,50000000,2023-04-04T21:09:36.218511,Epic Prankster: Hide and shoot,Homa,31 Mar 2023
1218F8D8FE7398D557B47A4B3BC1BDDB92DD8342E3E4FC01053DDB334AD6AAB7,com.firsttouchgames.story,137,1981-01-01 01:01:02,2023-08-22 20:20:14.911009,100000000,2023-08-22T20:20:27.285757,Score! Hero,First Touch Games Ltd.,21 Aug 2023
248176F57129F215B75826EC09E2C6B4756D1E2B8EF4749EF9E9E2AB2943DDCD,com.chess,262156,1981-01-01 01:01:02,2023-03-30 09:53:20.701281,50000000,2023-03-30T09:56:02.361691,Chess - Play and Learn,Chess.com,27 Mar 2023
079C66A215B65069C9053172D47BAA9E45DF4A7F1D058634C137F52311341373,com.tocaboca.tocalifeworld,70263,1981-01-01 01:01:02,2023-09-12 11:44:46.26886,100000000,2023-09-12T11:46:18.018477,Toca Life World: Build a Story,Toca Boca,31 Aug 2023
06E9752D6E08955B730E5637AB5F6FDB473B70A76F4412104075D9EA8DA6824B,com.inditex.zara,24000660,1981-01-01 01:01:02,2023-09-01 21:04:55.483586,50000000,2023-09-01T21:06:31.487983,Zara,Inditex,31 Aug 2023
1259E12FE4C3E9856D327D91505946BDC577873DF303D4FB5C5A8B129DF0C1D8,com.mobirix.fishinghook,230821,1981-01-01 01:01:02,2023-08-28 23:38:18.936146,50000000,2023-08-28T23:40:21.266212,Fishing Hook,mobirix,21 Aug 2023
0054EEFC598C222F3692F007C22130BE666DBC2208DA51787AA1BD47D97F0F85,com.skullcapstudios.bpm,279,1981-01-01 01:01:02,2023-11-04 05:52:53.733829,10000000,2023-11-04T05:52:55.182499,"BLOCKPOST Mobile: PvP FPS
1.36F1",Skullcap Studios,25 Oct 2023
0AD1C13F871D5C8DD4C2FA493762F76566C90ADD37D80C27F9B5E48D2F82BF95,com.nextwave.wcc2,139,1981-01-01 01:01:02,2023-09-23 04:28:20.422374,50000000,2023-09-23T04:29:08.895054,World Cricket Championship 2,Nextwave Multimedia,22 Sept 2023
12B00B2E37C1BABFC2B992C8C71CE8D42ACA7E69D4B94D0E59CD8B86D53AF14A,tv.pluto.android,410400155,1981-01-01 01:01:02,2023-02-24 23:08:32.196748,100000000,2023-02-24T23:27:21.679655,Pluto TV - Live TV and Movies,"Pluto, Inc.",24 Feb 2023
48B7D92C5E87204356FA37AD1EB4922FAB004EC2E5C505ABB0D33292D31C68A0,recover.deleted.messages.messagesrestore,30,1981-01-01 01:01:02,2023-09-11 03:20:17.752367,50000000,2023-09-11T03:21:23.186312,Save Video Status - WA Status,"Status Images, inc. Photo & Video Downloader Apps",6 Sept 2023
0927BFD7E93055B68BE46E798A565AF1844563FB84D40ED914B28FABFF9E7064,com.wordgame.words.connect,148,1981-01-01 01:01:02,2023-12-21 11:40:52.533671,50000000,2023-12-21T11:41:30.895088,Word Connect 6.1220.409,ZenLife Games Ltd,20 Dec 2023
00350BB718E4AD2AA80A5E0DBD0AD6C221E6E011079977824CFC1677DAD4CD1B,ru.rostel,4129,1981-01-01 01:01:02,2023-04-04 21:17:38.551605,50000000,2023-04-04T21:19:18.611153,Госуслуги,Минцифры России,31 Mar 2023
02A9DFA0AA17E92AF8CB89C5BE20FC9F53C58AD7C735FB7C42F233171BC0963B,com.gzl.drivebus.parking.game,142,1981-01-01 01:01:02,2023-07-19 02:07:42.700889,100000000,2023-07-19T02:07:44.196310,Bus Simulator Drive: Bus Games,The Knights Pvt Ltd,11 Jul 2023
0D6B53A19AA44640CB5C68691B8F8FF6B1E7D0A71BE2528CB17E096D016C8CBE,com.skgames.trafficrider,640,1981-01-01 01:01:02,2023-10-18 09:59:31.019451,500000000,2023-10-18T10:01:05.245736,Traffic Rider,skgames,13 Oct 2023
001623825B4C206FD2A7D99C8FD113A81F64DF6A9FD58E26C8AC63A51CF036A6,com.microsoft.skydrive,2026840202,1981-01-01 01:01:02,2023-07-17 02:55:00.317146,1000000000,2023-07-17T02:56:12.537867,Microsoft OneDrive,Microsoft Corporation,13 Jul 2023
0B7935D3AD8C90FA705F2BA9D85318CD533A0E8D8471E29D19E95B2BE3BEEF25,com.lbe.parallel.intl,10875,1981-01-01 01:01:02,2023-07-30 22:37:04.20367,100000000,2023-07-30T22:38:55.518056,Parallel Space - app cloning,LBE Tech,28 Jul 2023
35E952CDDE49FED88CF6712EC40D31B102ECAB0DC784DDD6006A14B4637941F7,photocollage.photoeditor.collagemaker,222000,1981-01-01 01:01:02,2023-05-28 23:57:34.590221,50000000,2023-05-28T23:58:11.933428,Photo Editor - Collage Maker,Photo Editor & Collage Maker,22 May 2023
045261B590A1309784BAB9DC34A8B0388726C5AB07507F4F65588BA1BB8B6AFE,com.vincentb.MobControl,2005,1981-01-01 01:01:02,2023-11-03 01:26:47.198077,50000000,2023-11-03T01:28:01.419897,Mob Control 2.62.0,VOODOO,31 Oct 2023
0E7E3607BD3087C0760E7C1952BC59BDDBD32CBA8807A41C45C077CFD0DE6C28,com.jrtstudio.music,116260,1981-01-01 01:01:02,2023-07-02 23:35:36.854612,50000000,2023-07-02T23:36:46.401879,Music Player,JRT Studio Music Players,30 May 2023
411974CB94D65EC380E221A6EB4D47E25C7C1A9175B428E33F0A2E3826B8FE30,com.mastercomlimited.racethetraffic,614010906,1981-01-01 01:01:02,2023-11-17 20:53:31.627899,50000000,2023-11-17T20:53:02.756282,Race the Traffic 1.9.6,Play365,31 Aug 2023
0E17C0AC300A0B1A702267CFD2B3A7BB19F3D83F675D820B11BCB5CEC93F115D,com.aceviral.petrun,93,1981-01-01 01:01:02,2023-01-16 14:00:04.685902,50000000,2023-01-16T14:22:47.748435,Pet Run - Puppy Dog Game,Ace Viral,12 Jan 2023
44E45A075E4A53071297CFE99B070333A3393516E471F3870B8F0F1BFFB75B01,br.gov.caixa.fgts.trabalhador,1920322196,1981-01-01 01:01:02,2023-06-11 01:17:38.214261,50000000,2023-06-11T01:17:26.715283,FGTS,Caixa Econômica Federal,26 May 2023
2047C11F77BF354CF12B2E3B0469B43F21074FEBEDCC4AB99E279B0CC3351AA5,com.pixelberrystudios.choices,200040,1981-01-01 01:01:02,2023-12-11 22:04:51.998774,50000000,2023-12-11T22:06:00.488635,Choices: Stories You Play 3.1.3,Pixelberry,5 Dec 2023
7CFB1C66571A6F5B4030997812DE47B4AB0192F80B8D7F0E58F420852B755D62,com.superbinogo.jungleboyadventure,4140,1981-01-01 01:01:02,2023-01-23 07:09:51.887791,100000000,2023-01-23T07:09:44.499971,Super Bino Go:Adventure Jungle,ONESOFT GLOBAL PTE. LTD.,16 Jan 2023
0C602EBDF38417611699BADB9795F5FD014DB16F25C881671BD8F3733D7D6FEE,com.moistrue.zombiesmasher,6,2015-02-04 17:28:28,2023-12-15 02:27:34.218266,50000000,2023-12-15T02:27:45.783204,Zombie Smasher 1.5,Italic Games,"Feb 4, 2015"
767D04AFA17D1E5DA8FF1539F2F9E634CD2B6F9AD82D494BADED3EC44E1B6A59,com.til.timesnews,521,1981-01-01 01:01:02,2023-01-12 00:30:47.356639,50000000,2023-01-12T00:31:01.511467,Newspoint : Public News App,Times Internet Limited,6 Jan 2023
129C8E3E46494D09D04B7049B4C4399F0C5AADBFFBE046B223131869362DFD1D,com.crazylabs.soap.cutting,3888,1981-01-01 01:01:02,2023-06-14 20:04:39.592308,50000000,2023-06-14T20:07:06.183037,Soap Cutting - Satisfying ASMR,CrazyLabs LTD,1 Jun 2023
276105D0075491022CA1538682950A705CE821A5DFD02D7CFE1A73988E5A6814,com.tpvapps.simpledrumsrock,79,1981-01-01 01:01:02,2023-02-08 15:22:59.977049,50000000,2023-02-08T15:23:16.674427,Simple Drums Rock - Drum Set,TPVapps,4 Feb 2023
419998B07224F99D1F02D2A97A745C71D4AEA214ABA90F8F3D6BCD2166AE1BF1,com.playstrom.dop4,30,1981-01-01 01:01:02,2023-06-01 00:28:38.660688,50000000,2023-06-01T00:29:27.498136,DOP 4: Draw One Part,SayGames Ltd,15 May 2023
005FE3546C616678744E5BB2736D6EDB295F55883EADD261CDAE2522C08C5AA5,net.daum.android.cafe,5060006,1981-01-01 01:01:02,2023-10-17 06:05:03.101924,10000000,2023-10-17T06:05:54.238489,Daum Cafe - 다음 카페,Kakao Corp.,16 Oct 2023
13FEBCA77FCA16FF849E8DC9E5309B9C9CF8CC7ADABE1BD3026728598B46F58A,easy.sudoku.puzzle.solver.free,322,1981-01-01 01:01:02,2023-11-24 12:20:22.00815,50000000,2023-11-24T12:23:15.050639,Sudoku - Classic Sudoku Puzzle 4.18.0,Kidult Lovin,23 Nov 2023
86C33781EE1FBD5A4873563499A8F6649F8B4FC2C06C97EA0C5902C1184DE2C6,com.ticno.olymptrade,649,1981-01-01 01:01:02,2023-12-03 20:38:47.224581,100000000,2023-12-02T22:49:58.051735,"Olymp Trade - trading online
8.32.37950",OlympTrade,23 Mar 2023
0DF51D865B7B9D01737FAFB268ED9A25EC85A83F79A5C670B96C82AF66C59D9C,games.spearmint.triplecrush,10941,1981-01-01 01:01:02,2023-11-23 08:18:21.906559,50000000,2023-11-23T08:20:11.581211,"Tiledom - Matching Puzzle
1.9.41",Spearmint Games,22 Nov 2023
1AB7096AF0A80F9D2E789D3CE1A5302DE5D5A3B92FDE855AD7C710E3A92DEA0E,com.lf.frontline.elite.war.free.apps,214,1981-01-01 01:01:02,2023-02-16 15:59:12.313809,50000000,2023-02-16T16:00:32.269536,Gun Games 3D -  Shooting Games,CupTie Fun Games,10 Feb 2023
0DC88F645946931644857B9AD3D29E801C6A94FDCAA58AD9C3F2416415211C5F,ru.yandex.yandexmaps,735734310,1981-01-01 01:01:02,2023-01-25 23:18:50.018414,100000000,2023-01-25T23:18:18.942575,Yandex Maps and Navigator,Intertech Services AG,20 Jan 2023
26CA6F189107DE6B4CA75771010C9CD31F6A3CBDE63A24193CB8F712FC6E7AFD,com.BeerMoneyGames.Demolition2,1707,1981-01-01 01:01:02,2023-10-14 05:54:42.627035,50000000,2023-10-14T05:55:05.280235,Demolition Derby 2,Beer Money Games!,10 Oct 2023
7ED78FBEFDAFA935586C43FB50E4CACCFC1258442A2FDF1022E3EC3FA75FE90E,software.simplicial.nebulous,1217,1981-01-01 01:01:02,2023-03-23 07:59:56.391581,50000000,2023-03-23T07:59:35.223952,Nebulous.io,"Simplicial Software, LLC",22 Mar 2023
015E805AA96605F858C56F6B03F3FC69AB68F5155787363F2E577C11E2936CE3,com.knockdown.bottle.game,200171,1980-01-01 00:00:00,2023-07-27 16:25:56.66518,100000000,2023-07-27T16:25:58.403911,Bottle Shooting Game,Sigma App Labs,13 Jul 2023
EA5C84DD9AF2D4386E388D94584B91C626B2B7C0E2831154606C34AEC12ED41B,europe.truck.simulator2,55,1981-01-01 01:01:02,2023-04-12 17:01:47.264229,50000000,2023-04-12T17:02:54.699529,Truck Simulator : Europe 2,Wanda Software,12 Apr 2023
007222542ADE2DBA010B604B293D7B1D8DE1DCE6054980C1E20FCF309955CD80,com.superking.parchisi.star,257,1981-01-01 01:01:02,2023-03-29 18:29:47.085975,100000000,2023-03-29T18:31:19.264854,Parchisi STAR Online,Gameberry Labs,29 Mar 2023
46061DA22BD1E9B8795BA898CC1CA20160735C51D7F454C4B0140A7AEF472681,com.doodlejoy.studio.kidsdoojoy,65,1981-01-01 01:01:02,2023-09-09 19:07:31.223092,50000000,2023-09-09T19:09:20.790441,Kids Doodle - Paint & Draw,Doodle Joy Studio,6 Sept 2023
06AFB99D3DC1829C2ED083186099CE4447D39F6DC1A031C853F16DEE70BD51BA,com.starmakerinteractive.starmaker,85840501,1981-01-01 01:01:02,2023-07-18 16:48:46.778622,100000000,2023-07-18T16:48:48.299293,StarMaker: Sing Karaoke Songs,STAR SHINE ENTERTAINMENT PTE. LTD.,17 Jul 2023
0037AA132341060B336F49085F7512396CE99128681CA9694EF6D8AEFC47767D,com.bambuna.podcastaddict,20988,1981-01-01 01:01:02,2023-09-01 01:53:54.84627,10000000,2023-09-01T01:54:37.495763,Podcast Addict: Podcast player,Xavier Guillemane - Podcast & Radio Addict,28 Aug 2023
10F30DFFE01F996EE2AAF6FB0BDA11C18FA0664DCAD89D41AAB8AF18B75114F5,com.creativemobile.nno,50015241,1981-01-01 01:01:02,2023-10-12 16:10:25.688954,50000000,2023-10-12T16:10:38.721511,Nitro Nation: Car Racing Game,Creative Mobile Games,27 Sept 2023
2DBADBBBB63EE7A2F09E9A4967B28DCE9F33F2445575F7CED6D25DD8C43CCC4B,com.jetstartgames.chess,76,1981-01-01 01:01:02,2023-05-22 01:53:12.89304,100000000,2021-11-02T10:37:01.761319,Chess,Chess Prince,31 Oct 2021
2A8FE8BF4D8C62297F8E8086BE6D1025B036CE25E6B8DF87FA41062E8222018D,ru.appache.findphonebywhistle,128,1981-01-01 01:01:02,2023-01-18 09:09:47.640537,50000000,2023-01-18T09:10:21.834882,Find My Phone Whistle: finder,Appache Tools: easy to use,8 Jan 2023
044C3DB23031F67A860A407181F912055BF0E72A3F260E1E4508075BC4144E5B,com.wildspike.wormszone,5100,1981-01-01 01:01:02,2023-10-24 23:21:41.210341,100000000,2023-10-24T23:22:45.179704,Worms Zone .io - Hungry Snake,CASUAL AZUR GAMES,13 Oct 2023
667BB14602765A19AF5864377F5EEE73AD24C0A815241D876A8030407DA3D683,com.blackout.word,2030,1981-01-01 01:01:02,2023-11-14 01:39:25.64601,50000000,2023-11-14T01:42:39.101564,Word Search Quest: Word Puzzle 2.03,Blackout Lab,12 Nov 2023
22C260E6D33CB0D056F1B860D4DAA3268B556D8918D8B92231A3C9982195EBA9,com.alarmclock.xtreme.free,70003575,1981-01-01 01:01:02,2023-01-05 19:55:03.586098,50000000,2022-10-26T07:37:47.930343,"Alarm Clock - Timer, Stopwatch",AVG Labs,20 Oct 2022
0023ADFCC1E0F278B4DFF696DC32AD68B14325BD8379B3B07402EBE990A65A2F,suamusica.suamusicaapp,6824,1981-01-01 01:01:02,2023-06-09 01:02:45.891675,10000000,2023-06-09T01:02:47.330028,Sua Música,Sua Música: Baixar Musicas,5 Jun 2023
003E043C77C00B6B02E4330A7EC13BB27AFA050A26661191B9414938BA773481,org.torproject.torbrowser,2015960787,1981-01-01 01:01:02,2023-07-05 19:43:52.883753,10000000,2023-07-05T19:44:12.001374,Tor Browser,The Tor Project,4 Jul 2023
0BBF84269BE1619AD6D87504528C8EEF77C173E6C0B9F125D69DB7EDB9A295FC,io.chingari.app,752,1981-01-01 01:01:02,2023-10-10 13:22:17.60224,100000000,2023-10-10T09:59:48.063176,Chingari : Meet New Friends,Chingari,9 Oct 2023
0E71CE90A6F6C0B92382AF67026297D590C0CE35D8619B58528A5B7B3D0582F1,candymanor.homedesign.match3,97,1981-01-01 01:01:02,2023-09-11 19:43:08.30338,50000000,2023-09-11T19:49:27.511422,Candy Manor - Home Design,Tengame19,"Sep 9, 2023"
1B24033220DF0F2B6928F8D98257663B74DF98737C06BA4636DC4BFD2F78687E,com.ea.gp.nbamobile,247110,1981-01-01 01:01:02,2023-03-05 10:47:13.35591,100000000,2023-03-05T10:48:24.472099,NBA LIVE Mobile Basketball,ELECTRONIC ARTS,1 Mar 2023
C50B7078AC46DF4C3E3A70AA350C3359DC88F3A45A8AD0B76DCE83CE46CE79DE,com.wordsmobile.grandfightgangsters,17,1981-01-01 01:01:02,2023-05-31 06:41:30.587597,50000000,2023-05-31T06:44:21.167673,Grand Gangsters 3D,Doodle Mobile Ltd.,15 May 2023
0565B8403694F3AAC1239ED1FFC639DB525E49CF56CB4E4193CC61DE36A08982,com.samsung.android.oneconnect,180122010,2009-01-01 00:00:00,2023-05-11 17:06:42.414409,500000000,2023-05-11T17:07:00.139424,SmartThings,"Samsung Electronics Co.,  Ltd.",8 May 2023
75B9A2E207F4D05D84739F975B6A00A7C4A0406BED619A2B47B0BEB072A9E36F,flipboard.boxer.app,3182,1981-01-01 01:01:02,2023-03-10 06:16:21.157996,1000000000,2023-03-07T04:40:02.366284,Briefing,Flipboard,6 Mar 2023
0E45E70BA9C19774DDB7F4BF674440A1912D51E3773DD93A0317380F26E0FE6A,br.gov.serpro.cnhe,1198607,1981-01-01 01:01:02,2023-11-23 03:09:09.693918,50000000,2023-11-23T03:09:44.564523,Carteira Digital de Trânsito 6.6.1,Serviços e Informações do Brasil,21 Nov 2023
0DF6B3FD3170B8C39DFCA768E154547409126B3C67F7E2E876BD70F31E3F158F,com.taggedapp,1912,1981-01-01 01:01:02,2023-12-10 19:35:44.622584,50000000,2023-12-09T13:09:54.038035,"Tagged - Meet, Chat &amp; Dating 9.69.0",Ifwe Inc.,8 Dec 2023
4BF578769398CE5AC4E84BB6D4DE000EAE0845349128E2892D59C4135A11C00F,com.ludia.tmnt,123031,1981-01-01 01:01:02,2023-04-06 14:47:28.450216,50000000,2023-04-06T14:48:16.160666,Ninja Turtles: Legends,"Jam City, Inc.",3 Apr 2023
1200831615040553BBD54BB97C68AA851175D5524D053195AEED8B38270B24FF,com.mi.global.shop,40809,1981-01-01 01:01:02,2023-07-07 19:41:51.803807,50000000,2023-07-04T21:32:14.371461,Mi Store,Xiaomi,3 Jul 2023
1FE66271606B3024FCFC78CE9CAB430C130D1086D6EE2D197D0BF763B42AF47D,com.picslab.neon.editor,682,1981-01-01 01:01:02,2023-05-14 21:32:35.589097,100000000,2023-05-14T21:33:33.358022,Mivi :Music & Beat Video Maker,Music Video Studio,10 May 2023
04CB842FBAE2D734057D5A74E510607A17772E688607FDF04955CA9897863565,com.zong.customercare,67,2023-09-28 20:45:40,2023-09-29 06:04:08.841315,50000000,2023-09-29T06:03:58.532663,My Zong,CMPak - Zong,28 Sept 2023
01E738D548646322D8507250DD08311554C3A2D18A9447C89F43F33B5893574A,com.gamedevltd.modernstrike,429481,1980-01-01 00:00:00,2023-05-02 12:22:02.123485,100000000,2023-05-02T12:23:22.620020,Modern Strike Online: PvP FPS,Azur Interactive Games Limited,29 Apr 2023
2487219B9FFB87A4D4965E507F28B52AAA8EA78EA9E89B7B90E9BE46CF4AE0B8,com.sega.sprint,1123123120,1981-01-01 01:01:02,2023-05-12 01:14:55.634464,100000000,2023-05-12T01:14:47.818854,Sonic Forces - Running Battle,SEGA,3 May 2023
1FC60F162B1A409C975FD78E581E2D9AE220DA8BA72C5368DC4BA4031BD70C26,net.wargaming.wot.blitz,90600408,1981-01-01 01:01:02,2023-01-11 10:07:18.523712,100000000,2023-01-11T10:08:43.316584,World of Tanks Blitz,Wargaming Group,29 Dec 2022
02766B40709A6C4553D1B494EFFE8DBA12278AC5CFF64868071D10643DD4A6FE,com.JindoBlu.Antistress,700,1981-01-01 01:01:02,2023-02-10 11:06:22.328454,100000000,2023-02-10T11:06:03.718317,Antistress - relaxation toys,JindoBlu,9 Feb 2023
005D716FDD7C742C2C2591914378810692FA3B74F8E1B574FE5056F22B84FA9B,com.trulia.android,1442,1981-01-01 01:01:02,2023-02-17 22:24:05.44725,10000000,2023-02-17T22:24:12.168804,Trulia: Homes For Sale & Rent,Trulia,15 Feb 2023
47E4EA7D84FFAB0F5F8BBD87AEFD3E9671298F9EDC0CF93422C454F29FCE3589,com.fungames.highway.traffic.race,1319,1981-01-01 01:01:02,2023-01-17 15:28:38.01985,50000000,2023-01-17T15:30:12.695478,Crazy Car Racing 3D- Car Games,Frolics Simulation & Action Games,10 Jan 2023
0CDFE296CE264E5918FF296AC07C8727B6425AB7354F46F2FB159B89BB3ADB3F,com.midasplayer.apps.bubblewitchsaga2,111700135,1981-01-01 01:01:02,2023-09-04 23:09:46.370338,100000000,2023-09-04T23:09:47.921185,Bubble Witch 2 Saga,King,28 Aug 2023
091F0CD35F20B7E2EEB993CA362B1EEC01191ED3B40DF6A3F7A18B1CA5385615,ru.yandex.yandexnavi,736412350,1981-01-01 01:01:02,2023-10-24 16:51:27.870546,100000000,2023-10-24T16:52:15.260324,Yandex Navigator,Direct Cursus Computer Systems Trading LLC,17 Oct 2023
168280C60D60F156305384C16B793C9AC1309ADFFECF1CB64BCEA9E66B61883B,jp.naver.linecamera.android,174,1981-01-01 01:01:02,2023-10-06 23:37:01.330306,100000000,2023-10-06T23:39:18.137845,LINE Camera - Photo editor,LINE Corporation,6 Oct 2023
923510A07FDB65FA84F0F0A024BBBEC2F7F5B6A3FA17B6E614B0D139051187BD,com.playappking.ametalsoldiers2,700400287,1981-01-01 01:01:02,2023-11-05 05:07:50.42429,50000000,2023-11-05T05:06:49.241347,Metal Soldiers 2 2.87,Play365,19 Sept 2023
0E0F2FAC7F30DCAA99907B8ECAEC484AC718916FBBAF2AB894663F3ED0A391E8,com.nglreactnative,113,1981-01-01 01:01:02,2023-12-02 20:03:33.506539,50000000,2023-12-02T20:05:14.024578,NGL: anonymous q&amp;a 2.3.18,NGL App,10 Oct 2023
0D7858FF6F6BCF95A8F0C46AFB09D5DA00967AB8DA82E6229BDA93E1237CC9BF,com.nianticlabs.pokemongo,2023091801,1981-01-01 01:01:02,2023-09-26 05:18:54.646151,100000000,2023-09-26T05:19:46.165398,Pokémon GO,"Niantic, Inc.",19 Sept 2023
0D55593429106EADE6193DCDB251F5219F0E351C9734DEE10F41F5D765AB48A8,com.streema.simpleradio,613,1981-01-01 01:01:02,2023-07-05 02:56:10.59354,50000000,2023-07-05T03:02:37.726034,Simple Radio: Live FM AM Radio,"Streema, Inc.",19 Jun 2023
D6888D0900D19C00196378D59936D17DE92E64A02E59B235DFF77EE3ADB23CD3,com.gismart.guitar,12471,1981-01-01 01:01:02,2023-10-06 00:49:44.137082,50000000,2023-10-06T00:51:56.917788,Real Guitar - Music Band Game,Gismart,26 Sept 2023
2C8E3E09B4D306A878FBE679EAEA512EC1E0B4F54C3C100C82E1521307ED02D8,com.outfit7.mytalkingangela2,400,1981-01-01 01:01:02,2023-05-23 02:55:00.70573,100000000,2023-05-23T02:56:37.895702,My Talking Angela 2,Outfit7 Limited,16 May 2023
003BF6F96F108DA1A4559713E4AAD2AFD0B4482FFD2D3A30C4AA686947C0372E,com.sinyee.babybus.kitchens,8650001,1981-01-01 01:01:02,2023-01-05 07:04:04.320232,50000000,2023-01-05T07:06:11.705406,Little Panda's Space Kitchen,BabyBus,4 Jan 2023
01FFFE3ACF0BE94E0B6492223779A04DE04494788C7E418E46A4CE841DB548A3,com.masomo.headball2,156401,1981-01-01 01:01:02,2023-07-27 14:21:15.471086,100000000,2023-07-27T14:21:33.634227,Head Ball 2 - Online Football,Masomo Gaming,25 Jul 2023
071A7E3DF217F5CB4C148FADDF665176D7D84FF7FA009A8CE972EC7DB003C10B,com.psiphon3.subscription,389,1980-01-01 00:00:00,2023-12-02 21:38:10.793179,100000000,2023-12-02T21:38:40.813039,"Psiphon Pro
389",Psiphon Inc.,21 Nov 2023
54842E9A8DAB5CBF2A8D4A7CB43F981F86FE8B19C022B34DACF260F1604465DE,com.pranksounds.appglobaltd,42,1981-01-01 01:01:02,2023-11-25 15:53:25.095202,50000000,2023-11-25T16:18:25.971993,"Haircut prank, air horn &amp; fart 1.0.42",ABI Game Studio,20 Nov 2023
416309CF91C9E0EF083E4BB757250A90F3FE6FD5A86C1C302704275F617595CA,com.gameloft.android.ANMP.GloftAGHM,17801,1981-01-01 01:01:02,2023-11-10 10:25:35.383133,100000000,2023-11-10T08:50:37.934108,"Asphalt Nitro
1.7.8a",Gameloft SE,7 Nov 2023
C0CA744C40EFDC13E570D8E8B4CB597D577C814879F197E56447322E70FA6203,com.outfit7.talkingtom2free,550,1981-01-01 01:01:02,2023-05-31 00:22:31.248688,100000000,2023-05-31T00:23:27.448335,Talking Tom Cat 2,Outfit7 Limited,30 May 2023
1393CAD551B074349965AEE56177C6FD97A6F50A7E4CA6366453B59CB970C359,com.sbkgames.rallyracerdirt,187,1981-01-01 01:01:02,2023-09-01 20:55:39.111948,50000000,2023-09-01T20:55:40.598321,Rally Racer Dirt,Valvolex,28 Aug 2023
084F3CF9234A36E7EEAC3FC8050F4155DE6574E1FB2CFBB435BE64787BF7E9E8,com.game.colorroll3d,200223,1981-01-01 01:01:02,2023-11-25 01:17:45.291888,50000000,2023-11-25T01:20:21.557715,Color Roll 3D 2.0.1,CASUAL AZUR GAMES,21 Nov 2023
17E0C6ABF4A7BA87C325C217BC0AF209429F08DB0BAE13BE60DBCE2E02A52B94,com.billiards.city.pool.nation.club,119,1980-01-01 00:00:00,2023-02-24 03:11:06.167551,100000000,2023-02-24T03:10:54.506998,Pooking - Billiards City,MOUNTAIN GAME,22 Feb 2023
049328CB6C3883C6907BE48A6ED3838849D118B37BB530A0987D882A7293DED7,com.plarium.raidlegends,69991,1981-01-01 01:01:02,2023-11-23 13:18:28.505984,50000000,2023-11-23T13:15:01.219960,RAID: Shadow Legends 7.70.6,Plarium Global Ltd,"Nov 22, 2023"
151D5F4C7F89B15CD5C80432641EE8E12882537CB93B4783D8878C9968C74533,com.avg.cleaner,800009989,1981-01-01 01:01:02,2023-04-25 11:16:54.350959,50000000,2023-04-25T11:17:45.609459,AVG Cleaner – Storage Cleaner,AVG Mobile,20 Apr 2023
0C9059D9084C27E93013BE05A8154258157AF602B35F1BB2E46C41EFA2FDA6F2,com.ftw_and_co.happn,936,1981-01-01 01:01:02,2023-02-06 18:51:22.969362,50000000,2023-02-06T18:46:23.268583,happn – Local Dating App,happn,6 Feb 2023
1010916F640F3595DB6756110602FECFA34D7DE27731D614D2E66322277832BE,io.state.fight,114,1981-01-01 01:01:02,2023-07-18 14:17:35.339404,50000000,2023-07-18T14:17:37.328115,State.io — Conquer the World,CASUAL AZUR GAMES,16 Jul 2023
007E2F236A70CB79C80F09C346EF2B572E278AEEB54601BC143122919F2B156B,com.slacker.radio,50410,1981-01-01 01:01:02,2023-10-18 23:00:16.326776,100000000,2023-10-13T10:50:32.361596,LiveOne: Stream Music & Events,Slacker Inc.,6 Oct 2023
1CB4286BDF3F5F850C481E118663E6025A023F78345ABB0615A48E8FC7F72317,com.heytap.browser,1034100,1981-01-01 01:01:02,2023-11-23 12:48:46.277529,100000000,2023-11-23T12:50:45.665582,"Internet Browser
45.10.3.4.1",ColorOS,22 Nov 2023
01037716B8AD4566895BA59C79A766685F1EFEFA092B2ED938AB6E4F4ADA47C4,com.graymatrix.did,203310988,1981-01-01 01:01:02,2023-04-19 05:53:03.868823,100000000,2023-04-19T05:55:10.473807,"ZEE5: Movies, TV Shows, Series",Z5X Global FZ LLC,12 Apr 2023
10316FAB34EC232EB2CC42697FBF18053FC84217BE303BB2AA8882878DF5AB76,com.indigokids.mim,1710041867,1981-01-01 01:01:02,2023-09-01 16:55:47.663744,50000000,2023-09-01T16:53:15.232649,Masha and the Bear Child Games,Hippo Kids Games,"Aug 24, 2023"
3369B3ABE087A6814C127568191B85935C1BF5C427776CB1C4D1C5AB72341A47,com.survival.squid.impostor,204,1981-01-01 01:01:02,2023-12-01 14:43:52.417774,50000000,2023-12-01T14:44:32.738586,Survival 456 But It&#39;s Impostor 1.7.6,Great Arcade Games,30 Nov 2023
03D00ECEF1DB67E676E0C08B96B32CECC5AD83FB16D6B43E6EA7F7E4C065B052,com.Upperpik.HairChallenge,825,2023-08-25 10:56:50,2023-08-26 08:47:31.81469,100000000,2023-08-26T08:48:47.611491,Hair Challenge,Rollic Games,25 Aug 2023
12E336B29BEAE1E9104AB3202AEDA7BACB9E552FC1E07F94EF7F554C70BCB395,com.rioo.runnersubway,656,1981-01-01 01:01:02,2023-10-20 03:58:51.147138,500000000,2023-10-20T03:58:21.133085,Subway Princess Runner,Ivy,19 Oct 2023
0FB768528A60D98D4EFF0470B3D8DE946B71379FA27C5E4AEE45CBF835ECE986,com.sinyee.babybus.cosmetology,8670000,1981-01-01 01:01:02,2023-07-19 02:52:58.790072,50000000,2023-07-19T02:53:00.342604,Little Panda's Pet Salon,BabyBus,17 Jul 2023
02D77596F32D33C352EF93F43085C904F0549BE2EAC46BD2817C557526B5261F,bts.kpop.piano.music.tiles,2066,1981-01-01 01:01:02,2023-11-30 23:25:47.665538,50000000,2023-11-30T23:30:20.773693,Kpop music game - BTS Tiles 1.4.19,Dream Tiles Piano Game Studio,30 Nov 2023
66F6F8309831FE56F3EF87FB559969EC33CC816EDF1FBFFAC0C175EB9A26C6D6,com.sec.spp.push,341100200,2009-01-01 00:00:00,2023-12-12 16:04:59.680867,5000000000,2023-12-12T16:06:44.097197,"Samsung Push Service
3.4.11.0","Samsung Electronics Co.,  Ltd.",12 Nov 2023
0411EFDCF2A51BC1BDB36A12D75728C6B52AB705BC6EE48CDA4DC8DBA4D95EFB,com.topface.kisskiss,50100302,1981-01-01 01:01:02,2023-03-28 18:00:39.983817,50000000,2023-03-28T18:00:46.304989,Kiss Kiss: Adult Stories Game,PLAYNETA LIMITED,28 Mar 2023
062E95BE369213969A2E1BF772F654F8646EE3123514B40579109DAA36E542C2,com.popcore.makesandwich,1440001,1981-01-01 01:01:02,2023-08-17 06:08:56.335934,50000000,2023-08-17T06:10:59.587031,Sandwich!,Popcore Games,16 Aug 2023
1CC6EA1AA19AA27DA73CE481804B49E9F1F2DEDAAC5B3C2B31F2361A620688F6,com.riotgames.league.wildrift,654764,1981-01-01 01:01:02,2023-03-17 04:42:42.750904,50000000,2023-03-17T04:42:46.487310,League of Legends: Wild Rift,"Riot Games, Inc",16 Mar 2023
060B5541F9837CCE3611E8034CBD6FD99E10C071287AA021211444CA806C35F2,pdf.tap.scanner,2849,1981-01-01 01:01:02,2023-10-29 00:38:41.472983,50000000,2023-10-29T00:39:07.637487,Scanner App to PDF -TapScanner,Tap AI,26 Oct 2023
02345420AC7E6BA7B0B39724E6057EC83511138543FDF1D2F2B99EBA601D7872,com.moonactive.coinmaster,379920,1980-01-01 00:00:00,2023-08-19 17:46:53.769855,100000000,2023-08-19T17:49:04.214627,Coin Master,Moon Active,15 Aug 2023
7577CFB23F00476BDE364B59798B56202B831ABE39750AE41DB158C769208293,com.decor.life,730,1981-01-01 01:01:02,2023-12-22 03:42:30.389707,50000000,2023-12-22T03:46:13.079083,Decor Life - Home Design Game 1.0.28,SayGames Ltd,"Dec 18, 2023"
00FBFEC02C6965690EF3A2681A072C68EF95B1B2DBE87E43C9BB472AC50FB19B,com.cloudmosa.puffinFree,51563200,1981-01-01 01:01:02,2023-05-29 08:14:47.157049,50000000,2023-05-29T08:15:21.330207,Puffin Cloud Browser,CloudMosa Inc,18 May 2023
292D28C2FDCDCDD106A46F29845D2D8A8E83F7DF33951377F958A76248239B38,com.touchtao.soccerkinggoogle,113,1981-01-01 01:01:02,2023-08-27 07:46:53.180824,100000000,2023-08-27T07:48:23.590815,World Soccer League,mobirix,"Aug 22, 2023"
0E510021B8A46A4D063EABF767A1146A195063995B82F8463665B282BC5C20AA,com.gjg.colorfill3d,200059,1981-01-01 01:01:02,2023-11-05 20:15:30.066593,100000000,2023-11-05T20:15:52.109955,"Color Fill 3D
1.6.0",CASUAL AZUR GAMES,9 Oct 2023
762A49193BB6241B9627B1FEC23AC0683A41EC6065878AF1FF6D853A5F850946,com.playappking.busrush,614012401,1981-01-01 01:01:02,2023-12-03 02:24:42.175674,100000000,2023-12-03T02:26:15.906218,"Bus Rush
1.24.1",Play365,10 Nov 2023
10973DC4190B251738875535A08FE3B9C41516462BFBA3381B9495BBAAAE3AA0,com.zinio.mobile.android.reader,2023100516,1981-01-01 01:01:02,2023-10-12 06:28:30.164113,50000000,2023-10-12T06:28:20.291199,ZINIO - Magazine Newsstand,ZINIO,5 Oct 2023
003E55D2848EB924F42D15D02BDD9044171D1E773506EA78BAEA948AFF40B71A,com.blue.monster.rainbow.impostor,63,1981-01-01 01:01:02,2023-04-06 06:24:30.34783,10000000,2023-04-06T06:25:35.920758,Survivor In Rainbow Monster,Great Arcade Games,2 Apr 2023
DADC372B4F722316A38D74CB02BDF01C88518E1E38DF8630CC5279780781BA10,com.ua.building.Lokicraft,25004,1981-01-01 01:01:02,2023-10-25 16:25:43.259169,100000000,2023-10-25T16:26:06.376133,LokiCraft,akseno2,19 Oct 2023
08145EAE3C4CE86324F329762C53C25CDCC9D6952CC2DB0BFEF67DE4284AD427,com.mmm.trebelmusic,1403,1981-01-01 01:01:02,2023-12-24 19:51:05.556681,50000000,2023-12-21T02:14:54.044375,"TREBEL: Music, MP3 &amp; Podcasts
5.9.5","M&M Media, Inc.",18 Dec 2023
0A3B09DEA2DD07A89350BF1B4DBA3C2A84913415983051763581D742D8D86010,com0.Company.ProductName1,445,1981-01-01 01:01:02,2023-03-21 10:14:06.158672,50000000,2023-03-21T10:17:09.550942,3D Driving Class,John 3:16,20 Mar 2023
8320EB3B3E0A40578886D0DDCA2BA122BD488DDA4C449EEDE1368992A078771B,com.xs.armysniper,18,1981-01-01 01:01:02,2023-05-23 21:51:25.905931,50000000,2023-05-23T21:53:32.850657,Modern Sniper,Candy Mobile,19 May 2023
1E7E4F62C0F1A173F7F020AADCBF10BA4FE4B6D86EE3F9921B749383B3B4CD78,com.blackout.bubble,2680,1981-01-01 01:01:02,2023-09-19 23:51:56.11939,100000000,2023-09-19T23:49:57.765542,Bubble Shooter Rainbow,Blackout Lab,"Aug 29, 2023"
81B4F123CC2E0BBF1EA2FD63ECB35C7C256857AA8BAFE5BEBB4A255A5A89DD6E,com.sunsetgames.bordersecurity,4398,1981-01-01 01:01:02,2023-06-17 06:17:10.261573,50000000,2023-06-17T06:18:32.526649,Airport Security,Kwalee,23 May 2023
1128BA26358F5EA1E362AD069C2B01E6A4EDE84D792605AC46052A389A3500A7,com.olzhas.carparking.multyplayer,200261,1981-01-01 01:01:02,2023-09-20 08:36:06.074839,100000000,2023-09-20T08:42:11.174404,Car Parking Multiplayer,olzhass,"Sep 18, 2023"
094C2E43BB607883BC5D3DBCEAF357507952EA87009693EA59A37B34C5E18548,pdf.pdfreader.viewer.editor.free,9,1981-01-01 01:01:02,2023-12-16 19:10:47.073523,50000000,2023-12-16T19:12:22.241822,"PDF Reader - PDF Viewer
1.0.9",QR Code Scanner.,26 May 2022
069E3FAED5A0C5A664FEF4122E3DE9A735BD91349401E0A6E03309F370313DBE,com.etoolkit.lovecollage,301,1981-01-01 01:01:02,2023-03-01 04:32:09.294249,50000000,2023-03-01T04:33:43.964620,Love Collage - Photo Editor,eToolkit Inc,24 Feb 2023
0051E897845E54980CFA5FDF0EA858BE483710AC2A9EA1169B78BEDE1B65D957,com.burakgon.gamebooster3,4702,1981-01-01 01:01:02,2023-03-21 21:55:03.340437,10000000,2023-03-21T21:56:55.563156,Game Booster: Game Launcher,BGNmobi,19 Mar 2023
09E57C2276BF71A2600E772D8651054F061DA1EA5D3AE7BA145D87154F9DFB6E,com.metropcs.metrozone,20012011,1981-01-01 01:01:02,2023-11-10 19:26:30.993797,100000000,2023-11-10T14:22:46.581714,"MetroZone
2.0.12.1.1",Metro by T-Mobile,"Nov 1, 2023"
006B93FCE7D7B176A6B3752B8250EEF253FF28E26E21DE1145F6934C1E52D9FC,com.playflock.savethegirl.clue.rescue.hotel.pull.girl.out.run.pin,19490,1981-01-01 01:01:02,2023-07-26 19:46:32.742872,10000000,2023-07-26T19:46:43.653669,Emily’s Dreams: Save the Hotel,PlayFlock,"Jul 24, 2023"
4BFEE245773099A356852895F9558305A5D8AB2827301753D0865E313BF34776,com.mattel.barbiesparkleblastkids,10900,1980-01-01 00:00:00,2023-08-26 08:09:21.697084,50000000,2023-08-26T08:09:23.313977,Barbie™ Fashion Closet,Mattel,10 Apr 2023
13743622931E00984C809FCF8D72E25D16279B5851B9C8AC752A2E05DC8F26C9,com.tellurionmobile.realmcraft,298,1981-01-01 01:01:02,2023-03-04 01:24:03.400741,100000000,2023-03-04T01:23:46.305115,RealmCraft 3D Mine Block World,Tellurion Mobile,28 Feb 2023
212E23D33C004C2B616AEDF6E8634899E691AD30FD5D74F05D97CA5816ADD496,com.syubestgames.teachersimulator,2587,1981-01-01 01:01:02,2023-04-11 21:20:18.517321,50000000,2023-04-11T21:23:24.851425,Teacher Simulator,Kwalee,6 Apr 2023
10276C61916C9CA1F9A542D3D7FF5755504933287C1D2476D932BF6E601F149B,com.miniclip.eightballpool,3363,1981-01-01 01:01:02,2023-12-15 12:56:22.446478,1000000000,2023-12-15T12:57:06.864684,"8 Ball Pool
5.14.7",Miniclip.com,14 Dec 2023
1948C86B3EC727C358E76FB7148BC45961ECD8F9C6257FB4E11E083D1895A07B,vidma.screenrecorder.videorecorder.videoeditor.pro,30700301,1981-01-01 01:01:02,2023-08-24 15:11:19.260938,50000000,2023-08-24T15:13:10.910607,Screen Recorder -VidmaRecorder,Vidma Video Studio,16 Aug 2023
0DA3418FD4310C16D25128E6EA1C5F85CA81BFD2659656A93C421C0968178520,com.santander.app,100613,1981-01-01 01:01:02,2023-10-01 19:49:19.649679,50000000,2023-10-01T19:51:28.117428,Santander Brasil,Banco Santander (Brasil) S.A.,25 Sept 2023
49AB265A1DE1B6CD41DFBEBDF6E5B6226F2F59B4C77010FDEDDFA002ECC89325,com.globalfun.tj2015.google,101,1981-01-01 01:01:02,2023-12-23 12:57:35.892057,50000000,2023-12-23T12:58:59.279787,Tom &amp; Jerry: Mouse Maze 3.0.1-google,GlobalFun Games,18 Dec 2023
00615055FCCA3B05784D3C77FEC929B9E621745FED2F11619F72CAB1587BB08A,videomedia.photovideomaker,10100004,1981-01-01 01:01:02,2023-03-07 02:51:48.782557,10000000,2023-03-07T02:52:18.453975,Photo Video Maker with Music,Multi Tech Apps,2 Mar 2023
20E90DF0F2266A13949BF095742E4CD59D3EB192EED853EA2EA3666E26B808FB,com.viki.android,62400,1981-01-01 01:01:02,2023-01-26 02:21:48.664859,50000000,2023-01-26T02:22:41.293861,Viki: Asian Dramas & Movies,"Viki, Inc",19 Jan 2023
2AD86930EE6C2A97205873E3D558D044D1141989A751976B55054F7982D4A591,com.ludia.dragons,2156007,1981-01-01 01:01:02,2023-09-27 01:02:48.269393,50000000,2023-09-27T01:02:22.862873,Dragons: Rise of Berk,"Jam City, Inc.",21 Sept 2023
0059B3EBF791BFD35B0C5D824AFE0F4EDFA5A3C87D7E6DBBADA46092E6964281,steptracker.healthandfitness.walkingtracker.pedometer,56,1981-01-01 01:01:02,2023-07-22 13:40:56.77251,10000000,2023-07-22T13:41:53.786101,Step Tracker – Pedometer,Leap Fitness Group,17 Jul 2023
03C6E7F56C72B42E7DC75229C2EAB776CB04AC191E72EE4B34674483511FE407,com.bubadu.bubbuschool,32,1981-01-01 01:01:02,2023-08-28 21:14:38.363559,50000000,2023-08-28T21:16:22.502895,Bubbu School - My Virtual Pets,Bubadu,23 Aug 2023
02090DF39A7764E282988F3CDA4BD96A213FCAAB57B64C34C1A9D90543545494,ru.ok.android,23080100,1981-01-01 01:01:02,2023-08-02 19:45:52.953992,100000000,2023-08-02T19:45:59.193081,OK: Social Network,Odnoklassniki Ltd,31 Jul 2023
02C78A1A5D0F92543596061B7EEB611AFD474A7E66F992B28AAF7B2E6974988C,com.campmobile.snow,91120412,1981-01-01 01:01:02,2023-12-29 11:05:47.442331,100000000,2023-12-29T11:05:48.145617,"SNOW - AI Profile
12.4.12",SNOW Corporation,28 Dec 2023
050796D63E3796A4845CA6CD33DBD068967E6FE506477744C8AFB842468DBF1A,com.vpnmasterx.pro,23063001,1981-01-01 01:01:02,2023-06-30 17:20:52.358806,100000000,2023-06-30T17:23:20.283408,Fast VPN Pro - Fast & Secure,VPM Master,30 Jun 2023
022E8482B90CB1E27EA9E7B035ED83A23B6A75A28D9442FA33DB46CB0F21B199,com.hitrock.hideonline,10000055,1981-01-01 01:01:02,2023-08-31 17:13:23.811638,100000000,2023-08-31T17:15:20.340064,Hide Online - Hunters vs Props,HitRock Games,31 Aug 2023
1E1D7D05A62E4B7F9F657AA2778BBB7C7BD603A05E9C61495131DE45A12EEC1B,mbinc12.mb32b,20129,1981-01-01 01:01:02,2023-04-10 12:19:22.699769,100000000,2023-04-10T12:21:20.762351,Music MP3 Player Lite,MixerBox© - Music & MP3 Player App,7 Apr 2023
08D54055ABF7928B866D44E9459EE730173040D54951435FB7E9A0FDB189C463,com.noorgames.ballup,46,1981-01-01 01:01:02,2023-11-17 12:37:50.041519,10000000,2023-11-17T05:34:00.726576,"Ball Up: Knife Racing
2.1",VOODOO,10 Nov 2023
2345D95F2E54C1D1BB892A2032D3E67F2EFE9C7B7FCFFFABE3CACEE0E8D10521,im.thebot.messenger,984,1981-01-01 01:01:02,2023-12-30 10:08:20.44839,100000000,2023-12-30T10:08:00.948096,"Botim - Video and Voice Call
3.9.3",Algento Cloud Computing Limited,28 Dec 2023
032C07DF1543894E15A25957A30A983BEBE0E8565A0F8294002AA14EA0B334AC,com.sinyee.babybus.policemen,8660007,1981-01-01 01:01:02,2023-06-27 19:35:37.794623,50000000,2023-06-27T22:03:35.093360,Little Panda Policeman,BabyBus,21 Jun 2023
FE15AF42C078CC3A3DF3F9B5A2E624C4F381072BF490730A418CC1FA52BA6376,cris.org.in.prs.ima,253,1981-01-01 01:01:02,2023-12-20 10:18:29.957396,100000000,2023-12-20T10:18:48.186696,"IRCTC Rail Connect
4.2.17",IRCTC Official,19 Dec 2023
0037004764020C724C34BFB01F319FC22D45D5C6033DDCFB193109BEA122F2E1,com.Alper.Manuganu,3,2013-03-15 20:11:08,2023-12-16 18:01:14.026932,10000000,2023-12-16T18:01:05.979784,"Manuganu
1.0",Alper Sarıkaya,15 Mar 2013
1E6B36149ABA9B84E62EF23C3F3736AD16C5A631BFDFBCDD0FC2B9E4BF1D095C,com.thesilverlabs.rumbl,4661,1981-01-01 01:01:02,2023-03-18 00:01:19.044498,50000000,2023-03-18T00:03:03.225442,Rizzle - Short Video Maker,"Silverlabs Technologies, Inc.",16 Mar 2023
02C8295FCF3EC94ECD11523DC4047EF4796B30212F9B4A578B1C8D1BF5646A92,org.mozilla.firefox,2015960411,1981-01-01 01:01:02,2023-07-05 19:01:06.841971,100000000,2023-07-05T19:03:13.147667,Firefox Fast & Private Browser,Mozilla,4 Jul 2023
0314C557B86D33E2A4A9E3DAAA899AC8B3FC9E975C2CC5892DB467E4EFA8E40F,com.google.android.apps.meetings,3855215,2009-01-01 00:00:00,2023-10-21 13:31:08.848946,500000000,2023-10-21T13:31:20.044588,Google Meet (original),Google LLC,20 Oct 2023
002B0CE4AA700826267924593C67A5AC4A04485FB4FDA16AB4A4A46311864EDC,com.GybeGames.FillTheFridgeTest,1707,1981-01-01 01:01:02,2023-10-06 21:42:25.905661,50000000,2023-10-06T21:44:18.836412,Fill The Fridge,Rollic Games,5 Oct 2023
133EB7355D2D66D255E9D3E9955A34E704DFA6C62D88E17DF71154AF761B4180,com.YovoGames.hair,34,1981-01-01 01:01:02,2023-12-18 05:33:58.333489,100000000,2023-12-18T05:33:59.072665,"Hair saloon - Spa salon
1.3.4",YovoGames,15 Dec 2023
003D057B53F251FD225D796DC53420F4428A4BA558B522A2256B4CB48EDB0994,com.zalora.android,493,1981-01-01 01:01:02,2023-02-07 06:11:11.510011,10000000,2023-02-07T06:12:02.304684,ZALORA - Fashion Shopping,Zalora South East Asia Pte Ltd,6 Feb 2023
867D771C59913B429CC2BF3DF36E1493D28D8BDC21C2E9F940EE809A07D013C0,com.blackpanther.ninjaarashi,14,1980-01-01 00:00:00,2023-08-22 21:06:16.575856,50000000,2023-08-22T21:06:18.219521,Ninja Arashi,Black Panther,21 Aug 2023
00F88B5B46ADE395C30E722CFAA13AD26F86C3CFF783CE46009E11286E964607,com.agoda.mobile.consumer,157009,1981-01-01 01:01:02,2023-04-05 13:47:21.96432,50000000,2023-04-05T13:47:46.651827,Agoda,agoda.com,2 Apr 2023
05E906BFD7B4D8564214B188B0FD18BFD9C3AB73EC94AA5426B51DDDDB794B98,me.pou.app,256,1981-01-01 01:01:02,2023-02-04 18:47:49.191981,500000000,2023-02-04T18:48:05.321304,Pou,Zakeh Ltd,4 Feb 2023
0BBDEA3E6E64E173E1BC33EB2949BAC4C302A5922B52F73D248527C19446FB9D,com.one1line.onetouch.onestroke.dotgame,188,1981-01-01 01:01:02,2023-04-05 00:25:36.444036,50000000,2023-04-05T00:26:11.981910,1LINE –One Line with One Touch,X-FLOW,4 Apr 2023
297ED0A87C4096E78760FC5D8FFB1F00CFDDF63C2D077E00B0D0B9C2DC3ED8FC,com.electricfoal.buildingsformcpe,1,1980-01-01 00:00:00,2023-12-10 13:46:33.043555,50000000,2023-12-10T13:47:56.499807,Building Mods for Minecraft 1.0,Addons for Minecraft,15 Mar 2017
5EA4455BB136B6F5A6441B4ECE4CCCA824FFA68C215A646A2F67EF58D4AE5FB8,com.kooapps.stackybirdandroid,467,1981-01-01 01:01:02,2023-10-19 08:29:53.103184,50000000,2023-10-19T08:30:04.793111,Stacky Bird: Fun Egg Dash Game,Kooapps Games | Fun Arcade and Casual Action Games,10 Oct 2023
029114E2490B8841E8864D3F7F03D3621286813B7237BFA4EA124241F14B8043,invaders.os.galaxy.space.shooter.attack.classic,9531,1981-01-01 01:01:02,2023-10-09 22:10:26.685988,50000000,2023-10-09T22:12:36.890655,Falcon Squad,1SOFT,8 Oct 2023
153186A9B1FCB313C1CE85FC4DA3402172E7D3504861333D698036B18D65E102,ru.galya.drawjoust,3026,1981-01-01 01:01:02,2023-02-16 11:50:46.646745,100000000,2023-02-16T11:52:40.834355,Draw Joust!,VOODOO,15 Feb 2023
283F4E176205D89792042F4CA7612762B2057366A9EAFAC9BFA5A4ED05237638,com.bandainamcoent.dblegends_ww,307,1981-01-01 01:01:02,2023-10-25 12:49:50.181708,50000000,2023-10-25T12:51:09.397432,DRAGON BALL LEGENDS,Bandai Namco Entertainment Inc.,22 Oct 2023
1EB3EEE7C787543B5D18E6AE1F75E0450FF153D63AA4DDEEF79072766988490C,com.google.android.apps.authenticator2,6004000,1981-01-01 01:01:02,2023-05-02 06:54:37.87258,100000000,2023-05-02T06:55:16.504912,Google Authenticator,Google LLC,19 Apr 2023
5BC3994F21ABBAC485BC8B1789412E0423E96EC698148C0F3A8B015E8734FBC7,com.mobile.bizo.reverse,137,1981-01-01 01:01:02,2023-06-10 17:18:58.642685,50000000,2023-06-10T17:20:26.007988,Reverse Movie FX - magic video,bizo games,4 May 2023
0943D9364DCE134C795DD56A239486A0148CBD2F553E46214EB7C09D5714D0EC,epson.print,7110001,1980-01-01 00:00:00,2023-04-06 14:46:28.983711,50000000,2023-04-06T14:48:14.650870,Epson iPrint,Seiko Epson Corporation,31 Mar 2023
11A33AEE08E8D9DE60555ED5AAAEB9A6BE22593883F5B246589CF13B4155005C,com.playspare.watersort3d,184,1981-01-01 01:01:02,2023-10-06 08:27:19.297513,50000000,2023-10-06T08:28:08.728874,Water Color Sorting Games,TapNation,28 Sept 2023
6D7BDAC8F87537F205D23BCA8C4EAC5DEF70A477006874924D9402F3476A1675,com.opalsapps.photoslideshowwithmusic,2533,1981-01-01 01:01:02,2023-10-16 14:00:03.657394,50000000,2023-10-16T14:00:41.476461,Photo Slideshow with Music,Opals Apps,30 Sept 2023
FA0F246541FEE2BD4DFF4D97C779886E057648DF0A9D28CF20ABEB26AC694691,com.freeshooting.specialforces.war3d,128,1981-01-01 01:01:02,2023-03-31 15:05:46.386354,50000000,2023-03-31T15:08:12.131679,Special Ops: Sniper Shooter 3D,Fun Shooting Games - FPS,31 Mar 2023
077A9670F03CBB69817B51D7D7B2BE76D5050AD3CA0EA32B4E870532FCF98E2F,com.h8games.helixjump,500306,1981-01-01 01:01:02,2023-04-01 00:25:49.495582,100000000,2023-04-01T00:25:25.683975,Helix Jump,VOODOO,30 Mar 2023
077530D0ABCD762421BB434ACE13059EB663D17D40D57EEAF0C188FD53705313,com.luizalabs.mlapp,4010200,1981-01-01 01:01:02,2023-05-06 21:48:07.481647,100000000,2023-05-06T21:51:57.485990,Magalu: loja e compras online,Magazine Luiza,3 May 2023
0A1E9C1F6EEF9BF939A6E2015C09461996BDDB0413074A65C6EAD9E64D705004,com.bubadu.bubbu,121,1981-01-01 01:01:02,2023-11-29 14:36:03.318303,100000000,2023-11-29T14:37:39.249067,"Bubbu – My Virtual Pet Cat
1.121",Bubadu,28 Nov 2023
002DF7A82E6CC4FDE41368B4C607BEF94451FF63082DC91A0DF5BA22C9AC805C,com.get.squidvpn,4303,1981-01-01 01:01:02,2023-07-08 08:03:56.842579,50000000,2023-07-08T08:03:45.062336,Daily VPN - Secure VPN Proxy,Daily VPN,5 Jul 2023
2CA9B0DC36DDF772FD6584C008FFB407E89FDA4A0AF7809BBB2E5AD15A3C823D,com.halfbrick.fruitninjafree,66381900,1981-01-01 01:01:02,2023-07-12 16:11:08.371171,500000000,2023-07-12T16:11:51.568459,Fruit Ninja®,Halfbrick Studios,11 Jul 2023
0CB37E357FA571A6AB73FAD104F54FDCF69B24D60B7C54F9F1B475748DF0C7EB,com.androvid,6450,1981-01-01 01:01:02,2023-07-24 13:53:55.18491,50000000,2023-07-24T13:58:14.031637,Video Editor & Maker AndroVid,Fogosoft Ltd,"Jul 23, 2023"
035978333968CE7DF782CDB1B7FFDBE443BCEC533977ECBA49221D0C4F427813,com.dumplingsandwich.pencilsketch,94,1981-01-01 01:01:02,2023-06-16 14:09:22.696542,50000000,2023-06-16T14:09:24.256854,Pencil Sketch,Dumpling Sandwich Software Inc.,10 Jun 2023
028DF8251A4244AC1EA8F1072C0C47DD73E467D12A3169160CC72BC63359175D,com.neuralprisma,7000611,1981-01-01 01:01:02,2023-08-26 01:28:27.318828,50000000,2023-08-26T01:29:18.180907,Prisma Art Effect Photo Editor,"Prisma Labs, Inc.",22 Aug 2023
21E9C2AA5F6AE7787644BA7AF4ED430A464F32DBEBF24A07CA58E1CB00045750,com.tbegames.and.best_moto_race,755019003,1981-01-01 01:01:02,2023-08-23 16:49:48.849889,100000000,2023-08-23T16:49:50.790055,Moto Rider GO: Highway Traffic,T-Bull S A,22 Aug 2023
069BF65C8B2166EA5129C5A5889E2A5FE8135FC5F3CA5495E2C7993D65AF6D39,com.amazon.kindle,1285544011,1980-01-01 00:00:00,2023-07-21 04:26:22.286117,100000000,2023-06-19T20:46:48.806752,Amazon Kindle,Amazon Mobile LLC,15 Jun 2023
004815D97E3749BDB009E6DB40F7BCC78DAF09F160AD0333D7A79CA59B9BA645,com.iudesk.android.photo.editor,2023121600,1981-01-01 01:01:02,2023-12-18 04:27:18.439224,50000000,2023-12-18T04:29:21.800250,"Photo Editor
9.7.1",dev.macgyver,15 Dec 2023
169E29587CC0B0A031E9D1A4B814D95C8FDE6520479FBF8FE4E2FE3A18357021,com.transsion.magicshow,72391,1981-01-01 01:01:02,2023-08-22 21:59:13.499091,100000000,2023-08-22T22:00:30.388657,Visha-Video Player All Formats,Visha Group,7 Aug 2023
065A55B7EDB8F5ACFFA3AD6B01AE4653E6920C4B4EE2847A5E0D349EAB394995,com.rsupport.mvagent,170300942,1981-01-01 01:01:02,2023-09-02 08:42:45.258186,100000000,2023-09-02T08:40:42.577631,Mobizen Screen Recorder,MOBIZEN,29 Aug 2023
665FE72C403BB2064DA98ED8DEAC02E73971FAA0406676574A9E397D70F28BA7,com.venticake.retrica,210000105,1981-01-01 01:01:02,2023-07-03 11:26:58.129437,100000000,2023-07-03T11:29:32.363042,Retrica,"Retrica, Inc.",2 Jul 2023
0F3B2AA141EC61B04336668CDB912CABB536F2ADBEC1BB70847E41478224E071,com.eterno,8719,1981-01-01 01:01:02,2023-02-16 19:05:58.658167,100000000,2023-02-16T19:06:54.423525,Dailyhunt: Xpresso News Videos,Eterno Infotech,6 Feb 2023
0BD8A3F100F9A5549EA4ECF1EB30083FDDD29F487D0B345B847021AD118C0ED8,com.riffsy.FBMGIFApp,344,1981-01-01 01:01:02,2023-01-24 22:59:19.200882,50000000,2023-01-24T23:01:23.684861,GIF Keyboard by Tenor,Tenor Google,19 Jan 2023
05D3A3C292DF965E825CB77A6B3516302A51BD75B3F8DBF7A6BB4A2417D1FA74,com.google.android.calendar,2017197070,2009-01-01 00:00:00,2023-06-01 21:43:28.991225,5000000000,2023-06-01T21:43:41.621824,Google Calendar,Google LLC,26 May 2023
1B888057194005CB0D8942CA108C729F55EB95E27A1E860C1EE1DACE211CA0CF,com.chrome.beta,593806021,1981-01-01 01:01:02,2023-09-12 20:18:16.98211,50000000,2023-09-12T20:18:18.568463,Chrome Beta,Google LLC,11 Sept 2023
17307090B58DD32AD596D589616275D75F740EAC53B5DAAEE23AF3BA5B6BE62D,qrcodescanner.barcodescanner.qrscanner.qrcodereader,52,1981-01-01 01:01:02,2023-12-13 11:30:40.973512,50000000,2023-12-13T11:31:17.453422,QR Code Scanner &amp; Scanner App 1.4.2,QR Code Scanner.,29 Nov 2023
09D2E07C379978DECC14491A0CC858A4F300D34A8089062A3B1EECE10FB8B5DE,com.maleo.bussimulatorid,2006473,1981-01-01 01:01:02,2023-12-06 13:31:40.659295,100000000,2023-12-02T17:54:08.106753,"Bus Simulator Indonesia
4.0.4",Maleo,29 Nov 2023
13CC924217B01A0970DFEFD31D5A76CE37DEB8EAB8CC61B61E85EEAD3E3B7DC2,com.pure.indosat.care,560003467,1981-01-01 01:01:02,2023-04-12 15:19:19.831061,50000000,2023-04-12T15:21:01.909860,myIM3: Data Plan & Buy Package,Indosat Ooredoo Hutchison,9 Apr 2023
0043E0797E2D125DDFE420DAA3C44477FD04D2766BB6796567CD85B2D13B7B59,com.noodlecake.altosodyssey,86,1981-01-01 01:01:02,2023-08-05 02:28:10.537443,10000000,2023-08-05T02:28:36.512968,Alto's Odyssey,Noodlecake,1 Aug 2023
0EF8DFC4D8ED8360E88FF8FBE7C86D9ADEEF4567C0B3F93E1A04523B10BB2C57,com.iqoption,2783,1981-01-01 01:01:02,2023-11-21 12:11:36.474655,100000000,2023-11-21T06:38:03.829840,"IQ Option – Trading Platform
8.29.0",IQ Option,16 Nov 2023
382A5AF254D67E10D3697FF77E8FB403ADACBA978B5D6C0C8DFBBCCFF90F3972,com.ducky.bikehill3d,236,1981-01-01 01:01:02,2023-06-27 18:46:12.060941,50000000,2023-06-27T18:45:54.921023,Riding Extreme 3D,playducky.com,27 Jun 2023
1257B839DB66B0A20C4E73F693537AF0F7319AB7B7D39EF3C91F2A48170E6977,com.playrix.gardenscapes,107450,1981-01-01 01:01:02,2023-11-09 23:01:36.119481,100000000,2023-11-09T23:03:41.705279,"Gardenscapes
7.4.5",Playrix,8 Nov 2023
0D6001D9832F9F584165FE2A3EC16B1A1E4C6B502D7A4C9B4BDD804AF956F256,com.rovio.angrybirdsfriends,305011,1981-01-01 01:01:02,2023-12-08 08:53:14.971617,100000000,2023-12-08T08:52:36.781292,"Angry Birds Friends
11.18.1",Rovio Entertainment Corporation,7 Dec 2023
1F985CD0A6EE86D3A05B177C093798132E021B3D91257BEA73AB28510831765E,com.nike.omega,2012212104,1981-01-01 01:01:02,2023-03-15 07:16:31.859584,50000000,2023-03-15T07:18:00.627150,Nike,"Nike, Inc.",9 Mar 2023
057F3A56AA77349CF8512D2CCB16E961C4C18A6CD124F596E9994FE57DF70A60,air.com.playtika.slotomania,770831220,1981-01-01 01:01:02,2023-06-24 02:20:40.740038,50000000,2023-06-24T02:30:46.513836,Slotomania™ Casino Slots Games,Playtika,22 Jun 2023
D6D388C1FA309FCD737FBD8FF9491E8CD9CA4142306367A71A148F3AFC0233F7,com.merge.cube.winner,26,1981-01-01 01:01:02,2023-10-27 12:30:04.318112,50000000,2023-10-27T12:29:14.889973,2048 Cube Winner—Aim To Win Di,flowerplasn,"Oct 9, 2023"
03939FE2357C6D5385D8CF319E3113C9BD7076EC0ED8F1305C9163BE3768963E,kjv.bible.kingjamesbible,400,1981-01-01 01:01:02,2023-01-11 15:42:33.370898,50000000,2023-01-11T15:42:02.782682,Bible - KJV Daily Bible Verse,Ozion Tech,6 Jan 2023
0012FA40A2D046F07C5BB66B0EB9B8C9BF40465F70878ED39B1540BDE4778E4B,com.transsion.phoenix,4220,1981-01-01 01:01:02,2023-01-21 13:04:41.794513,500000000,2023-01-21T13:05:46.133837,Phoenix Browser - Fast & Safe,CloudView Technology,21 Jan 2023
004F56C12C02FA2A78E4A4A02FA0BAACFAC2D4B973ED3E4F76CA440BBF735FAD,com.dena.a12026418,138975070,1981-01-01 01:01:02,2023-07-27 17:14:18.869817,10000000,2023-07-27T17:17:26.170426,Pokémon Masters EX,"DeNA Co., Ltd.",10 Jul 2023
046E2AA167AC5D050E30C1BCA5DCC25D0E9994C4EE5D148F1555734E96F68A22,com.sec.android.easyMover,375208130,2009-01-01 00:00:00,2023-12-30 10:38:12.339935,500000000,2023-12-30T10:39:08.198389,"Samsung Smart Switch Mobile
3.7.52.8","Samsung Electronics Co.,  Ltd.",27 Dec 2023
004E2A7A7E83662E3BD11D14F2CFB172C06D65497BFB161AD11E30AE54DA58D1,com.yahoo.mobile.client.android.finance,1330780630,1981-01-01 01:01:02,2023-08-18 06:04:03.757428,10000000,2023-08-18T06:05:11.596756,Yahoo Finance - Stock Market,Yahoo,17 Aug 2023
06CAF79CA4CBA824DA5E6D161EF06C2A73C9B151BF6AEDB8F2423F90771E6A81,com.discord,209014,1981-01-01 01:01:02,2023-12-19 21:02:41.543175,100000000,2023-12-19T21:03:17.351086,"Discord: Talk, Chat &amp; Hang Out
209.14 - Stable",Discord Inc.,18 Dec 2023
0450586C58CBDFF0E64629DA50E2E094A6F5F05C1444C619101AD875FD52F98A,com.lilithgame.roc.gp,1007422,1981-01-01 01:01:02,2023-10-07 13:39:03.570532,50000000,2023-10-07T12:19:04.440203,Rise of Kingdoms: Lost Crusade,LilithGames,27 Sept 2023
2BBF4C4700D5A8AE49FDF2EECF7CFA9B617B4B95DD080DBACF20FAE5A66BEC99,com.budgestudios.HelloKittyNailSalon,2544,1980-01-01 00:00:00,2023-05-25 21:09:27.676649,100000000,2023-05-25T21:11:25.866495,Hello Kitty Nail Salon,Budge Studios,19 May 2023
52129F264C88945F26E3BDFF51F41575A998AC94481400171198F0A4499C937D,com.vivashow.share.video.chat,443,1981-01-01 01:01:02,2023-12-18 06:42:53.023788,100000000,2023-12-18T06:44:57.089397,"VidStatus - Short Video Status
4.6.9",VidStatus Team,14 Dec 2023
00518E0F72F7415661F57E912B5E67FC1E3FD419273521513944090D400CD64C,piuk.blockchain.android,27920,1981-01-01 01:01:02,2023-08-07 19:48:32.055991,10000000,2023-08-07T19:48:47.839739,Blockchain.com: Crypto Wallet,Blockchain Luxembourg S.A.,7 Aug 2023
12084485EB4B3C0BFB61008CAACAC0C99B1158220B62DF14F604279D7F92F024,com.ea.game.simpsons4_row,650,1981-01-01 01:01:02,2023-12-05 23:15:13.939689,100000000,2023-12-05T23:16:07.035148,"The Simpsons™:  Tapped Out
4.65.0",ELECTRONIC ARTS,17 Nov 2023
566CDFD7EDA0E64E64D493544D46EB7B28C3C8082887D57BEC2883407686A352,com.yx.boxinghero,116,1981-01-01 01:01:02,2023-05-19 23:34:58.080823,50000000,2023-05-19T23:35:25.630918,Punch Boxing 3D,CanaryDroid,17 May 2023
07B46DB381D49B0A8F956518B5866892F3F848A1EF9684BF551993DCDE0B19DB,com.expedia.bookings,234300004,1981-01-01 01:01:02,2023-11-03 00:28:05.615964,50000000,2023-11-03T00:27:48.503077,"Expedia: Hotels, Flights &amp; Car 2023.43.0",Expedia,27 Oct 2023
07AEAD2F7541FF920322E1B492D96452982FAAD12067D50C8715B6B9D87EFFBE,com.commsource.beautyplus,77005,1981-01-01 01:01:02,2023-11-01 02:44:05.856053,100000000,2023-11-01T02:44:07.065410,"BeautyPlus - Retouch, Filters
7.7.005",PIXOCIAL TECHNOLOGY (SINGAPORE) PTE. LTD.,27 Oct 2023
2804D75A637E1D8B04DE88A1CCAA560FC810FA4449A9ED86511C070362682D58,com.sky.funnyfruitsplash,483,1981-01-01 01:01:02,2023-09-28 02:53:41.884088,50000000,2023-09-28T02:54:09.823782,Fruit Link - Line Blast,FunLink.Studio,26 Sept 2023
6EB018A05B0992E19603FDAF96F89F75F1BC4CBD6836012FDA5DF1EB3FDCF563,com.ansangha.drdriving,70,1981-01-01 01:01:02,2023-04-30 11:02:33.087954,500000000,2023-04-30T11:09:11.378961,Dr. Driving,SUD Inc.,26 Apr 2023
0CC2144397574E793606CBC319C308FA6390F99E50D135E317A010E986CAD4B4,com.playgendary.sportmasters,313,1981-01-01 01:01:02,2023-05-06 22:20:34.513974,100000000,2023-05-06T22:29:32.063011,Bouncemasters: Penguin Games,CASUAL AZUR GAMES,"May 5, 2023"
213E19957E159EC52B900BD281F95C50DC766D65DE95741FDE2145F9FDBBE9C9,all.video.downloader.allvideodownloader,35,1981-01-01 01:01:02,2023-07-13 18:00:47.494513,100000000,2023-07-13T18:01:27.281105,All Video Downloader 2019,InShot Inc.,3 Jul 2023
619F0D6E9C9E147A824061E510295ECD2874F22E5EEBF2364700CC8540249AEF,com.waze,1030440,1981-01-01 01:01:02,2023-12-26 20:42:24.579654,500000000,2023-12-26T20:42:38.122304,"Waze Navigation &amp; Live Traffic
4.100.1.0",Waze,22 Dec 2023
AAA4AF0D7BD0D063D123E5B2734B137015C8E46DBC8FC6342C5983B2716FE599,com.word.puzzle.game.connect,278,1981-01-01 01:01:02,2023-09-02 08:20:50.02828,50000000,2023-09-02T08:21:21.076891,Word Link,Worzzle Games,24 Aug 2023
91185049CED31C83049818C9DB7D969211B716F9B082BC744037046AB336A070,com.gameloft.android.ANMP.GloftIVHM,21330,1980-01-01 00:00:00,2023-02-22 15:22:25.13604,50000000,2023-02-21T05:15:45.843505,Ice Age Adventures,Gameloft SE,19 Feb 2023
023F5E677892F2BD0810D9147F0BFB16FCAABBA3E42144BE6E1938422FC00421,com.tubitv,810,1981-01-01 01:01:02,2023-12-13 07:51:42.931062,100000000,2023-12-11T20:32:25.714927,"Tubi: Movies &amp; Live TV
7.23.1",Tubi TV,9 Dec 2023
129BA47C39018A730C10077B66DB7D0EC33258FBD367922D0CEE6860B8925FDD,com.google.android.apps.fitness,2026637885,2009-01-01 00:00:00,2023-09-15 18:19:04.792646,100000000,2023-09-15T18:20:27.810566,Google Fit: Activity Tracking,Google LLC,12 Sept 2023
1AF896AFC33140BAE4FE4D21FB913959F97E72FA1161A29AA0FBD73C95D47A5A,com.sirma.mobile.bible.android,6059007,1981-01-01 01:01:02,2023-04-11 20:57:20.519887,100000000,2023-04-11T21:21:08.017053,YouVersion Bible App + Audio,Life.Church,23 Mar 2023
08C50261BEF2AB0369C64DFEC042C1D3590D93F215EE91613B2D36B6E56F28A3,mini.block.craft.free.mc,62,1981-01-01 01:01:02,2023-10-16 20:08:28.016818,100000000,2023-10-16T20:08:30.365356,Mini Block Craft,Build Block Studio,10 Oct 2023
0027C24E087E82A43409D149EE2DDDE92FE1E743B6F5520A38E629467CB0A148,com.blyts.trucolite.activities,1137,1981-01-01 01:01:02,2023-01-24 02:13:41.055614,10000000,2023-01-24T02:13:42.417558,Truco Blyts,Blyts,23 Jan 2023
0289205A2539067A3980FDFC880C4FC5E31A3C0941ABC66C070CD8AF7AB67FE9,video.reface.app,382,1981-01-01 01:01:02,2023-12-20 22:01:11.945798,100000000,2023-12-20T22:00:54.857433,"Reface: Face Swap &amp; Retouch
4.0.2","NEOCORTEXT, INC.","Dec 20, 2023"
1EDE1A77471CA847BC849DF53181E284F68E2668DABB111094E92D427DDB408B,com.tocaboca.tocakitchen2,4360,1981-01-01 01:01:02,2023-09-06 12:49:55.617,100000000,2023-09-06T12:50:23.788368,Toca Boca Jr,play Piknik,"Sep 1, 2023"
0539F6D9D88E8E7F2249AEF27FB687C8B922C1BBBA1C1643372BD7CC71ECF172,com.crazylabs.lady.bug,5900,1981-01-01 01:01:02,2023-12-29 09:34:01.684131,100000000,2023-12-29T09:34:46.336149,"Miraculous Ladybug &amp; Cat Noir
5.9.00",CrazyLabs LTD,26 Dec 2023
0D7F677400FB75E04F43CB6B24846C7D7DA5505E87CCAA0BAD961C743E0D7AFE,com.sinyee.babybus.village,8670300,1981-01-01 01:01:02,2023-08-26 02:36:22.017742,50000000,2023-08-26T02:36:04.719632,Little Panda’s Dream Town,BabyBus,24 Aug 2023
BB63BB295B417FABFCB798CB9A55A64F681E47F2BC06B227D32E2130C6FF3A68,com.junerking.archery,25,1981-01-01 01:01:02,2023-03-10 01:15:34.20787,100000000,2023-03-10T01:16:00.739927,Archery Master 3D,TerranDroid,7 Mar 2023
232B1990763E09CA67A152780DC86C0BD053E6A8A7F91D3CF46F8A1AE1917453,com.aceviral.bmxblast,124,1981-01-01 01:01:02,2023-04-05 14:29:01.151145,50000000,2023-04-05T14:30:58.955519,Bike Blast- Bike Race Rush,Ace Viral,4 Apr 2023
3B9AF0D80BD35FFDCAA740397076BAD4B11C7462C0A5BC79103E0EDBCC992E7E,com.greenrocket.cleaner,37,1981-01-01 01:01:02,2023-03-18 13:10:43.855263,50000000,2023-03-18T13:10:49.265348,Rocket Cleaner,rocket team 13,17 Mar 2023
20EBCC19A78288992A63EBB66AB3C5FC153E5B2B5983609A95247051D6671F74,com.redlinegames.attackhole,42,1981-01-01 01:01:02,2023-09-20 05:38:03.554559,50000000,2023-09-20T05:40:20.946898,Attack Hole - Black Hole Games,Homa,18 Sept 2023
05B8AA3245A49DC98468FC8DB282E3329D0BFF3A41A78A475C5743729E175564,com.dancing.smash.hop.game.tiles.circles.beat.piano.beatracing,125,1981-01-01 01:01:02,2023-01-09 21:07:15.368335,50000000,2023-01-09T21:08:40.080751,Beat Racing: Car & Racer,Badsnowball Limited,4 Jan 2023
06661964B0AFA5F7B14CE1B27CAD462F344EDF578808462E863F9491550C9FEB,com.block.jigsaw.puzzle.gallery,127,1981-01-01 01:01:02,2023-03-07 00:32:56.512402,50000000,2023-03-07T00:32:38.779396,Jigsaw Puzzles - Block Puzzle,Jigsaw Puzzles Berlin,2 Mar 2023
039E66EBEB856B6B20E911FC1239E44ACD65C89537580A8BB3B5FD72360EF44D,com.google.android.apps.books,169881,2009-01-01 00:00:00,2023-11-03 01:59:19.721195,1000000000,2023-11-03T01:59:12.313284,"Google Play Books &amp; Audiobooks
2023.10.8.2 (169881)",Google LLC,30 Oct 2023
75F03152E0C5FEE57C9BFE8E2F2DBBEAAE908F3660D3A446DD9A5178E6B4018B,com.bl.critical.strike,200835,1980-01-01 00:00:00,2023-04-19 11:35:19.488374,50000000,2023-04-19T11:37:20.915611,Critical Action:Gun Strike Ops,FPS Shooter & Action Game,18 Apr 2023
005F241D78004D1FA0F200122F974AEB79AFAC257302FF5CE98CF07C12FB6174,com.gamexis.car.design.mechanic.shop.apps,82,1981-01-01 01:01:02,2023-03-08 21:38:13.158772,10000000,2023-03-08T21:39:34.037391,Car Mechanic Simulator Games,Frolics Simulation & Action Games,2 Mar 2023
2C101BCD94A349A8D969F3D30CB6BDD2B6FF3F3EC43011FB058E9B915958C71D,video.tiki,31800842,1981-01-01 01:01:02,2023-02-20 10:00:32.974575,100000000,2023-02-20T10:02:17.901527,Tiki - Short Video App,DOL Technology PTE.LTD.,15 Feb 2023
06BB1EFA4B17FAB11E93863689B43001748D7CF856532C6E3FE83384D150FCE7,de.axelspringer.yana.zeropage,14926,1981-01-01 01:01:02,2023-01-31 04:26:24.020999,100000000,2023-01-25T12:53:40.799363,upday news for Samsung,upday GmbH & Co. KG,23 Jan 2023
05A8CBBB307FF45EB553F085709AEA64E0BECE0DFA6F8D73416C6C8F40816731,com.miga.world,101,1980-01-01 00:00:00,2023-10-27 04:17:07.423228,50000000,2023-10-27T04:17:34.815469,Miga Town: My World,"XiHe Digital (GuangZhou) Technology Co., Ltd.",17 Oct 2023
6D6048819590D8A4564DEC93B7085AF30047A9DF37D752857900EEAE643D66A6,com.wb.goog.mkx,29277,1981-01-01 01:01:02,2023-03-29 17:13:02.118868,100000000,2023-03-29T17:13:04.265636,MORTAL KOMBAT: A Fighting Game,Warner Bros. International Enterprises,21 Mar 2023
000EBACD12A2CDECF943E7AFCA3BF6CD99B1E7F29508D1CD908C41122206F2EA,com.chillingo.robberybobfree.android.row,818250,1981-01-01 01:01:02,2023-07-27 12:13:16.509396,100000000,2023-07-27T12:15:25.662731,Robbery Bob - The Boss Thief,Deca_Games,20 Jul 2023
63A76659F0215BEE17BF930100B1A3C0F6C76FD7B16B29D93BFDB8C12A474714,com.tmobile.vvm.application,784187,1981-01-01 01:01:02,2023-06-01 20:19:53.762682,50000000,2023-06-01T20:20:55.455433,T-Mobile Visual Voicemail,T-Mobile USA,24 May 2023
012620898A2F70B2CC49C049E4DC141DD501A038F3B4D2661982FB224DE9A588,com.documentreader.documentapp.filereader,98,1981-01-01 01:01:02,2023-03-02 15:48:03.313299,50000000,2023-03-02T15:48:44.918984,All Document Reader and Viewer,Apero Technologies Group - TrustedApp,21 Feb 2023
11D526FA6BF534211F17C7E271FBB4CE895CB4C5959CB22564568265931A8FAD,io.mrarm.mctoolbox,147,1981-01-01 01:01:02,2023-03-27 15:46:58.470515,50000000,2023-03-27T15:48:24.268262,Toolbox for Minecraft: PE,Toolbox for Minecraft,26 Mar 2023
015FD6046D2D0DA554D1642CB8996F32C147DD310CCC7F4EA3D9E24A24331748,com.unacademyapp,196490,1981-01-01 01:01:02,2023-10-20 15:37:22.653684,50000000,2023-10-20T15:38:06.746243,Unacademy: Learn & Crack Exams,Unacademy,13 Oct 2023
02F214DE99E06EAC4B275E165451BB71A9D2AFDA98AA0B31093AEA95F01AE70E,com.com2us.smon.normal.freefull.google.kr.android.common,81100,1981-01-01 01:01:02,2023-10-13 06:06:14.508463,50000000,2023-10-13T06:06:51.350808,Summoners War,Com2uS,11 Oct 2023
181FC078C9E7C26F64A0863199E011B48DB26190EC19E49F1C192351413A441B,menloseweight.loseweightappformen.weightlossformen,53,1981-01-01 01:01:02,2023-02-17 04:35:49.018045,50000000,2023-02-17T04:35:44.724502,Lose Weight App for Men,Leap Fitness Group,15 Feb 2023
4DF091DA7EB55D2EED64133DF85228BE89CCDCB34B5AA14FA87671458059B124,com.andi.alquran.id,264,1981-01-01 01:01:02,2023-10-20 11:57:11.053581,50000000,2023-10-20T11:58:04.636623,Al Quran Indonesia,Andi Susilo,18 Oct 2023
173A9EEA2B97DB4167C6EB3AEABDEF00DD2402ED7166796810559B2451E183C8,com.quvideo.xiaoying,6911002,1981-01-01 01:01:02,2023-08-15 20:20:18.554213,500000000,2023-08-15T20:21:25.915129,VivaVideo - Video Editor&Maker,QuVideo Inc. Video Editor & Video Maker App,9 Aug 2023
426BCB70B81A1B72F461C576FD5F91EA1D5A4E20302404BC1D65B5CACF7BB647,com.tms,523,2023-06-14 17:10:34,2023-06-24 01:59:32.687999,50000000,2023-06-24T02:02:17.761209,T 멤버십,SKTelecom,14 Jun 2023
004A0389A1F700B37B9B37FC3539020E94840A33A6B5DD06CB8CEA814F18E7BE,com.starmakerinteractive.thevoice,85828505,1981-01-01 01:01:02,2023-01-15 01:51:17.263566,10000000,2023-01-15T01:54:29.209539,StarMaker Lite: Sing Karaoke,STAR SHINE ENTERTAINMENT PTE. LTD.,"Jan 13, 2023"
1D59B6A2492AB4669E6CE4D2300036E6C28A82D8BAB9CBCED7D2C707B23965D2,com.animedressupgames.chibi,500087,1981-01-01 01:01:02,2023-03-13 11:59:29.215632,100000000,2023-03-13T12:00:03.729297,Chibi Doll - Avatar Creator,Anime Dress Up Games,13 Mar 2023
22BCE9A16FF4C129AF16B3671684463661110D08B6D95806359DC11BC41F7328,com.playgendary.hitmasters,766,1981-01-01 01:01:02,2023-05-18 19:47:14.655046,100000000,2023-05-18T19:49:46.779199,Hitmasters,CASUAL AZUR GAMES,17 May 2023
0917E812376F487675AF77CCFBCD9488DCE986F13C562597139342FE019ACEFF,com.heytap.pictorial,1030006,1981-01-01 01:01:02,2023-11-17 19:09:03.570619,500000000,2023-11-17T19:11:03.247879,"Heytap Pictorial
10.3.0_expp",ColorOS,19 Oct 2023
103E7D2961E1C6C5CCC4F9DEB4C7715260957E7CB0ABF4FB53DEC60F32B1E1DD,com.instabridge.android,100707,1981-01-01 01:01:02,2023-10-12 22:37:55.920764,100000000,2023-10-12T22:39:25.830605,WiFi Passwords Map Instabridge,Degoo Backup AB - Cloud,10 Oct 2023
086C92495731FC8F1B19E981C1DF87FC397AFE47572F94DBF18F5F4ABF5C56C6,mytown.home,160,1981-01-01 01:01:02,2023-02-22 13:18:20.72521,50000000,2023-02-22T13:22:16.362965,My Town: Home Family Playhouse,My Town Games Ltd,"Feb 21, 2023"
6EB949E79C60D00DB7D464F20095C15AF9095A02C63634BCF558E2C87721C9B2,com.sidheinteractive.sif.DR,3484,1981-01-01 01:01:02,2023-06-08 10:03:21.156757,50000000,2023-06-08T10:09:39.018361,Into the Dead,PIKPOK,25 May 2023
4CB572394E2494C543D0575AAA38917262D79600D607DA3A259BB2F87269992F,com.superwings.jettrun,88,1981-01-01 01:01:02,2023-09-13 17:13:04.641187,50000000,2023-09-13T17:13:23.794914,Super Wings : Jett Run,JoyMore GAME,11 Sept 2023
235050DA853753C8B6AB2B6E2B6BB37E94F986749D2F1513C228A7ACB13D111B,com.rescue.machine,12878,1981-01-01 01:01:02,2023-09-19 23:14:30.682187,50000000,2023-09-19T23:16:41.786575,Rescue Machine,"Geisha Tokyo, Inc.",7 Sept 2023
1178BF3B6C120170D023C9406509B0F04C5E42F8F244B854691DB7EC4A09261B,com.weather.Weather,1069000139,1981-01-01 01:01:02,2023-12-22 21:49:27.741786,100000000,2023-12-22T21:49:28.806784,"Weather: Forecast &amp; Radar Maps
10.69.0",The Weather Channel,15 Dec 2023
029B2C4E172B470D6E111EF7A9C2E029309950596ECC5B78C58E25FA0C4F9830,com.zynga.FarmVille2CountryEscape,239880,1981-01-01 01:01:02,2023-09-30 09:58:19.554946,50000000,2023-09-30T09:59:10.829496,FarmVille 2: Country Escape,Zynga,27 Sept 2023
09B8DF171315BCC6D1A77C0D23E550D23651DBA6953CE252B802AA1F480E934B,com.radio.fmradio,592,1981-01-01 01:01:02,2023-05-23 20:17:11.862337,50000000,2023-05-23T20:17:38.754117,Radio FM Online,RadioFM,19 May 2023
09C04ABBCF089AABFAD888269E91669A69C15A777F10C229E81B6B693DA0EC21,ru.tele2.mytele2,169179005,1981-01-01 01:01:02,2023-09-29 08:53:24.461664,50000000,2023-09-29T08:53:32.913565,Мой Tele2: продать и купить ГБ,Tele2,22 Sept 2023
005604BD7F457CEA911AE8C4FE6F4114442C0AA23F1E4269B223655D3BD379DC,com.southwestairlines.mobile,1008010,1981-01-01 01:01:02,2023-08-13 20:09:52.858623,10000000,2023-08-13T20:11:27.782068,Southwest Airlines,Southwest Airlines,31 Jul 2023
00BBDD89A28E243DBB5273A4E250983B9B0FA0108D5460E081745A79F77674AA,flipboard.app,5341,1981-01-01 01:01:02,2023-03-04 02:45:34.08856,500000000,2023-03-04T02:48:43.658750,Flipboard: The Social Magazine,Flipboard,"Mar 3, 2023"
003D02EA4716BD2174F7CD08AD778692F912493170CF89228428B0E09BFA0AE9,com.google.android.apps.restore,305916,2009-01-01 00:00:00,2023-02-15 22:06:38.79622,5000000000,2023-02-15T22:06:45.076549,Data restore tool,Google LLC,13 Feb 2023
1C556303B2BF1E9AE2FE567915F000981EE4100609C90357400799CE4562E615,com.block.puzzle.game.hippo.uc,165,1981-01-01 01:01:02,2023-06-29 09:24:20.316307,10000000,2023-06-29T09:25:39.692605,Block Puzzle Guardian,Hippo Lab,20 Jun 2023
54B14FCAB55C69DAA49F72D795E47A5947A2706BB4163E156C09B008C982EC02,com.ratelekom.findnow,595,1981-01-01 01:01:02,2023-11-11 03:29:28.949722,50000000,2023-11-11T03:29:42.657014,FindNow 2.3.1,Ratech,31 Oct 2023
380C03A27A02837DC632C4CC076CEC1E80A08672D9DD21B16E9F69BF8514AAD3,com.ht.mini.car.raceway.endless.drive,600,1981-01-01 01:01:02,2023-10-22 13:46:51.03678,50000000,2023-10-22T13:47:50.867734,Car Racing Offline Games 3D,GAMEXIS,16 Oct 2023
1C8EC8D47207B5910200AC4CDEBCCAC7D596ADA8821C7BD6D04C04E76213B1D1,com.vzw.hss.myverizon,428,1981-01-01 01:01:02,2023-12-29 19:53:55.558832,100000000,2023-05-10T00:09:51.956961,My Verizon,Verizon Consumer Group,22 Apr 2023
04289CFC984D06FBD71CDF9A7BF09D335481CDB80E5752E4805A1BCC02F4ADD2,com.microsoft.office.officehubrow,43766152,1981-01-01 01:01:02,2023-12-24 15:39:31.717885,500000000,2023-11-04T22:42:01.018023,"Microsoft 365 (Office)
16.0.16924.20124",Microsoft Corporation,30 Oct 2023
0944737ED165D62F85A64F8A53DFE2A6BAA9301B555F9BD9541BCA8CCDF2DC81,io.yarsa.games.ludo,46,1981-01-01 01:01:02,2023-05-02 13:20:10.556988,100000000,2023-05-02T13:30:20.858398,Ludo,Yarsa Games,"Apr 19, 2023"
08A72205CF7D5D1A0BE9E59DE077CF3708A6742E22D19305611CA43FD9902B25,com.rovio.BadPiggiesHD,3379,1981-01-01 01:01:02,2023-08-10 12:26:50.313889,50000000,2023-08-10T12:31:50.789879,Bad Piggies HD,Rovio Entertainment Corporation,"Aug 10, 2023"
315340DBEEEB6D02FC8F9FA08A794E9F6F8CB8F5C573D035DDA99155D2E2D869,com.time.trigger,75,1981-01-01 01:01:02,2023-02-08 21:38:23.709717,100000000,2023-02-08T21:39:31.914631,Johnny Trigger: Action Shooter,SayGames Ltd,8 Feb 2023
0C423EE292176AA07AADB5F113E18D63066188DA8007FA2C8C85ABCB8AE8F7D3,games.onebutton.golfbattle,147,1981-01-01 01:01:02,2023-10-28 05:46:56.51973,50000000,2023-10-28T05:47:49.531316,Golf Battle,Miniclip.com,24 Oct 2023
1669C7012DCFDB6E01CD5C620A9197745B579926495EB793CBB91CD64E18D1FE,com.vido.particle.ly.lyrical.status.maker,32,1981-01-01 01:01:02,2023-01-24 21:39:27.21952,50000000,2023-01-24T21:40:27.418673,Vido : Video Status Maker,Vido - Video Status Maker,23 Jan 2023
0001CDA7984BF907038CF1B88B40AB5F60F6665BBF695C6FDAE0DFB60D4CF3B9,es.monkimun.lingokids,10030024,1981-01-01 01:01:02,2023-01-24 06:32:05.070258,10000000,2023-01-24T06:33:09.859446,Lingokids - Play and Learn,Lingokids - English Learning For Kids,20 Jan 2023
302AB0BD5EEA503CC1DD2FF39AEBD16DF8F8901B42E5D8E2540629862EE05041,com.swiftappskom.thewolfrpg,200160,1981-01-01 01:01:02,2023-01-19 11:09:37.200227,50000000,2023-01-19T11:10:26.433553,The Wolf,Swift Apps LTD,12 Jan 2023
1F2676693DE15C60E1F19886578F3BA274A7861E8DC2EFA34EF35B08EFFABF33,com.spilgames.UphillRush,4015402,1981-01-01 01:01:02,2023-04-11 19:42:50.86162,100000000,2023-04-11T19:44:12.709453,Uphill Rush Water Park Racing,Azerion Casual,10 Apr 2023
1A0ED3F139FD2FFAA828952B9E5648203CD78CAAAC9C6BF74B1F6A9FAFCBB8E6,com.skt.prod.dialer,12129,1981-01-01 01:01:02,2023-08-02 22:43:37.395647,50000000,2023-08-02T22:44:50.331817,T전화 - AI로 더 똑똑해진 전화 앱!,SKTelecom,2 Aug 2023
0A619C622A66E9D2F12091BEC146D14CF89A3AD5725C5C19AA9152885DF961E4,ru.dublgis.dgismobile,232000509,1981-01-01 01:01:02,2023-05-04 12:18:30.397589,100000000,2023-05-04T12:18:32.257416,2GIS: Offline map & Navigation,2GIS,3 May 2023
194F8C876FD63AD48721C8104789DD93F17D283973B5625F3B524CF02D24DA5A,com.infinix.xshare,370001,1981-01-01 01:01:02,2023-11-23 02:55:01.994469,100000000,2023-11-23T02:57:30.461315,"XShare- Transfer &amp; Share files
3.7.0.001",Shalltry Group,22 Nov 2023
7AA61D437B43E8A1137AD8F87DCE565F0F3DEAC066542C9010C42D476A6B6C50,videoplayer.videodownloader.hdvideoplayer,105000,1981-01-01 01:01:02,2023-05-11 02:25:43.815405,50000000,2023-05-11T02:26:22.251474,HD Video Player,Simple Design Ltd.,9 May 2023
3DBA8DF11912ABED75090647C9FD673DB5E2276BD844E3A16E73BCEFEF4D67E1,com.transsion.XOSLauncher,5126,1981-01-01 01:01:02,2023-01-07 20:00:53.537206,100000000,2023-01-07T20:01:56.823604,"XOS Launcher 2022-Cool,Stylish",Shalltry Group,6 Jan 2023
07764D2B032A3331F78809E11B5C99689942BBDB996913A4D3E867977491B281,com.yy.hiyo,41367,1981-01-01 01:01:02,2023-12-28 04:20:19.539872,100000000,2022-09-22T05:46:47.747142,"Hago- Party, Chat & Games",HAGO,21 Sept 2022
2AAEFAE654F32DFE9A44ABC288E05E048DA05D9879F90FBAAD56D3C3BE51AD9B,com.trustedapp.pdfreaderpdfviewer,154,1981-01-01 01:01:02,2023-07-10 22:36:45.122829,50000000,2023-07-10T22:38:45.644536,PDF Reader: PDF Viewer & Ebook,TrustedOffice,4 Jul 2023
05FFB919CAD6A4B65BF95BD2CB8701197AC62D2C42C4858874670D1559DEDC90,com.tranzmate,593,1981-01-01 01:01:02,2023-09-03 14:27:36.432668,100000000,2023-09-03T14:28:21.328861,Moovit: Bus & Rail Timetables,Moovit,27 Aug 2023
01F5D60D693348C21CD6E6134A03ED988409E4FBFDFB036276EFECBA9F2DAEAC,com.mcdo.mcdonalds,40937,1981-01-01 01:01:02,2023-05-17 15:16:10.874958,50000000,2023-05-17T15:16:28.766615,McDonald's Offers and Delivery,Arcos Dorados,12 May 2023
0026EA98D4FD6D9949F1F7DD6C6CB9C844174B48AC5334AAC753F1A37172DCD7,free.vpn.unblock.proxy.turbovpn,2023041901,1981-01-01 01:01:02,2023-04-20 12:59:04.578496,100000000,2023-04-20T12:59:17.039601,Turbo VPN - Secure VPN Proxy,Innovative Connecting,19 Apr 2023
001A69C491B19897C267C0E7AB05CE4B8F3E7FD198FFAB0C04CB94D9633813CA,com.atesgamestudio.rollance,72,1981-01-01 01:01:02,2023-11-10 12:19:05.933715,10000000,2023-11-10T12:22:51.429449,Rollance : Adventure Balls 0.14.35,CASUAL AZUR GAMES,9 Nov 2023
095D0DB067991AA081DCAA03EA91809312E50569C749747D6628AC7FA0CA4C50,com.rsupport.rs.activity.rsupport.aas2,377,2009-01-01 00:00:00,2023-11-04 23:20:58.260951,100000000,2023-11-04T23:21:45.406541,"Smart Tutor for SAMSUNG Mobile
1.5 (build 377)","Samsung Electronics Co.,  Ltd.",8 Aug 2023
05B01C5EBCCEA4A8C333F8E74CE039E99249AFE399BA041556F477D728F08B9D,com.nhn.android.nmap,52306007,1981-01-01 01:01:02,2023-08-19 20:30:54.954267,50000000,2023-08-19T20:30:30.974947,"NAVER Map, Navigation",NAVER Corp.,9 Aug 2023
0040B950B317F53025975B49BA30D9AE9E46901E282C02A2697B563D145CA5BF,com.octro.teenpatti,402,1981-01-01 01:01:02,2023-06-21 15:37:12.121258,50000000,2023-06-21T15:37:51.763831,Teen Patti Octro- 3 Patti Game,"Octro, Inc.",16 Jun 2023
02B33E542203DFA9444034C096176C217F7373347C03A9DDC9776EE9F08A0D07,com.crowdstar.covetfashion,2023101369,1981-01-01 01:01:02,2023-10-19 08:19:11.954788,50000000,2023-10-19T08:19:40.312059,Covet Fashion: Outfit Designer,Crowdstar Inc,16 Oct 2023
19AEFC66850FDAA7FEBD0ADD4E9DE396C994F5A8AF99BBBFD098E7A00BCB70D3,com.hambastudio.linecolor,31,1981-01-01 01:01:02,2023-07-29 17:57:36.232691,100000000,2023-07-29T17:58:06.543053,Line Color 3D,tastypill,21 Jul 2023
39A3E34D47FD3B96A222BFECD0DD20E44B194A7F932C4E33740858C8DA8FE7F1,com.slippy.linerusher,201011,1981-01-01 01:01:02,2023-10-09 11:43:52.588015,100000000,2023-10-09T11:43:36.817812,Fun Race 3D — Run and Parkour,CASUAL AZUR GAMES,20 Sept 2023
22ED3DD7761B1AADF147D6F49A33F82C399B5CA1946BE0FAAA3BCB89DAE1FF7D,com.game.foldpuzzle,200084,1981-01-01 01:01:02,2023-11-07 01:49:01.360047,100000000,2023-11-07T01:49:32.825542,"Paper Fold
200084",CASUAL AZUR GAMES,18 Sept 2023
3B89998DEE7ED5BE1DFF3241695FE251D016F69A52B5833E084B379B27DBF2C6,hd.camera,27,1981-01-01 01:01:02,2023-11-23 04:29:56.928847,100000000,2023-11-23T04:32:32.858815,"HD Camera
1.4.7",HD Camera,15 Nov 2023
97E05828B317F0C94EEC27400B4D5A76BEF8ED7B334BB099B1B9D0583A872756,com.wordmobile.prisonstorm,1419,1981-01-01 01:01:02,2023-02-17 16:52:03.403915,50000000,2023-02-17T16:52:58.353637,Prison Escape,Words Mobile,"Feb 17, 2023"
4840D562710C462D8AEAC78C3DA09292F71E2F553C9743AB299D209511984E46,com.FDGEntertainment.redball4.gp,10602,1981-01-01 01:01:02,2023-07-22 15:20:45.332551,100000000,2023-07-22T15:21:54.208379,Red Ball 4,FDG Entertainment GmbH & Co.KG,"Jul 14, 2023"
0BC9C061542C67B7DC726EEE31BBDF679EFE394BC2E31C29BAC4C830D24A23CB,com.PlayMax.playergames,65,1981-01-01 01:01:02,2023-05-26 21:42:34.928945,100000000,2023-05-26T21:42:50.886095,Stickman Party 2 3 4 MiniGames,PlayMax Game Studio,26 May 2023
DE46D02690FB31C17D83638E1F944F26A8766EBA6D40A1C4A0C0DE9F1B76D02E,com.sinyee.babybus.homesafe.global,8680000,1981-01-01 01:01:02,2023-12-19 22:54:49.442393,50000000,2023-12-19T22:56:58.901193,Baby Panda Home Safety 8.68.00.00,BabyBus,13 Dec 2023
0019E65049D113E3C546A8F3DA33D3BF0BEA84D3E4765FCB37BC2CF91043F06F,com.trymygames.snake.arena,128,1981-01-01 01:01:02,2023-05-05 20:08:07.481929,10000000,2023-05-05T20:13:01.365087,Snake Arena,CASUAL AZUR GAMES,3 May 2023
08BEA375D44C8AF034FC223CD45EB08963996023D09AF3712C2AF40EE55EF58F,com.quarterborrowresult.customer,94,1980-01-01 00:00:00,2023-09-08 00:08:40.560113,50000000,2023-09-08T00:09:35.976948,Puzzle Game,Mahjong solitaire mahjongg,5 Sept 2023
0418C9F5F43E0557C2E3EE86C9DBB4FCB4DFC90EF581DA035CF71C8E31EDFE1A,com.ubercab,146281,1981-01-01 01:01:02,2023-05-04 17:09:05.636982,500000000,2023-05-04T17:10:46.021461,Uber - Request a ride,"Uber Technologies, Inc.",26 Apr 2023
298FAC99BDBE98CE594F8C231E6ADB8742C2652511E5D1B414C69823F265783A,com.transsion.carlcare,2830,1981-01-01 01:01:02,2023-12-22 02:55:31.447335,500000000,2023-12-22T02:55:32.396001,"Carlcare
V6.1.5",Transsion Holdings,19 Dec 2023
259505AF02F7EDB135DC8D5A23F856C1207EB21D83D7D3F93679CB73545AE857,com.turkcell.bip,2514,1981-01-01 01:01:02,2023-08-21 15:26:52.127915,50000000,2023-08-21T15:29:17.835205,"BiP - Messenger, Video Call",BiP A.S,11 Aug 2023
1A9ADA8C12CEACA89D6D31F55F452ADF362D3D073487743BBB6CF5451821FAD7,com.easybrain.sudoku.android,60001003,1981-01-01 01:01:02,2023-06-07 22:53:39.899121,50000000,2023-06-07T23:17:10.047195,Sudoku.com - classic sudoku,Easybrain,31 May 2023
2899F971D25505A849669E96D5A68E7535CDEC3E55CF42ED8FD4BF5485A0FFCC,com.google.android.apps.healthdata,97483,1981-01-01 01:01:02,2023-11-21 12:21:28.875232,100000000,2023-11-21T12:21:37.894719,"Health Connect (beta)
2023.10.05.04.release",Google LLC,16 Nov 2023
17B77E8DE3CBDC331C29B66B240153D218B90988756A49C5EA7A8533815E492E,de.zalando.mobile,977,1981-01-01 01:01:02,2023-06-15 18:16:24.266934,50000000,2023-06-15T18:17:43.813953,Zalando – online fashion store,Zalando SE,12 Jun 2023
2DFB70D855179AA7C0B0566877BE4F91BD891BA02CBBC14281C0272221298107,com.adidas.app,52704349,1981-01-01 01:01:02,2023-09-04 13:33:17.719542,50000000,2023-09-04T13:33:59.645391,adidas,adidas,30 Aug 2023
8329E9559FB21D4A41D8B42AC9BEF7B6F41549CAAD6348F5D287B4B08327DB0A,com.ua.vikos.world,1029,1981-01-01 01:01:02,2023-12-04 01:30:51.363466,50000000,2023-11-19T08:09:06.891450,KawaiiWorld 1.000.09,akseno2,22 Oct 2023
01532C19A4614431265FFB67AA69F3AF3EE3EFDA9D5EC857119C09C3AA6DA55D,com.geishatokyo.dinosaur,11821,1981-01-01 01:01:02,2023-05-02 10:09:37.716924,50000000,2023-05-02T10:13:12.586332,Dinosaur Rampage,"Geisha Tokyo, Inc.",13 Apr 2023
090EC12E2E6DC051CF9F712F81A141437C596C5B6F84291CAC901C2688A8BF2B,com.google.android.apps.youtube.creator,123381027,1981-01-01 01:01:02,2023-10-04 20:15:06.647988,100000000,2023-10-04T20:15:08.124037,YouTube Studio,Google LLC,20 Sept 2023
28B4B656215517096AB2A619BBE6C78E5B08E03245E8EE4A4A8559B33EC28EE3,com.luutinhit.controlcenter,333,1981-01-01 01:01:02,2023-11-05 21:08:53.910959,50000000,2023-11-05T21:09:58.646863,Control Center iOS 15 3.3.3,LuuTinh Developer,23 Oct 2023
0A0828173219702C3DC2A0D54E0832C0DF2F0E4D7936B6C4AA56418474A1888F,com.addictive.strategy.army,6850,1981-01-01 01:01:02,2023-03-30 20:11:41.031805,50000000,2023-03-30T20:14:22.123112,Art of War: Legions,Fastone Games HK,30 Mar 2023
07384AE2D750CE1B8B78C07F87D42802C784C3483AD5AFDF646B91A1474CBF22,com.google.android.ims,31119067,2009-01-01 00:00:00,2023-12-02 18:14:07.938318,5000000000,2023-12-02T18:16:58.941170,"Carrier Services
carrierservices.android_20231002_00_RC00.phone",Google LLC,3 Oct 2023
0F078E437159243F87629C4CC160BEDF34BCF74C989BAE7B685980DEDA35F201,com.sinyee.babybus.restaurant,8650001,1981-01-01 01:01:02,2023-02-15 13:00:34.880085,50000000,2023-02-15T13:01:04.941759,Little Panda's Restaurant,BabyBus,14 Feb 2023
10F525E8E1F53882B04012F985B238DA7670AD880183994BAFAF04B92E64AB0C,com.xiaomi.smarthome,77960,1981-01-01 01:01:02,2023-12-21 01:35:09.396613,50000000,2023-12-21T01:35:38.672328,Xiaomi Home 9.0.700,"Beijing Xiaomi Mobile Software Co.,Ltd",11 Dec 2023
3C5B3351871C5B66D1C0EAB1DAE615D3A61289B0204AFE855B30F4B94BC322BC,com.azurgames.stackball,154,1981-01-01 01:01:02,2023-11-30 14:19:40.522325,100000000,2023-11-30T14:20:41.190637,"Stack Ball - Crash Platforms
1.1.54",CASUAL AZUR GAMES,27 Nov 2023
14D329DCDB48016974AC0675DC0CF6E63664235D9A583D8E9749D59346B17872,com.jima.modern.tuktuk.auto.rickshaw.driving.game.simulator,61,1981-01-01 01:01:02,2023-02-25 08:19:51.09565,50000000,2023-02-25T08:21:42.103501,Rickshaw Driving Game: Offline,Jima Apps,"Feb 24, 2023"
07AA9947DCF4DFA2BA451287A25C659CAE844D3717F237E1A338E45706177D76,com.indeed.android.jobsearch,67822,1981-01-01 01:01:02,2023-03-02 22:56:22.363538,100000000,2023-03-02T22:56:38.632239,Indeed Job Search,Indeed Jobs,28 Feb 2023
B2D254733F136AC70E3F11B577924F7381B5BC810F9C093CBEFD1050550F5B08,com.wordsmobile.RealBikeRacing,15,1981-01-01 01:01:02,2023-05-24 09:16:29.781555,100000000,2023-05-24T09:18:45.819280,Real Bike Racing,Italic Games,22 May 2023
0055F852A969CED2AF03A022A9D94A9171547A3110A93359144C256FE4CA8E3E,com.topface.topface,5030002,1981-01-01 01:01:02,2023-09-10 16:42:08.502904,10000000,2023-09-05T11:39:39.921911,Topface - Dating Meeting Chat,PSP PROSOCIALPLATFORM LTD,14 Aug 2023
1EBA35F68006E615989A1F77426C2DDC2EB8DEF50B63E67CF392D8BC411BBAD3,com.gorgeous.liteinternational,641,1981-01-01 01:01:02,2023-01-06 11:05:02.53502,50000000,2023-01-06T11:06:14.430583,Ulike - Define your selfie in ,Bytedance Pte. Ltd.,4 Jan 2023
044423B004F3E87E4B8524200CBC1614B2441FE45077D38E72AF2D743C267727,com.wsandroid.suite,615300743,1981-01-01 01:01:02,2023-08-17 21:23:49.634021,50000000,2023-08-17T21:25:32.554528,McAfee Security: VPN Antivirus,McAfee LLC,13 Aug 2023
11C4A2183501BE31BD715EC7C06490D90AA98A3652496C2BA9BB9A4908047A86,vh.one,32416,1981-01-01 01:01:02,2023-04-08 03:08:55.005682,50000000,2023-04-08T03:10:11.981032,"I, The One - Fun Fighting Game",CASUAL AZUR GAMES,7 Apr 2023
0AB6F4107489AC3183EF612C504BDB39242DD0F5254307B3FFFA8F98C36AB907,com.google.android.projection.gearhead,97632234,2009-01-01 00:00:00,2023-06-28 06:30:30.469907,5000000000,2023-06-28T06:42:22.672679,Android Auto,Google LLC,26 Jun 2023
05B137D89CA04D5F446D95E95B2A9612FF023E9CE1BD85DE2A0BDD06C5DA64C2,com.alhiwar,30607001,1981-01-01 01:01:02,2023-02-09 06:01:13.625561,50000000,2023-02-09T06:02:02.031375,"Muslim Muna:Prayer Times,Quran",Al hiwar - الحوار,7 Feb 2023
2C851EAE39AC405D7BA544ACA7467A360F6BB6426C13A070FB4F8E2ABE4C9C3A,fast.phone.clean,212,1981-01-01 01:01:02,2023-04-20 17:58:23.376281,50000000,2023-04-20T18:02:38.037263,Phone Cleaner - Virus cleaner,Apps Clean,19 Apr 2023
06861C648270F3F5329716D105317DDC002F5EB733EB238E39D79B5188AA45A5,com.opex.makemyvideostatus,114,1981-01-01 01:01:02,2023-07-24 05:29:42.320466,50000000,2023-07-24T05:30:28.347105,Lyrical.ly Video Status Maker,lyrical.ly,20 Jul 2023
756CFB6F8BAA0A846090F5A3AB4C4E1D0EBF95434683D989A2C9BDBBC040A628,com.sinyee.babybus.care,8680600,1981-01-01 01:01:02,2023-12-19 11:50:12.363165,100000000,2023-12-19T11:50:13.016092,"Baby Panda Care
8.68.06.00",BabyBus,14 Dec 2023
079468DB76FDCE23F3F86725F4F632ABAC9C7345AD1979E4713FA3147358B351,com.painter.cutandpaint,200280,1981-01-01 01:01:02,2023-09-02 19:15:15.37573,50000000,2023-09-02T19:16:00.958996,Cut and Paint,CASUAL AZUR GAMES,23 Aug 2023
00A8575E18722415DF324A229310E671D40F48C765DC3AB5911022FD4C4F7A8B,com.yottagames.mafiawar,532,1981-01-01 01:01:02,2023-07-21 02:49:41.583121,100000000,2023-07-21T02:49:56.860994,Mafia City,Phantix Games,14 Jul 2023
1873CF29D6AAC4E9307FAF2EF16ACAD76C675F4125DAC19FCC36EB28AD1404AD,com.callapp.contacts,2060,1981-01-01 01:01:02,2023-04-29 12:23:56.321118,100000000,2023-04-29T12:26:53.685607,CallApp: Caller ID & Block,"CallApp Caller ID, Call Recorder & Spam Blocker",27 Apr 2023
7790C7CE617403B19B4797E450EF053293A83BCCD77690EF7416EA107F835ACC,com.threed.bowling,27,1981-01-01 01:01:02,2023-11-10 09:07:52.595834,100000000,2023-11-10T09:08:01.788458,"3D Bowling
3.9",Italic Games,8 Nov 2023
3E2764CFFE88F15D2ED51F24F809B332EF1E02A1160B276C6C82756B154AB80C,com.bti.myPiano,35,1981-01-01 01:01:02,2023-09-06 12:08:06.896247,50000000,2023-09-06T12:07:17.540087,My Piano - Record & Play,Trajkovski Labs,"Aug 29, 2023"
01277341ADF94CF1F3DC6B9B2D926C3EFC5FAB75EB3C79AEED5B43110B4B0329,com.google.android.apps.wearables.maestro.companion,10140911,2009-01-01 00:00:00,2023-08-20 02:41:18.110863,50000000,2023-08-20T02:41:05.471901,Google Pixel Buds,Google LLC,14 Aug 2023
0FF88855FBF49110EB238CEC92EA404EBDDAB5AE5FD578DCD5DFBD896F9629DD,com.dropbox.android,35420200,1981-01-01 01:01:02,2023-11-10 12:22:52.263255,1000000000,2023-11-10T12:23:33.168686,"Dropbox: Cloud Files Storage
354.2.2","Dropbox, Inc.",7 Nov 2023
006716778BC84EFED823AD78D4BD80EFEB2349D5348C2AE393FCCB379AB77FCB,com.ticktalk.translatevoice,380,1981-01-01 01:01:02,2023-07-29 13:33:05.858929,10000000,2023-07-29T13:33:08.185726,AI Voice Translator Translate,Talkao - Talk & Translate,"Jul 27, 2023"
01BE2294EBA281DEB2B66CA8D4FD614C736BE6A8F8AF13C17F7D6E04AC7A3E60,com.maxmpz.audioplayer,976004,1981-01-01 01:01:02,2023-09-12 09:03:19.564073,50000000,2023-09-12T09:03:24.200875,Poweramp Music Player (Trial),Poweramp Software Design (Max MP),4 Sept 2023
0017F26458C8D2FFF5CE8E4423D83EC4C8C658F4DD1617A19668566E768729DD,com.opera.browser.beta,1907410205,1981-01-01 01:01:02,2023-03-11 04:04:26.511264,10000000,2023-03-11T04:05:38.978807,Opera browser beta with VPN,Opera,10 Mar 2023
36E5422C78CA04FEC1513BEE1DA4CBA22E3791C70673DBFC0FE07DB2C223C88E,com.agent.action,105,1981-01-01 01:01:02,2023-06-27 21:51:21.30204,50000000,2023-06-27T23:13:27.679780,Agent Action -  Spy Shooter,SayGames Ltd,22 Jun 2023
0014766744A6EE36E294FB576EFAB9FD292BAE6DC3FE4D3C02ACBC7047804E90,com.volio.stickers.heart.crown.camera.photoeditor,81,1981-01-01 01:01:02,2023-03-17 00:39:12.809966,10000000,2023-03-17T00:40:50.479714,Crown Heart Photo Editor,Govo Tech by Volio,14 Mar 2023
072F90EC92AF1ED6FD6098B4924D4E0A0D980D1F883C96476D48FF88945A7472,com.orange.coloring.learn.kids,175,1981-01-01 01:01:02,2023-11-16 10:13:17.590213,100000000,2023-11-16T10:14:48.186851,"Coloring &amp; Learn
1.175",Orange Studios Games,14 Nov 2023
3E632AD474211B8C9E3982CE9B34DAC66DD74C2FFCEB97A4F4666A025F0CCF13,com.sir.racing.ultimatecardrivingsimulator,152,1981-01-01 01:01:02,2023-06-14 11:17:24.078023,100000000,2023-06-14T11:18:11.481293,Ultimate Car Driving Simulator,Sir Studios,13 Jun 2023
00E9B9ECB7D60A6AEF8EFBB9DC839FBFDB4DF83E94A904FA6C2CEF122B849975,com.navitime.local.navitime,424,1981-01-01 01:01:02,2023-02-22 21:21:02.047164,10000000,2023-02-22T21:22:22.929456,NAVITIME - Map & Transfer Navi,"NAVITIME JAPAN CO., LTD.",21 Feb 2023
E49E2356499934FB796E97D6CEEC913C6F8BA4728E3EAF0132A90D7B55C20603,com.rlk.weathers,60200008,1981-01-01 01:01:02,2023-09-28 22:53:53.108611,500000000,2023-09-28T22:53:54.454250,Daily Weather,Shalltry Group,24 Sept 2023
00AD5FA8D3BC4BAD4244C9C9157659D291EB5DE148AEF34118AE32ED0A03E614,com.tensquaregames.letsfish2,100267,1981-01-01 01:01:02,2023-11-29 21:47:35.820865,50000000,2023-11-29T21:49:20.236179,"Fishing Clash: 3D Sport Game
1.0.267",Ten Square Games,29 Nov 2023
67DDF4A6B2C6EE2599A0246C1BD148A6FA30BE5D470BC9714EC1C8DE7D474243,com.lemongame.klondike.solitaire,42500,1980-01-01 00:00:00,2023-03-24 05:57:37.505214,50000000,2023-03-24T05:58:40.938548,Solitaire,Solitaire Card Games Ltd,14 Dec 2022
07126E26049B02A9363B7F64C048E823A26C8AFEE547192A26625351807F844B,com.JindoBlu.TwoPlayerGamesChallenge,1374,1981-01-01 01:01:02,2023-03-13 08:33:40.824031,100000000,2023-03-13T08:35:33.641149,2 Player games : the Challenge,JindoBlu,8 Mar 2023
14152884A66484660C466DEE9B96DC493A27748041BF78D40BC92C5E3F3B2E71,com.grand.jail.prison.escape,92,1981-01-01 01:01:02,2023-06-22 20:33:35.308002,50000000,2023-06-22T20:34:41.617083,Grand Jail Prison Break Escape,Game Zee,1 Jun 2023
114D1977CF7FB07BA55B8E263852C197D082A26379A4C7D542804836F3C07F09,com.barsstudios.swordplay,933,1981-01-01 01:01:02,2023-06-25 00:53:15.631165,50000000,2023-06-25T00:58:27.735173,Sword Play! Ninja Slice Runner,CASUAL AZUR GAMES,"May 29, 2023"
002F2D1D837CA5F7EC7BE5A7B13FCBD1E77F369DA558F9C7CA7FAAA1C4CBEE49,com.imdb.mobile,108830200,1981-01-01 01:01:02,2023-04-27 17:51:51.74273,100000000,2023-04-27T17:52:08.946820,IMDb: Movies & TV Shows,IMDb,26 Apr 2023
2714FF95CF2FE9003D8E4A1FEC6A4FFC7E5AE92674E25AA8E4B2B0B05656B37F,com.fa.gym.fighting.game,200113,1981-01-01 01:01:02,2023-03-31 09:27:12.216045,100000000,2023-03-31T09:27:53.706688,Bodybuilder GYM Fighting Game,Fighting Arena,30 Mar 2023
0582A6526BDFCF3CD57B2C8056BF6FC54013D398B009E53F1198EF0B79841128,com.itau,1408,1981-01-01 01:01:02,2023-05-09 11:27:46.951287,50000000,2023-05-09T11:27:10.270194,Banco Itaú: abrir conta online,Itaú Unibanco S. A.,3 May 2023
0210EA4343019E8C7C36966E965F0F47CC74874C4F86E4E95CC9B3CADC658DF2,com.google.android.contacts,3048076,2009-01-01 00:00:00,2023-07-11 01:43:46.573925,1000000000,2023-07-11T01:44:11.710668,Contacts,Google LLC,29 Jun 2023
4E2D9731BF4573C66A7660CBA01E4C75593B6386C0CBCAD036B95576385BCFA2,tr.com.apps.fashion.battle,12107,1981-01-01 01:01:02,2023-10-03 18:14:23.642833,50000000,2023-10-03T18:14:14.368695,Fashion Battle - Dress up game,Apps Mobile Games,2 Oct 2023
003BAE6495D9417117596C295D6D3E25409A77858B6FA602758E1CDC62F5FE34,com.lyrebirdstudio.photocollageeditor,205701,1981-01-01 01:01:02,2023-08-21 13:37:41.331225,50000000,2023-08-21T13:39:33.734591,Collage Maker Photo Editor App,Lyrebird Studio,18 Aug 2023
06F28588305D9AA2C740001E7D477DBAC09FAA4E4AE26031B03F7B680FD7F472,com.lf.sniper.gun.shooter.free.apps,148,1981-01-01 01:01:02,2023-05-25 19:50:04.388632,50000000,2023-05-23T20:56:54.086958,Offline Sniper Shooting Games,The Knights Pvt Ltd,13 May 2023
16C3AA2E2391339F71EF7C13EAAC4BA68FE554843C41CB92751545C4391A9F04,com.atpc,612,1981-01-01 01:01:02,2023-03-18 20:15:56.568776,100000000,2023-03-18T20:15:48.291885,"MP3 Downloader, YouTube Player",Super Music Player Downloader,17 Mar 2023
3AB9C8C0552525DB2468DFE767B5B6070EE0316B311B51A41659945FB9CCE7CD,com.games.cookiecarver,5800,1981-01-01 01:01:02,2023-02-13 22:42:15.418613,50000000,2023-02-13T22:43:49.732981,Cookie Carver: Life Challenge,CASUAL AZUR GAMES,"Feb 10, 2023"
06878C7AAC0B2E3B80F726816B491C3F9D650A98AB2A3A3207FAA4B2030200B0,com.google.android.apps.chromecast.app,30416324,1981-01-01 01:01:02,2023-11-15 19:22:16.144167,500000000,2023-11-15T19:25:41.289873,"Google Home
3.9.1.6",Google LLC,3 Nov 2023
260020CC425E98995B9B1E2E0B1D9CC37906004F6898108BB0BA384FD5FA9C9C,cn.xender,1000098,1981-01-01 01:01:02,2023-09-07 20:33:29.665257,500000000,2023-09-05T17:54:37.811067,Xender - Share Music Transfer,Xender File Sharing Team,31 Aug 2023
5C1F58C5108E3226EDF821368CF5C32FC79A5F48874A58AB65E7EE9EB0D2D906,com.jiinfeng3d.bfrdemo,81,1981-01-01 01:01:02,2023-10-18 03:42:48.155331,50000000,2023-10-18T03:42:49.577936,Fighting Tiger - Liberal,Jiin Feng,17 Sept 2023
321991429F1FA9185BD2637439FB56DEEDDEBC0B56568549F52629E521A5AEA1,us.pinguo.selfie,1513,1981-01-01 01:01:02,2023-11-10 02:44:23.489822,50000000,2023-11-10T02:45:36.710193,Bestie - Camera360 Beauty Cam 4.2.8,PINGUO TECHNOLOGY HK CO LIMITED,7 Nov 2023
04C2068C8262E7D92AB4E85C30A0D51ECFA969A711CB68DD5F2D3445F38C6D7F,com.snake.io.slither.worms,365,1981-01-01 01:01:02,2023-07-12 11:18:51.975482,100000000,2023-07-12T11:19:08.089196,Snake Lite-Hungry Worm.io Game,Hippo Lab,11 Jul 2023
035EA1AB96DFC5090DF21A40EBE41396489AB6A28B471437B721324EF28E86A7,com.tayu.tau.pedometer,72,1981-01-01 01:01:02,2023-11-23 10:20:02.621687,50000000,2023-11-23T10:21:09.347644,Pedometer - Step Counter App 5.49,"ITO Technologies, Inc.",22 Nov 2023
6963D70E5F76591AF048F991FB572273D32E73FE5A19668262E48816B8E20B50,com.lguplus.mobile.cs,333,2023-10-17 19:10:52,2023-10-23 11:58:12.150204,50000000,2023-10-23T11:58:49.484461,당신의 U+ (고객센터),LG유플러스(LG Uplus Corporation),17 Oct 2023
02A9D95072700FD6422024F6A1417D7EBE72184B240BD5895637DD57DA6A3E3B,com.engro.cleanerforsns,75,1981-01-01 01:01:02,2023-03-28 06:18:49.885763,50000000,2023-03-28T06:19:11.210507,Bravo Cleaner,Bravo GmbH,24 Mar 2023
8773CA0A23C0C06B96FB6516B2D48AB982B9A27B57BE38D9CB1B6641A8C3C4D0,com.nway.powerrangerslegacywars,59038,1981-01-01 01:01:02,2023-08-22 10:45:12.251794,50000000,2023-08-22T10:55:05.491048,Power Rangers: Legacy Wars,nWay Inc.,"Aug 18, 2023"
03DC39B537C202B37280121B86FEB7337779A39366E3E29B84F21545D3429533,com.unicostudio.whois,133,1981-01-01 01:01:02,2023-06-13 01:42:58.983112,50000000,2023-06-13T01:44:22.728698,Who is? Brain Teaser & Riddles,Unico Studio,25 May 2023
29CAAC1BFCF6EEC4AC91D12F35EF027B1A2DCBF964155E31016755C3A59D85D9,com.hit.master,47,1981-01-01 01:01:02,2023-06-13 06:34:17.064921,100000000,2023-06-13T06:34:49.396988,Hit Master 3D - Knife Assassin,CASUAL AZUR GAMES,8 Jun 2023
10AA02EB1EE693D9F4891B77509993BD56F332C5023BEF716A5C1B448859A276,com.appsinnova.android.keepclean,10007101,1981-01-01 01:01:02,2023-01-10 19:48:56.936523,100000000,2023-01-10T19:49:27.342549,"KeepClean: Cleaner, Antivirus",APPS INNOVA,10 Jan 2023
01BA282BAD8BA65555D465E4199E363B5ECD38687DFD79ABF81F45F38E33D0F7,com.amazon.mp3,523050214,1981-01-01 01:01:02,2023-05-01 10:58:29.441759,100000000,2023-05-01T11:09:02.073366,Amazon Music: Discover Songs,Amazon Mobile LLC,27 Apr 2023
0987131ACEA399C75ADC9618E13A2C7D31FD59D7A617D0171836515429107D8C,com.adsk.sketchbook,454020,1981-01-01 01:01:02,2023-07-27 22:20:24.825301,100000000,2023-07-27T22:21:41.243412,Sketchbook,Sketchbook,27 Jul 2023
087E7DB9EB1D96EE51279BAEB17E1193BCA0C74DD9CAA89F436A6536B625C69B,com.nvt.cs,16262,1981-01-01 01:01:02,2023-12-22 22:43:52.350922,50000000,2023-12-22T22:43:44.617207,Minha Claro Móvel 16.26.2,Claro S/A,20 Dec 2023
E1E160C67CBE6D01AEE8A083FEBB6DDE054A54DFF047EA80AF646E2A28CB7B37,com.baklabs.bus.simulator,2006,1981-01-01 01:01:02,2023-12-18 05:38:44.677009,50000000,2023-12-18T05:38:33.850686,Bus Game 2.1.0,baklabs,4 Sept 2023
437AC4460EABD3A2BE062A639AF3EE0EB0135ED449B03495BA462E614F682FF5,com.ogqcorp.bgh,500064,1981-01-01 01:01:02,2023-02-16 09:28:32.507569,100000000,2023-02-16T09:29:50.563524,Backgrounds HD (Wallpapers),OGQ,10 Feb 2023
2BABB55C253CD2AFAA5AA8FD7674A4948C6BDE9F42CB2CE64DA9036127C65612,war.of.islands,344,1981-01-01 01:01:02,2023-09-25 23:29:50.380615,50000000,2023-09-25T23:31:39.980130,War of Rafts: Crazy Sea Battle,CASUAL AZUR GAMES,22 Sept 2023
083E9AEDFF03E17B61C32A31F56984E7FC756B232F44A1226D949AF8D6DBD1A3,com.differencetenderwhite.skirt,71,1980-01-01 00:00:00,2023-09-21 19:06:16.463304,100000000,2023-09-21T19:07:42.393129,Block Puzzle Jewel,hua weiwei,21 Sept 2023
27D9F2BD5237FD9A1E1B29C7A92B0BAC439265970C3C61629CC2587223AD6AFB,com.zzkko,869,1981-01-01 01:01:02,2023-11-04 17:29:46.723571,500000000,2023-11-04T18:15:03.109048,"SHEIN-Shopping Online
9.9.4",Roadget Business PTE. LTD.,1 Nov 2023
0682F74FECB8122D9039A4F36477E4C0B111061E966E7A218CCDB92E5815A862,com.eyecon.global,464,1981-01-01 01:01:02,2023-06-28 04:15:25.099337,50000000,2023-06-28T04:15:11.839577,Eyecon: Caller ID & Contacts,Eyecon Phone Dialer & Contacts,21 Jun 2023
0333E1272F47EA75843C54C3818D37977F5A0D05F910EFAF49A0FCF0799FBC60,com.mobisystems.msdict.embedded.wireless.oxford.dictionaryofenglish,1057,1981-01-01 01:01:02,2023-11-07 14:19:50.914037,50000000,2023-11-07T14:24:08.224599,Oxford Dictionary 15.3.1057,MobiSystems,"Nov 6, 2023"
3F37E6DE24A4ED370E13C8A437BF7507FADF5A85A2D2271F011F556889DB6005,com.easybrain.art.puzzle,32300084,1981-01-01 01:01:02,2023-10-26 01:23:42.917421,50000000,2023-10-26T01:25:24.491912,Art Puzzle - Puzzle Games,Easybrain,25 Oct 2023
376E669D4C080DFEB702829ED1E0425EE8D772172D5B7D8AB95BD5F16CC7FCE1,io.faceapp,11842,1981-01-01 01:01:02,2023-12-21 15:57:46.053179,500000000,2023-12-21T16:00:35.736547,"FaceApp: Perfect Face Editor
11.8.3",FaceApp Technology Ltd,21 Dec 2023
0802D5B3767CA45258A6C24E47539C7B50A24FB18D113508FB05EA70C57431A8,com.tfgame.criticalstrike,10111,1981-01-01 01:01:02,2023-02-17 09:26:01.958018,50000000,2023-02-17T09:25:49.195412,Counter Terrorist Strike : CS,Gunfire Game,16 Feb 2023
11CC1E00706483DDE0F43A3F047225AB39F998B661BD545EDDA05928498A9D23,com.blinkslabs.blinkist.android,10010402,1981-01-01 01:01:02,2023-12-19 22:26:10.731184,10000000,2023-12-19T22:29:15.861203,"Blinkist: Book Summaries Daily
10.1.4",Blinks Labs GmbH,19 Dec 2023
15648D4D6616A47AF2D7C501C50D3D29C738411BC49D421D52E936028D5DEACA,com.innersloth.spacemafia,3369,1981-01-01 01:01:02,2023-07-14 08:52:06.185164,500000000,2023-07-14T09:00:27.774900,Among Us,Innersloth LLC,13 Jul 2023
00F77AEA3C2A2AFF45AE7C54BB554FA4AC1DD8729B5864E3B34FE7871119AD90,com.oppanagames.car.simulator,156,1980-01-01 00:00:00,2023-04-14 10:15:36.497937,50000000,2023-04-14T10:25:57.292047,Car Simulator 2,OppanaGames FZC LLC,"Apr 11, 2023"
05337BC7468FC6792D7B211537442FA20469D20C97119BC89FA392D38D325381,com.cocoplay.sweet.bakery,156,1981-01-01 01:01:02,2023-09-14 18:22:59.012789,100000000,2023-09-14T18:25:45.184025,My Bakery Empire: Bake a Cake,Coco Play By TabTale,7 Sept 2023
0D2DC743F36668367E2BC4209340BC3B3703D1CA86679BCEF233F6099C81AE87,ru.zdevs.zarchiver,10915,1981-01-01 01:01:02,2023-12-29 12:41:06.963838,100000000,2023-12-29T12:42:42.151338,"ZArchiver
1.0.9",ZDevs,25 Dec 2023
6AAC154042237688522F00C993FA788619D3783E0CE19ACA409548A855AE8A09,com.cocoplay.cakemaker,188,1981-01-01 01:01:02,2023-07-05 00:15:47.593741,50000000,2023-07-05T00:16:33.579979,Real Cake Maker 3D Bakery,Coco Play By TabTale,3 Jul 2023
1053F0604F796A35302AD575632A2BD1DB44F648810BCB7A9FF1E47AFE25727A,com.diandian.gog,6783,1981-01-01 01:01:02,2023-05-08 17:05:06.224101,50000000,2023-05-08T17:04:34.614827,Guns of Glory: Lost Island,FunPlus International AG,6 May 2023
6913256ABF02C7AD5703DCD1DEA265146E7D60448C842A354EFC71CC704CEFB2,com.sir.racing.ultimatemotorcyclesimulator,75,1981-01-01 01:01:02,2023-06-09 05:46:01.236355,50000000,2023-06-09T05:47:24.679337,Ultimate Motorcycle Simulator,Sir Studios,8 Jun 2023
1C6E79CA9DEDDF17C1CA1602B54123838BD3ADED23CDE208643C3A961414ABE0,helectronsoft.com.live.wallpaper.pixel4d,265,1981-01-01 01:01:02,2023-07-14 19:39:23.837521,50000000,2023-07-14T19:41:37.406133,Pixel 4D™ Live Wallpapers,TarrySoft,27 Jun 2023
002C8B21E02089E0C26F2E40DDEAA46580484D9644D3322B0DB0006396F020D0,com.lidl.eci.lidlplus,1470400359,1981-01-01 01:01:02,2023-03-01 10:03:58.1473,50000000,2023-03-01T10:06:27.374480,Lidl Plus,Lidl,28 Feb 2023
0CEA5E02DC301A0FAD63A5E62E8A106F34794E785DF9AE0B94B35C06F6A8DFA5,com.crazylabs.sausage.run,1277,1981-01-01 01:01:02,2023-02-28 13:10:14.92827,100000000,2023-02-28T13:11:20.084177,Run Sausage Run!,CrazyLabs LTD,24 Feb 2023
103782A3698085BC1A361D5199B366E26CB0A0D3E7BA25F7F7CC2A5A6F7835C1,com.instantbits.cast.webvideo,4680,1981-01-01 01:01:02,2023-02-16 04:06:55.089735,50000000,2023-02-16T04:06:46.336940,Web Video Cast | Browser to TV,InstantBits Inc,8 Feb 2023
A22A1FC0D96D11BB60E59569B039CA5087C3AA0A9FD019C1E2949563F3C8A479,com.gameresort.stupidzombies,67,1981-01-01 01:01:02,2023-08-11 11:48:44.060189,50000000,2023-08-11T11:49:56.560582,Stupid Zombies,GameResort,9 Aug 2023
0B7C9A7C9672C38B09D53F6EA703C1C0F8B970F23D75687F917BE9845C11337E,com.sinyee.babybus.shopping,8661603,1981-01-01 01:01:02,2023-06-27 18:20:41.592844,100000000,2023-06-27T18:22:29.918988,Baby Panda's Supermarket,BabyBus,19 Jun 2023
25996B7AD69A25FE05CBE5FDF9C1EC8481409EB966E47CCD9616329FDF0732E1,com.memeandsticker.textsticker,1300561,1981-01-01 01:01:02,2023-08-14 20:02:26.3634,50000000,2023-08-14T20:03:55.430535,TextSticker for WAStickerApps,MEME Studio,8 Aug 2023
03E662BE103B6D70FB983C708D79EC45342FC185102B69C425F3D8AC1256E31A,ru.mw,212852,1981-01-01 01:01:02,2023-03-05 13:34:15.247199,50000000,2023-03-05T13:36:05.290247,QIWI Wallet,QIWI Bank JSC,2 Mar 2023
27B50D33B8FB6FE32D32A9C26A9B1DF39DB05D7FD71FF788086D14CD64AC04B4,com.msf.kbank.mobile,173,1981-01-01 01:01:02,2023-01-20 11:01:14.842226,50000000,2023-01-20T11:03:10.155241,"Kotak-811,UPI,Payments & Loans",Kotak Mahindra Bank Ltd.,"Jan 18, 2023"
1F6A61B8B1D5C707A84046E63BEB7C9AB27B0596BB994A53C0CA202596B0B0A1,com.orangeapps.piratetreasure,2020000143,1981-01-01 01:01:02,2023-07-19 02:35:22.613432,50000000,2023-07-19T02:36:49.663356,Pirate Treasures: Jewel & Gems,TAPCLAP,28 Jun 2023
00469A990F1DE9478B7AA2039E2B11176F6C3FE5BD2567524EEEB51B812824CE,com.smule.singandroid,11210,1981-01-01 01:01:02,2023-09-20 14:29:24.522426,100000000,2023-09-20T14:30:43.292294,Smule: Karaoke Music Studio,Smule,18 Sept 2023
005FA588193175506012037FD71BB8A4802EC534FA28301F2CF95DC05324D8EB,sinet.startup.inDriver,652,1981-01-01 01:01:02,2023-07-20 09:34:26.217013,100000000,2023-07-20T09:34:27.865344,inDrive. Save on longer rides!,® SUOL INNOVATIONS LTD,19 Jul 2023
42608EF2FFFA852A399A4AA2DA509305DADA7AD0D05064B7678BAFAFFDB56C2A,com.dsi.ant.plugins.antplus,30900,1981-01-01 01:01:02,2023-11-08 09:31:54.293934,1000000000,2023-11-04T14:06:27.167598,"ANT+ Plugins Service
3.9.0",ANT+,7 Jun 2023
4FFD0797E275643CBB0BDC0FC59800288507826D1EB726F479F6F64AE20E8EF3,com.handycloset.android.eraser,29,1981-01-01 01:01:02,2023-11-25 10:05:59.345935,100000000,2023-11-25T10:06:40.928658,"Background Eraser
4.3.0",handyCloset Inc.,20 Nov 2023
0EF2D0F7D2669842FB57896B3F43D8A44DE24B499C66460FDF8D1110581C7B0F,com.fogg.photovideomaker,200124,1981-01-01 01:01:02,2023-08-21 12:56:21.556614,50000000,2023-08-21T12:55:08.913850,MBit Music Video Status Maker,MBit Music Inc.,"Aug 20, 2023"
017069E160A7413FF77789852645A773CC1D0F39D1B7D246073ADF430897EB09,com.matchingham.judgementday,186,1981-01-01 01:01:02,2023-07-09 03:50:24.20515,50000000,2023-07-09T03:50:35.749444,Judgment Day: Angel of God,Matchingham Games,6 Jul 2023
6503D5A06E67D4F7F240EC9650A8E291316D5AD01808CD77B2AE1A586FAF0844,com.shopee.ph,597,1981-01-01 01:01:02,2023-11-04 01:55:36.056413,50000000,2022-03-28T01:05:42.599158,Shopee: Shop on 4.4,Shopee,25 Mar 2022
3A834D54AFEBF9985A3F37700324ABC41FA9153EC431482546F8994167EB09AB,com.zjcgame.icingonthedress,39,1981-01-01 01:01:02,2023-11-05 05:20:58.788361,50000000,2023-11-05T05:22:28.796365,Icing On The Dress 1.3.0,Lion Studios,17 Oct 2023
0549E613CCCC552FB3E8E97E11FBC445FA607C929F018244EBEF56B6BCD9D85F,com.refuelgames.rally,309661,1981-01-01 01:01:02,2023-12-19 23:39:04.010863,100000000,2023-12-19T23:40:51.529305,"Rally Fury - Extreme Racing
1.111",Refuel Games Pty Ltd,13 Dec 2023
0029CB11F57FA6A43C8A916E1EF74278179CC08E076052D3B84C39015E4B5282,com.grindrapp.android,115406,1981-01-01 01:01:02,2023-05-25 14:02:55.285895,50000000,2023-05-24T00:59:28.550090,Grindr - Gay chat,Grindr LLC,18 May 2023
06A2DDCA04F960DC23B7B8BE244F3928837F106801500705CCC71DA592DF3986,com.pd.thecook,135,1981-01-01 01:01:02,2023-11-24 14:05:38.408884,50000000,2023-11-24T14:14:36.512909,The Cook - 3D Cooking Game 1.2.17,SayGames Ltd,"Nov 16, 2023"
04D70A6619B275575C861363D67B33A38FBD19DA57AEBE2ABA8D6A35E5A12440,com.twitter.android,310150000,1981-01-01 01:01:02,2023-11-07 20:43:40.053194,1000000000,2023-11-07T20:45:28.537438,"X
10.15.0-release.0",X Corp.,6 Nov 2023
201A7A84A6D5CE4B1D3655199131425DA336709B8CD4813A5AEFA29C2E23BDB2,com.colorhole.game,5000033,1981-01-01 01:01:02,2023-11-25 02:43:37.350512,50000000,2023-11-25T02:45:37.744605,Color Hole 3D 2.1.0,CASUAL AZUR GAMES,22 Nov 2023
14BDD8947E6E5BEB9184D27D3015848587177ED15CF8400987DDE67B30E73519,com.pedidosya,1627,1981-01-01 01:01:02,2023-09-01 22:03:48.258956,50000000,2023-09-01T22:04:15.713175,PedidosYa - Delivery Online,PedidosYa S.A,28 Aug 2023
173FD1FD84344C4BD299FDE9BE1472CC606A5FE8A0DC2031862C57E55E24166E,vsin.t16_funny_photo,8644,1981-01-01 01:01:02,2023-09-30 15:22:22.69695,100000000,2023-09-30T15:23:10.660438,Photo Lab Picture Editor & Art,Linerock Investments LTD,29 Sept 2023
22720D68570703BD61570FB44F36BBA0ABB8CEA38383EE25A370753FD2FC1FC7,com.google.android.deskclock,73002398,1981-01-01 01:01:02,2023-12-02 20:51:09.206727,1000000000,2023-12-02T20:53:15.751285,"Clock
7.3 (478865382)",Google LLC,4 Oct 2022
2801D065F085455198F1F44D0B4B2173CB681A588D9719D62C742636DF4B391E,gg.sunday.catescape,223,1981-01-01 01:01:02,2023-10-10 08:19:09.791755,100000000,2023-10-10T08:19:44.406530,Cat Escape,Sunday.gg,15 Sept 2023
0154A5DA7F814DFD3366758EE4226DC7C998A220352F4FBEA7CA740A6A68DDD6,com.portonics.mygp,365,1981-01-01 01:01:02,2023-12-06 04:15:08.069662,50000000,2023-12-06T04:17:37.488044,"MyGP - Offer, Recharge, Sports
5.4.1",Grameenphone Limited,5 Dec 2023
63D3D964BC340D6E812876BABC1FFD56F7513A59B6207DEDB935320237BDFE8C,com.geishatokyo.snowballio,11687,1981-01-01 01:01:02,2023-04-02 15:02:24.401064,50000000,2023-04-02T14:57:51.726293,Snowball.io,"Geisha Tokyo, Inc.","Mar 29, 2023"
193921089255D52065AE60132C94C633F54C6EEE30479B91400FFA74456066A9,com.ubisoft.hungrysharkworld,256,1981-01-01 01:01:02,2023-12-05 14:36:18.796555,100000000,2023-12-05T14:35:47.659125,"Hungry Shark World
5.4.0",Ubisoft Entertainment,3 Dec 2023
00EC3C4FEC9C4ED7915C6409A045D577A7772A01B98FB0F509860E2F65BE2920,com.cookapps.ff.moderncity,300006,1981-01-01 01:01:02,2023-06-03 17:37:07.264464,50000000,2023-06-03T17:39:45.471469,My Home Design - Modern City,CookApps,1 Jun 2023
1680DD63FF0D52C28CDD8BA2A9546BBAE442557AD3194066C942639B0F558739,com.yodo1.crossyroad,161500,1981-01-01 01:01:02,2023-11-08 02:46:33.328828,100000000,2023-11-08T02:47:50.121442,"Crossy Road
5.3.3",HIPSTER WHALE,1 Nov 2023
3069ADD87B5B87C8AAFAB395365554B57ECBB8FDA12D0ED2A3D63715E25C4F65,com.water.balls,102,1981-01-01 01:01:02,2023-01-12 16:26:22.369467,100000000,2023-01-12T16:28:16.331223,Sand Balls - Puzzle Game,SayGames Ltd,6 Jan 2023
1966BAD6373137FAFCBE00BD8D6FEC842E7F42D63E4788429573532FE303E5FD,com.game5mobile.lineandwater,316,1981-01-01 01:01:02,2023-06-22 22:31:24.728904,100000000,2023-06-22T22:32:51.395135,Happy Glass,Lion Studios,21 Jun 2023
49C934944576716C4BE5DA5CA6447C858361A9AF5FB3B1131AA25F9122FC756C,com.TopWinGames.OilTanker.TruckSimulatorGames,77,1981-01-01 01:01:02,2023-08-21 19:12:19.857721,50000000,2023-08-21T19:10:54.406708,Oil Tanker Truck Driving Games,TW Games Studios,"Aug 21, 2023"
077BAD22DEB75D1873A5A4FCBB5C080CB9D9676DAB339E4D6F5AE07279C92CAE,com.neighbors.darkriddle,3791,1981-01-01 01:01:02,2023-02-16 13:26:42.973981,50000000,2023-02-16T13:30:47.094904,Dark Riddle,PAGA GROUP,"Feb 15, 2023"
786E91426F8C7F78FF13AE581D517230440B7DD57C11002E3C2B4C645C3562F9,com.enteriosoft.extremebalancer3,751,1981-01-01 01:01:02,2023-08-17 19:45:12.558577,50000000,2023-08-17T19:46:57.214568,Extreme Balancer 3,Enteriosoft,16 Aug 2023
091EE09C4D4C6779281CA50C8ED682B6CE5D502BB38C8DA267846EB0CB04FA4C,com.miui.huanji,41700,1981-01-01 01:01:02,2023-10-04 20:11:46.480817,100000000,2023-10-04T20:12:18.332675,Mi Mover,Xiaomi Inc.,29 Sept 2023
01FEE18C2AB7F10A8D524547DEA39D92D6F53ECE13FF559B79C1BF443F56B3F5,com.google.android.youtube,1540744640,1981-01-01 01:01:02,2023-10-25 06:31:00.395714,10000000000,2023-10-25T06:33:12.115913,YouTube,Google LLC,"Oct 19, 2023"
184C37C34369805584AD1E5F6090E79C4AB80E77D9F29311B2446B3F2F7732FC,photography.blackgallery.android,2482,1981-01-01 01:01:02,2023-05-12 12:29:21.990651,50000000,2023-05-12T12:30:01.204040,Gallery,gallery,9 May 2023
0B268DFF75B36755DF69345874509C06D52C24BE213D1E9F17AAD55A26F6F535,com.trassion.infinix.xclub,693,1981-01-01 01:01:02,2023-12-19 23:04:06.490603,100000000,2023-12-19T23:04:57.179451,"XClub
5.1.4.0.1",XClub,18 Dec 2023
2A8D4C5B5D4B3EF7EE8FBD55D780F7BF2EC769970B734D72EA402A722886776D,com.tap4fun.reignofwar,1505100,1980-01-01 00:00:00,2023-12-21 03:04:20.218804,50000000,2023-12-21T03:05:23.239711,Invasion: Aerial Warfare 1.50.51,tap4fun,15 Dec 2023
23DCFABDA76CC83F9F4350D83E849E9FCDFC67D9D26A74B05C8F33EB7C4D19F8,net.filerecover.app,23033101,1981-01-01 01:01:02,2023-03-31 15:02:30.86628,50000000,2023-03-31T15:02:32.185528,File Recovery - Restore Files,File Tech,31 Mar 2023
0382867697764D441716F8976433CC7D4AB2B77FA14969741B63719495EF0253,com.mojang.minecrafttrialpe,971907302,1981-01-01 01:01:02,2023-03-29 20:07:33.811227,100000000,2023-03-29T20:08:17.782154,Minecraft Trial,Mojang,28 Mar 2023
014F8A0FE78BC937F1BA3465E114C49CB40AB9A356900D9EFEE93E4E2F869D08,com.hbo.hbonow,35345001,1981-01-01 01:01:02,2023-09-20 23:17:02.63836,100000000,2023-09-20T23:17:40.540925,HBO Max: Stream TV & Movies,"WarnerMedia Global Digital Services, LLC",1 Sept 2023
3AA60DD0DF2D838DDACD75EE8A4C7DBAEB865572B5B911D124F0E848EBE2618D,com.freeplay.twerk,392,1981-01-01 01:01:02,2023-09-22 16:26:45.376576,100000000,2023-09-22T16:26:47.633083,Twerk Race 3D — Running Game,Freeplay Inc,15 Sept 2023
1511CADC6B169B4CB1FDDAF3AECD99DEA7ED142839718B4084BD94FBC14C46BE,com.duckduckgo.mobile.android,51790000,1981-01-01 01:01:02,2023-11-22 15:19:29.402936,50000000,2023-11-22T12:23:40.119529,DuckDuckGo Private Browser 5.179.0,DuckDuckGo,20 Nov 2023
5EE8F22E615D9ACE4DCE4C8A8049F29372CF2BB90A3A30F54FB4DFA5BEFBE737,com.hp.android.printservice,3163,1981-01-01 01:01:02,2023-08-29 20:16:35.127008,500000000,2023-08-29T20:18:09.610143,HP Print Service Plugin,HP Inc.,23 Aug 2023
7737D6F67511B65CDE8710B2E4B1CA31941CC598BE537241062D637B423A0DC2,com.mamara.bakery,8680000,1981-01-01 01:01:02,2023-12-15 06:25:28.095614,50000000,2023-12-15T06:29:23.478044,Little Panda: Sweet Bakery 8.68.00.00,BabyBus,13 Dec 2023
037F4298CCABA169A78918B145F50CDEBAD75A073CFA37F81EAF6AB23230B99E,com.accuweather.android,160100007,1981-01-01 01:01:02,2023-10-14 09:32:03.95031,100000000,2023-10-14T09:32:16.157571,AccuWeather: Weather Radar,AccuWeather,12 Oct 2023
0131763995FFFB5769E632589F9D6F02F85444C9CFA7072613D631CF6169C044,com.leodesol.games.classic.maze.labyrinth,248,1981-01-01 01:01:02,2023-07-23 06:16:26.77148,50000000,2022-12-05T17:05:14.127227,Mazes & More,Maple Media,23 Nov 2022
0E400A0BFCAF94811C0C563775AF2AE8AB191004195B7B3CB32AF3F173D7F3A3,com.gojek.app,4762,1981-01-01 01:01:02,2023-10-05 09:00:44.707348,100000000,2023-10-05T09:02:07.565321,Gojek,PT. GoTo Gojek Tokopedia Tbk,4 Oct 2023
5237341A77B4C2B4549F402C10E2E64EC50E5ED631D67B942E777BD4FA66FEB7,myandroid.fphoenix.fastspinner,30,1980-01-01 00:00:00,2023-06-07 13:35:18.388752,50000000,2023-06-07T13:38:25.915174,Fidget Spinner,Words Mobile,5 Jun 2023
0D4432FBE7C622D73ECF529E2C330D83EBE2D5A404F3470A980DCC318C55B7F9,com.colorswitch.switch2,1001,1981-01-01 01:01:02,2023-04-12 08:02:42.777781,50000000,2023-04-12T08:03:39.857177,Color Switch - Endless Fun!,Color Switch Phoenix LLC,3 Apr 2023
1F5D6BD54791CD8AF55ED9CE44ED0484F8E3075AC250618A9D94E74886C6E318,com.vivo.easyshare,2100,1981-01-01 01:01:02,2023-11-21 09:02:46.130365,500000000,2023-11-21T09:06:49.572003,"EasyShare
5.10.0.3_gp",Vivo Communication Technology Co. Ltd,13 Nov 2023
0003FDE08A6DC4DC32030276557257FDE543F9F1E27A12F0FD889BE0077EEA81,th.co.crie.tron2.android,10170001,1981-01-01 01:01:02,2023-06-20 19:50:46.126717,10000000,2023-06-20T19:54:28.546168,dtac,TRUE CORPORATION PUBLIC COMPANY LIMITED,"Jun 15, 2023"
52356B8124A52930F186967B6C05D5609B5495136DF63B9F9FC86F0A437036CB,com.antivirus.mobilesecurity.viruscleaner.applock,60,1981-01-01 01:01:02,2023-05-20 20:33:53.544274,50000000,2023-05-20T20:35:11.468334,Antivirus & Virus Cleaner Lock,TAPI Security Labs (Antivirus),11 May 2023
075318E6D148611D2516A21F0448E88F007CDFEF56D1FB78E57F6073433CC304,com.sega.sonicboomandroid,1812311574,1980-01-01 00:00:00,2023-05-03 15:19:29.048034,100000000,2023-05-03T15:19:30.629961,Sonic Dash 2: Sonic Boom,SEGA,25 Apr 2023
25969746DACF0892F2D10C2E52958A20D96864FDCD6759F840638D3E47A2BC67,com.byjus.thelearningapp,16575,1981-01-01 01:01:02,2023-08-04 17:04:03.370019,100000000,2023-08-04T17:04:47.832716,BYJU'S – The Learning App,BYJU'S,30 Jun 2023
0B43DA4A2A4051974B950E39135BF73E96067641FEF05D8A0F1FB7E92EE24D5C,com.adobe.lrmobile,609000000,1981-01-01 01:01:02,2023-10-07 14:50:13.107566,100000000,2023-10-07T14:50:14.685731,Lightroom Photo & Video Editor,Adobe,5 Oct 2023
1DBA3437B6AD86E82B118054EC4208C60176A88B0D69AE8BF34A02683BC2FB19,com.apusapps.launcher,614,1980-01-01 00:00:00,2023-07-24 06:56:24.036746,100000000,2023-03-30T19:59:29.331913,APUS Launcher: Theme&Call Show,APUS Group,30 Mar 2023
379C4784C329BD38A5415257E63C338B135FA9C4F478930A151A9A05CF881088,com.mousemobile.explorationcraft,14118,1981-01-01 01:01:02,2023-09-28 07:06:47.551098,50000000,2023-09-28T07:07:50.748775,Exploration Lite Craft,CanaryDroid,21 Sept 2023
0905F9A74054232E49E55CF2076470D75B11A6AB70A372B64A39632553E5E584,com.fungames.battletanksbeta,16819,1981-01-01 01:01:02,2023-06-08 03:42:44.075519,100000000,2023-06-08T03:47:08.503856,War Machines：Tanks Battle Game,Fun Games For Free,7 Jun 2023
045348EE609CA1463F84CBEE67517ABB092D47134B50934000727ED38ABB924C,com.zaz.translate,2023040710,1981-01-01 01:01:02,2023-04-10 05:29:53.588055,100000000,2023-04-10T05:33:12.511450,Hi Translate - Chat translator,Translasion team,7 Apr 2023
007307CF64970CB95F2B9EC6AD9D5311FEF049210EB9385E6E96AC417B494922,com.hungama.myplay.activity,478,1981-01-01 01:01:02,2023-03-27 09:20:55.202683,50000000,2023-03-27T09:21:08.379050,Hungama: Movies Music Podcasts,Hungama Digital Media Entertainment Pvt. Ltd.,23 Mar 2023
01F19BE520C42EE6ED56DB31D58CCDC8B1714931D373695B012F45CE0BBB9D02,in.sweatco.app,6229,1981-01-01 01:01:02,2023-12-21 15:54:32.829358,50000000,2023-12-21T15:56:39.900043,"Sweatcoin
166.0.0",Sweatco Ltd,19 Dec 2023
0B79A0E8A1B244EBA3AA10B7339E598CA41F4E61F3C057B83400AF135D9192F0,com.gokids.transportbuilding,10007012,1981-01-01 01:01:02,2023-10-14 13:13:16.127105,100000000,2023-10-14T13:12:31.092711,Truck games for kids: building,GoKids! publishing,9 Oct 2023
0047298B5D4E60C11DCBC4E547F3A6F86DD299FE4DFE37BD4AF232D5650EA2ED,com.pita.oyem,301704,1981-01-01 01:01:02,2023-11-01 16:26:50.607854,10000000,2023-07-11T15:52:08.484553,MeYo : Party Video Stream,MeYo Studio,10 Jul 2023
1384EA353362711C83A44FC9A3EC409944844F901E0E70714A773F9EAEDDFF9B,com.GMA.Ball.Sort.Puzzle,479,1981-01-01 01:01:02,2023-11-20 13:12:38.702689,50000000,2023-11-20T13:13:35.186998,Ball Sort - Color Puzzle Game 15.1.0,IEC Global Pty Ltd,20 Nov 2023
0F9A4AC91DC7F52CCC58B4D26BAF7DC8643191579AD0C6DA8CEB3884852F9804,com.afmobi.boomplayer,6992,1981-01-01 01:01:02,2023-12-10 16:58:39.378309,100000000,2023-12-10T16:58:40.125856,"Boomplay - Download Music MP3
6.9.92",Transsnet Music Limited,9 Dec 2023
0296E2D19DA75C0C6B975A855C92C624E53684AB29CD7F662E02DB007B147687,com.azarlive.android,2011,1981-01-01 01:01:02,2023-10-26 17:39:12.431408,100000000,2023-10-26T05:51:04.922423,Azar - Video Chat,Hyperconnect LLC,23 Oct 2023
07B5C6F3A93F76CC6A876BF2A90FD788C8172A0AC3A33D7910B37379EA6DC821,net.lovoo.android,16501,1981-01-01 01:01:02,2023-12-22 21:07:52.908738,50000000,2023-12-22T21:09:55.530660,"LOVOO - Singles, Chats &amp; Love 165.1",PE Digital GmbH,"Dec 20, 2023"
06EF9728857A521DB41BEFD1B409BB0FD708144C6088567353D609C3BFBEB9AF,com.pronetis.ironball2,75,1981-01-01 01:01:02,2023-02-06 23:15:56.477899,100000000,2023-02-06T23:16:39.012298,Going Balls,Supersonic Studios LTD,6 Feb 2023
5142C80EC486472826FAA048E1FF5D17907CFD78306CC6E1E349C885887E8A8E,com.ziraat.ziraatmobil,2012301513,1981-01-01 01:01:02,2023-11-25 17:31:28.775781,50000000,2023-11-25T17:32:31.856162,Ziraat Mobile 2.6.1,T.C. Ziraat Bankası A.Ş.,24 Nov 2023
11042F84ED8BDD6C3171E7C1D178417827E3027CDA6C5E373775B0A3AC9693BD,com.tencent.mm,2365,1981-01-01 01:01:02,2023-07-22 18:33:49.063894,100000000,2023-07-22T18:35:10.252922,WeChat,WeChat International Pte. Ltd.,19 Jul 2023
009894EB1ABB222AA5876CEA62505B3316AAD110BC696EEFD65D0CF9072CF59A,com.mizmowireless.acctmgt,2122318085,2023-11-14 14:42:46,2023-12-04 12:49:39.524629,50000000,2023-11-25T17:00:43.305275,"myCricket
2.11.3",Cricket Wireless LLC,14 Nov 2023
126CC660EC8FBC748A80240D90240C60D3C64C57A3A11B09DC117EC8AE84E383,com.dopuz.klotski.riddle,53901,1981-01-01 01:01:02,2023-11-02 19:08:15.77959,100000000,2023-11-02T19:08:54.917472,"Numpuz: Classic Number Games
5.3901",DoPuz Games,25 Oct 2023
0D8D395E2247B04F595228DBC96B5ED28A9991A366331834B682A674BF774B95,com.outfit7.mytalkingtomfree,2480,1981-01-01 01:01:02,2023-05-12 23:01:43.016922,1000000000,2023-05-12T23:03:10.371870,My Talking Tom,Outfit7 Limited,9 May 2023
1E9B1A5334BC375B7327C5835ADD5CD3DE27E40760B20941655601C9BF92DCF2,com.famousbluemedia.yokee,6004129,1981-01-01 01:01:02,2023-11-07 08:58:13.098413,50000000,2023-11-07T08:59:02.848856,Karaoke - Sing Unlimited Songs 6.4.129,Yokee™,25 Oct 2023
146F68786B705A7045F8BBB386DE57E80BF15405ED34B8A1331D7F4328250879,com.sdpgames.sculptpeople,402010,1981-01-01 01:01:02,2023-01-17 12:21:31.992349,100000000,2023-01-17T12:20:49.434879,Sculpt people,CrazyLabs LTD,16 Jan 2023
04AE012B153E182806CA0FB1578089E070CF865E1839F233E1AE408DF7051237,net.mbc.shahid,4359,2023-12-03 13:38:30,2023-12-04 07:33:36.576392,100000000,2023-12-04T07:33:37.563416,"ﺷﺎﻫﺪ - Shahid
7.53.4",MBC Group,"Dec 3, 2023"
30BCBB1D099FD97D6DFD7B9ABB1BA38F805D15DC1E917D05F42E00EF9DA36528,com.ohmgames.cheatandrun,1035001,1981-01-01 01:01:02,2023-08-24 13:57:23.09721,50000000,2023-08-24T13:58:17.325001,Shortcut Run,VOODOO,22 Aug 2023
01A22AC5BB0D8C348CCF609969153171186A456CE0C60D80D10310B3E44EBDB2,com.truecaller,1305006,1981-01-01 01:01:02,2023-02-27 14:17:51.359296,1000000000,2023-02-27T14:18:44.207132,Truecaller: Caller ID & Block,Truecaller,22 Feb 2023
23E18238055493D19094E2927190807DD354FD6DE187C046A9F021F0F30BD350,com.xprodev.cutcam,157,1980-01-01 00:00:00,2023-09-26 03:07:02.526512,50000000,2023-09-26T03:09:04.570551,Cut Cut: Photo Editor & CutOut,Glory Passion Network Limited,25 Sept 2023
038804A7DD606D170CA7147D6C03D82AE70D05C297C5F16F7AB7F3258845F7C5,com.topgamestudio.americanblocksnipersurvival,125,1981-01-01 01:01:02,2023-05-23 21:39:44.556737,50000000,2023-05-23T21:39:46.087582,American Block Sniper Survival,Aeria Canada,9 May 2023
07A46C22EAC29E9ED43B4977DF151BE590A3B06C484ECF082B37A06301FE1D4A,com.yahoo.mobile.client.android.mail,1681720,1981-01-01 01:01:02,2023-04-17 19:16:47.064958,100000000,2023-04-17T19:18:58.761325,Yahoo Mail – Organised Email,Yahoo,14 Apr 2023
0720F3996DCE97913379DADE8DC595DFD7447F8D372B684F07616FA5A98610B4,com.hecorat.screenrecorder.free,70304,1981-01-01 01:01:02,2023-09-18 08:02:48.675278,50000000,2023-09-18T08:06:29.296087,Screen Recorder - AZ Recorder,AZ Screen Recorder,"Sep 14, 2023"
015868539B88362449E2B6685EE89BA0FF7C1333DF0816570EE1924A6044F62B,com.wagame.ChiKuneDoLite,328,1981-01-01 01:01:02,2023-03-13 22:07:38.955003,50000000,2023-03-13T22:12:48.201229,Kung Fu Do Fighting,WaGame,"Mar 11, 2023"
0F71ACF765EB2C0CC0BF824113908DC2EBB296517AAF9788631C9E139F2FE9BA,com.football.soccer.league,84,1981-01-01 01:01:02,2023-12-19 22:32:16.088949,100000000,2023-12-19T22:34:13.612348,"Football League 2024
0.0.84",MOBILE SOCCER,16 Dec 2023
04CE3DD3E4CF809632C7ADD4D8408CA755C8B3C0F406C4BE79D934D6E1D7CF2E,com.ubercab.eats,112178921,1981-01-01 01:01:02,2023-06-07 16:55:11.115899,100000000,2023-06-07T16:55:24.957804,Uber Eats: Food Delivery,"Uber Technologies, Inc.",31 May 2023
42ADC0EBF7BB7B21B2222F6929AB259277E0380621DF828F8030B463FC0B6D23,com.askfm,2863,1981-01-01 01:01:02,2023-01-23 14:01:44.668021,50000000,2023-01-23T14:01:45.985663,ASKfm: Ask & Chat Anonymously,Ask.fm,21 Jan 2023
15C0695811C378A282EB752CD3E4F8D58077DA4AFA2F7AE12D851CC47CB4ED1C,com.herorescue.knight.pull.pin,91,1981-01-01 01:01:02,2023-10-07 16:05:53.263481,50000000,2023-10-07T16:05:30.214782,Hero Rescue,Azura Global,5 Oct 2023
05264829EF85D2032F0AD2F6B1E6655C7030B81847EBB2D8ED6C4D36CDE55695,com.pinterest,11268030,1981-01-01 01:01:02,2023-07-22 17:34:43.952543,500000000,2023-07-22T17:36:02.042936,Pinterest,Pinterest,20 Jul 2023
479885501CEA270A1CDECC11AAB11C6FFBA66B5D0ECD3018E1603C537EB8A80C,fi.twomenandadog.zombiecatchers,1620042123,1981-01-01 01:01:02,2023-10-10 11:47:41.264493,100000000,2023-10-10T11:48:44.181875,Zombie Catchers : Hunt & sell,Deca Games,27 Sept 2023
082C561BACC9C49FADC4B53BBB108AEAE5E738A5D89C66C13595C00E349DBEF9,com.mico,130960,1981-01-01 01:01:02,2023-05-20 17:24:15.649362,50000000,2023-05-19T22:48:55.578891,MICO: Live Streaming & Meet,Mico World,17 May 2023
6CEF46EEC8A21D8A5BBCD7A004D53F03BB406C7664C3076825409D73D7D16F8B,com.gym.racegame,200264,1981-01-01 01:01:02,2023-10-18 19:18:45.181532,100000000,2023-10-18T19:19:59.154482,Epic Race 3D – Parkour Game,CASUAL AZUR GAMES,26 Sept 2023
12B014EF89C6F6FD0ED7D19CC8DA5F9572D286C13CBC724BA9D3A0B2494DF92F,com.themausoft.wpsapp,91,1981-01-01 01:01:02,2023-02-15 21:15:16.437503,100000000,2023-02-15T21:16:42.346780,WPSApp,TheMauSoft,15 Feb 2023
7512C1C2A342CFC7C5927607FBA8D02EC72DD4E2FA3F870DBBFA4E2F27A02823,com.outfit7.talkingben,410,1981-01-01 01:01:02,2023-01-12 16:35:04.094619,100000000,2023-01-12T16:35:24.713712,Talking Ben the Dog,Outfit7 Limited,12 Jan 2023
C9F5B6324E4EEE790068F425120070298874B5244ACCF71913EC85C5D6A33E30,com.zeptolab.ctrexperiments.ads,2544905,1981-01-01 01:01:02,2023-08-15 22:37:30.841459,50000000,2023-08-15T22:38:03.621540,Cut the Rope: Experiments,ZeptoLab,14 Aug 2023
09D27A30831AEB2C382FA82B31D95F55DB9BD42D49901F2FC67EFEDA98C695F9,com.vsco.cam,100021348,1981-01-01 01:01:02,2023-01-18 21:11:45.000529,100000000,2023-01-18T21:37:41.639130,VSCO: Photo & Video Editor,VSCO,9 Jan 2023
041C2FCC0353AB510CE97E5A2B768A193D122E00DE010997C710334AC4C09AF4,freeplay.crowdrun.com,501,1981-01-01 01:01:02,2023-06-02 17:42:20.585245,100000000,2023-06-02T17:43:24.811425,Count Masters: Running Games,Freeplay Inc,26 May 2023
2FF1B26240A39029F1B5256FAC6D96B5D5F18C5C571C772EFE8DA786E0FD8FD5,com.microsoft.translator,542,1981-01-01 01:01:02,2023-05-18 18:44:51.134993,50000000,2023-05-18T18:45:36.763045,Microsoft Translator,Microsoft Corporation,17 May 2023
036C829BF707AA11E4C63F8B8889E1B20E90279FD218F5A4CF0075A145E821FF,com.microsoft.emmx,177406315,2001-01-01 00:00:00,2023-06-01 20:49:55.569491,50000000,2023-06-01T20:50:27.794263,Microsoft Edge: Web Browser,Microsoft Corporation,31 May 2023
058F3C7146A077A203279E409CEE28D08E51B92B13281B97091016140D3A1589,com.motionvolt.flipdiving,10103660,1981-01-01 01:01:02,2023-09-08 00:00:32.158844,100000000,2023-09-08T00:00:33.716724,Flip Diving,MotionVolt Games Ltd,31 Aug 2023
9551A2DBF28F852F0D125DEB8FE207E062C1086D36C80969A17431CB8702205B,com.mate.vpn,47329,1981-01-01 01:01:02,2023-12-07 08:17:21.580305,100000000,2023-12-07T08:18:02.377825,"XY VPN - Security Proxy VPN
4.7.329",MATRIX MOBILE PTE. LTD.,5 Dec 2023
E69979727C90D9760BF07EB15E99A4D6AD78A0918128BF0D9A34EFB42B52146E,com.dataviz.docstogo,1618,1981-01-01 01:01:02,2023-05-11 23:27:58.073021,50000000,2023-05-11T23:28:33.858799,Docs To Go™ Office Suite,DataViz,5 May 2023
10364C5FA9D745D99E2EA6FED5A0B9412AA8DC7BCD390EB1B38863F2065B97CE,com.confirmtkt.lite,386,1981-01-01 01:01:02,2023-11-01 02:59:34.981738,50000000,2023-11-01T03:00:55.773695,ConfirmTkt: Train Booking App 7.5.10,ConfirmTkt - IRCTC Authorised Partner,30 Oct 2023
0231EC179A544EAB2F3E4F5CDEAAB9F4DD3B80C802482600E3B87D3EB3E65D01,com.sec.android.app.sbrowser,1220206502,2009-01-01 00:00:00,2023-07-30 18:14:11.528618,1000000000,2023-07-30T18:14:38.929714,Samsung Internet Browser,"Samsung Electronics Co.,  Ltd.",26 Jul 2023
15DD8D3CB83FDFB544C9700B5AAF8A9DDA20CA510FC7210F1AB7AA84CFCF57D8,com.assassingames.ninjafrogrope,270,1981-01-01 01:01:02,2023-04-20 14:09:44.83697,50000000,2023-04-20T14:09:47.341909,Rope Frog Ninja Hero Car Vegas,HGames-ArtWorks Studio,"Apr 14, 2023"
09846151ADE085D23CFE25348222673EDF0D1CFB23DB3F2681F885796A4D0DFA,vStudio.Android.Camera360,132099297,1981-01-01 01:01:02,2023-02-28 13:03:09.444795,100000000,2023-02-28T13:04:09.306026,Camera360 - Snap&Selfie&Photo,PINGUO TECHNOLOGY CO LTD,21 Feb 2023
0C90561BE2446D4719E5C6A8ABF59357A0EDA0A9122501F372D062E273D3CF13,com.crowdstar.covetHome,2023010602,1981-01-01 01:01:02,2023-01-12 18:30:35.085022,50000000,2023-01-12T18:31:52.307331,Design Home: Real Home Decor,Crowdstar Inc,"Jan 10, 2023"
2F041DFE8E609F9F05268C01018F44D588B3F11D770027F8E9532247261D7EC5,com.ViperGames.StickmanDismount,200026,1981-01-01 01:01:02,2023-08-31 07:56:46.950968,50000000,2023-08-31T07:57:28.156981,Stickman Dismounting,ViperGames,23 Aug 2023
0E44FD97E889EE4CF4785FE366206C087EAB268EB1BBF40E7FA6CAB06C0092F3,com.ovelin.guitartuna,123969,1981-01-01 01:01:02,2023-03-10 14:12:03.491411,100000000,2023-03-10T14:12:26.594182,"GuitarTuna: Chords,Tuner,Songs",Yousician Ltd.,7 Mar 2023
3527487C4C7FA25346E2E779E0BF0EDFC42E10EDAADC08451EEB10BAA233E35D,com.valvesoftware.android.steam.community,8378985,1981-01-01 01:01:02,2023-10-01 16:56:26.775757,100000000,2023-10-01T16:57:09.610075,Steam,Valve Corporation,28 Sept 2023
0642572099C3B1E23568C35C8CFC37FD5D1AB23A13FFFB133DB64D9AEFFED0AE,com.king.candycrush4,2095002,1981-01-01 01:01:02,2023-01-16 14:44:01.578321,50000000,2023-01-16T14:45:53.747163,Candy Crush Friends Saga,King,13 Jan 2023
2E15D8A57552A11968D782CC5F75A646C7F6DF97B978338119FFCF67695911AC,com.bandainamcogames.dbzdokkanww,224,1981-01-01 01:01:02,2023-11-15 09:58:06.093024,50000000,2023-11-15T09:57:43.430916,DRAGON BALL Z DOKKAN BATTLE 5.15.0,Bandai Namco Entertainment Inc.,20 Sept 2023
0000485E4882C868C621693CC0D33944F6A15DEA625AA4E3197345E6E13DCCE5,com.bytetyper.racing,220,1981-01-01 01:01:02,2023-01-17 10:48:55.733075,10000000,2023-01-17T10:49:17.895051,Racing Online:Car Driving Game,ByteTyper,13 Jan 2023
0136814901A6ADBAAAD11206FBF0103B192B885F74AEACC34652571C761F6A65,com.king.bubblewitch3,703320000,1981-01-01 01:01:02,2023-05-02 16:13:36.811906,100000000,2023-05-02T16:14:33.119818,Bubble Witch 3 Saga,King,28 Apr 2023
2888BD974AD9112AFAB89150515DF547471AA3B7595D24D265D0ED5DC47B59E8,com.dts.freefiremax,2019113779,2023-05-27 00:09:56,2023-06-03 04:23:58.690403,100000000,2023-05-31T21:59:27.199664,Free Fire MAX,Garena International I,26 May 2023
0D9A46B827C94462B73FB1EE55010666559BEE36AF69B6786C7CBD3480C71586,com.roku.remote,182,1981-01-01 01:01:02,2023-06-18 08:22:48.410712,50000000,2023-06-18T08:25:13.443029,The Roku App (Official),Roku Inc.,15 Jun 2023
0016668A113EA846801E0D8A248E5A138CCEC0F8DA81D7C9F5DFEFA45FD08114,br.com.rodrigokolb.realguitar,205,1981-01-01 01:01:02,2023-04-19 23:49:33.586646,50000000,2023-04-19T23:46:38.488801,Real Guitar: be a guitarist,Kolb Apps,19 Apr 2023
1047764BDB18BEEE99038E2F9F10C4C0439C4B380C38F0F8345E82DBC0AD9481,com.naturalmotion.customstreetracer2,3460,1980-01-01 00:00:00,2023-10-28 02:02:21.078344,50000000,2023-10-28T02:02:42.487358,CSR 2 - Drag Racing Car Games,NaturalMotionGames Ltd,22 Oct 2023
09B3F6F50A8C1B9EEA73C3A458F30AB321AB77F106FB8A7830D4C4B2C291C89D,free.vpn.unblock.proxy.vpnpro,2023071101,1981-01-01 01:01:02,2023-07-12 07:52:02.992089,50000000,2023-07-12T07:52:34.296639,Snap VPN: Super Fast VPN Proxy,AUTUMN BREEZE PTE. LIMITED,11 Jul 2023
0BA39DD10C170CFA240A6DD0577643022AA762861A80490C0905436BC4367416,com.paurau.MakeHer,220,1981-01-01 01:01:02,2023-02-26 19:27:50.436476,50000000,2023-02-26T19:28:22.915954,Move People,Supersonic Studios LTD,24 Feb 2023
0057897D15DA13FB8E3FC69509EC7E32463E61F55347A8009B11B2B6B90158FF,com.experian.android,794,1981-01-01 01:01:02,2023-09-28 05:59:55.044347,10000000,2023-09-28T06:07:38.086374,Experian,Experian,25 Sept 2023
9720A8F8909DD8EDBB442F7470C6C606AF50BF999AAD59A1169AEBC5ECA0A069,armworkout.armworkoutformen.armexercises,39,1981-01-01 01:01:02,2023-10-13 05:05:38.602655,50000000,2023-01-12T04:27:02.529285,Arm Workout - Biceps Exercise,Leap Fitness Group,8 Jan 2023
00F6A9512DB078A79BF2D5FA6F5F744B4E1F386592B91F459E99AD273433BBA0,com.mobile.legends,17468113,1981-01-01 01:01:02,2023-01-31 14:39:45.035399,500000000,2023-01-31T14:40:28.727496,Mobile Legends: Bang Bang,Moonton,12 Jan 2023
3164452159D9CC47D3E94E49E0B84B1C7F8B26E4861E2E3BC9B5EF193D799B29,com.google.android.apps.mapslite,160,2009-01-01 00:00:00,2023-01-10 01:38:37.350148,500000000,2023-01-10T01:38:48.354623,Google Maps Go,Google LLC,5 Dec 2022
0BBFFDE1241EB3A28DF859A3071DE183969E8BEAAF5BE69349D46575680C4A02,com.mothersimulator3d2,209,1981-01-01 01:01:02,2023-06-01 18:26:39.664073,50000000,2023-06-01T18:26:41.107202,Mother Simulator: Family life,"Skytec Games, Inc.",30 May 2023
D29FF9983CE927EFA0BA25B0CFE234296085CCA73D672A8CA7193707D2397B82,sparrow.peter.applockapplicationlocker,139,1981-01-01 01:01:02,2023-11-20 04:29:20.351471,50000000,2023-11-20T04:29:21.251324,Fingerprint Pattern App Lock 5.69,Biometrics Solution,7 Nov 2023
0026AC533486CA29FD3295F3835341B8FC426B1A0C2B3FEE99C49B892B9D87F2,com.scopely.monopolygo,20072,1981-01-01 01:01:02,2023-08-02 13:38:53.147875,10000000,2023-08-02T13:39:12.865353,MONOPOLY GO!,Scopely,1 Aug 2023
0050E5B5F325B9A23F9A2D93FFCADE5B5A1F5B19D2FAF62DA45A58356994C3F0,jp.co.mcdonalds.android,53400,1981-01-01 01:01:02,2023-09-26 20:11:09.248948,10000000,2023-09-26T20:10:39.036735,McDonald's Japan,日本マクドナルド株式会社,15 Sept 2023
0BD849977B1EE5E7504CABE68244CFCA4249DE173438E5006D087F42CCE959C5,puzzle.games.bubble.shooter.deluxe,124,1981-01-01 01:01:02,2023-08-14 05:29:23.34022,50000000,2023-08-14T05:30:12.056720,Bubble Shooter - Home Design,Bubble Bear game,8 Aug 2023
075C1CD0F69F8CE1A6C7F9C16D8902D4DFE05A27EDC4F67048C7E082AE041EE2,com.newnormalgames.phonecasediy,3000,1981-01-01 01:01:02,2023-05-02 12:44:38.315728,100000000,2023-05-02T12:44:39.758817,Phone Case DIY,CrazyLabs LTD,25 Apr 2023
FB232A4B07E22C3D586771F3E9AA89CAE4E5A4871C732DB015D0AC6FFE74F100,com.transsion.magazineservice,721084,1981-01-01 01:01:02,2023-12-16 13:35:59.248531,50000000,2023-12-16T13:36:52.873291,Magazine Lockscreen 10.0.1.47,Shalltry Group,11 Dec 2023
0045D8C5B7E656B8254FE52853C5616BA4EF32FB19E2B6757B120A40AD264E26,se.ace.fishinc,276,1981-01-01 01:01:02,2023-07-28 21:02:36.315072,10000000,2023-07-28T21:04:28.618143,Hooked Inc: Fishing Games,Lion Studios,25 Jul 2023
645BA5C92F060826B1E6B62505500FA61F3CE4F0916A284DE1464848506916F3,com.gamesforgirlsfree.collegegirlsteam,500042,1981-01-01 01:01:02,2023-10-24 12:19:11.8946,50000000,2023-10-24T12:19:13.440196,College Girls Team Makeover,Teenage Fashion Dress Up,10 Oct 2023
0893BEFBD18F86D6F97BD1CBCC7348300972F55024961E1997095B00C88F556C,com.adobe.scan.android,231927499,1981-01-01 01:01:02,2023-06-11 07:52:25.153511,100000000,2023-06-11T07:53:09.785803,"Adobe Scan: PDF Scanner, OCR",Adobe,5 Jun 2023
0B5395E918E8A4075F55BC0188F166384831F1998AC803E212772287979CE64A,com.sweetfuirt.candy,110,1980-01-01 00:00:00,2023-03-24 05:57:24.039822,100000000,2023-03-24T05:58:40.459281,Sweet Fruit Candy,Juice Candy,26 Oct 2022
0460B8B40CBAB899534C88CBBB984BC086711673B2A173CF6581F83569041DB3,com.submarineapps.mill,700543,1981-01-01 01:01:02,2023-06-15 16:33:29.848636,50000000,2023-06-15T16:39:12.445907,Trivia Quiz: Offline Games,Quiz & Trivia Games by Submarine Apps,14 Jun 2023
1D458B1EB1128AEE3FDAA25AD1DA38B8E0F5D1E6A1E5CA26399AA8660A8C82CA,com.music.ops.retroappdownload2,24,1981-01-01 01:01:02,2023-05-19 01:18:15.630717,50000000,2023-05-19T01:18:46.915563,Download Music Mp3,Bayzid Hossain Shaded,15 May 2023
013C6F68DAEA720C75EFF32A588E236107E82F948652BC2C7B4747B342B3D030,com.microsoft.xboxone.smartglass,326408581,1981-01-01 01:01:02,2023-11-14 03:14:58.746131,100000000,2023-11-14T03:16:59.776310,"Xbox
2311.1.5",Microsoft Corporation,11 Nov 2023
3E1B19B923C2F192CA454B03DBE7FE4BC9FC6E028F24155D81CED7F39C5A0DB5,com.abi.carracer.racingfree,535,1981-01-01 01:01:02,2023-09-12 19:13:48.560365,50000000,2023-09-12T19:14:04.241295,Car Stunts 3D - Extreme City,ABI Global LTD,24 Aug 2023
0259F1EA47D0E0B02A12F3E4C3FDDCF72E24DA7723D2CF16A8EB97D465FD6CD9,com.reddit.frontpage,821148,1981-01-01 01:01:02,2023-03-14 01:54:38.660615,100000000,2023-03-14T01:43:35.246953,Reddit,reddit Inc.,9 Mar 2023
0CC209554A39E3F89118B2EFBE6A543197C6ABA5D1B577806113D0C069B506F0,free.zaycev.net,570,1981-01-01 01:01:02,2023-09-29 11:02:40.460729,50000000,2023-09-29T11:03:04.829185,Zaycev.Net: music for everyone,Зайцев.нет,18 Sept 2023
05DCA9B5027B7A8781795760241F11CC5D7A35FCABB4535CFEF13403FEDF2FBE,com.wave.livewallpaper,569,1981-01-01 01:01:02,2023-10-16 22:15:11.103312,50000000,2023-10-16T22:16:14.597552,Wave Live Wallpapers Maker 3D,Live Wallpapers by Wave Studio,16 Oct 2023
0ED82EA1BC47BA9FBF6DE9FF66B60D813E2929446838FD9CD5FACD97329C5D15,com.google.android.apps.photos.scanner,149385,2009-01-01 00:00:00,2023-04-13 18:57:09.824518,50000000,2023-04-13T18:59:48.867959,PhotoScan by Google Photos,Google LLC,10 Apr 2023
196364784D58CDD5848CC7964D95696852B3E3BF8ADEFA0E84D9064B6A77887D,com.keplerians.icescream,53,1981-01-01 01:01:02,2023-10-12 09:07:57.545366,50000000,2023-10-12T09:10:23.158728,Ice Scream 1: Scary Game,Keplerians Horror Games,8 Oct 2023
0A1DFF0DE5270DDA6D02ACA787CFCE035D192177B76CF65AB23E737AAC6FD27A,com.fanatee.cody,235,1981-01-01 01:01:02,2023-02-01 18:26:58.342519,50000000,2023-02-01T18:26:00.826339,CodyCross: Crossword Puzzles,"Fanatee, Inc.",31 Jan 2023
D6552E7F675F42ED906591EE75817E0B6EAF805BFD250FDDF997947F2EF8D97C,com.appstar.callrecorder,245,1981-01-01 01:01:02,2023-08-03 14:28:43.595206,100000000,2023-08-03T14:30:23.639814,Automatic Call Recorder,Appliqato,1 Aug 2023
0547D03876865FFC38E13B2C8331AA60B5C89C19FA0F8BC97C6044F57F5F0057,com.soccer.score.star,185,1981-01-01 01:01:02,2023-06-02 18:24:54.677341,100000000,2023-06-02T18:27:11.162297,Soccer Super Star - Football,Real Freestyle Soccer,2 Jun 2023
0E54B0BBAEA4C3F694ECDC4A7AE65DB0E11DC4AEC8B4652C4FE852EA9C437BDA,com.tencent.ig,18125,2023-11-02 02:29:30,2023-11-08 08:16:26.02746,500000000,2023-11-08T08:16:46.166993,"PUBG MOBILE
2.9.0",Level Infinite,2 Nov 2023
0005115AE58A17E7B6380997420580532ED21DADD23CA438374AEF557A6E8BF7,notion.id,7579,1981-01-01 01:01:02,2023-09-27 05:12:17.259959,10000000,2023-09-27T05:15:33.971988,"Notion - notes, docs, tasks","Notion Labs, Inc.","Sep 26, 2023"
0CEFA899519E7D723502F7D4403374CCB46A081843C7D5F2DF02E5EFA0554292,com.tripadvisor.tripadvisor,231120030,1981-01-01 01:01:02,2023-11-21 22:29:12.857821,100000000,2023-11-21T22:29:06.042761,"Tripadvisor: Plan &amp; Book Trips
55.2",Tripadvisor,21 Nov 2023
043CAD0B98DD718A178754885A04C2F58CFEF14C04042280A887A9C5A1D25F7D,com.booking,22451,1981-01-01 01:01:02,2023-08-31 20:34:47.999444,500000000,2023-08-31T20:32:35.440060,Booking.com: Hotels and more,Booking.com Hotels & Vacation Rentals,"Aug 29, 2023"
705604BD409B8618153B61F0CA63D98DB7D8F038E4D96DD5728FE6EF2D352371,com.renderedideas.jungleadventures,430,1981-01-01 01:01:02,2023-09-13 13:22:19.311107,50000000,2023-09-13T13:22:26.785768,Jungle Adventures,Rendered Ideas,1 Sept 2023
05D042DA855600A67879C84E3874D911CA56078F4F28FB3F4A5A3A436300C696,com.pm.mega.ramp.impossible.car,226,1981-01-01 01:01:02,2023-03-10 06:19:13.467904,50000000,2023-03-10T06:19:30.238084,Wild Dinosaur Hunting Gun Game,Play Menu,5 Mar 2023
0996D8610C003CA5252168EB0783E31B87413AC752E8D88558443228E2FA229D,com.roposo.android,102301,1981-01-01 01:01:02,2023-12-02 21:35:30.808218,100000000,2023-12-02T21:36:43.986571,"Roposo
10.23.1",Glance InMobi Pte. Ltd.,6 Nov 2023
06EBAD14BADBF935E65B13AEA1FD136AE8A0984F30A40A678B04646FE73A91CE,deezer.android.app,7010306,1981-01-01 01:01:02,2023-09-22 11:36:33.822357,100000000,2023-09-22T11:38:50.745600,Deezer: Music & Podcast Player,Deezer Music,19 Sept 2023
54302C80DF8417E37B5CA4F04C69A7FF16E1695D8E25BC469A1EA66D6487E5B1,com.onex.mobilenumberlocator.callerid.mobile.number.locator.caller.location.tracker,96,1981-01-01 01:01:02,2023-08-14 07:04:29.526622,50000000,2023-08-14T07:04:24.795826,Mobile Number Location - Phone,Onex Apps,21 Jul 2023
12FB9560DB8FE8C052F5B50B22D48CB0527EDAC422393DEBBDCD00716E0BD306,com.google.android.apps.youtube.kids,144900030,1981-01-01 01:01:02,2023-12-15 09:03:11.409258,500000000,2023-12-15T09:04:23.072125,"YouTube Kids
8.49.0",Google LLC,11 Dec 2023
7FFAA3F1E0C72AC601C20D0FDED04B987B0940A9857E9CDC3798D8FC7716767A,facebook.video.downloader.savefrom.fb,256,1981-01-01 01:01:02,2023-10-23 19:55:32.293732,50000000,2023-10-23T19:56:43.147952,Video downloader for Facebook,ETM Video Downloader,20 Oct 2023
31A90316A25317C08A8149DDC9FBDFB1DFD50C0EE54CDD285CA17DF98AC88054,com.gamma.scan,157,1981-01-01 01:01:02,2023-12-02 22:06:21.145847,500000000,2023-12-02T22:08:00.597739,"QR Code Scanner
2.2.43",Gamma Play,3 Oct 2022
05A5C346D69D6C6A828FF887AC25F5EAED595B06B5DCAD7150C40AE48FD24F38,com.gameloft.android.ANMP.GloftA8HM,73010,1981-01-01 01:01:02,2023-08-15 10:22:12.216801,100000000,2023-08-15T10:24:31.812349,Asphalt 8 - Car Racing Game,Gameloft SE,8 Aug 2023
03DEB21EDAEF83592C5321B2F0A9644CCD1AE2F517D96895CD82BAC1859EBFB0,org.telegram.plus,20420,1981-01-01 01:01:02,2023-09-27 17:57:27.154008,50000000,2023-09-27T17:57:28.600864,Plus Messenger,rafalense,27 Sept 2023
01487D265AEB0FEC3628663515F0569FDE2C799F21F7BE65A9A4A22891190FDE,com.lyrebirdstudio.montagenscolagem,66800,1981-01-01 01:01:02,2023-06-23 21:02:41.608415,100000000,2023-06-23T21:02:43.306479,Photo Editor Picsa: Collage,Lyrebird Studio,23 Jun 2023
15FFBF229682C6DB0041D5EE4C43B954970B63CDCEAF08B100DF3B9BA4F68732,home.solo.launcher.free,278,1981-01-01 01:01:02,2023-07-28 21:54:14.891919,100000000,2023-07-28T21:56:02.001582,"Solo Launcher-Clean,Smooth,DIY",newborntown,22 May 2023
48F375A045BC935C80CF6C209EADF981EE8B91BEFE3675E0595FFFFD1C5A792B,com.glance.internet,40001,1981-01-01 01:01:02,2023-04-01 02:30:08.154292,100000000,2023-04-01T02:31:21.438288,Glance for realme,Glance InMobi Pte. Ltd.,17 Mar 2023
0545A2301AECABEF95183126A08B6BAF4A73FAEF2F467B8132590AFAA4E35E99,com.klook,6480,1981-01-01 01:01:02,2023-10-27 11:14:56.023254,10000000,2023-10-27T11:17:43.401138,"Klook: Travel, Hotels, Leisure",Klook Travel Technology Ltd.,"Oct 22, 2023"
01CD45E1E8FA4CEACCBB04B44FA8254F01A43B8EF4C78E08CAB94E169CF3D641,com.blacklightsw.ludo,2901,1981-01-01 01:01:02,2023-04-29 14:20:05.930946,100000000,2023-04-29T14:20:07.859379,Ludo SuperStar,BlackLight Studio Games,20 Apr 2023
19E838DF14ED11DFBA56F3D6143E2F1C3ED38829324D22BC0457ED69CCE226F3,com.grillgames.guitarrockhero,7002026,1981-01-01 01:01:02,2023-05-17 17:38:04.190178,50000000,2023-05-17T17:38:53.355200,Rock Hero - Guitar Music Game,Guitar & Music Games,7 Apr 2023
02A2CAE723DD687FD3C012433CD5DCA4F26C882EE94E91C2FCDB8305E37FD1E4,com.joom,4579840,1981-01-01 01:01:02,2023-11-10 12:03:25.706643,100000000,2023-11-10T12:04:44.972427,"Joom. Shopping for every day
4.94.2",Joom,9 Nov 2023
35C7A6CDECFD9D7769B0745E6C58DBE65A09C1FBAB17F7581E9186096C366FD3,com.mobilityware.spider,4417,1981-01-01 01:01:02,2023-11-14 01:32:05.892458,50000000,2023-11-14T01:33:26.567746,Spider Solitaire: Card Games 6.9.2.4417,MobilityWare,10 Nov 2023
158F8CB480E2AC4E9E06371BE04C4AC480E447D38EDA7E41454793D31997E694,wedding.games,20230404,1981-01-01 01:01:02,2023-04-07 06:47:15.438086,50000000,2023-04-07T06:48:19.005827,Makeup Games: Wedding Artist,Salon™,6 Apr 2023
293C613FC2DF5C4D8949708812A0D4A0C8FB9CCF348DBDAFB96E37549BF7D605,com.oppo.quicksearchbox,5070014,1981-01-01 01:01:02,2023-11-05 18:07:08.772605,100000000,2023-11-05T15:09:24.257487,"Global Search
5.7.0",ColorOS,"Sep 14, 2023"
006C28B04713D69B3F4042D8783BF6F8F1E90E73A2EB7A75FA92DBF740620644,ru.sportmaster.app,38280,1981-01-01 01:01:02,2023-05-13 16:01:50.696344,10000000,2023-05-13T16:01:52.920650,Спортмастер: интернет-магазин,"OOO ""Sportmaster""",21 Apr 2023
01B302139596F19B24F5BA8B42F3A454382ED20A943EB6BE94A1A1939737F3DA,com.meesho.supply,453,1981-01-01 01:01:02,2023-02-12 19:19:16.07213,100000000,2023-02-12T19:38:46.128589,Meesho: Online Shopping App,Meesho,7 Feb 2023
0CF582943EF49C74F5AD2982E388E70ABE485266C7F243B333F62E4BF5FFDA13,com.aim.racing,73269,1981-01-01 01:01:02,2023-01-19 21:19:01.01304,500000000,2022-12-13T18:55:13.720847,Extreme Car Driving Simulator,AxesInMotion Racing,13 Dec 2022
1D497952BB8038AD676549D905615B11B030C6DB11C187A15063F021BF97099C,io.voodoo.holeio,11697,1981-01-01 01:01:02,2023-10-27 20:17:56.915363,100000000,2023-10-27T20:17:25.849661,Hole.io,VOODOO,24 Oct 2023
445289974106B6E44D7FB52067A860AB1A0B95FBA56AAA1FE686F84A1BC5EBDA,markergame.coffeestack,454,1981-01-01 01:01:02,2023-12-19 21:39:24.132896,50000000,2023-12-19T21:41:18.314006,Coffee Stack 27.0.0,Rollic Games,15 Dec 2023
A0B2B83DE3E1A961A6B02C498E34ABC84E03DD67B5BB42A2FF911689BD95E33D,com.fdgentertainment.bananakong,109150000,1981-01-01 01:01:02,2023-11-03 17:54:27.690525,100000000,2023-11-03T17:55:06.318799,"Banana Kong
1.9.15.00",FDG Entertainment GmbH & Co.KG,27 Oct 2023
05651C91BB0B21D65E981DA57578050B042DB1FF201A83752AAB5768D42CE24F,com.namcobandaigames.pacmantournaments,12303,1981-01-01 01:01:02,2023-10-07 03:57:35.8427,100000000,2023-10-07T03:59:23.626913,PAC-MAN,BANDAI NAMCO Entertainment America Inc.,5 Oct 2023
03BE9BD39E74F7AA184C30156804BBC74C5C813D7E85612E978D1901AC63179B,com.smartsecurityxzt,3145976,1981-01-01 01:01:02,2023-01-20 13:00:34.686869,50000000,2023-01-20T13:02:32.347031,Smart Security,Magic Solutions Apps,20 Jan 2023
41069A3272A984B2B60C33BAEEBDEEC57AD56964B616F2F44F51D36033E0078D,com.netqin.ps,315,1981-01-01 01:01:02,2023-10-13 18:31:39.654266,100000000,2023-10-13T18:32:52.626652,"Vault - Hide Pics, App Lock",Wafer Co.,13 Oct 2023
27C3BD2BAB81C78511AB7EAA5099466A6AC289E2A0E6F89ADEA3C409B15166C0,com.sinyee.babybus.market,8675000,1981-01-01 01:01:02,2023-11-03 06:00:26.308088,50000000,2023-11-03T06:00:46.575531,Little Panda&#39;s Town: My World 8.67.50.00,BabyBus,1 Nov 2023
0AEC5696A3416830A5FAEC493EEACCFDCE9F5679249517ED4B12DD7655E40DCE,com.superplusgames.hosandroid,546,1981-01-01 01:01:02,2023-11-24 01:11:39.25579,50000000,2023-11-24T01:24:26.735743,Hills of Steel 6.1.1,Superplus Games,"Nov 22, 2023"
51CF67B89E2269FBC84930B1E2540023772F028B2DB5EE840AF9E1DF52579197,com.studiosol.palcomp3,484,1981-01-01 01:01:02,2023-07-16 06:22:50.505463,100000000,2023-07-16T06:23:09.664978,Palco MP3: Listen and download,Studio Sol Comunicação Digital,13 Jul 2023
43581F296B8A7F14818B5D9F72A5BB68B5449C963111971C11727C52D07491A0,com.aim.rallyhum,20117,1981-01-01 01:01:02,2023-05-03 16:47:39.625353,50000000,2023-05-03T16:47:08.112288,Extreme SUV Driving Simulator,AxesInMotion Racing,2 May 2023
00247A7196CA41CF90707C54ACACAFB0837CC0B05F7986D150976C51495A2BD5,com.etermax.preguntados.lite,848,1981-01-01 01:01:02,2023-12-22 04:55:37.823606,100000000,2023-12-22T04:56:46.162161,"Trivia Crack
3.246.1",etermax,21 Dec 2023
048C130C82C51ECF44DCE9FABEEF3EAAA35D9B909FDDF79B3016F240589E36F5,com.psiphon3,347,1980-01-01 00:00:00,2023-12-02 23:32:06.905202,50000000,2023-12-02T23:33:51.075885,Psiphon 347,Psiphon Inc.,1 Apr 2022
018221EFD8250077EC8C7951788E18BCF16EE0A31F2A6C7D08BA2B62BDD2D599,com.dnddream.headsoccer.android,238,2023-12-07 23:46:18,2023-12-08 17:32:16.74708,50000000,2023-12-08T17:33:23.655356,"Head Soccer
6.19",D&D Dream,"Dec 7, 2023"
0AB365370A94FFAE7CED064DD82D4E4D948EAF30B7EC2B9C95C58CB763149655,com.psafe.msuite,110002,1981-01-01 01:01:02,2023-11-06 08:33:30.811932,100000000,2023-11-06T08:33:32.208161,"dfndr security: antivirus
11.0.2",PSafe,30 Oct 2023
359A9DC017B3AFD5A4E215E490C03C231F223505667D53726E4589B3233A3409,com.csam.icici.bank.imobile,389,1981-01-01 01:01:02,2023-11-10 19:13:49.824005,50000000,2023-11-10T19:10:16.093301,"iMobile Pay: Banking, UPI 17.5",ICICI Bank Ltd.,"Nov 9, 2023"
020CE231CD7EA607FF29F5D575F26730BE4793EAD5E44B21573A47F23FA65CD9,com.google.android.inputmethod.latin,117006193,1981-01-01 01:01:02,2023-12-02 22:04:52.832441,5000000000,2023-12-02T22:07:19.289733,"Gboard – the Google Keyboard
13.1.07.536370540-release-armeabi-v7a",Google LLC,28 Jun 2023
B42D50CA625F91795E9C76B2A5443F5B1C2EC913F8701EF2AEE5E1B8FDE94B58,com.zuuks.truck.simulator.euro,36,1980-01-01 00:00:00,2023-10-06 06:44:09.19202,100000000,2023-10-06T06:44:10.442159,Truck Simulator : Europe,Zuuks Games,5 Oct 2023
0001D7AACD96416CE7F5D07D63058ED761681D24F6DEAB6DF50A63277740FAD0,br.com.rodrigokolb.realbass,124,1981-01-01 01:01:02,2023-04-06 16:13:44.2032,10000000,2023-04-06T16:14:54.274505,Real Bass:electric bass guitar,Kolb Apps,5 Apr 2023
BBB16F10CAECC3C43C33D686CCF2AD6E4ACFB6FC30C5270DDB55D18B06BF780E,com.chanel.weather.forecast.accu,102,1981-01-01 01:01:02,2023-06-21 17:37:25.251802,50000000,2023-06-21T17:39:07.687198,Weervoorspelling,BACHA Soft,6 Jun 2023
00605FEEC3A0AA3EEE1F54BE37A22C9F889AED1000D1610B59264922E9D9F460,com.nate.android.portalmini,135,1981-01-01 01:01:02,2023-05-14 22:27:56.80747,10000000,2023-05-14T22:29:59.764256,nate,SK Communications,9 May 2023
03D163D39E43792FF1FA64742C1368D3D8004C5CC5390412AC940D3C27268D3E,com.speedymovil.wire,931,1981-01-01 01:01:02,2023-12-29 14:12:33.460012,100000000,2022-02-23T09:20:30.693315,Mi Telcel,"Telcel, Radiomovil Dipsa S.A. de C.V.",21 Feb 2022
A19E2BA832A26F908A2CCF1A68F4F5D18158446E756D5D6BB642AFBF73034961,com.google.android.apps.accessibility.voiceaccess,81266,1981-01-01 01:01:02,2023-05-26 01:45:33.519675,100000000,2023-05-26T01:47:16.281523,Voice Access,Google LLC,8 May 2023
4314C6EE7725B68410806086C57DF2B1284840CDE9EE6FE76ACEF724D4E7E1DD,roll.unblock.ball.block.puzzle,60,1981-01-01 01:01:02,2023-06-28 21:57:56.712998,100000000,2023-06-28T21:57:41.493890,Unblock Ball - Block Puzzle,Fun Free Fun,14 Jun 2023
3C983301CA8FA2781A91E17452D036A492A2730813EC5EB0C3560D4A436F911D,com.instagram.lite,530135416,1980-01-01 00:00:00,2023-12-03 16:15:04.404009,100000000,2023-12-02T23:36:17.869269,"Instagram Lite
379.0.0.2.118",Instagram,25 Oct 2023
715A366676EC026C6C03308082371943B86E7156CF7C2CB9EC9B9FCAB5E23C6E,com.google.earth,233145791,2009-01-01 00:00:00,2023-12-07 20:51:53.421108,500000000,2023-12-07T20:51:39.364062,"Google Earth
10.41.0.6",Google LLC,"Nov 10, 2023"
063072ADF74FC830BBA1154EE9E9D4630702A9BB81CEB102AB64376131A4D970,com.madfingergames.deadtrigger,210100078,1981-01-01 01:01:02,2023-11-02 13:29:47.757732,50000000,2023-11-02T13:30:41.558613,Dead Trigger: Survival Shooter 2.1.1,Deca_Games,23 Oct 2023
05050DC2CFE324C5A4E0B2851DDB5D50DCB7D0E4A7E3155F5FA69516623A3B94,tools.photo.hd.camera,80,1981-01-01 01:01:02,2023-08-30 19:42:23.796516,50000000,2023-08-30T19:48:16.126671,HD Camera,KX Camera Team,"Aug 23, 2023"
A20BA41999104AE86C83D82A01CC357F061B599C7C07BB60BE88D2A06910E455,com.wordsmobile.gunship,1416,1981-01-01 01:01:02,2023-04-19 08:44:34.350589,100000000,2023-04-19T08:45:38.127345,Gunship Strike 3D,Candy Mobile,18 Apr 2023
19E79CE1D3731727810058F37A70EE8A25D51242B58B1314A00F03BF6A23E504,com.gofiveglobal.fashion.dress.up,200283,1981-01-01 01:01:02,2023-08-07 21:59:55.08246,100000000,2023-08-07T22:02:44.380214,"Fashion Show: Makeup, Dress Up",Dress Up Games for Girls,18 Jul 2023
004F926CA8553BB59C13B2FD632BDE54AB1B537086384E23AD4363F36111B6D3,org.nanobit.taboo,2051,1981-01-01 01:01:02,2023-09-05 16:10:38.78714,10000000,2023-09-05T16:10:13.816429,Tabou Stories®: Love Episodes,NANOBIT,31 Aug 2023
1B7A54886F2DAC9B44D9FDEB1DE48F1E67FFA7241A2A77408B2142ED9DFDC04C,com.instagram.barcelona,497200789,1980-01-01 00:00:00,2023-12-03 21:52:13.995998,100000000,2023-12-02T21:29:53.940237,"Threads, an Instagram app
302.0.0.15.113",Instagram,21 Sept 2023
B0AE0E6E122DDFF9D303E71D67FB2D427F7CDEC2926A8B097CD46B25716A8F66,com.ffgames.racingincar2,160,1981-01-01 01:01:02,2023-07-15 06:35:48.09674,100000000,2023-07-15T06:37:29.240330,Racing in Car 2,ckgames,14 Jul 2023
738AC8A43D6B8C8E8DBF93B43C5791CFFE470FF6B4FF7E8C00B5BA89EAC11BD4,art.color.planet.paint.by.number.game.puzzle.free,63,1981-01-01 01:01:02,2023-02-23 12:02:18.487979,50000000,2023-02-23T12:03:56.668401,ColorPlanet® Paint by Number,Games Vessel,"Feb 22, 2023"
0121A2D7652DC955752F62B2397FA94CA861F8A0BBB6128E0DA576EB36A302E2,com.picsart.studio,993822303,1981-01-01 01:01:02,2023-05-24 21:34:42.958295,1000000000,2023-05-24T21:36:27.410404,Picsart AI Photo Editor,"PicsArt, Inc.",23 May 2023
0EBEF640BE087F55547793849963B4A3822546D99328014B835885A7471087C4,com.threestar.gallery,432,1981-01-01 01:01:02,2023-09-10 11:32:52.561876,50000000,2023-09-10T11:32:41.827842,Gallery,FeaturedApp,28 Aug 2023
005860E4203B2B6ABF7BE662710E61BA7021E69D8151DC2FFD22F44D25E7F72A,com.volcano.modrn.car.parking.d,144,1981-01-01 01:01:02,2023-03-15 13:03:24.077994,50000000,2023-03-15T13:03:14.938054,Car Parking 3D Game: Car Games,The Knights Pvt Ltd,14 Mar 2023
3C23BF6FC60C1C3E0B1F1D1BF820753377D6654A1F00AA31D7082D46075DCC9A,com.asus.ia.asusapp,4613,1981-01-01 01:01:02,2023-11-14 10:48:39.256737,100000000,2023-11-14T10:51:17.638276,"MyASUS - Service Center
4.6.13",ASUSTeK COMPUTER INC.,13 Nov 2023
25437AD5FF0AC02304D083C4998EED0D8AF4CCE04FABD82177377BD551A7E512,com.virus.hunter,53,1981-01-01 01:01:02,2023-03-10 11:45:12.863548,50000000,2023-03-10T11:45:53.107959,Virus Hunter: Scan & Clean,Red Circle Tools,9 Mar 2023
1A2011102F3013FE7A53D7F1184C115EA6169E8A2151D29959322DA5E1926B3C,com.skout.android,2275,1981-01-01 01:01:02,2023-02-16 21:04:34.99051,50000000,2023-02-16T21:06:19.294736,"SKOUT - Meet, Chat, Go Live",Skout Inc.,14 Feb 2023
03AEAD13DF02C382DE18A80BAB015B70816368DBAAA47167702AF8BDF632C8CC,com.alphapotato.prankster,148,1981-01-01 01:01:02,2023-06-07 15:57:08.982689,50000000,2023-06-07T15:58:59.064238,Prank Master 3D,Lion Studios,5 Jun 2023
017B811A09101A9FD8EA85FD866D1991512F759EF0C910B51691019F47D163C0,com.google.android.apps.docs.editors.slides,220583156,1981-01-01 01:01:02,2023-05-18 01:56:32.939118,1000000000,2023-05-18T01:57:56.969308,Google Slides,Google LLC,2 May 2023
5A39A672916060E3689CBEFA8C8F7786C18248DB128622A308A5A58A5396EADB,com.meitu.makeup,6285,1981-01-01 01:01:02,2023-10-31 13:47:45.934876,50000000,2023-10-27T18:50:04.154706,MakeupPlus - Makeup Camera,MeituEve International Limited,26 Oct 2023
07BC5D84DD3CFA80AE5362D8E5986F376472CD6487A89FF00BC55F59302CDF6E,com.amazon.avod.thirdpartyclient,353003847,1981-01-01 01:01:02,2023-08-17 19:32:20.08302,500000000,2023-08-17T19:32:13.101550,Amazon Prime Video,Amazon Mobile LLC,14 Aug 2023
06BE18D7CA000C8277E164ACBB66F9614B9F26E2D823D719EFEA3282BA795031,com.netflix.mediaclient,50462,1981-01-01 01:01:02,2023-07-16 00:21:04.966229,1000000000,2023-07-16T00:22:37.202280,Netflix,"Netflix, Inc.",14 Jul 2023
0BA097134442B373C2AE19010715ADBBBFD9D445E2BB097083BF54F50DBB394B,com.imo.android.imoimhd,23112108,1981-01-01 01:01:02,2023-12-29 12:27:07.142007,100000000,2023-12-29T12:27:48.855245,"imo HD - Video Calls and Chats
2023.11.2098",imo.im,22 Dec 2023
0FE723A45F51980B5998739D031C203A47BA7107573671CD5798BA3FCD92A3C1,com.ea.game.pvz2_row,778,1981-01-01 01:01:02,2023-03-28 22:56:32.509754,100000000,2023-03-28T22:14:02.259974,Plants vs Zombies™ 2,ELECTRONIC ARTS,27 Mar 2023
00F2FFFF8B7FB28414E02CE3011EBFD8DD05E10711DF8DBEE6FA2C0454F7F569,com.lenovo.anyshare.gps,4062358,1981-01-01 01:01:02,2023-07-24 17:50:01.305452,1000000000,2023-07-24T17:50:15.617556,"SHAREit: Transfer, Share Files",Smart Media4U Technology Pte.Ltd.,"Jul 20, 2023"
0C09FA00595407E80294B7D8D16CD8643684C87E528E6B5EBB7D35E003A2C260,com.soundcloud.android,194050,1981-01-01 01:01:02,2023-07-15 13:17:58.23196,100000000,2023-07-15T13:18:20.690578,SoundCloud: Play Music & Songs,SoundCloud,14 Jul 2023
8303D2C2654AF77714FB4AA7001B0831E8F53F4B309942018BC56D80E36AACC5,com.sinyee.babybus.princess,8670000,1981-01-01 01:01:02,2023-07-26 21:59:47.735157,50000000,2023-07-26T22:00:53.303595,Little Panda Princess Dressup,BabyBus,25 Jul 2023
341ED74D72568FA9C78B0B7C1EA9E92C506C04F5CBA6552958687661C93B0FDB,com.devgame.masha.and.bear.pizzeria.games,281,1981-01-01 01:01:02,2023-11-06 16:08:31.230983,50000000,2023-11-06T16:09:41.349777,Masha and the Bear Pizza Maker 1.4.7,DEVGAME KIDS games,"Oct 26, 2023"
3247AED1D33D417B390B9F6357BFA4A7B576200107A7A21AF25F6B3AA0CC7EBD,com.bsbportal.music,698,1981-01-01 01:01:02,2023-01-06 01:59:27.079106,100000000,2023-01-04T03:35:52.934152,"Wynk Music-Songs, Podcasts,MP3",Airtel,15 Dec 2022
03E4E1527AD0E21B9B9A7BC0BA740D025073D303B0696F621F6A47D18EAAFF24,shooter.two.purple,90000998,1981-01-01 01:01:02,2023-03-05 15:10:51.324214,50000000,2023-03-05T15:09:45.717363,Bubble Shooter 2,Bubble Shooter Artworks,"Mar 2, 2023"
1054156F48FC14F1B648DE8C49213BF126243270B1751C0601EE65D576FADDC5,com.linecorp.b612.android,91120411,1981-01-01 01:01:02,2023-12-20 21:25:28.061724,500000000,2023-12-20T21:25:56.758582,"B612 Camera&amp;Photo/Video Editor
12.4.11",SNOW Corporation,20 Dec 2023
D90EE0A3744A72BC7511FC90DF1A937583ECA736A605451DC3F00E1511929845,com.nextwave.wcc_lt,90,1981-01-01 01:01:02,2023-03-20 17:27:27.612125,50000000,2023-03-20T17:27:29.110833,World Cricket Championship  Lt,Nextwave Multimedia,19 Mar 2023
4C2336E2DE172720219CEE265C015016723B36C79539100582663135BC9B9BD9,com.playgendary.kickthebuddy,4876,1981-01-01 01:01:02,2023-11-29 11:57:10.369927,100000000,2023-11-29T11:58:13.548536,"Kick the Buddy
2.1.1",Playgendary Limited,20 Nov 2023
144A27E81FBD59AE62071D3DBE0D48CD226188657CC7512DA617AFE93A7FE6AF,com.supercell.clashofclans,1579,1981-01-01 01:01:02,2023-08-16 12:48:53.367762,500000000,2023-08-16T12:48:35.505002,Clash of Clans,Supercell,15 Aug 2023
04271F914BB1DEF14002D7E455EE349114AD37A57BA6651C77B6F6B4A7875C00,id.dana,2410031,1981-01-01 01:01:02,2023-12-02 17:02:38.497634,100000000,2023-12-02T17:03:03.611888,"DANA Indonesia Digital Wallet
2.41.0",PT Espay Debit Indonesia Koe,11 Aug 2023
035024034FF41393B95EF33A2C92A4AA5CE904221420E7505D780724CEA607B5,com.bumble.app,3140,1981-01-01 01:01:02,2023-09-18 16:09:53.284635,50000000,2023-09-18T16:10:39.705281,Bumble: Dating App & Friends,Bumble Holding Limited,"Sep 15, 2023"
001FF712E5FA0EAB22889005DEE732BD511FD210AE5CAFCECA29FC77FB21A546,com.grabtaxi.passenger,52520000,1981-01-01 01:01:02,2023-05-05 13:08:53.114312,100000000,2023-05-05T13:10:25.722421,Grab - Taxi & Food Delivery,Grab Holdings,2 May 2023
3E952F6A61F15101191D7C1E0D3D65530D2FAF6A3E63AEB0295AC570BB980689,com.picmax.wemoji,6,1980-01-01 00:00:00,2023-12-02 20:03:43.392399,50000000,2023-12-02T20:03:34.352598,Wemoji - WhatsApp Sticker Maker 1.2.2,Picmax,4 Jan 2020
4F90984594BBF314ABFC908F504E7954BDC624293A559B5D749B457373188DBC,com.sharekaro.shareit,193,1981-01-01 01:01:02,2023-06-29 02:57:18.928616,50000000,2023-06-29T02:58:13.599827,SHARE Go : Share Karo India,Appyhigh,16 Jun 2023
02D053CBF5A35E850F5816C844E62C25CAD3774DAA66576ECA23AFC59C140FF2,com.sinyee.babybus.princessII,8670800,1981-01-01 01:01:02,2023-11-24 19:26:36.512112,100000000,2023-11-24T19:26:07.656604,"Little Panda: Princess Makeup
8.67.08.00",BabyBus,23 Nov 2023
06C0EEDA1D7F39DACE1A7C916E3F87DAF603FF154BABEB2E502F2FDB5B06474F,com.goxo.doctor.heart.surgery.game,176,1981-01-01 01:01:02,2023-05-08 14:41:40.96988,50000000,2023-05-08T14:44:23.258953,Doctor Simulator Surgeon Games,Spartans Global INC.,5 May 2023
C9CBD4E2BD1E808951C7161D9D69A44E5C9910D8347021120C015EF7808C3456,com.appstrend.policerobot.speedster.hero,71,1981-01-01 01:01:02,2023-09-25 23:51:06.336446,10000000,2023-09-25T23:50:55.193404,Police Robot Rope Hero Game 3d,Brave Jackals,29 Mar 2023
B7F77E9B1FF348AA0480104CBCAB72DF10D04D635EAB7E27B979F06DD0E20C51,com.monotype.android.font.simprosys.stylishfonts,87,1981-01-01 01:01:02,2023-11-06 15:34:14.405203,50000000,2023-11-06T15:34:35.244418,Stylish Fonts Keyboard 1.87,Wisdomlogix Solutions,4 Nov 2023
485A1C5BC64B3B187FDDC9255A7BBDCCC1653149F67D778C98A67479D5D8916B,com.samsung.android.app.watchmanager,2123071861,2009-01-01 00:00:00,2023-07-25 12:25:46.897835,500000000,2023-07-25T12:28:12.435679,Galaxy Wearable (Samsung Gear),"Samsung Electronics Co.,  Ltd.",19 Jul 2023
0CCC719C6251CE13CE42A02B84C36923CDB9811C74CD96C18B1AD96C94E84D4B,fc.admin.fcexpressadmin,1184,1980-01-01 00:00:00,2023-10-18 14:05:27.115531,50000000,2023-10-18T14:05:58.357264,FirstCry India - Baby & Kids,FirstCry.com,17 Oct 2023
603400F0C88FDDC74F911667932C4435C0243CD47DD2A4EB357978CFCE04CF67,com.tapped.drawrider,210000059,1981-01-01 01:01:02,2023-07-19 00:19:26.485997,100000000,2023-07-19T00:20:38.441984,Scribble Rider,VOODOO,12 Jun 2023
0C980FFFD392DA8DDCC4217BF7A0511FE18B5D68EE04E4972543F9091CB5648B,com.onebutton.mrsuper,13701,1981-01-01 01:01:02,2023-05-18 08:27:06.849108,50000000,2023-05-18T08:26:16.439833,The Superhero League,Lion Studios,16 May 2023
4C064C3FD1642F998EFA48B05127750BF92FD5FFDEFAEA3E3AFAD7E482A2AEE5,net.apex_designs.payback2,134,1981-01-01 01:01:02,2023-01-12 12:59:11.992368,100000000,2023-01-12T13:00:12.342645,Payback 2 - The Battle Sandbox,Apex Designs Entertainment Ltd,"Jan 11, 2023"
025268095738AE8283F5C2D4B0F8988E0D7BB622CA1953D9B447E0819F80DD9E,io.voodoo.paper2,213,1981-01-01 01:01:02,2023-01-17 13:48:24.219546,100000000,2023-01-17T13:48:26.299562,Paper.io 2,VOODOO,16 Jan 2023
006EFE673EC25E2114398BAC7905F3057717A50F26C85A4999F145100FA19E7D,com.NikSanTech.FireDots3D,20009,1981-01-01 01:01:02,2023-03-21 15:56:43.692365,50000000,2023-03-21T15:57:27.351066,Fire Balls 3D,VOODOO,21 Mar 2023
27CBB9474925817A3DE59EBBF7D0B4464B1B0B1CF9C43B30514178A94C3F8B17,com.notdoppler.earntodie2,1004039,1981-01-01 01:01:02,2023-02-08 09:11:54.944195,100000000,2022-03-06T03:30:21.268983,Earn to Die 2,Not Doppler,2 Mar 2022
17A8A113A67768D5AED110C850C276AA01B891698DB8AEDE738AAFAF0164F63E,com.kid58.lianyong.princessIII,8680000,1981-01-01 01:01:02,2023-12-12 14:21:55.111957,50000000,2023-12-12T14:22:57.076027,Little Panda: Princess Salon 8.68.00.00,BabyBus,11 Dec 2023
0D5381E6EBF0F12C29B6812580F8F5EA0C09DE179E839015A232A899E4660D84,com.cleanteam.oneboost,2200,1980-01-01 00:00:00,2023-02-24 11:42:30.115205,100000000,2023-02-24T11:42:55.193054,One Booster: Antivirus&Cleaner,One Dot Moblie Limited,23 Feb 2023
F7B39C938B8DD6AE3A65EC4A28F4C8E18D13599243DB33D49E1A8679D15DCCC0,com.silevel.mountainclimbstunt,200064,1981-01-01 01:01:02,2023-10-18 22:31:38.747447,50000000,2023-10-18T22:32:02.590803,Mountain Climb: Stunt Car Game,Silevel Games Ltd,13 Oct 2023
00C768DEF72A82F98BFD0A9D2350B8AC16B8597693BBC3322B4F96A8B7B27809,ru.yandex.disk,549010,1981-01-01 01:01:02,2023-01-31 17:21:50.212038,50000000,2023-01-31T17:23:28.927266,Yandex Disk—file cloud storage,Yandex Apps,30 Jan 2023
F166A8236434347C41675D118903BC7DBE481F88F2455E534AF9EEBC28A7E09E,com.solou.catendless.run,421,1981-01-01 01:01:02,2023-10-10 16:27:43.461396,100000000,2023-10-10T16:28:28.009793,Cat Runner: Decorate Home,Ivy,28 Sept 2023
28094E70A286AC57BA0DB8037F6D00BAECDBAE274C97C11E9028DE18685149DE,com.playgendary.tombpaint,48,1981-01-01 01:01:02,2023-08-13 20:33:18.33619,50000000,2023-08-13T20:33:53.920131,Tomb of the Mask: Color,Playgendary Limited,9 Aug 2023
0CDC531D7B7080040CCC6DBFAD44D1FECA12981427B4F131AEFC992E04A57687,com.cisco.webex.meetings,243070670,1981-01-01 01:01:02,2023-07-05 12:44:34.912612,100000000,2023-07-05T12:46:08.075176,Webex Meetings,"Cisco Systems, Inc.",4 Jul 2023
07335D8E82F98B0F2195159DB8F833EEDD59B25A011F33C7FBB30170E5112BDC,com.amazon.clouddrive.photos,902012831,1980-01-01 00:00:00,2023-01-24 23:00:17.933477,50000000,2023-01-24T23:00:41.258745,Amazon Photos,Amazon Mobile LLC,23 Jan 2023
1630BFE21C4508E654F1285B85FA97C48743D9B92CD1F0A035DD5F9FB3D07F5E,com.rubygames.assassin,1884,1981-01-01 01:01:02,2023-05-30 19:57:28.624868,100000000,2023-05-30T19:58:26.665868,Hunter Assassin,Ruby Game Studio,29 May 2023
5591CC245DE62C64F8E7F2EC5A233D2F3411C05FAB67C670E4CD40DAB51238C4,com.easybrain.make.music,530,1981-01-01 01:01:02,2023-10-22 03:53:58.766668,50000000,2023-10-22T03:53:50.014548,Groovepad - music & beat maker,Easybrain,17 Oct 2023
1D007A6EE98EC439E02A80A760DE2BD9757D61925D59A3E18CAEE215BD4CC570,com.ea.games.r3_row,12001,1981-01-01 01:01:02,2023-11-21 21:42:47.541787,100000000,2023-11-21T20:05:02.659658,"Real Racing  3
12.0.1",ELECTRONIC ARTS,"Nov 2, 2023"
03E0F1BC2E14D50D5A6AAD129AC0022A2BAC259118212C2EF6A05EFEFEFAEAA5,com.squareup.cash,3880003,1981-01-01 01:01:02,2023-03-31 01:04:29.196706,50000000,2023-03-31T01:05:24.186857,Cash App,"Square, Inc.",24 Mar 2023
653025B4877975F88446E32A71003910DE2D316D90852715E6DC29817D377127,com.google.android.play.games,445980040,1981-01-01 01:01:02,2023-08-18 10:12:51.958136,5000000000,2023-08-18T10:33:12.485491,Google Play Games,Google LLC,31 Jul 2023
08957F162DEA7B0F89AC1587680D2AAA4454BA4078F372FAAE26CE6136158D03,com.criticalforceentertainment.criticalops,2350,1981-01-01 01:01:02,2023-07-07 12:57:00.917032,50000000,2023-07-07T12:59:11.042159,Critical Ops: Multiplayer FPS,Critical Force Ltd.,6 Jul 2023
0636576AF0F581A664CE5B186C268B3D72DB593F7D951689797D496EF0DCDE33,com.ebay.mobile,6122004,1981-01-01 01:01:02,2023-08-15 05:27:05.873181,100000000,2023-08-15T05:28:27.598989,"eBay: Buy, Shop, Sell & Save",eBay Mobile,10 Aug 2023
615B14766F784C0EE6745FA9E11ECB26D74E8937DA13A97FF433B9905206618D,com.easygames.race,82,1981-01-01 01:01:02,2023-02-22 05:26:04.59728,100000000,2023-02-22T05:28:36.239207,Race Master 3D - Car Racing,SayGames Ltd,16 Feb 2023
41020659F75B3ECE3380DCBA051A5A100F5D11B56AC39804CB513D08E5661005,com.bankofbaroda.mconnect,84,1981-01-01 01:01:02,2023-06-11 21:56:34.235388,50000000,2023-06-11T21:56:21.060670,bob World,Bank of Baroda,9 Jun 2023
0D98B8DB93AAD749EA3B47DAEB6742141416F68BC3902D71B3CDE86FEDEF03BB,com.calculator.hideu,2231,1981-01-01 01:01:02,2023-10-16 13:38:04.811639,100000000,2023-10-16T13:38:21.287706,HideU: Calculator Lock,Smart Utils Dev Team,10 Oct 2023
117E8486D001216B90F14658CE2293F43241BA7EC166B49A22B367CC75E9845A,com.baloota.dumpster,411,1981-01-01 01:01:02,2023-09-25 17:35:33.169464,50000000,2023-09-25T17:35:53.007871,Dumpster: Photo/Video Recovery,Baloota,21 Sept 2023
0011C4BF7E4F77DF2222CD0F8D754AF1F5D1E34E4C7D6F1514738420B0314B72,com.google.android.apps.photos,48486536,1981-01-01 01:01:02,2023-08-25 23:24:41.770844,5000000000,2023-08-25T23:25:51.925311,Google Photos,Google LLC,24 Aug 2023
005207EF5B81C82C04D0352D50F6F29ED3FCE3ADE24A1698397FCF5B56B14BA1,curso.d.ingles.gratis,177,1981-01-01 01:01:02,2023-12-06 00:04:00.19173,10000000,2023-12-06T00:06:50.809923,"Aprender Inglés Curso
9.13.1",MejorCurso,"Dec 3, 2023"
10F9F04CA43CD5B91B00D4BA3E3638C0789A92E956645F56FDCEEA259780DB1A,com.tabtale.babytwins,126,1980-01-01 00:00:00,2023-10-03 11:37:12.2412,50000000,2023-10-03T11:36:59.615483,Baby Twins - Newborn Care,TabTale,2 Oct 2023
00183637126A7B83791BB5C79D595EA65F7A1A07E41A7F00C8996FC806D81503,com.nike.ntc,1700734800,1981-01-01 01:01:02,2023-02-28 00:46:02.273277,10000000,2023-02-28T00:46:04.646911,Nike Training Club: Fitness,"Nike, Inc.",16 Feb 2023
1000A513F7307E1E125614DF748C90B045938757A323172BEB0C0BB419C15923,com.playmini.miniworld,66582,1981-01-01 01:01:02,2023-08-03 09:47:23.108488,100000000,2023-08-03T09:48:17.133169,Mini World: CREATA,MINOVATE HONG KONG LIMITED,1 Aug 2023
15EBA399414FFD6B1817E01DC865E0D0498BF74D7FA939DEB9A018A8E416BFF4,com.gzl.superhero.karatefighting.game,106,1981-01-01 01:01:02,2023-03-15 22:17:46.029951,50000000,2023-03-15T22:17:58.394264,Kung Fu Karate: Fighting Games,Frolics Simulation & Action Games,14 Mar 2023
1F400A0CA7D098E14AD2A1A89FC5082359EE9E0AE8E0E2029A44C4AA2E9194FE,com.ne.hdv,2023031500,1981-01-01 01:01:02,2023-03-15 12:00:56.445038,100000000,2023-03-15T12:01:08.347948,HD Video Downloader,Video and music apps,15 Mar 2023
076A16761702D5689E7E5078958539AB9A02F242DBCEBA32FD18A6E7BC34C902,com.cricbuzz.android,1521060302,1981-01-01 01:01:02,2023-03-29 19:57:21.302426,100000000,2023-03-29T19:57:40.501386,Cricbuzz - Live Cricket Scores,Cricbuzz.com,28 Mar 2023
05EC3A8F849ECE03D099B1401300A16B9D21F193C527149B0082B634027D5A73,com.nordcurrent.canteenhd,10710,1981-01-01 01:01:02,2023-10-27 13:23:21.793183,100000000,2023-10-27T13:23:45.857548,Cooking Fever: Restaurant Game,Nordcurrent Games,24 Oct 2023
1A26F9EDEDE3C1B5782DA3AB09CB886477E31DC0488439893B30B78BF30A14DF,com.orbital.brainiton,438,1981-01-01 01:01:02,2023-02-11 23:35:55.212276,50000000,2023-02-11T23:35:56.802299,Brain It On! - Physics Puzzles,Orbital Nine Games,9 Feb 2023
AE9EFE46F608BEA7AD55EF79DD6193732ADB884AEEDE2D356FC91B36FA4D7D1C,com.opera.max.global,460260000,1981-01-01 01:01:02,2023-11-11 00:22:02.661669,50000000,2023-11-05T02:03:31.343334,Samsung Max VPN &amp; Data Saver 4.6.26,Samsung Max apps,29 Sept 2023
0038B0AD2F8E03EE0232377C38337D5D57CC3FBF9229102FC1D2788FAA93762F,com.abi.draw.onepart.dop,16,1981-01-01 01:01:02,2023-09-03 16:14:20.274017,10000000,2023-09-03T16:16:17.122221,Troll Master - Draw one part,ABI Global LTD,31 Aug 2023
071DBF04D91ED60B7F0BDF38FB192B4EEBB04D5FD9E4342482ED716A383D84DE,com.kakao.story,24009,1981-01-01 01:01:02,2023-01-09 10:47:11.066937,50000000,2023-01-09T10:48:09.404504,KakaoStory,Kakao Corp.,8 Jan 2023
EBA03FDCB373AA263A31C030FC038E3E3BA784F08AF91CEB6B4105569D1B312A,com.xiaomi.calendar,12060700,1980-01-01 00:00:00,2023-02-16 13:45:40.38884,500000000,2023-02-16T13:45:43.762208,Mi Calendar,Xiaomi Inc.,9 Feb 2023
03B549B9C71E4EBAA283125095447184C34FD99A11E65A97A04501488955F925,com.dywx.larkplayer,25451507,1981-01-01 01:01:02,2023-02-04 19:32:36.012723,100000000,2023-02-04T19:33:10.674566,Music Player &MP3- Lark Player,Lark Player Studio,3 Feb 2023
0D0BC76C2E56F54339F9753A1EA6F2BA450230F4360C19853A2F46583F4E4023,com.google.android.marvin.talkback,60134293,1981-01-01 01:01:02,2023-12-03 16:34:33.783248,10000000000,2023-12-02T20:51:30.277827,"Android Accessibility Suite
14.1.0.585036223",Google LLC,24 Nov 2023
0FAF0180466BFEFBDE3E9435C32560FB440AA9C81A8EC6E48590B812EADD18A1,block.app.wars,108,1980-01-01 00:00:00,2023-06-08 11:20:57.493916,50000000,2023-06-08T11:21:18.400891,Block City Wars: Pixel Shooter,Kadexo Limited,1 Jun 2023
02582783D14EDB1414F91386DA24D1E14DEFF18913C23F1FD556EE9982707E11,com.dream_studio.animalringtones,106,1981-01-01 01:01:02,2023-08-26 01:16:37.474527,50000000,2023-08-26T01:18:31.461792,Animals: Ringtones,Dream_Studio,20 Aug 2023
386E94FED3CB9A530B9A555EC01E3818BECDD38C0ACB7457F26FBE8A602A3653,com.tencent.iglite,15130,2023-02-25 02:48:38,2023-08-03 17:49:55.738619,100000000,2023-08-03T17:31:50.054311,PUBG MOBILE LITE,Level Infinite,1 Mar 2023
483CF371849D8064A3E6725EEDA6107ECD5778B8F086D8A87E98EB2787D960CC,com.outfit7.talkingtom,710,1981-01-01 01:01:02,2023-11-01 03:58:57.127481,500000000,2023-11-01T03:59:19.050707,"Talking Tom Cat
4.1.2.190",Outfit7 Limited,30 Oct 2023
FD880CA41423FFD854A20CF56DD76A25B3418872F1D1F322561B9EB6CACF13BE,com.virus.remover,49,1981-01-01 01:01:02,2023-12-13 15:34:45.995482,50000000,2023-12-13T15:35:44.573598,Virus Remover - Fast &amp; Secure 1.99.04,Holy Macaroni,9 Dec 2023
0D0F9ACF50B2F4C3A16BF64D2DD23F477E47356514459324D7763F668E4AB4A1,ru.mail.mailapp,43092,1981-01-01 01:01:02,2023-07-06 20:13:43.583459,100000000,2023-07-06T20:14:28.490203,Mail.ru - Email App,Mail.Ru Group,1 Jul 2023
0491ECF575BDC83574DD1568310F0689AF1C714789E41A86619A788B5906DF1A,free.vpn.unblock.proxy.turbovpn.lite,2023060101,1981-01-01 01:01:02,2023-06-04 10:57:37.614544,50000000,2023-06-04T10:58:37.266009,Turbo VPN Lite - VPN Proxy,Innovative Connecting,1 Jun 2023
1CA1E36E9B2BAA5C026EEEAC84785140093F2E8153CA97678CF5D88FA482EE9D,com.gamma.find.diff,148,1981-01-01 01:01:02,2023-02-28 09:45:09.734675,50000000,2023-02-28T09:45:11.661904,Find the Difference 1000+,Gamma Play,18 Jan 2023
9479467CC5DFDAD5F1E0A5F0B225A715BD229A84FC518457FB784AE8F07DDA41,com.gramgames.mergedragons,994,1981-01-01 01:01:02,2023-12-30 11:25:50.373102,50000000,2023-12-30T11:26:07.840025,"Merge Dragons!
10.14.1",Zynga,26 Dec 2023
00778E3B631CA92C1563DDFDC258ACD8D468BD30E3B54F5BC8990253043193DE,com.adobe.reader,1928027228,1981-01-01 01:01:02,2023-05-04 19:04:47.68295,500000000,2023-05-04T19:05:32.277078,Adobe Acrobat Reader: Edit PDF,Adobe,4 May 2023
9B4DB5103394932B4B439FCC2678B7FA1DEDAEDC2ECB011120C0EB48E60EDBB9,com.gameloft.android.ANMP.GloftR7HM,17432,1981-01-01 01:01:02,2023-11-13 07:26:09.22421,100000000,2023-11-08T00:26:23.655315,"Real Football
1.7.4",Gameloft SE,"Oct 2, 2023"
036B74CBB9DF6704A0210F2AF9E10E3AA13B6A8B63C94CFFD995E1E6B49FACC7,com.abaenglish.videoclass,485,1981-01-01 01:01:02,2023-10-27 12:01:34.457712,10000000,2023-10-27T12:02:28.249234,ABA English - Learn English,ABA English,11 Oct 2023
1456F09149090A0CF77D712437E9CCC1CD35FC6813700B17BC24586567AF3C85,com.lightricks.pixaloop,1412,1981-01-01 01:01:02,2023-12-22 20:53:39.497942,50000000,2023-12-22T20:56:01.415459,Motionleap by Lightricks 1.4.0,Lightricks Ltd.,"Dec 12, 2023"
13BF79D533C87F4AFBFEA77ED20A59775844AA2DD3609F02162E2721D0708076,com.snowcorp.epik,127,1981-01-01 01:01:02,2023-12-18 07:52:50.755081,50000000,2023-12-18T07:52:22.892930,EPIK - AI Photo &amp; Video Editor 4.3.0,SNOW Corporation,15 Dec 2023
01C8BC93ACD18D1340714F16F814CD312B0C6706C3997437DBA732817F3890F0,com.MelsoftGames.FamilyIslandFarm,28677,1980-01-01 00:00:00,2023-04-05 00:27:43.497802,50000000,2023-04-05T00:29:17.123999,Family Island™ — Farming game,Melsoft Games Ltd,31 Mar 2023
073F374ABB3FA237DFF4BFD7A49BE0EC5659FE0D445823E5078376B2CF595FBF,com.Earthkwak.Platformer,90,1981-01-01 01:01:02,2023-09-04 06:46:05.084338,50000000,2023-09-04T06:48:16.216920,Super Bear Adventure,Earthkwak Games,2 Sept 2023
0C5DD76712B72266B13F95A06B6590EA8A953D32134B99215DF4B8360269C168,com.redforcegames.stack.colors,45130,1981-01-01 01:01:02,2023-08-09 19:16:54.295059,100000000,2023-08-09T19:28:03.630063,Stack Colors!,VOODOO,3 Aug 2023
08ABCFB8196FFD4B43BC6096823E2B49B87ED822D31524835299FDD17A236ADC,com.noodlecake.altosadventure,500169,1981-01-01 01:01:02,2023-11-03 04:41:38.979074,50000000,2023-11-03T04:41:54.968156,Alto&#39;s Adventure 1.8.15,Noodlecake,1 Nov 2023
13418E1D128DFEC2E8F96F1394547FE1C5F51467BC4084BFC4A74844F232DF0E,com.magicv.airbrush,105060200,1981-01-01 01:01:02,2023-05-26 19:06:17.200134,50000000,2023-05-26T19:07:24.730253,AirBrush: AI Photo Editor,PIXOCIAL TECHNOLOGY (SINGAPORE) PTE. LTD.,24 May 2023
0A9EE830EF097F1B7C8678815B8289AA0AEC58DF112AD39F9BE46ABC72D12EAE,com.bilkon.easypiano,23,1981-01-01 01:01:02,2023-08-23 13:23:23.788261,100000000,2023-08-23T13:23:40.410845,Real Piano - Play And Learn,Bilkon,23 Aug 2023
0052E5BA6FB6E587C6D8B460911A40A670478DB38C7F2D96DDE9F5B66B34E418,info.flowersoft.theotown.theotown,11135,1981-01-01 01:01:02,2023-12-02 01:19:00.074901,10000000,2023-12-02T01:19:10.537365,"TheoTown
1.11.35a",blueflower,17 Nov 2023
002D682CEF792BF61711A03E28C9CF253DEAFF2F10BC9E4CE3A3A3F49D74620A,com.bgg.jump,671,1981-01-01 01:01:02,2023-06-27 04:44:28.598712,100000000,2023-06-27T04:46:00.395369,Project Makeover,"Magic Tavern, Inc.",25 Jun 2023
128AAE597CABF5AC1849CFE7846BEBAA658C3495199F32487B8AC86FECE75A86,video.like.lite,40061,1981-01-01 01:01:02,2023-03-03 03:42:12.057331,100000000,2023-03-03T03:41:54.296249,Likee Lite - Funny videos,Likeme Pte. Ltd.,27 Feb 2023
28A37DE53E11B211A7D6132C5D2399E5B0FDE96AE9895E05B9BC65CDC34AE119,com.jrzheng.supervpnfree,67,2017-02-09 17:09:38,2023-12-02 21:41:55.919763,100000000,2023-12-02T21:43:15.011443,"SuperVPN Fast VPN Client
2.0.2",SuperSoftTech,9 Feb 2017
042EE9B1D619D672BC9EA6532CE2D64CDFB4B9CC89C61B2F256960C235B37F67,me.zepeto.main,335100,1981-01-01 01:01:02,2023-08-22 16:40:02.563918,100000000,2023-08-22T16:39:35.283005,"ZEPETO: Avatar, Connect & Play",Naver Z Corporation,21 Aug 2023
06D6417DA7BE9A461E0C34DFF051963EF81614881574531898193675988FCCA1,com.disney.disneyplus,2301180,1981-01-01 01:01:02,2023-01-23 20:49:49.614666,100000000,2023-01-23T20:51:07.050874,Disney+,Disney,23 Jan 2023
482A2C05A4B102C0CFBEBF8285C05D2C85AB632B14C66041D8E16F9382848822,com.mediocre.smashhit,1050301,1981-01-01 01:01:02,2023-12-07 18:43:11.992451,100000000,2023-12-07T18:43:13.668456,"Smash Hit
1.5.3",Mediocre,"Dec 4, 2023"
11D8754E0B25DF72FEE357A2FC40F79F1E88F3A5EABDEA08F7697F44489859DC,com.trivago,2023112901,1981-01-01 01:01:02,2023-11-29 19:53:59.662489,100000000,2023-11-29T19:55:09.334062,"trivago: Compare hotel prices
5.102.0",trivago,29 Nov 2023
042597506FF3C3953A45EBD96FBD22E77D1F1D4F6003EB846B8B28FA4436CCEB,instasaver.instagram.video.downloader.photo,20230828,1981-01-01 01:01:02,2023-08-31 15:38:59.733993,50000000,2023-08-31T15:39:17.478805,Video downloader for Instagram,Video Downloader & Video Saver,28 Aug 2023
13E73179FBE44D251603088E7DF7930531BF53E4DE16AC5C8E431935C24D83D6,com.playrix.homescapes,10006202,1981-01-01 01:01:02,2023-05-29 12:50:47.860217,100000000,2023-05-29T12:50:49.283543,Homescapes,Playrix,26 May 2023
571DD6BA36D98E43E90085D7D356CC68EF22E437A17CDBCE042786AC726470AB,com.easygame.marblelegend,735002,1980-01-01 00:00:00,2023-12-04 11:34:22.544737,50000000,2023-12-04T11:34:26.907616,Marble Legend 7.3.5002,easygame7,"Oct 27, 2023"
039AAC952DA1795F4AF4404D7530414BB5207EA68F0FAC21F972D0B391181057,jp.co.ofcr.cm00,257,1981-01-01 01:01:02,2023-04-28 03:02:51.698896,50000000,2023-04-28T03:03:29.694009,Cooking Mama: Let's cook!,Office Create Corp.,20 Apr 2023
6CB2702087225D6A8A575C0D64FDC923D4F6C3408DCA3E41A89BDD56901038B0,com.rovio.BadPiggies,3314,1980-01-01 00:00:00,2023-02-22 19:01:55.528853,50000000,2023-02-22T19:02:05.921820,Bad Piggies,Rovio Entertainment Corporation,"Feb 22, 2023"
18D8191952E308FB2AF59F55E7FBC4DEE0DB79D84C236E5CE7441E9B050EBA3B,com.x3m.tx4,200240,1980-01-01 00:00:00,2023-10-16 09:40:31.584517,50000000,2023-10-16T09:41:52.026102,Trial Xtreme 4 Bike Racing,Deemedya INC,10 Oct 2023
021EFDB97F01241B563DAF444686603DABCFAF1D19EF33760058380735B114D0,br.com.tapps.vloggergoviral,259,1981-01-01 01:01:02,2023-02-10 21:02:11.488049,50000000,2023-02-10T21:03:29.478970,Vlogger Go Viral: Tuber Life,Tapps Games,10 Feb 2023
1B6693F38ED718C22A78926A6E32D9F83BF76809D80F8B12F96FBA208F22ED92,com.wallpaperscraft.wallpaper,33600,1981-01-01 01:01:02,2023-11-08 11:33:28.628671,100000000,2023-11-08T11:35:26.165490,"Wallcraft – we are wallpapers
3.36.0",Nebuchadnezzar DOO,1 Nov 2023
0002FCF731F67C5230306E1A78EEED90887E78E7168E7415C69E3168DC3833A5,com.os.airforce,1240,1981-01-01 01:01:02,2023-11-05 04:59:44.314155,100000000,2023-11-05T05:01:23.112942,"1945 Air Force: Airplane games
12.40",1SOFT,4 Nov 2023
08C5387E6C1B36C15B5678D5AC538D0741D4B57D3B17D5A3ABBC21160BA5D4E3,com.cyberlink.youperfect,10058200,1981-01-01 01:01:02,2023-03-27 14:28:19.80832,100000000,2023-03-27T14:27:52.966105,YouCam Perfect - Photo Editor,Perfect Mobile Corp. Photo & Video Beauty Editor,27 Mar 2023
03B91AD61706681CA19F4CBA0B6DEA305970DF7BD63F7296CAB6E245585BC989,com.outfit7.mytalkingangelafree,1990,1981-01-01 01:01:02,2023-10-01 11:03:27.77973,500000000,2023-10-01T11:05:26.574767,My Talking Angela,Outfit7 Limited,22 Sept 2023
001A0799AA049166F75E0D7D877B1BE6224942BE9D10D6CF1085BB529B160BFC,com.google.android.keep,220525599,1981-01-01 01:01:02,2023-07-11 23:51:06.947416,1000000000,2023-07-12T00:02:43.973769,Google Keep - Notes and Lists,Google LLC,"Jul 5, 2023"
2F7BC9F057C8C0C92DDF637EC5BFB9AC74374984B079589753214A970EA7068F,com.charge.them.all,12305,1981-01-01 01:01:02,2023-06-12 21:44:59.121659,50000000,2023-06-12T21:44:05.372829,Recharge Please!,"Geisha Tokyo, Inc.",6 Jun 2023
054F4825CAEF22FD0247E7E454C1F320BFEC3833CF3FF712EC8A80C5CADA5FFC,no.mobitroll.kahoot.android,1854,1981-01-01 01:01:02,2023-11-17 15:03:18.321592,50000000,2023-11-17T15:04:54.697600,Kahoot! Play &amp; Create Quizzes 5.6.1,Kahoot!,15 Nov 2023
13297DC90032B682FB7F63E73CFB1D0F38DF0095ED4E1BCCCD4B713DC59F6D41,com.handmark.expressweather,60208,1981-01-01 01:01:02,2023-09-22 00:26:15.804055,100000000,2023-09-22T00:27:26.830200,1Weather: Forecast & Radar,OneLouder Apps,"Sep 18, 2023"
23A7C03AC90F87F09AA02227325AD730914E035931D60DD7EBE14CF19CD76347,com.transsion.tecnospot,43101,1980-01-01 00:00:00,2023-12-02 04:38:41.449371,100000000,2023-12-02T04:39:31.390419,"T-SPOT
4.3.1.1",Shalltry Group,1 Dec 2023
E964B534BC675439DD76D4360D6C7CF36F5137CE2A1B3006F23CA08249A7DE85,com.imangi.templerun2,463,1981-01-01 01:01:02,2023-11-27 09:19:29.404388,1000000000,2023-11-27T09:19:41.115931,"Temple Run 2
1.106.0",Imangi Studios,21 Nov 2023
0BACB3F5B161E8EC639F285AF0BE1D80C2D786ACBE4F058CD508BB08E0AE88FA,photo.editor.photoeditor.photoeditorpro,158000,1981-01-01 01:01:02,2023-11-22 08:54:43.53399,100000000,2023-11-22T08:56:16.559843,"Photo Editor Pro
1.49.158",InShot Inc.,20 Nov 2023
0470E8BA310CE7330FF3D21C31E0E2531DF529224DF5D48A2529120739D62D52,com.gameloft.android.ANMP.GloftDYHM,860030,1981-01-01 01:01:02,2023-11-14 17:15:39.90084,50000000,2023-11-14T17:17:05.232310,Disney Magic Kingdoms 8.6.0j,Gameloft SE,9 Nov 2023
0C8D8E3F5515E520525E692D1EF8C7AE23FBDAD9EB868C87A8502F2AF6295955,com.color.mandala,1846,1981-01-01 01:01:02,2023-03-16 19:41:22.919761,50000000,2023-03-16T19:42:03.137817,Mandala Coloring Pages,Coloring Games,16 Mar 2023
05E65D457BDC06B2C0047598E8AB9789F6BB3ED78DDEA6478F70AF6EA984C14C,com.jaumo,1001121,1981-01-01 01:01:02,2023-04-05 05:36:04.417063,50000000,2023-04-03T13:39:56.128083,JAUMO – A World of New Friends,Joyride GmbH,30 Mar 2023
1FA23581E9A4837B85918EBE49661A2F59F4BB59630E8EB8CDA9F1A71E7C2E53,com.remote.control.universal.forall.tv,123,1981-01-01 01:01:02,2023-06-03 03:44:46.646943,50000000,2023-06-03T03:45:39.323297,Remote Control for All TV,"Background Changer, Eraser & Booth Photo Editor",30 May 2023
05A97140B7DE8E8C10B01E217FA98B09919FEDC4816212BB090D5BDACD32273E,com.find.out.hidden.objects,20408,1981-01-01 01:01:02,2023-07-10 23:03:16.568778,50000000,2023-07-10T23:04:24.795289,Find Out: Find Hidden Objects!,Focus apps,30 Jun 2023
00E9352906564567D63A477A3BD366B65504C839227A1030663EEBF4A9CCF608,br.com.bb.android,4007,1981-01-01 01:01:02,2023-10-03 00:50:11.092245,50000000,2023-10-03T00:50:31.796029,Banco do Brasil: abrir conta,Banco do Brasil SA,28 Sept 2023
8F64143C89F525BFECB3B66CE5544EC11748EBDC4F9AC72906338FFD5DFC100C,com.frojo.moy6,113,1981-01-01 01:01:02,2023-06-07 16:32:43.870748,50000000,2023-06-07T16:34:19.703370,Moy 6 the Virtual Pet Game,Frojo Apps,4 Jun 2023
045DBC58FEB0545AB7F2C82A5B2A03D20216A1D7D78C919161E10CEA5F2D3293,com.bitmango.rolltheballunrollme,586,1981-01-01 01:01:02,2023-08-07 22:27:55.306148,100000000,2023-08-07T22:29:58.970006,Roll the Ball® - slide puzzle,BitMango,6 Aug 2023
162A2816B0BCB02C34B96F69F8ED216AC5A6CC75AB22A87C9249584AD1A8AC0A,com.weloadin.dessertdiy,2300,1981-01-01 01:01:02,2023-10-16 23:47:22.845048,50000000,2023-10-16T23:48:34.166724,Dessert DIY,CrazyLabs LTD,16 Oct 2023
01B9105DF2820CB4F86AA8456A03AE8A7E29003A7C0AA557921120F2F26A8069,tw.mobileapp.qrcode.banner,368,1981-01-01 01:01:02,2023-06-28 18:05:22.096214,100000000,2023-06-28T18:08:15.930609,QR code reader,TWMobile,27 Jun 2023
1BE8184111FAB175DB97EA773571BFC96060B602AF1F55AD771F9C0FD92723E0,com.paradyme.solarsmash,161,1981-01-01 01:01:02,2023-10-29 10:00:17.278682,100000000,2023-10-29T10:01:04.519052,Solar Smash,Paradyme Games,27 Oct 2023
0132D9F7DDF0148B78A7E25372685AB440B4DEACC1B9A631877E499B45F17456,com.mxtech.videoplayer.ad,2000001873,1981-01-01 01:01:02,2023-02-28 19:54:10.77817,1000000000,2023-02-28T19:54:44.310914,MX Player,MX Media (formerly J2 Interactive),28 Feb 2023
00EECE7D307F32720D81674AAEEEA55A05D6BC73D86D1856A981670A52614BFD,com.mindy.grap1,9002232,1981-01-01 01:01:02,2023-05-06 07:30:01.860966,100000000,2023-05-06T08:03:03.946101,Stickman Hook,Madbox,4 May 2023
02AA7EE4F696EA73F0FD17BA2FFAF1E2794B84A53207E434CF31F70802D1CFAD,com.rovio.baba,31554853,1980-01-01 00:00:00,2023-09-16 13:41:47.573802,100000000,2023-09-16T13:39:23.108133,Angry Birds 2,Rovio Entertainment Corporation,"Sep 15, 2023"
0247B5669BB4DC595D7F56E8802186257BBD4D9E39AC848DA07285B7B57F8346,com.microsoft.office.word,2003408675,1981-01-01 01:01:02,2023-03-24 06:49:41.324647,1000000000,2023-03-24T06:49:48.768766,Microsoft Word: Edit Documents,Microsoft Corporation,16 Mar 2023
88FCD64082509A3E2236628EEBC9E2B3CE6F455351D0CEBFC444D5384826E80A,com.lyrebirdstudio.face_camera,108604,1981-01-01 01:01:02,2023-10-20 20:12:14.205424,50000000,2023-10-20T20:14:02.170418,Face Live Camera: Face Filters,Lyrebird Studio,17 Oct 2023
02AA1F5CF7904C9F97560980DA2D5633102285AAD1E56D43190EEF2E8230AF45,com.gameloft.android.ANMP.GloftDMHM,950209,1981-01-01 01:01:02,2023-09-11 21:30:48.480592,500000000,2023-09-11T21:30:50.082182,Minion Rush: Running Game,Gameloft SE,8 Sept 2023
1100896B90E97B717214FC56596DFCFB4930AC89A1EB6B15C962D9D836A5A672,com.truedevelopersstudio.automatictap.autoclicker,69,1980-01-01 00:00:00,2023-06-11 17:37:30.855473,50000000,2023-06-11T17:41:38.600460,Auto Clicker - Automatic tap,True Developers Studio,9 Jun 2023
0318ECE7B523D181A8F905C6B635DAD8CD253A851CB7B76E0FBFAA72D7AFE2FD,com.gameloft.android.ANMP.GloftA9HM,42048,1981-01-01 01:01:02,2023-07-24 12:21:35.968644,100000000,2023-07-24T12:21:07.333462,Asphalt 9: Legends,Gameloft SE,18 Jul 2023
0010E5EFC13527C8F6138612F61D3277E36FFF58CA78FC63F5A77270CD37C593,com.monstergamesproductions.ramp.moto.rider,58,1981-01-01 01:01:02,2023-01-31 19:43:07.336366,10000000,2023-01-31T19:44:01.067565,Bike Stunts Games: Bike Racing,Monster Games Productions PTY LTD,31 Jan 2023
066FA4FBE2CA891E3A35D23D7561CBFB8CB4723803BE5A06157CDBE8AE43C87D,com.cleanmaster.ultra,23091101,1981-01-01 01:01:02,2023-09-30 09:29:26.034647,100000000,2023-09-30T09:32:58.360150,Clean Master Ultra,Jomapp LLC,"Sep 12, 2023"
000A549EA42E9F2DC2F05767E5DB36137B18CC32933254053760C1B89FF20AC3,com.alper.batak.hd,89,1981-01-01 01:01:02,2023-11-14 20:34:44.039386,10000000,2023-11-14T20:37:06.400386,Batak HD - İnternetsiz Batak 89.0,Alper Games,12 Oct 2023
01FC8581AD341246EDB59DB3BF54987DC14F328CBFEA6EA7B8AE0B9C24A873C1,com.particlenews.newsbreak,612,1981-01-01 01:01:02,2023-02-15 04:22:27.095178,50000000,2023-02-15T04:13:38.782233,NewsBreak: Local News,Particle Media Inc.,13 Feb 2023
04089436D1AAEDC032027CD7446E4D6C31B3FBE56D461C4B46BBA0CF15D92E2D,com.airbnb.android,28000668,1981-01-01 01:01:02,2023-06-29 12:36:47.38306,100000000,2023-06-29T12:38:14.865272,Airbnb,Airbnb,27 Jun 2023
011B6CA6307E3D68D7941914F39F60953D91B2CFE3614B76027A27BCBF53C113,com.ixigo.train.ixitrain,1864,1981-01-01 01:01:02,2023-04-05 21:41:34.737186,100000000,2023-04-05T21:41:42.714320,ixigo Train Status Ticket Book,"ixigo - IRCTC Authorised Partner, Flight Tickets",3 Apr 2023
41691E36BE4CEE508EFE66C17E5811EC0CD5C913DA8D7DA1ABB963C71BF95D9E,com.crazy.block.robo.monster.cliffs.craft,321866,1981-01-01 01:01:02,2023-03-24 08:43:13.409667,50000000,2023-03-24T08:47:00.154248,Block Crazy Robo World,Craft Trending Studio,"Mar 23, 2023"
036976E18F38B9A1AE98B3ABCA82FB41250EC9EB693B3C24D0ABD4A302D125CB,com.Garawell.BridgeRace,375,1981-01-01 01:01:02,2023-04-18 17:14:13.964244,100000000,2023-04-18T17:15:11.311344,Bridge Race,Supersonic Studios LTD,18 Apr 2023
0F1FBCA3CBB1C8E742F94974DBC8945D58ECD462A582B5D2DEAA4D402A534C5E,free.vpn.unblock.proxy.vpn.master.pro,2023082201,1981-01-01 01:01:02,2023-08-23 09:59:03.267998,50000000,2023-08-23T10:02:16.862257,VPN Proxy Master - Safer Vpn,LEMON CLOVE PTE. LIMITED,22 Aug 2023
0F96A6D8EFF0F986A13959CA108A3CF28391F3228CF4960FA01E4259BD704563,com.firsttouchgames.dls7,79,1981-01-01 01:01:02,2023-05-18 21:47:59.049552,100000000,2023-05-18T21:48:17.671317,Dream League Soccer 2023,First Touch Games Ltd.,17 May 2023
0BAB9D02895666D0FE11037DD7A857A7DB48E5098D8DF02569055EB8EE58CAB2,io.teslatech.callbreak,3112,1981-01-01 01:01:02,2023-04-13 12:02:27.649986,100000000,2023-04-13T12:03:05.239931,Callbreak,Teslatech,13 Apr 2023
0014564769F7A6625567361850B91DA7675257A5DD005D047FE3D8142BD3D485,lovi.video.effect.videomaker,4000116,1981-01-01 01:01:02,2023-04-07 16:35:50.128718,10000000,2023-04-07T16:36:05.322111,Lovi - Video Editor & Maker,Nucleus Lab,7 Apr 2023
12B326BECB6C7F4164201BE9ACCBEE114928E4773129C234B35A5D05B511A9DF,com.lyrebirdstudio.collage,63800,1981-01-01 01:01:02,2023-07-21 09:22:09.985234,100000000,2023-07-21T09:22:25.242565,Photo Collage Maker & Editor,Lyrebird Studio,20 Jul 2023
1606234E1020A00F7C3FC0A868EAD6FA5FAEED4F4F6A7CD21E34F0FF9368B4C1,com.google.android.apps.classroom,213053085,1981-01-01 01:01:02,2023-04-20 07:40:45.239959,100000000,2023-04-20T07:42:42.961173,Google Classroom,Google LLC,19 Apr 2023
045CDFBA4BB33D8EEE312902CE71CE65E4B8B29AFCF0A4FE2B0C9FB453326152,ru.mts.mymts,150290078,1981-01-01 01:01:02,2023-11-25 09:26:23.196772,50000000,2023-11-25T09:28:57.735489,Мой МТС 6.29.3,MTS Pjsc,21 Nov 2023
14250ACD2B8D5765583953DF384AA770C8A42E87B4BE4F38B1451131776D5D48,com.LoopGames.Domino,1570,1981-01-01 01:01:02,2023-01-13 14:11:58.663672,100000000,2023-01-13T14:12:00.057301,Dominoes,Loop Games,13 Jan 2023
1174187B5E36380A7AD4DEB1E249A671C60A4E8A2B263ED6FC21CAE351D3FE82,com.bandagames.mpuzzle.gp,685,1981-01-01 01:01:02,2023-09-20 01:04:02.164929,50000000,2023-09-20T01:03:36.575852,Magic Jigsaw Puzzles－Games HD,ZiMAD,14 Sept 2023
07BE58E45F44A70F7F77AB190150B3DEEDE0D0E950C80BE31E76C9B51B62E841,com.google.android.apps.tachyon,4431412,1981-01-01 01:01:02,2023-08-01 23:47:46.77243,5000000000,2023-08-01T23:48:22.810025,Google Meet,Google LLC,28 Jul 2023
2F221DD5F4FA3195C96FE925ECBC8764ACC3F8EA30FE740BD1DFEA2654FD05DD,com.ansangha.drjb,61,1981-01-01 01:01:02,2023-06-04 10:28:45.714684,50000000,2023-06-04T10:35:33.207383,Dr. Driving 2,SUD Inc.,2 Jun 2023
00C1259E3D1B7B724C31D88F3D4FB5EF67957755E4A1C91CA906E931814FDB0C,com.google.android.apps.messaging,206770063,1981-01-01 01:01:02,2023-12-02 21:15:20.011885,5000000000,2023-12-02T21:16:34.158082,"Google Messages
messages.android_20231024_01_RC02.phone_dynamic",Google LLC,6 Nov 2023
93B420AAD5EF79D141D88BA5E46AD5D8E10BBAD7FA953E2EAE0C590AD183EFC9,com.google.android.apps.googleassistant,56,2009-01-01 00:00:00,2023-12-05 16:25:13.814087,1000000000,2023-12-05T16:26:43.736098,"Google Assistant
0.1.582541659",Google LLC,15 Nov 2023
09ACCEFC8CDDC9E155D8BA538B681B27BF9C10D2B290EA81C121A84E6CDB87FF,link.merge.puzzle.onnect.number,23211002,1981-01-01 01:01:02,2023-01-19 12:47:41.858714,50000000,2023-01-19T12:48:20.662383,Tile Connect - Classic Match,Higgs Studio,9 Jan 2023
23B318331A04E6FDF3C28DC6BD23F024051F22E0F016775E0460593C147A1976,com.railyatri.in.mobile,523,1981-01-01 01:01:02,2023-05-26 18:49:30.181583,50000000,2023-05-26T18:50:02.152002,"Train App: Book Tickets, PNR","RailYatri - IRCTC Authorized Partner, IntrCity Bus",15 May 2023
21887A0AB4C432FEFECE1B64EAE81A5F54A452E42FA65204BA55A31F341FE3A5,com.zeptolab.ctr.ads,2142384,1981-01-01 01:01:02,2023-05-19 03:11:41.281689,100000000,2023-05-19T03:13:00.002668,Cut the Rope,ZeptoLab,18 May 2023
1301EB6FC4B77E4D2DCC6BECB413DE04924CEFC09CD2221B3528A9313CE759A2,com.sgs.antiterrorism.counterattack.commandomissiongame,83,1981-01-01 01:01:02,2023-05-25 20:48:30.313951,100000000,2023-05-25T20:48:31.822010,FPS Commando Secret Mission,Hazel Mobile Games,19 May 2023
15B25E8BED5458593BFCC5CE3C0354D1C99A74EC927501FF90CF839A10F6599C,com.supercell.boombeach,48131,1981-01-01 01:01:02,2023-06-19 20:15:52.798134,100000000,2023-06-19T20:15:54.678170,Boom Beach,Supercell,16 Jun 2023
2102BF435C13615DF507853B1BDCD2ADDA1AE8B544AF0D2A36E880E12C09CF01,net.supertreat.solitaire,696,1981-01-01 01:01:02,2023-12-08 12:39:47.925335,50000000,2023-12-08T12:43:41.374083,Solitaire Grand Harvest 2.353.0,Supertreat - A Playtika Studio,"Dec 6, 2023"
012AAA34A752DE5C37CDFE08565CC84BF5D4B50A79ECD9964DF18A5214EBB2FE,com.flipkart.android,1680000,1981-01-01 01:01:02,2023-02-21 14:31:14.498137,500000000,2023-02-21T14:33:24.630231,Flipkart Online Shopping App,Flipkart,17 Feb 2023
0CD13B21396B9F9073D5DB8AC579C3860A713C19A06FE68D743F44DAE84EAD2E,com.bitstrips.imoji,1179009750,1981-01-01 01:01:02,2023-02-06 22:39:19.605359,100000000,2023-02-06T23:02:31.814979,Bitmoji – Your Personal Emoji,Bitmoji,6 Feb 2023
1CA00D76A876048B3B71AFD9398BA32D5FD7FE70F5A0D2D27AED37343BBD4358,com.fingersoft.benjibananas,1448,1981-01-01 01:01:02,2023-02-22 10:02:08.41483,50000000,2023-02-22T10:03:35.711969,Benji Bananas,Animoca Brands,19 Feb 2023
07CB6A5A56E69E697EB948AD99A8230E60BE39E22F80518E4CC354F5CC51FB49,br.com.brainweb.ifood,320922210,1981-01-01 01:01:02,2023-09-05 12:40:47.122729,100000000,2023-09-05T12:42:21.612486,iFood comida e mercado em casa,iFood Delivery de Comida e Mercado,31 Aug 2023
02C4A5C0CF748BCCC720639614C886475E835443260903EF2C299CD73B86260E,com.smallgiantgames.empires,22089,1981-01-01 01:01:02,2023-11-14 12:13:07.230045,50000000,2023-11-14T12:13:08.587859,Empires &amp; Puzzles: Match-3 RPG 62.0.1,Zynga,13 Nov 2023
0AB1D9812A90B0390D638FBAE8E82A7FE3183A7A38B0A732F321F45231C88A1A,com.funplus.kingofavalon,4523,1981-01-01 01:01:02,2023-01-11 06:04:44.150449,50000000,2023-01-11T06:04:45.973150,Frost & Flame: King of Avalon,FunPlus International AG,9 Jan 2023
2956F8595C84D363F2F06F0F9FD07FF7AE2D7AD709A05E36D93417D8CFC62234,com.merriamwebster,540009,1981-01-01 01:01:02,2023-03-20 15:40:07.80335,50000000,2023-03-20T15:40:37.603899,Dictionary - Merriam-Webster,Merriam-Webster Inc.,13 Feb 2023
1497C1E743CA3F1A415B304FDBAAF2C6482ABCA08C806449502FE7671DA3430C,com.funcamerastudio.videomaker,192,1981-01-01 01:01:02,2023-03-16 15:38:50.017396,100000000,2023-03-16T15:39:02.296191,Video Maker Music Video Editor,VIDEOSHOW Video Editor & Video Maker LTD.,16 Mar 2023
004E019A4915A7840A63746CCA28C2D395E947FF68D104F9B5533F626BA4D0A2,com.capcom.smurfsandroid,520,1980-01-01 00:00:00,2023-06-24 04:39:12.65822,10000000,2023-06-24T04:44:13.758631,Smurfs' Village,PopReach Incorporated,"Jun 22, 2023"
BD74568055A18842421FADDC731922842B3270ACA53ED436E706C6D339FB486D,com.pixelbox.roofrails,95,1981-01-01 01:01:02,2023-05-06 07:29:26.391373,50000000,2023-05-06T08:03:03.896399,Roof Rails,VOODOO,3 May 2023
C1D66FA56161950CDC52C5E40CEDD773FA823DDC751360E6C8F79BAA28A1B21C,com.doodle.turboracing3d,21218,1981-01-01 01:01:02,2023-05-17 01:27:15.926424,100000000,2023-05-17T01:28:52.160149,Turbo Driving Racing 3D,TerranDroid,16 May 2023
07FF91EEEB8A58FDF98B8A941EBC8C623E0ED585D608BA32918EFE5ABC31B7F6,com.apalon.weatherlive.free,322,1981-01-01 01:01:02,2023-10-03 10:37:39.910214,50000000,2023-10-03T10:38:34.521167,Weather Live° - Forecast,Apalon Apps,28 Sept 2023
000163FE1054C6B65728DAF9A63E4757FC09307994FCC7AF2242860751327B0A,com.Slack,90012456,1981-01-01 01:01:02,2023-07-01 04:29:43.676919,10000000,2023-07-01T04:30:33.975839,Slack,Slack Technologies Inc.,26 Jun 2023
20689E4D420218FB390A14408951EE363201CDB3F6C03766728395129D27556B,com.outfit7.gingersbirthdayfree,470,1981-01-01 01:01:02,2023-10-29 15:02:21.621037,100000000,2023-10-29T15:02:31.776591,Talking Ginger 2,Outfit7 Limited,25 Oct 2023
9496A9DA47DD26F039ADC643D18446BA9576EFBCF2A867EE826282A4227D9DF0,com.gun.black.ops,844,1981-01-01 01:01:02,2023-08-29 23:29:56.245274,100000000,2023-08-29T23:34:07.125811,Cover Strike - 3D Team Shooter,FPS Shooter & Action Game,"Aug 20, 2023"
E02CADCCCDB6A18D87E7FDE09639E287DFD263D489B3368FBF8846F354583D89,com.crazylabs.foot.doctor,1688,1981-01-01 01:01:02,2023-07-28 12:28:17.403377,50000000,2023-07-28T12:28:31.793494,Foot Clinic - ASMR Feet Care,CrazyLabs LTD,21 Jul 2023
425E80C34454830545F9F17D315E489834E0495C6D331D2343DA785FAB5885EE,com.BrainLadder.AmirzaGP,99,1981-01-01 01:01:02,2023-11-06 04:21:35.113502,10000000,2023-11-06T04:23:36.519769,"آمیرزا
9.9",Brain Ladder Game Studio,5 Nov 2023
2811B03C7196B28A8F932AC2D3798317F89B5AC1CADEAC374972EEC5BB9188B5,com.ivy.streetracing.hd,165,1981-01-01 01:01:02,2023-02-20 12:39:04.500525,50000000,2023-02-20T12:40:19.477603,Street Racing HD,Ivy,"Feb 19, 2023"
BA813D12C3F49E616AA418633D7615E85C5329E177E20A7122FE9E8D50FE0AF9,com.tinybuildgames.helloneighbor,587,1981-01-01 01:01:02,2023-05-24 21:07:09.363461,50000000,2023-05-24T21:07:11.336735,Hello Neighbor,tinyBuild,19 May 2023
235678099632E05A45F16BD9F3858C61D815C6D31B0554CCF17D12BF6F049044,com.cannonshot.game,127,1981-01-01 01:01:02,2023-11-27 11:17:22.11986,50000000,2023-11-27T11:18:20.944384,Cannon Shot! 1.3.19,SayGames Ltd,17 Nov 2023
0017BBDD8FC44D1E36FF3AD79E311257F4761CA69E9F642D6251B3EAAC801B85,com.tohsoft.music.mp3.mp3player,93,1981-01-01 01:01:02,2023-05-21 12:13:02.784462,10000000,2023-05-21T12:13:12.957949,Mp3 player,Music Apps - Allmusic,18 May 2023
F2DDE1DA03A075E93733F5C0E921960FBE5759DAAADA812CDABDB08231C66BCC,com.cg.football,21,1981-01-01 01:01:02,2023-02-14 15:42:26.613567,50000000,2023-02-14T15:43:38.232212,Ultimate Football,Mouse Games,14 Feb 2023
2C35E24818A5B0B72E78BA303989168B1D3C64AA9B5272742EB0E6CA5B610E7C,loseweight.weightloss.workout.fitness,77,1981-01-01 01:01:02,2023-11-18 19:43:25.798846,100000000,2023-11-18T19:43:15.239385,"Lose Weight in 30 Days
1.077.GP",Simple Design Ltd.,14 Nov 2023
BCD0065A4E4A616354E59DD103BDE92209C01C262F01577233F44D3459A23EA2,com.baklabs.taxi.simulator,2011,1981-01-01 01:01:02,2023-08-03 05:13:44.317996,50000000,2023-08-03T05:15:46.947848,Taxi Game,baklabs,7 Jun 2023
0ECFD9A9C436526C4AEC4E3DF7029ED5F0D7DC17220D023E85C16BA0C32CEB1E,com.spotify.music,96734440,1981-01-01 01:01:02,2023-02-03 09:04:49.726158,1000000000,2023-02-03T09:04:51.167706,Spotify: Music and Podcasts,Spotify AB,31 Jan 2023
0EBCAA9BF59AF6A6376C5744ED3EA16931A52C2A422054F7358D495F44AE470B,org.wikipedia,50452,1981-01-01 01:01:02,2023-09-15 00:14:58.070467,50000000,2023-09-15T00:15:30.740600,Wikipedia,Wikimedia Foundation,14 Sept 2023
23E09A8F2D188EC504275E9B90D5083FBD4BBA4BD38A5207653EB5C39CA676B8,com.playstrom.bob,101,1981-01-01 01:01:02,2023-06-28 00:51:15.206427,100000000,2023-06-28T00:52:12.794183,Comics Bob,SayGames Ltd,22 Jun 2023
000256C573A3B41A0586845F00B3A6246177DEC96994A167F5AF8031B6260AAB,movistar.android.app,414130500,1981-01-01 01:01:02,2023-01-09 23:27:16.668576,10000000,2023-01-09T23:28:30.762397,Mi Movistar Colombia,Movistar Colombia,4 Jan 2023
23F34F3B098DD0EE5A63350BB7C63279C77C9444DC9CB0F815A2ECBBE58D341E,com.prettysimple.criminalcaseandroid,1800811,1981-01-01 01:01:02,2023-09-19 20:47:50.142861,100000000,2023-09-19T20:48:29.868684,Criminal Case,Pretty Simple,19 Sept 2023
0F07AD385DB98D121FEAE38243D26CA82088771CE067826460776E5D7FA40B4F,br.gov.meugovbr,134,1981-01-01 01:01:02,2023-08-02 04:54:59.680374,50000000,2023-08-02T04:55:48.511417,gov.br,Serviços e Informações do Brasil,14 Jul 2023
2A8A890CBF7CEF821CC83D4B2FCEC4E724A1D2D71E7DCFFA3DF744A13EBE28B0,com.ea.games.simsfreeplay_row,5075000,1981-01-01 01:01:02,2023-03-07 23:11:56.451107,100000000,2023-03-07T23:13:17.862530,The Sims™ FreePlay,ELECTRONIC ARTS,17 Feb 2023
08AB95C1DCD3BB4CA48B528F7CF30D33730CEDD56F632725B0CAB173F3C7084C,com.tumblr,1310400110,1981-01-01 01:01:02,2023-09-26 04:23:58.574243,100000000,2023-09-26T04:26:59.891092,"Tumblr—Fandom, Art, Chaos","Tumblr, Inc","Sep 22, 2023"
38F232C2BB9D32EDBAECC1BFA4011B762F650638AFDA195EFC4FE51FA610FEB2,com.chillingo.incrediblejack.android.rowgplay1,13520,1981-01-01 01:01:02,2023-08-26 08:44:21.804928,50000000,2023-08-26T08:45:44.099158,Incredible Jack: Jump & Run,BrainMount Ltd,23 Aug 2023
129830C3A6F90E2AB31F5892C4D14EFBC9AEC95C57ED8ACFDCB5DDC85F400470,com.manboker.headportrait,90020219,1981-01-01 01:01:02,2023-02-23 09:19:25.825298,50000000,2023-02-23T09:19:12.771576,MomentCam Cartoons & Stickers,Eureka Studios,22 Feb 2023
0C257D27422A638DD024DF0DDBF04FFA27A97F1594A8162B62583BF10D077909,com.srgstudios.inkinc,198,1981-01-01 01:01:02,2023-06-23 22:52:17.289525,50000000,2023-06-23T22:53:29.942395,Ink Inc. - Tattoo Drawing,Lion Studios,7 Jun 2023
2E171CC9FC3068ED90B3102A38FD31E67CFE7ABD1225AEF160EA48A0769CF7F9,com.alightcreative.motion,4917,1981-01-01 01:01:02,2023-01-10 15:42:55.514638,50000000,2023-01-10T15:42:56.689718,Alight Motion,Alight Motion,8 Jan 2023
0384234669AB7EBF5AC11C85BB6AB1C7E9096A338EF77DBBDCDF85520C85EBC2,com.fast.free.unblock.thunder.vpn,202307270,1981-01-01 01:01:02,2023-07-29 12:26:36.183268,50000000,2023-07-29T12:26:37.775198,"Thunder VPN - Fast, Safe VPN",Signal Lab,26 Jul 2023
07541E0275CEA45ABBA25E274740DC5F2BA58976942D3C124CCC88FA3C4E043F,com.maps.voice.navigation.traffic.gps.location.route.driving.directions,284,1981-01-01 01:01:02,2023-10-13 13:51:23.430137,50000000,2023-10-13T13:52:52.768484,"GPS, Maps, Voice Navigation",AppStar Studios,5 Oct 2023
0022B94C9C264D36907E66A0B07AFA97244F48111C2202E081CD92667B55AA58,com.expertoption,1112,1981-01-01 01:01:02,2023-01-20 13:55:07.041287,50000000,2023-01-20T13:55:09.249037,ExpertOption - Mobile Trading,ExpertOption,"Jan 19, 2023"
623A2E9DB5EC324917F2A3535F2CECEE307A7415AE080C7AB4AD8BECBED4EC06,com.gathercultivatecountry.attack,92,1980-01-01 00:00:00,2023-12-30 10:19:19.524177,50000000,2023-12-30T10:20:33.126370,Bubble Games 92.0,LIANweiwei,21 Dec 2023
29E228911CEFF96DE38ADC3BAB3FA3BCA777AB2E725CE19B079483FF04C8DD32,mobi.gameguru.racingfever,77,1981-01-01 01:01:02,2023-10-16 17:43:25.317519,50000000,2023-10-16T17:45:12.643095,Racing Fever,Gameguru Advertisement FZC,11 Oct 2023
25FA12367BFBE6111EC30EB54D8A62C2478A1C7F8AA6E2A14E000273C50F1347,com.firsttouchgames.hero2,54,1981-01-01 01:01:02,2023-02-09 16:13:45.635396,50000000,2023-02-09T16:14:53.360995,Score! Hero 2023,First Touch Games Ltd.,8 Feb 2023
26DB66B774FF89A9240444321FE5300B5BD74D84F16126EEDE06A05EAD298FB8,com.mobileguru.fruitsbomb.free,981113,1981-01-01 01:01:02,2023-10-29 05:33:58.597722,50000000,2023-10-29T05:34:28.361414,Fruits Bomb,Bubblescapes,26 Oct 2023
0C2F16D936BD2BC633AE40AF9E22FF317A8953FD823CFA371D94490980D68E04,com.nekki.vector,5000164,1981-01-01 01:01:02,2023-12-21 02:47:05.627181,100000000,2023-12-21T02:46:51.741045,"Vector
2.0.20",NEKKI,20 Dec 2023
22AB4ED3053960A99E5D575AB97AE26CBDBF0AB41F85CA4ACD20A1CD63BFD552,jp.co.goodroid.hyper.snow,19,1981-01-01 01:01:02,2023-11-24 15:41:56.105373,50000000,2023-11-24T15:41:59.959770,Snow Race!! 2.0.6,"GOODROID,Inc.",12 Oct 2023
00D23420923723E67C5EB08AB0EDED1080E9AB451FAD5C8D4ACC52E7BB24B983,com.tutotoons.app.sweetbabygirlcleanup5.free,700030167,1981-01-01 01:01:02,2023-07-24 19:51:47.175747,50000000,2023-07-24T19:54:41.120184,Sweet Baby Girl Cleanup 5,TutoTOONS,24 Jul 2023
0AF338CE426295D8A19391F75F3F6C5AD45A314FAEE6972124E13A7BE3C6E81B,com.fun.games.commando.black.shadow,225,1981-01-01 01:01:02,2023-02-28 00:49:36.540014,100000000,2023-02-28T00:49:42.971806,FPS Gun Shooting Games offline,GAMEXIS,24 Feb 2023
00456B39C205A4CBFCFAA14968CA22D502226A8733271A97B8EC4C2F9C781128,com.solidict.gnc2,72,1981-01-01 01:01:02,2023-02-06 15:36:29.655437,10000000,2023-02-06T15:36:58.984474,GNÇ,Turkcell İletişim Hizmetleri A.Ş,30 Jan 2023
090552FECD9E8DBBE2750C6926E1BF679AF0902C9890154AE89A9841EA1C4CA5,com.enflick.android.TextNow,14542,1981-01-01 01:01:02,2023-03-25 13:35:33.424956,50000000,2023-03-25T13:39:31.102124,TextNow: Call + Text Unlimited,"TextNow, Inc.","Mar 21, 2023"
8DFE15555400D719CC347E952D9830324965BD291662283C62E5A764FCFDEBEF,com.keplerians.icescream3,31,1981-01-01 01:01:02,2023-11-04 13:27:29.265393,50000000,2023-11-04T13:30:01.627755,Ice Scream 3 1.1.5,Keplerians Horror Games,"Nov 1, 2023"
B338B70DF3480B0C93199111424925085765454729CAF537900799A7E6B2D402,com.zeptolab.timetravel.free.google,2145339,1981-01-01 01:01:02,2023-09-05 03:52:26.200089,50000000,2023-09-05T03:52:45.802454,Cut the Rope: Time Travel,ZeptoLab,31 Aug 2023
0987F25B2E46C19E9A0E58F71E91FAAAAD87989833ABDEF4420DFE932EF184F5,org.thunderdog.challegram,1560010,1981-01-01 01:01:02,2023-12-02 22:53:57.999403,100000000,2023-12-02T22:55:42.829909,"Telegram X
0.25.1.1560-armeabi-v7a",Telegram FZ-LLC,7 Oct 2022
002078C649AFF1E6429F0EBAA4695B462ACB455BA745641D51A047840DC7E654,polis.app.callrecorder,188,1981-01-01 01:01:02,2023-04-17 22:49:23.269522,10000000,2023-04-17T22:50:09.604204,Call Recorder,C Mobile,17 Apr 2023
004CAC12D4748E3608903411DB1E7EEC0624AE02B7DCF76E7AFAFAE57B4E01D7,com.clusterdev.malayalamkeyboard,10954,1981-01-01 01:01:02,2023-04-13 08:38:20.1862,10000000,2023-04-13T08:38:00.422038,Malayalam Keyboard,ClusterDev,12 Apr 2023
013AC872FF0EC763071335BCD86D7FC1156B81465AB5F262AC5DC3E6054D8D07,ru.aviasales,516011,1981-01-01 01:01:02,2023-01-18 19:24:41.086137,10000000,2022-12-29T18:02:55.674266,Авиасейлс — авиабилеты дешево,Go Travel Un Limited,28 Dec 2022
0DBD67C2595E4E0BC7536929E927B8340B737BCEEFFF7166335B24E404CF4026,com.king.petrescuesaga,147507000,1981-01-01 01:01:02,2023-10-24 15:25:27.648809,100000000,2023-10-24T15:26:51.674683,Pet Rescue Saga,King,24 Oct 2023
18A2BDB39DCEAE5713467740E69D4669F2E621A49B91DE632C5A6E30FE4A03AB,com.UCMobile.intl,50227,1980-01-01 00:00:00,2023-12-02 21:24:45.339888,1000000000,2023-12-02T21:26:15.573157,"UC Browser-Safe, Fast, Private
13.4.8.1310",UCWeb Singapore Pte. Ltd.,29 Aug 2023
8697AF79B1A067DB2196BA902AC97AAB4A9BA0B767EE258A4150E3C2079CDD10,com.youthhr.phonto,154,1981-01-01 01:01:02,2023-08-13 16:02:55.428087,50000000,2023-08-13T16:03:48.304051,Phonto - Text on Photos,youthhr,11 Aug 2023
12AD388C619EF8DDB03546EC08B31BEA6D1732D98E884462D6BA46C7CD6D04A8,com.noxgroup.app.cleaner,391,1981-01-01 01:01:02,2023-03-21 21:32:36.994713,100000000,2023-03-21T21:32:46.225232,"Nox Cleaner - Clean, Antivirus",Nox Ltd.,20 Mar 2023
064621A3FA9C5FDBE67B7D0AB49801AD71F0AA4D4B8F60A4BA9B14F5DC3E2785,com.zuuks.bus.simulator.ultimate,214,1980-01-01 00:00:00,2023-09-18 02:02:11.72741,100000000,2023-09-18T02:02:21.416080,Bus Simulator : Ultimate,Zuuks Games,14 Sept 2023
1617A504DA275CAC3E423A68F6CAD5817E126FA1A5E79D3D6E343BB15EADF13B,com.europosit.pixelcoloring,1110802102,1981-01-01 01:01:02,2023-03-28 21:49:53.670883,100000000,2023-03-28T21:50:51.858001,Pixel Art - colour by numbers,Easybrain,24 Mar 2023
0A8AB03B87F48AF576DE344B7854526BAA6C45926F5AE7B5F114FC741ACEA334,com.vidio.android,3189452,1981-01-01 01:01:02,2023-01-16 17:24:27.945278,50000000,2023-01-16T17:24:58.218874,"Vidio: Sports, Movies, Series",PT Vidio Dot Com,12 Jan 2023
7897946415920E94DAFCE443774403844CEDC143E69AE93D0D72056F4EECC841,com.motionvolt.flipbounce,10102610,1981-01-01 01:01:02,2023-06-21 19:06:14.39522,50000000,2023-06-21T19:06:56.971775,Flip Master,MotionVolt Games Ltd,23 May 2023
5293DFF9E4B2150F6E2D16884A720684EE2EDB6F2211E2A1FDC988367C514789,com.litetools.applockpro,105,1981-01-01 01:01:02,2023-03-07 11:32:05.798391,50000000,2023-03-07T11:32:07.227958,AppLock,Lite Tools Studio,6 Mar 2023
00DB64AE2177B23DE68C9DC88BB8BE017075F51CF018057AFC8C8C4369A000FE,com.topgamesinc.evony,255056,1981-01-01 01:01:02,2023-10-26 12:28:34.104243,100000000,2023-10-26T12:38:54.794576,Evony: The King's Return,TG Inc.,"Oct 25, 2023"
290CBCBB592B7A9BED3F28B0A11C50B7DB15868E58DFBC82739E7C3C36D8469B,com.appsomniacs.da2,320,1981-01-01 01:01:02,2023-09-29 09:57:11.449567,100000000,2023-09-29T09:55:44.169220,Mini Militia - War.io,Miniclip.com,"Sep 27, 2023"
24D642671AB8CE913F658CCAF2208EAB3E83705CFD8639996A6C5F2217E2A7B6,com.sinyee.babybus.world,8393561,1981-01-01 01:01:02,2023-04-23 13:23:49.291835,100000000,2023-04-23T13:41:13.882343,Baby Panda World: Kids Games,BabyBus,20 Apr 2023
B18786CC1810625335AE7966D497A1CA911782369C555B348C1A3478DF4B55B6,com.bentostudio.ballsvsblocks,64,1981-01-01 01:01:02,2023-03-09 16:44:05.085139,50000000,2023-03-09T16:45:46.470298,Snake VS Block,VOODOO,21 Feb 2023
612FB2DB80A5DC4AE159C1F9826DAB69CE25AA62D1607E2321190DC87DCDE75A,com.rvappstudios.kids.coloring.book.color.painting,140,1981-01-01 01:01:02,2023-11-04 17:10:35.403059,100000000,2023-11-04T17:11:05.517999,"Coloring Games: Color &amp; Paint
1.3.8",RV AppStudios,2 Nov 2023
3C0A794F32D538C1AAF6825D944A5F13C230F272B01F27EA33F7DCE11B1D435F,com.sbkgames.RacingLimits,1274,1981-01-01 01:01:02,2023-05-19 06:31:51.082476,50000000,2023-05-19T06:32:27.900764,Racing Limits,Valvolex,17 May 2023
127F97050D232C4D1618FCEDC0183FA1CDB0AAFBAF9C0CAA81F5BD4127818F77,com.fidgettrading.game,126,1981-01-01 01:01:02,2023-10-13 01:23:21.85559,100000000,2023-10-13T01:23:52.054669,Fidget Toys Trading: Pop It 3D,Freeplay Inc,9 Oct 2023
1CF439548B8E0127FBD1909E6A9F50D65B20835A02B6893262F5175E0179C2C5,com.cpuid.cpu_z,43,1981-01-01 01:01:02,2023-04-19 14:03:13.115303,50000000,2023-04-19T14:03:58.177986,CPU-Z,CPUID,19 Apr 2023
9490117561B588490D5F84F6FEC291BC4412B3B6756EFDE5FA622610213AD130,com.crazylabs.coin.rush,1755,1981-01-01 01:01:02,2023-12-08 20:52:43.030256,50000000,2023-12-08T20:52:12.315957,Coin Rush! 1.7.5.5,CrazyLabs LTD,"Dec 6, 2023"
01BBA3DD33040C766DBF4F854FAEDFCC152EFA90500C521197761962FFF11503,com.lockwoodpublishing.avakinlife,1082000006,1981-01-01 01:01:02,2023-07-11 23:04:16.423414,100000000,2023-07-11T23:05:18.953515,Avakin Life - 3D Virtual World,Lockwood Publishing Ltd,3 Jul 2023
6769448CA0FD1DCA0FF16F49138064323EEB42B5B8252D3E865C4012B5D9FE28,com.budgestudios.googleplay.PawPatrolRescueWorld,7351,1980-01-01 00:00:00,2023-11-06 23:53:39.532675,50000000,2023-11-06T23:53:15.722162,PAW Patrol Rescue World 2023.7.0,Budge Studios,3 Nov 2023
083E47AAAE9A91E3EEA31655D405FD25D194F1B0A926138ABC53D8B9914E2C6F,com.globo.globotv,999682,1981-01-01 01:01:02,2023-12-29 07:31:46.294493,50000000,2022-06-09T14:40:40.138679,Globoplay: Assistir Online,Globo Comunicação e Participações S.A.,8 Jun 2022
11F2674A0B82CD51C2268719E5E660B9F3CFF42B59C520B1B7089B4EEE48804B,org.iggymedia.periodtracker,935011,1981-01-01 01:01:02,2023-10-03 22:29:48.588491,100000000,2023-10-03T22:29:58.698566,Flo Period & Ovulation Tracker,Flo Health Inc.,28 Sept 2023
0CFFEE2ED435F7F91D7B58AC6556041A508D8CCB6BB9994636FF113FD27049D9,com.fast.free.unblock.secure.vpn,202311220,1981-01-01 01:01:02,2023-11-22 11:01:37.400243,100000000,2023-11-22T11:02:55.805501,"Secure VPN－Safer Internet
4.1.16",Signal Lab,21 Nov 2023
14C82BE41531C5D95DEC2992174244FDA4893AD22D7836DA2C33530F9A85500F,com.antivirus,511154,1981-01-01 01:01:02,2023-12-02 23:33:10.181662,100000000,2023-12-02T23:33:51.992958,"AVG AntiVirus &amp; Security
23.3.1",AVG Mobile,24 Apr 2023
B72A9A68ECAD7443AA5D5A1BB29900A7CCD9FAF3B2849068975DE23DBF251A67,com.apple.movetoios,3028,1981-01-01 01:01:02,2023-09-21 00:19:45.662234,100000000,2023-09-21T00:20:10.717196,Move to iOS,Apple,18 Sept 2023
0086C20B56CE6AC6DBE24EC9468AD56885A72989BACC408E3C8A6E1F74D32356,com.sandboxol.indiegame.bedwar,4431,1981-01-01 01:01:02,2023-02-25 02:23:19.757438,50000000,2023-02-25T02:23:44.498721,Bedwars,Blockman GO studio,24 Feb 2023
007CC1F86B6D69013D4493B8F4F0A5A6FA727F619B6467A90957842FFE68997F,com.google.android.calculator,84000598,1981-01-01 01:01:02,2023-01-23 19:51:51.727748,1000000000,2023-01-23T19:51:58.436586,Calculator,Google LLC,20 Jan 2023
028A6194950C8E1ACE9D58990EDBEBD06E429CC99BC7614434089AA9F3CFFAE8,com.mathpresso.qanda,5256,1981-01-01 01:01:02,2023-08-01 04:19:24.808984,50000000,2023-08-01T04:21:41.728771,QANDA: 5s Math Solving Search,Mathpresso,27 Jul 2023
110091481EF90D833337900D9CC0559D2745E0C64B50AEB652BF57216C290BBF,com.mobirix.SnakeGame,23092001,1981-01-01 01:01:02,2023-09-21 07:53:16.246431,50000000,2023-09-21T07:53:22.666161,Snakes & Ladders King,mobirix,19 Sept 2023
0A6E1CAC98A42D4CD581B5332FC96E54F45ACF7D335B8DBAF8F3A540D9CF5931,com.dv.adm,140019,1981-01-01 01:01:02,2023-12-02 22:22:09.884709,50000000,2023-12-02T22:21:52.920065,Advanced Download Manager 14.0.19,admtorrent,8 Jan 2023
47BEC1ABAAAC939E37E55D8023E11775CDFD99D02E641A116284E6018E2B8833,org.findmykids.app,2007021,1981-01-01 01:01:02,2023-12-06 05:35:02.360577,50000000,2023-12-06T05:35:42.566787,"Find my kids: Location Tracker
2.7.2-google",GEO TRACK TECHNOLOGIES INC,5 Dec 2023
2C443F7C873635577D68FBC08FE364919F439BED1896CCC085C344BD7316B67C,com.opera.app.news,110066227,1981-01-01 01:01:02,2023-05-20 20:00:42.309222,100000000,2023-05-20T20:01:35.158292,Opera News: breaking & local,Opera,12 May 2023
048551E4F1B54592B4519C4ECB04068648C985CE43370609AE290FCA81C38E97,com.transsion.hilauncher,33149,1981-01-01 01:01:02,2023-09-21 20:05:00.813612,100000000,2023-09-21T20:05:06.042039,HiOS Launcher 2023 - Fast,Shalltry Group,14 Sept 2023
0174F84C21A5D69C07CAC6B47AD7BD8ED52F26560DCFBCB721A74D8B2B18DDBA,com.zeptolab.cats.google,2689868,1981-01-01 01:01:02,2023-09-12 12:06:39.728938,50000000,2023-09-12T12:08:07.499386,CATS: Crash Arena Turbo Stars,ZeptoLab,8 Sept 2023
015A7B6F8C00D29301ECCEEBA3AB640A06009FBDD9C7C9B4F98AFE47F1404C19,com.bandainamcoent.ninjavoltage_app,900611,1981-01-01 01:01:02,2023-08-09 18:11:52.606231,50000000,2023-08-09T18:12:56.670566,NARUTO X BORUTO NINJA VOLTAGE,Bandai Namco Entertainment Inc.,31 Jul 2023
103CEC5CEC7E0A13F25E41BB05983C3A4255A0B76117A7AF353B7DF9089FED2E,com.nekki.shadowfight,22600001,1981-01-01 01:01:02,2023-04-04 12:02:50.062526,100000000,2023-04-04T12:03:03.928480,Shadow Fight 2,NEKKI,24 Mar 2023
004A8B81CF9C7582CA55964774423F06F542F98AEC1739507E76CE9674D73C91,com.budgestudios.googleplay.BarbieDreamhouse,10518,1980-01-01 00:00:00,2023-12-13 15:52:19.150028,100000000,2023-12-13T15:54:08.028088,"Barbie Dreamhouse Adventures
2023.9.0",Budge Studios,5 Dec 2023
4CB905289E25304666DF1C41BD2755F86AC6CBF86BAEB01FB53EE9371DBB7710,com.mastercomlimited.cardriving_t,614012902,1981-01-01 01:01:02,2023-11-29 09:02:36.553881,100000000,2023-11-29T09:02:58.756700,"Drive for Speed: Simulator
1.29.02",Play365,12 Oct 2023
065E82177CB8D39A28C7D3CDC702001258638EBCAD916B6385D621B0735C9E34,com.gameloft.android.ANMP.GloftPOHM,871000,1981-01-01 01:01:02,2023-09-26 16:28:52.455902,50000000,2023-09-26T16:31:26.610767,My Little Pony: Magic Princess,Gameloft SE,21 Sept 2023
0003848A99E55ED3A9E9DFAAE5D804DAD4FA2D834BFD24AB33FE1D51B91CEFA4,com.getmimo,1677257871,1981-01-01 01:01:02,2023-02-27 11:19:05.508655,10000000,2023-02-27T11:19:47.044308,Learn Coding/Programming: Mimo,Mimo GmbH,24 Feb 2023
507BDEF6CBD2551672CCC8D21C3C4F415BE5BD10EFA79D8F76ADBBA3CBFF93B0,com.ovilex.eurotruckdriver,52,1980-01-01 00:00:00,2023-11-12 04:46:57.028112,50000000,2023-11-12T04:50:41.164579,European Truck Simulator 3.5.2,Ovidiu Pop,"Nov 5, 2023"
5984A9501B9ADD377A5E5D466CC5FF74B20A0AA6AF4EFC6523122D81B698CD4D,com.budgestudios.BarbieMagicalFashion,1320,1980-01-01 00:00:00,2023-03-22 18:18:44.936894,50000000,2023-03-22T18:20:08.360072,Barbie Magical Fashion,Budge Studios,20 Mar 2023
FCA09CCEB25F672E23C92E504DB09C692E3E40041E60AABCD8B1C1DBEBCFC1DD,air.com.lunime.gachaclub,1001012,1981-01-01 01:01:02,2023-08-15 23:32:27.316049,50000000,2023-08-15T23:33:20.524737,Gacha Club,Lunime,14 Aug 2023
515E75475C66D2013B4E4BDA166AC4ADC8674A2798C27C1FF7A329AD98B69410,com.mobadu.BlockyMotoRacing,45,1981-01-01 01:01:02,2023-03-08 00:20:26.591838,50000000,2023-03-08T00:22:09.780395,Blocky Moto Racing: Bike Rider,mobadu,6 Mar 2023
DE9389E0D1BFDF163370335957DC48F9BDDC3CD591327D338E6269E0E2028F82,com.kwalee.drawit,2315,1981-01-01 01:01:02,2023-03-02 20:34:21.223669,50000000,2023-03-02T20:36:21.641531,Draw it,Kwalee,28 Feb 2023
48792BCD4DCAB84242F239E18E375172EB95D65A01CEDF71B8E24F1B19947DA2,com.sp.protector.free,247,1981-01-01 01:01:02,2023-04-02 14:37:26.172416,50000000,2023-04-02T14:37:51.656501,AppLock - Fingerprint,SpSoft,1 Apr 2023
03179E2509576B06E320B5655BBAF24EA9C110A7835103945A8491AB5CEF8B31,com.teamviewer.quicksupport.market,1542156,1981-01-01 01:01:02,2023-05-25 20:03:36.912301,50000000,2023-05-25T20:04:48.017424,TeamViewer QuickSupport,TeamViewer,19 May 2023
4A35047ADB43A181587A82A74C81A1B6489D170BC62F140A0A7A0E3DFC02AB95,com.craftsman.go,68,1981-01-01 01:01:02,2023-12-04 08:46:46.895604,100000000,2023-12-04T08:46:47.564106,"Craftsman: Building Craft
1.9.268",StarGame22,26 Nov 2023
3FAA138513BBDDDB2E1048960F700D61D02CC79CDF400A9230DADB1190A0B8B9,com.brokendiamond.advance.car.parking.car.driver.simulator,48,1981-01-01 01:01:02,2023-01-25 10:01:56.736496,50000000,2023-01-25T10:02:24.905540,Advance Car Parking: Car Games,Broken Diamond,24 Jan 2023
05B3E0835CF1F470B3DEE2B60B80B1001091E928FB52B21DD968EC990BDC33F0,com.impp.truck.simulator.rescueexcavator,126,1981-01-01 01:01:02,2023-01-10 11:45:55.902207,50000000,2023-01-10T12:09:52.692246,Sand Truck Excavator Games Sim,Imperial Arts Pty Ltd,9 Jan 2023
181DB12F6C2FC1B4D926002D8DB2269E60CFEE5A18B16BC2C490DBC0D59B17DE,com.creative.sandbox.number.drawning.coloring,300,1981-01-01 01:01:02,2023-11-08 13:30:29.956218,50000000,2023-11-08T13:32:50.818444,Color by Number ®: No.Draw 3.0.0,Creative APPS,18 Sept 2023
03A46D48033B6F6F17B58BAE6E69D897B9B185CA166437DD04E53AF9899D8B55,com.lemon.lvoverseas,82116,1981-01-01 01:01:02,2023-05-09 23:58:56.831049,500000000,2023-05-10T00:00:22.646189,CapCut - Video Editor,Bytedance Pte. Ltd.,9 May 2023
56CFE3416B7487DF97571EA9E46887CF97B467C50CB56CEB66330ECC5E4393D2,com.muscle.rush,32,1981-01-01 01:01:02,2023-12-08 21:36:08.657739,50000000,2023-12-08T21:37:34.585058,Muscle Rush - Smash Running 1.2.10,SayGames Ltd,23 Nov 2023
CADA7DAC7C93E73CEEAF3136758BD80BAA5D588CA9F4F709CB66668A5B520635,com.naturalmotion.csrracing,20230606,1980-01-01 00:00:00,2023-06-10 06:37:57.404617,50000000,2023-06-10T06:42:44.759743,CSR Racing,NaturalMotionGames Ltd,6 Jun 2023
01ED8414F58E08AD133637438EA699A26501C0D5C9649827861047332A81E5D2,com.colorup.game,5300021,1981-01-01 01:01:02,2023-12-16 12:13:38.077629,100000000,2023-12-16T12:15:44.863218,"Color Bump 3D: ASMR ball game
2.1.0",CASUAL AZUR GAMES,"Nov 23, 2023"
DA95D4D2F8F6CE18B126ED62C8D72854E739036147ECD81541095D423E52D75B,com.dragon.game.earth.house.craft,309742,1981-01-01 01:01:02,2023-12-23 02:53:34.959063,50000000,2023-12-23T02:55:32.292747,Craft Earth Boy 309742,Crafting Adventure Games,17 Dec 2023
0609BE1BF671823A2CC7B69B7EEB83C9D95F05099F9348DE1A3E71D5D76CADEE,com.tiramisu.driftmax2,242,1980-01-01 00:00:00,2023-12-18 09:59:06.595536,100000000,2023-12-18T09:59:37.834889,"Drift Max Pro Car Racing Game
2.5.42",Tiramisu,11 Dec 2023
B88CB948C8E0A279D77A32D8A39B3E1FFE02B1E955B011E6B93FADA3D0973767,com.magisto,20958,1981-01-01 01:01:02,2023-03-02 19:51:09.207664,50000000,2023-03-02T19:52:08.763431,Magisto Video Editor & Maker,Magisto by Vimeo,22 Feb 2023
351028A19D24B83A142564B45E06700EB6619309FF2F4AD1C620385D2B9C70CE,com.sebby.rebaixadoselitebrasil,309,1981-01-01 01:01:02,2023-06-01 20:15:39.046746,50000000,2023-06-01T20:16:37.208191,Rebaixados Elite Brasil,Sebby Games,31 May 2023
650FE2898AF856EAD069171B07DA059B819D212B55566FAA1ECAF00A8BD995D9,com.miui.weather2,13000201,1980-01-01 00:00:00,2023-02-13 18:14:21.328748,1000000000,2023-02-13T18:16:27.343356,Weather - By Xiaomi,Xiaomi Inc.,1 Feb 2023
02D98C7A6951D8BB0D6A25646364D19DD53A9560E50A9A8CFC8EC9FCDAEB46B0,com.igg.castleclash,33006200,1981-01-01 01:01:02,2023-03-20 09:57:17.878619,100000000,2023-03-20T09:58:19.906766,Castle Clash: World Ruler,IGG.COM,14 Mar 2023
1FA1143B96D75A8E1D5DACF752BC386C9A250F5462EB89EB60CDFD360F568A4F,com.overlook.android.fing,120500003,1981-01-01 01:01:02,2023-07-20 10:38:30.28314,50000000,2023-07-20T10:40:04.550931,Fing - Network Tools,Fing Limited,18 Jul 2023
0D9A35879C0FEED4EBB5E601ABD08553C939B4267D15DEF62F8258D9AF1D8449,com.microblink.photomath,70000855,1981-01-01 01:01:02,2023-03-06 12:09:10.629609,100000000,2023-03-06T12:10:42.788475,Photomath,"Photomath, Inc.",3 Mar 2023
0C0E75EF153E5CE52371DE6D7B858C08FF7F27A15B34CD0FC78B391D723B6E6A,com.ea.game.starwarscapital_row,112,1980-01-01 00:00:00,2023-07-12 01:26:26.230484,50000000,2023-07-12T01:26:11.910969,Star Wars™: Galaxy of Heroes,ELECTRONIC ARTS,6 Jul 2023
1B6CA088245E97762F3098D7E988B6E760BA8D2561C8391F83FE13C6B81DEABA,com.creativemobile.DragRacing,31170001,1981-01-01 01:01:02,2023-07-03 13:50:36.145986,100000000,2023-07-03T13:53:29.254243,Drag Racing,Creative Mobile Games,29 Jun 2023
306710BE3DC40DDEA6568B4FF8758ACEACE052BC34802B23FDCEE0DC538F5EAB,com.greenteagames.dogracing3d,110131,1981-01-01 01:01:02,2023-11-04 21:33:22.612429,50000000,2023-11-04T21:34:00.930891,Dog Run Pet Runner Dog Game 1.10.1,Green Tea Games,19 Oct 2023
6A71C95DA7BABE40D108E927F4ECF77348698E6E072C01E2E0B2066A8EEF26E7,com.human.ragdollshooter,47,1981-01-01 01:01:02,2023-09-15 19:34:12.997094,10000000,2023-09-15T19:34:14.674626,Human Ragdoll Shooter,CASUAL AZUR GAMES,30 Aug 2023
15946E67F011BB2D6758B6DAF16D1C96A4BD0CB6230BAECEB9E2A48541C9A0AF,mobi.gameguru.slapkings,9556,1981-01-01 01:01:02,2023-03-29 07:08:11.777302,100000000,2023-03-29T07:08:13.400322,Slap Kings,Lion Studios,28 Mar 2023
032957CC9F228BFD23548446CE47C382661291ABFDE6F3790E19E7BBDBBF4FFF,com.superbox.aos.fire2048,21900,1981-01-01 01:01:02,2023-12-13 18:33:48.362701,50000000,2023-12-13T18:33:49.426318,Drop The Number™ : Merge Game 2.1.9,SUPERBOX Inc,11 Dec 2023
11000CA516DD02F234FF8496F6FD5E385CF9845DBE0445023B1A6F031FB43520,com.generamobile.zhunter.gp,139,1981-01-01 01:01:02,2023-08-24 04:19:42.138188,50000000,2023-08-24T04:21:27.104795,Zombie Hunter: Killing Games,Viva Games Studios,21 Aug 2023
1363D8E3A6F1C70AD841AAD4DEBE361BD7A3C1D6A18EA1B2D5433380B6B7CFBC,br.com.intermedium,134505,1981-01-01 01:01:02,2023-10-24 16:52:31.304586,50000000,2023-10-24T16:53:35.856792,Inter&Co: Send Money Worldwide,Banco Inter SA,20 Oct 2023
1A4939EDE25F11920494D89CDAF5EF892CFD36965673D4CE10BFA54DCC4B4498,com.llx.chess,16,1980-01-01 00:00:00,2023-10-19 18:49:37.606821,50000000,2023-10-19T18:49:53.386203,Chess,CanaryDroid,16 Oct 2023
00C0B5F81B2218C0A2F977037B97165B2E4D4E967D2C7517FC1EFA83590B3235,net.zedge.android,82000600,1981-01-01 01:01:02,2023-11-06 20:16:55.179953,500000000,2023-11-06T20:17:42.375536,"ZEDGE™ Wallpapers &amp; Ringtones
8.20.6",Zedge,6 Nov 2023
23D130D1351E0A9C1469DF481616C972FC791381090EF6FFA99D052D0BEA1209,com.mobileguru.candyfever.free,1161200,1981-01-01 01:01:02,2023-12-05 21:23:54.404809,50000000,2023-12-05T21:23:54.994442,Candy Fever 11.6.1200,Mobileguru,4 Dec 2023
48C45D3C55EB7C3A6767C4D23FA239CEDCF5AB5F1EF01E15679F715BF83CE2FA,com.mgc.runnergame,200106,1981-01-01 01:01:02,2023-11-05 17:59:45.127165,100000000,2023-11-05T17:59:50.724138,"Run Race 3D — Fun Parkour Game
200106",CASUAL AZUR GAMES,25 Sept 2023
0922747E7F373E176AEB310331D39233D95D09182BDAEE2EDBE4015354359669,com.amanotes.pamadancingroad,23050516,1981-01-01 01:01:02,2023-05-06 19:37:46.835634,100000000,2023-05-06T19:42:32.709386,Dancing Road: Color Ball Run!,AMANOTES PTE LTD,5 May 2023
84D1A898D0FB366FE9E4EF1ACC3F75B357A55502AA30BA001D8EEC9A3F9E2FE8,com.pixlr.express,35412,1981-01-01 01:01:02,2023-11-14 18:08:42.381438,50000000,2023-11-14T18:09:26.075549,Pixlr – Photo Editor 3.5.4,Pixlr,13 Nov 2023
DC2EBF9ED3BC6968A8B128D2607900DFEB8548E6C4496942C9E42C32F58C6686,com.dsi.ant.service.socket,41800,1981-01-01 01:01:02,2023-06-17 13:54:04.271105,1000000000,2023-06-17T13:57:36.363289,ANT Radio Service,ANT+,7 Jun 2023
036B1B117576E90A5747A95465BE3A23E194B2755A5FC27CDF308A8FBDB52B1A,com.dodreams.driveahead,343,1981-01-01 01:01:02,2023-06-26 20:39:06.891369,100000000,2023-06-26T20:40:36.374222,Drive Ahead! - Fun car battles,Dodreams Ltd.,22 Jun 2023
07D68437DF1BB8615424A388DF46332BC289D6934C12D628887BD948ED48CA5B,su.canoe.zoo.elephant,98,1981-01-01 01:01:02,2023-11-10 22:46:05.585114,50000000,2023-11-10T22:46:52.760716,Zoo - Happy Animals 1.3.1,SayGames Ltd,6 Nov 2023
22B1F3F0C00BC3D2D2DC90F666F278F48168A342ACFA3A6E630D466B46514D4A,com.jiochat.jiochatapp,2011041656,1981-01-01 01:01:02,2023-04-21 01:17:57.082467,50000000,2023-04-06T07:07:19.677202,JioChat Messenger & Video Call,Jio Platforms Limited,16 Mar 2023
266488E12B693E31156302A57137EA4159BAB2CEA01293F71A5297FC1DC46839,com.outfit7.mytalkinghank,490,1981-01-01 01:01:02,2023-11-23 22:31:48.941288,100000000,2023-11-23T22:32:55.894470,"My Talking Hank
2.7.0.1814",Outfit7 Limited,23 Nov 2023
08AC1D5E4FE0C057B9B4372739A2BADDF10CDFC27051C842EDDBD44A9C31761E,cn.wps.moffice_i18n,1397,1981-01-01 01:01:02,2023-04-07 20:36:21.514419,50000000,2023-04-07T20:38:36.844555,WPS Office Lite,WPS SOFTWARE PTE. LTD.,6 Apr 2023
2A530AAEBA26BF40ED34561372BD5B644A9D5EE5E55F24BE9CFA52EC8AC3167D,mp3videoconverter.videotomp3.videotomp3converter,221002,1981-01-01 01:01:02,2023-08-25 00:29:02.83646,50000000,2023-08-25T00:31:22.439160,Video to Audio - MP3 Cutter,InShot Inc.,11 Aug 2023
1996A54C06E1BE4E762A020AA62244E8C5CCBE989515299A395A682A45E17B70,loseweightapp.loseweightappforwomen.womenworkoutathome,63,1981-01-01 01:01:02,2023-11-28 01:06:12.322073,100000000,2023-11-28T01:09:45.094849,"Lose Weight App for Women
2.0.11",Leap Fitness Group,23 Nov 2023
001B1468B6EEBE58F5CB05282578BD65709B75B8CDBA0AA0E6509912B1E7532B,com.gun.shot.sound,290,1981-01-01 01:01:02,2023-05-25 21:17:27.892926,10000000,2023-05-25T21:18:29.522144,Gun Sounds : Gun Simulator,AA Studio Game,18 May 2023
01218352B17E5CC5152A78DBA362608DAB1AE0069FD6F8A84759127D81C4C0D1,com.ttech.android.onlineislem,180301,1981-01-01 01:01:02,2023-12-15 22:10:19.857437,50000000,2023-12-15T22:10:20.865017,"Turkcell
18.3.1",Turkcell İletişim Hizmetleri A.Ş,11 Dec 2023
04C592D476BE69FBDF56CE5CF24121D4286D7D24A62AC536E4D4A8E50F347807,com.symantec.mobilesecurity,231113002,1981-01-01 01:01:02,2023-11-14 12:30:47.298395,50000000,2023-11-14T12:34:48.601810,Norton360 Antivirus &amp; Security 5.74.0.231113002,NortonMobile,13 Nov 2023
1276CA04FFEBB3D33B719696D320D74ED3EB854B8D7C845272BA8713C37AC649,com.ketchapp.stack,48,1981-01-01 01:01:02,2023-05-02 14:20:41.177626,50000000,2023-05-02T14:21:35.238211,Stack,Ketchapp,24 Apr 2023
7BDF5E8B1FF83DE50BA0517EE692E5A46145822ADECD09F6F8A2F72987D0D4AF,com.appswing.qr.barcodescanner.barcodereader,71,1981-01-01 01:01:02,2023-11-05 00:21:13.689747,50000000,2023-11-05T00:21:40.124741,QR Scanner - Barcode Scanner 1.8.0,Apps Wing,28 Oct 2023
63745C920F64AE3DE3904FFAB9F4B0C38197B28A61FADCC21F3B7D34E4F8049A,drug.vokrug,2101,1981-01-01 01:01:02,2023-08-05 16:33:39.010332,50000000,2023-08-05T16:36:08.492419,ДругВокруг: Знакомства и чат,My Friends Social Limited,1 Jun 2023
1008908ADC45C376591646E85D5D9C4BCF57038D4703C66FC62868EC5F23798B,net.wyvernware.whosthealien,114,1981-01-01 01:01:02,2023-09-08 04:41:54.716254,50000000,2023-09-08T04:43:49.592462,Find the Alien,MOONEE PUBLISHING LTD,5 Sept 2023
4AF5DE318AA0F09E81B964425B31D249CE0C5FCBEAE5AF680F00992F1E07E71C,com.springwalk.mediaconverter,65,1981-01-01 01:01:02,2023-12-19 08:21:51.845781,100000000,2023-12-19T08:24:19.067300,"MP3 Video Converter
1.12","Springwalk, Inc.",15 Dec 2023
0E66AD61567D521729218991CF6F7845FEBD4233B00792D7ABB97911F8707BE1,com.teenpatti.hd.gold,74753,1980-01-01 00:00:00,2023-07-17 03:40:02.910887,100000000,2023-07-15T21:10:16.375608,Teen Patti Gold Card Game,Moonfrog,13 Jul 2023
033F3E2C474EC874B3291F217A5194AA3CC9F2AF1A14F4FB59481CA1E5578F69,com.emoji.coolkeyboard,374601,1981-01-01 01:01:02,2023-06-07 08:49:17.806109,100000000,2023-06-07T08:50:29.533691,"Emoji keyboard - Theme, Font",Emoji Keyboard & Sticker Design Team,26 May 2023
710268A4CA1BECBE60B31E82B5C7228DF00AF2B027447912817C58A3C4130D90,com.firebytemonee.MakeoverRun,30,1981-01-01 01:01:02,2023-09-09 05:23:16.705819,50000000,2023-09-09T05:24:02.050639,Makeover Run – Makeup Game,MOONEE PUBLISHING LTD,28 Aug 2023
A2B1AF819717EB35EC5716B12039E8469732ED1E0E7301824A75C074EB5443F1,com.gameinsight.gobandroid,481,1981-01-01 01:01:02,2023-10-10 18:16:07.375292,50000000,2023-10-10T18:16:52.854460,Guns of Boom Online PvP Action,Game Insight,9 Oct 2023
0300D81131789672A44D2053C2B163C30B656CD78C6302B511AA32EA5281C025,com.canva.editor,48318,1981-01-01 01:01:02,2023-01-10 23:27:57.651518,100000000,2023-01-10T23:29:03.928309,"Canva: Design, Photo & Video",Canva,8 Jan 2023
0103FDC8F83243F87B0CF69F7AA89C5E34C4DFAC038B49D8641407F4398A499D,com.thankyo.hwgame,1233,1981-01-01 01:01:02,2023-05-06 22:18:37.900545,50000000,2023-05-06T22:19:48.352374,StreamKar - Live Stream & Chat,Tipping Points Technology Ltd.,27 Apr 2023
11D8E06995BBEF65D5E03C77F61E056D594F9B84DD4C05B65558BB9CBF415714,com.alibaba.intl.android.apps.poseidon,82403,1981-01-01 01:01:02,2023-08-24 08:40:15.248226,100000000,2023-08-24T08:41:05.088293,Alibaba.com - B2B marketplace,Alibaba Mobile,23 Aug 2023
0FF09EB007884EFB7E09D7926DAAEDDA1297DC48C0F4DB86D79F024535DDCB40,net.sourceforge.opencamera,88,1981-01-01 01:01:02,2023-08-19 20:34:00.200211,50000000,2023-08-19T20:43:21.002587,Open Camera,Mark Harman,13 Aug 2023
01D7581F87171CC93762BEFB99D0CD25140DE2A5A6419C3DE78B5348E9954538,com.alphainventor.filemanager,2103011,1981-01-01 01:01:02,2023-12-02 20:59:31.020752,100000000,2023-12-02T21:00:11.489887,"File Manager
3.1.1",File Manager Plus,12 Dec 2022
12A14E4057032DB1F935FEE3DCFC541E056554405D9548D2B4F459606FD454C5,com.block.game.jigsaw.puzzles,4721,1981-01-01 01:01:02,2023-10-24 17:23:55.839874,50000000,2023-10-24T17:24:02.729360,BlockPuz: Wood Block Puzzle,Rejoy Studio,12 Oct 2023
1E9FAE4934B7057FBFD3EB81D71717FFD687F24BFE47DC318452229815EACA63,com.ction.playergames,4001005,1980-01-01 00:00:00,2023-11-09 13:27:59.396314,100000000,2023-11-09T13:28:50.704984,"2 3 4 Player Mini Games
4.1.5",Better World Games,2 Nov 2023
09E19DC80C014275035DB2CF01B7AF0A1433E1BAD87FE862C89B5BFC8BC3761E,com.crazylabs.amaze.game,4110,1981-01-01 01:01:02,2023-08-08 04:17:20.640755,50000000,2023-08-08T04:18:59.250192,AMAZE!,CrazyLabs LTD,3 Aug 2023
C7EDE704CFD04F5841E5F1A61C7636AF768AC4ED161AB714EF3B4947EC7CEA3F,com.heytap.music,100702025,1981-01-01 01:01:02,2023-09-05 19:24:48.068088,100000000,2023-09-05T19:25:50.633085,Music,Allsaints Music - SE,31 Jul 2023
7C3458FAC52CB9E13650474895F7584DD431EB310DBC22BFD4C80EAA5B810744,com.dvloper.grannychaptertwo,17,1981-01-01 01:01:02,2023-08-21 16:39:31.812833,100000000,2023-08-21T16:41:31.682161,Granny: Chapter Two,DVloper,21 Aug 2023
0BD5DD5AD175F680ACC5C29D28E7886D6AE88E8B49667F6781F57374F445AAC3,com.drilens.wamr,56,1981-01-01 01:01:02,2023-06-09 19:09:10.335099,50000000,2023-06-09T19:10:44.390558,WAMR,drilens,8 Jun 2023
3A9FDF001FDED437145B3690FBCA37F5EF664278450829E07637B2F2C7071B27,se.raketspel.digaround,182,1981-01-01 01:01:02,2023-05-25 10:12:55.803248,50000000,2023-05-25T10:14:17.648373,Dig This!,Raketspel,24 May 2023
26720DB302A6FE22298C4B43747F5B5979004709F0ADBF5BCC29B67413E0958D,com.mgs.sniper1,500161,1981-01-01 01:01:02,2023-11-22 03:39:44.625193,50000000,2023-11-22T03:00:22.918775,Sniper Strike FPS 3D Shooting 500161,Mobile Gaming Studios Ltd.,17 Nov 2023
D11DF1931F3D206B68148602909FF606C78F48BC57F23530E5DFC964EDD044EA,com.zeptolab.ctr2.f2p.google,2141530,1981-01-01 01:01:02,2023-04-14 19:29:27.671223,100000000,2023-04-14T19:50:27.665361,Cut the Rope 2,ZeptoLab,14 Apr 2023
0107804A6A7327767C5C52A98552EA5484886833AC0639BE90F856594368F41D,jp.konami.pesam,307030201,1981-01-01 01:01:02,2023-01-12 06:37:57.876072,100000000,2023-01-12T06:37:34.288547,eFootball™ 2023,KONAMI,3 Jan 2023
775E84295C2C0DAD4ED16F4902D68F62CB491D9145773410312C26A8335180A3,jp.co.canon.bsd.ad.pixmaprint,212100,1981-01-01 01:01:02,2023-07-29 05:23:56.051458,50000000,2023-07-29T05:28:51.637746,Canon PRINT Inkjet/SELPHY,Canon Inc.,25 Jul 2023
481CE90CE74477E7F933A5F45F380AD28A7CDE0B3172512776153452CE85FB64,com.amanotes.pamarollingtiles2,200526,1981-01-01 01:01:02,2023-07-08 20:52:06.716135,50000000,2023-07-08T20:53:07.333003,Hop Ball 3D: Dancing Ball,AMANOTES PTE LTD,3 Jul 2023
059E4200CF62D42B4F808ECE9FF406E5F04253B87244767B9E7AF1E2C89DD443,com.pixonic.wwr,189453,1981-01-01 01:01:02,2023-09-12 21:23:50.269643,100000000,2023-09-12T21:24:49.250866,War Robots Multiplayer Battles,UPWAKE.ME,11 Sept 2023
0413085386F1DCE12B11969A6465BF484B68928B425CF50772EDD41058669F2A,instagram.video.downloader.story.saver,173,1981-01-01 01:01:02,2023-01-16 10:57:43.483699,50000000,2023-01-16T10:57:44.863713,Video Downloader for Instagram,ETM Video Downloader,15 Jan 2023
1092DC17BD3523DDD064183987960F88C7FEF8BA42FCED370E0D0767D7E9CB8B,com.fs.karate.king.fighting,3000148,1981-01-01 01:01:02,2023-04-21 21:30:03.707931,50000000,2023-04-21T21:30:40.946588,Karate King Kung Fu Fight Game,Fighting Sports,19 Apr 2023
04966C70D5C030D3AE3ECCA6EC8459F7D8943BD905E607302C822EB47C9262AC,jp.konami.duellinks,134,1980-01-01 00:00:00,2023-11-14 04:35:51.265942,50000000,2023-11-14T04:36:59.331182,Yu-Gi-Oh! Duel Links 8.2.0,KONAMI,8 Nov 2023
3618785D2CB749C76B7FE64C3D92ACBB5E4E831F30CB41FB13622DE7FE3E3DE3,smellymoo.sand,14163,1981-01-01 01:01:02,2023-09-10 15:07:56.334636,50000000,2023-09-10T15:08:54.619510,sand:box,SmellyMoo,9 Sept 2023
0061BED4D969E7AE8CB4A30284586CBF5F0184B377E81CBDE8B54B697ACFC564,co.happybits.marcopolo,2000828,1981-01-01 01:01:02,2023-12-05 12:30:30.012459,10000000,2023-12-05T12:32:10.512804,"Marco Polo - Video Messenger
0.454.0",Joya Communications,1 Dec 2023
045316150F194948C4C9E5EE063A7C3ABBF5382005697A8EACC189DB571659A7,com.goibibo,2041,1981-01-01 01:01:02,2023-10-16 16:52:46.538045,50000000,2023-10-16T16:54:16.197709,"Goibibo: Hotel, Flight Booking","Goibibo — Hotel, Flight, IRCTC Authorised Partner",13 Oct 2023
02B11AD9EA7D522CE53EA8C2F1CA10F5C1C93CD30B7CE74F62F2B070BC33D345,gogolook.callgogolook2,74307037,1981-01-01 01:01:02,2023-08-21 18:53:01.981374,50000000,2023-08-21T18:54:43.089058,Whoscall - Caller ID & Block,Gogolook,17 Aug 2023
40707F4928EDB33F532C23E8780A3555AE92CF2964FDEBB13350C824C5F8CC4B,com.kfe.toymaker,1510208,1981-01-01 01:01:02,2023-11-30 07:01:09.521283,50000000,2023-11-30T07:01:14.472688,Doll Designer 1.10.0,Lion Studios,27 Oct 2023
7D5DCDA073642964D6A8851A9ECFBAC7D02B88F0A0E05F7589244CEE68A6C413,hr.palamida,277,1981-01-01 01:01:02,2023-10-23 07:10:18.979142,50000000,2023-10-23T07:15:16.678413,Dub Music Player – MP3 Player,Dub Studio Productions,22 Oct 2023
0DF1B7CDA88A71A504C6B257D852660C286C60D305C4F4D000D01EA8173B5BAA,com.daraz.android,196,1981-01-01 01:01:02,2023-03-12 09:48:59.336449,50000000,2023-03-12T10:26:53.072499,Daraz Online Shopping App,Daraz Mobile,8 Mar 2023
0EACD5F6E93B9E5AAEE1626E4EE29513B5722AF9CD9A3C45333D4D39D962B832,com.livescore,918,2023-06-21 12:38:44,2023-06-23 17:29:06.468118,50000000,2023-06-23T17:27:26.470640,LiveScore: Live Sports Scores,LiveScore Limited,"Jun 21, 2023"
00F4964E977D802A35D778C5E0E6F43C7B2D879DF4CA9549F50DB3DDC8129BB4,com.careem.acma,232700,1981-01-01 01:01:02,2023-07-13 21:44:56.151871,50000000,2023-07-13T21:48:04.146847,"Careem – rides, food & more",Careem,9 Jul 2023
2DA82842B13D2FD8CAF69557391972A34FB31794B79F357AED553FC2F3F6988B,com.mi.android.globalminusscreen,20231207,1980-01-01 00:00:00,2023-12-21 14:44:45.895536,1000000000,2023-12-21T14:45:47.271785,"App Vault
12.41.1",Xiaomi Inc.,14 Dec 2023
089EFAC8090414B14E98AC0A836BF0AE00D1E4B37B08D6DB5875F3E555D6677F,com.allenmm.archery,350,1981-01-01 01:01:02,2023-05-11 09:29:27.656907,50000000,2023-05-11T09:31:17.378787,Shooting Archery,7788`s,4 May 2023
ADE38DE3128DDB0EFE7A54E2BC433FCEEF660B6D76D2D38E709710B2411A905A,bloodpressure.bloodpressureapp.bloodpressuretracker,48,1981-01-01 01:01:02,2023-07-31 21:32:22.915105,50000000,2023-07-31T21:33:41.437850,Blood Pressure App,QR Code Scanner.,15 Jun 2023
3AC1A3D997747A7E174BA47744CF2A9802618185628F93BB2D35A7568A3209EB,com.ayoba.ayoba,610100,1981-01-01 01:01:02,2023-09-01 21:55:10.417341,50000000,2023-09-01T21:59:28.129368,Ayoba chat.games.news.music,Ayoba,"Aug 29, 2023"
1D1502E1528A13AB86A9C4E94C30033BE41273FBC781939F674F81EEDD2CD70A,com.gogii.textplus,80101308,1981-01-01 01:01:02,2023-10-10 22:06:35.300847,50000000,2023-10-10T22:08:19.926286,textPlus: Text Message + Call,textPlus,5 Oct 2023
097BFE8A4C7FD71BE36B15140C6C7C2638F572ACA7041DFDF05DF515D2A83116,com.mobiletranstorapps.all.languages.translator.free.voice.translation,80,1981-01-01 01:01:02,2023-08-09 10:37:47.17581,50000000,2023-08-07T18:53:04.283150,Translate: Language Translator,Mobile Translator Apps,7 Aug 2023
0037D4BE5AB80266C7E104266B55356F02344FDC10E616B4531AABCCC942828F,batalsoft.drumsolohd,91,1981-01-01 01:01:02,2023-12-23 01:35:23.037994,10000000,2023-12-23T01:37:08.466772,"Drum Solo HD
4.7.6",Batalsoft Music Apps,19 Dec 2023
197A8A311C5B6FE623451636214EA0EBF1C56070C6D71C64C89231ACD4860CDC,com.musixmatch.android.lyrify,2023020611,1981-01-01 01:01:02,2023-02-17 14:03:16.778283,50000000,2023-02-17T14:04:22.380946,Musixmatch Lyrics,Musixmatch,7 Feb 2023
00274C1634E2C848B189C3A5B89B0E4B232B9773EDAE727AD576FCD936490098,com.dramaton.squisher,530,1981-01-01 01:01:02,2023-07-07 09:54:58.152207,10000000,2023-07-07T09:57:20.243132,Squishy Magic: 3D Toy Coloring,Dramaton,6 Jul 2023
004591C235DE6B893AEEE609CA6B938504E14900C993434C8967B07BF1F3574E,com.sparklingsociety.cityisland3,68722,1981-01-01 01:01:02,2023-01-30 18:10:07.059355,10000000,2023-01-30T18:18:23.848731,City Island 3 - Building Sim,Sparkling Society - Build Town City Building Games,"Jan 29, 2023"
F7D6F71526C632CA2A30731222C899DD397D73822176CE64947B95DA0BF3F58C,com.igoldtech.streetchaser,115,1981-01-01 01:01:02,2023-07-20 23:14:18.317443,100000000,2023-05-17T22:03:43.332657,Street Chaser,iGold Technologies,11 May 2023
06C9FDAFC63B9257D34B1838342D904E89AA2165CB34DCB6767FB1E5ADB2D2E8,com.vodafone.selfservis,24651,1981-01-01 01:01:02,2023-01-25 15:03:56.618657,50000000,2023-01-25T15:05:42.526046,Vodafone Yanımda,Vodafone Holding,23 Jan 2023
1495F5688D6C6C35D8A22AAA11328434B24DDA8B4A80F7B71A07A99DAA00A83C,com.maxgames.stickwarlegacy,2023004052,1981-01-01 01:01:02,2023-11-07 21:48:01.277183,100000000,2023-11-07T21:47:47.410999,"Stick War: Legacy
2023.4.52",Max Games Studios,6 Nov 2023
124E424100FE072109D779002213E72B34B67258EF2423E36A78A92FC269CF86,com.openworldactiongames.ropehero.crime.city,10140103,1981-01-01 01:01:02,2023-09-10 18:55:48.240542,100000000,2023-09-10T18:55:49.613388,Miami Rope Hero Spider Games,Newry,31 Aug 2023
09DDC6EF5068DCECBD3F745DFBF33C57D4F538F184BBA5B19473949B9F1AFA75,com.wondershare.filmorago,9100,1981-01-01 01:01:02,2023-07-14 18:33:24.079192,50000000,2023-07-14T18:33:44.805771,"Filmora：AI Video Editor, Maker",FilmoraGo Studio,14 Jul 2023
5D2AEFEB9497F40C8193D6284549999A11757D7547369C9126142B0702ABD0B8,game.piano.music.tiles.challenge,2070,1981-01-01 01:01:02,2023-11-15 12:44:40.681752,50000000,2023-11-15T12:44:55.262703,Piano Game: Classic Music Song 2.7.40,Dream Tiles Piano Game Studio,14 Nov 2023
0601ACE99C855ACD9D9DB96FDA7BCD1F56CFF13A8264AB62DE25C2DAF73D32F6,com.ludo.king,243,1981-01-01 01:01:02,2023-01-14 01:08:00.226641,500000000,2023-01-14T01:33:55.933378,Ludo King™,Gametion,13 Jan 2023
0BDC2EE5522BE93B81EFB729C0F85B0BA781F613B612A997C95B0A8356D757E6,com.tt.mega.ramps.ultimate.races,95,1981-01-01 01:01:02,2023-08-04 15:53:52.100752,50000000,2023-08-04T15:54:57.560291,Mega Ramps Car Stunt- Car Game,Super Speed Games,25 Jul 2023
AF10CE543E2B3B0DE786551650047A8272CC2103A0578F0EE7E85430F4B8BF87,com.miui.calculator,201203681,1981-01-01 01:01:02,2023-04-11 21:28:47.600769,1000000000,2023-04-11T21:29:00.412144,Calculator,Xiaomi Inc.,24 Feb 2023
8AFC29BAEC6BAD3513BF2466A36A7263D1ABB9BF34660163E9A0A795B1C351F1,com.cocoplay.shoppinggirl,258,1981-01-01 01:01:02,2023-07-01 18:32:12.803452,50000000,2023-07-01T18:33:23.459033,Shopping Mall Girl: Chic Game,Coco Play By TabTale,30 Jun 2023
18FA84679EE40BBF1BDDA01FF23DB60954E9B3A9D4C6CB40F5744E6152D22189,com.tripledot.woodoku,2392,1981-01-01 01:01:02,2023-08-02 08:51:43.01057,50000000,2023-08-02T08:59:21.645655,Woodoku - Block Puzzle Game,Tripledot Studios Limited,24 Jul 2023
3F6B90AC5DB2AA3BE51E8056FF9281D275809DCB02E68DC060FDE4A6E683420A,br.gov.dataprev.carteiradigital,653,1981-01-01 01:01:02,2023-11-05 15:37:10.414874,50000000,2023-10-13T14:51:58.857727,Carteira de Trabalho Digital,Serviços e Informações do Brasil,11 Oct 2023
1489DC32D9EA033057C7F52A4F692CC598D6328BED0C99D1E29CE26B581830A8,com.kidsthree.princessfashionsalon,915091,1981-01-01 01:01:02,2023-05-28 19:34:11.488683,50000000,2023-05-28T19:35:24.688856,Princess Makeup Salon,Tap Happy,24 May 2023
4A926210272602BE22B785A6A8FE5DAD4FDBD7D0886222FCB1A2DD448E7FFEC5,com.picsart.draw,73,1981-01-01 01:01:02,2023-06-21 21:54:10.59746,50000000,2023-06-21T21:54:01.244783,"Picsart Color - Painting, Draw","PicsArt, Inc.",19 Jun 2023
1A68DD2CFE37A193A0CE1108BD0160BD4DDB85B1D72C5896D53FFAFEF237963B,jp.pokemon.pokemonunite,572007,1981-01-01 01:01:02,2023-06-08 17:57:37.790559,50000000,2023-06-08T17:58:27.816641,Pokémon UNITE,The Pokémon Company,23 May 2023
091483331C7A505262817D9EFC5B2575EC98CE802B1E4793BDF01103D8E954A8,line.color.adventure,150,1981-01-01 01:01:02,2023-01-13 20:26:48.971022,100000000,2023-01-13T20:28:11.911606,Colour Adventure: Draw a Path,CASUAL AZUR GAMES,13 Jan 2023
1B8C5601D52EA18E6E043CA0CB9A4195C5EBF059121D467E891C126716A8DF24,com.miniclip.agar.io,700,1981-01-01 01:01:02,2023-05-03 15:58:26.298734,100000000,2023-05-03T15:58:27.631644,Agar.io,Miniclip.com,20 Apr 2023
0BEBA10144DCA1464E5741D5FD17C30E54D057C0DD9F4D076FC020D5C528847D,com.amazon.dee.app,924332411,1981-01-01 01:01:02,2023-05-04 15:34:43.47358,100000000,2023-05-04T15:36:05.986946,Amazon Alexa,Amazon Mobile LLC,25 Apr 2023
08088190A3AA8E721C91CB5554FC86FC2936CE719D5877EB1D11A0E63A5FF47E,puzzle.blockpuzzle.cube.relax,254,1981-01-01 01:01:02,2023-08-14 21:12:41.353396,50000000,2023-08-14T21:16:29.814861,Wood Block Puzzle - Block Game,Kidult Lovin,11 Aug 2023
005133909457F4D8C29879372DBDA14D8215E04A5D9D04E151148302C697A4F8,ru.pyaterochka.app.browser,84739574,1981-01-01 01:01:02,2023-09-21 13:00:42.697057,10000000,2023-09-21T13:00:37.665612,Пятёрочка: доставка продуктов,Пятёрочка,15 Sept 2023
09C2C731D479FECACB6D9371EA193F92544CB243C3B7EF109CA3142C8D5007C4,com.tripledot.triple.tile.match.pair.game.three.master.object,1432,1981-01-01 01:01:02,2023-12-15 10:25:10.867223,50000000,2023-12-15T10:26:26.142739,Triple Tile: Match Puzzle Game 2.40.00,Tripledot Studios Limited,12 Dec 2023
0129820CB58D1A12741265091AC88A94036A33CCAA1B28ACFFA7D4CA203EB2A5,mg.locations.track5,503,1981-01-01 01:01:02,2023-12-02 17:09:50.585926,50000000,2023-12-02T17:09:45.786165,"Phone Tracker By Number
6.43",Family Locator Inc.,26 Oct 2022
179369ED55421D51C70440E75F05CAB96634DCBAA0009E29650F4D11D6FC0E77,videoplayer.videodownloader.downloader,45,1981-01-01 01:01:02,2023-11-27 16:03:04.716228,50000000,2023-11-27T16:04:18.289909,All Video Downloader &amp; Player 1.4.5,QR Code Scanner.,22 Nov 2023
68F32F43E9ECF6AECCEA4B14B264D1E5440C3BF0E7CE0DEA2E97CB498D877A21,com.giantssoftware.fs16,231127,1981-01-01 01:01:02,2023-11-05 18:51:46.157376,50000000,2023-11-05T18:53:56.348301,Farming Simulator 16 1.1.2.7,GIANTS Software,1 Nov 2023
0EE76DD3F31157A9BEAB251C5D14661674ABC2D34C3365804CC904DF746DCEEA,puzzle.wood.block.cube.music.box,65,1980-01-01 00:00:00,2023-03-22 23:29:25.862794,50000000,2023-03-22T23:30:50.653102,Wood Block - Music Box,головоломка world studio,17 Mar 2023
20B66594A5ECA59528B6878E8265F530187F6D7C282E7334FB1D2C3091CDE90D,com.doubtnutapp,1121,1981-01-01 01:01:02,2023-09-15 19:34:28.954649,50000000,2023-09-15T19:34:14.676197,"Doubtnut: NCERT, IIT JEE, NEET",Doubtnut: Doubt Solving & Video Solutions App,12 Sept 2023
02C5D588713E9D0BFF5F9AC5C1F1E34F942A694DE20D9DD440D86D0260B1AC12,glitchvideoeditor.videoeffects.glitchvideoeffect,2432001,1981-01-01 01:01:02,2023-09-13 23:18:35.063354,100000000,2023-09-13T23:21:18.315386,Video Editor - Video Effects,InShot Inc.,"Sep 4, 2023"
154AAFB7AC049F5FBAAD0C5A45D607291A6CC379091AB3DF8FB1ED91F210BC59,media.music.musicplayer,702,1981-01-01 01:01:02,2023-09-07 02:36:03.271426,100000000,2023-09-07T02:39:07.110909,Music Player - Audio Player,Mobile_V5,6 Sept 2023
708DE11DAA619DA6D58C7162288B4D5E983002A0A9ADF2859572CD041C4FCA28,com.minibuu.princessphone,200036,1981-01-01 01:01:02,2023-04-19 00:09:08.919771,50000000,2023-04-19T00:11:31.845925,Baby Princess Phone,Minibuu,12 Apr 2023
0CA2E3FFA26623061FC5E142A202D4026CF72EC060D6E964CADCE367A4DA107B,cn.xiaofengkj.fitpro,128,1981-01-01 01:01:02,2023-12-20 15:26:07.854187,100000000,2023-12-20T15:27:49.035683,"fitpro
2.3.6","Shenzhen Jusheng Intelligent Technology Co., Ltd.",19 Dec 2023
09C744D0597C0A353340EB5C389B263FAB3C220E58D369CFA6E78C468E8D014E,com.pof.android,1510930,1981-01-01 01:01:02,2023-02-21 20:40:26.692466,50000000,2023-02-21T20:58:41.182215,Plenty of Fish Dating App,Plentyoffish Media ULC,17 Feb 2023
0BDB0BD11A7BFEF618E6D320416C1E3091366B5D30AE78B332A39460A4F56204,com.snowcorp.stickerly.android,1021205,1981-01-01 01:01:02,2023-04-19 11:09:05.123877,100000000,2023-04-19T11:11:37.438503,Sticker.ly - Sticker Maker,"SNOW, Inc.",18 Apr 2023
094351002ACD5337F138A40B520B0882C18714C2EE78195D8B0777B0955A1D6C,com.taxsee.taxsee,444,1981-01-01 01:01:02,2023-07-05 15:49:18.893614,50000000,2023-07-05T15:51:34.649221,maxim — rides&food delivery,Taxi booking service and delivery,30 Jun 2023
D5177037EB0D06D73407FCAE0B58091E19ECB3E743BEEEC2403B2523A4010745,com.oneway.Deathcoming,133,1981-01-01 01:01:02,2023-12-20 18:15:45.916873,50000000,2023-12-20T18:17:33.127212,Death Incoming! 2.0.11,Lion Studios,18 Dec 2023
06A67A2228CCC1F74F53CFF75E21024C77FF8C49F34E8047D5689FB82A57FE7D,com.picpay,1386,1981-01-01 01:01:02,2023-11-09 20:08:57.212977,100000000,2023-11-09T20:09:25.762735,"PicPay: cartão, conta e pix
11.0.176",PicPay,8 Nov 2023
2A8AAEF52066D61CE27B6AB293F2636B79115747019F5BCBB839D0CD386AB793,com.word.game.fun.puzzle.prison.escape.captain,1940,1981-01-01 01:01:02,2023-08-28 17:25:21.553833,50000000,2023-08-28T17:26:48.954699,Words Story - Word Game,Great Puzzle Games,25 Aug 2023
2C178E3FCA250C7D59D43397973718CB47C7ED698B935B1D8D74F4F616C50384,com.google.ar.lens,221129089,2009-01-01 00:00:00,2023-06-30 06:41:29.593994,1000000000,2023-06-30T06:42:00.264927,Google Lens,Google LLC,22 Jun 2023
CC844678EAEB3157BD09C4CF5CD76AD137D916D62CC130708C855ECA093D9C00,com.mi.android.globallauncher,2070443,1980-01-01 00:00:00,2023-03-20 09:46:38.040944,100000000,2023-03-20T09:47:16.355333,"POCO Launcher 2.0- Customize, ",Xiaomi Inc.,13 Mar 2023
09B3FEB5F0DF51D66367AB459DED169235D87E8449BF7E228023B7440F578926,com.novapontocom.casasbahia,250000406,1981-01-01 01:01:02,2023-08-04 15:07:34.009642,50000000,2023-08-04T15:07:36.381926,Casas Bahia: Compras Online,Via Varejo S.A.,28 Jul 2023
52C98A11E9727F3442E4C3435D683919C910F78D3A7A87A96A030CCE8CFFFFAB,photo.photoeditor.snappycamera.prettymakeup,83,1981-01-01 01:01:02,2023-10-28 08:18:56.106935,50000000,2023-10-28T08:20:21.830626,Pretty Makeup - Beauty Camera,Photo Editor Perfect Corp.,23 Oct 2023
384863C3A957D42C22E579C3939B27CEDD20BB636F8316809A4A1B14F8719D97,com.crack.screen.prank.bfun,36,1980-01-01 00:00:00,2023-09-28 22:14:39.732181,50000000,2023-09-28T22:16:15.130471,Broken Screen Prank,Eijoy Entertainment,28 Sept 2023
01FEF9324B7189A2E3284EEE1A0CB372FCC784A14360D9C6AF062BA65D516B77,com.bigbluebubble.singingmonsters.full,350,2023-12-07 11:57:26,2023-12-13 16:07:09.803115,50000000,2023-12-13T16:08:55.799295,My Singing Monsters 4.1.2,Big Blue Bubble Inc,7 Dec 2023
0BCF3FBFE7EB7CD6EFABDFE4E4E4A106DF7C6ACEB41463DB725EC56283E69E24,com.ai.bfly,2826,1981-01-01 01:01:02,2023-06-04 10:59:39.313753,50000000,2023-06-04T11:01:25.163300,VFly: video editor&video maker,Vflyteam,2 Jun 2023
00A23A7EC8A1404700C0554AF6BAA7F5BFF4433EC103AEC628A9B4502BF29DCE,com.fusee.MergeMaster,62,1981-01-01 01:01:02,2023-03-09 12:04:33.559574,50000000,2023-03-09T12:24:13.187473,Merge Master: Dinosaur Monster,Homa,7 Mar 2023
31E7127144DF2494149F0B79F373888E3FF693C21760E8FEB04803C6E440F073,com.budgestudios.ThomasAndFriendsGoGoThomas,895,1980-01-01 00:00:00,2023-08-16 23:09:40.926053,50000000,2023-08-16T23:09:09.659600,Thomas & Friends: Go Go Thomas,Budge Studios,3 Aug 2023
00490AB06B4FBB4F76BAC406878EB967E54FFBF23E42E912707540D89198F19C,com.eliferun.music,660,1981-01-01 01:01:02,2023-12-04 06:11:05.57409,10000000,2023-12-04T06:11:55.838143,"Music Player for Android
6.6.0",Leopard V7,1 Dec 2023
5844941E8CA5F48545C0601185328F901865D8BD4E6BDA12165BEA0EF2CC0E6F,com.mgc.miami.crime.simulator.two,633,1981-01-01 01:01:02,2023-08-16 17:20:19.069505,100000000,2023-08-12T15:45:09.879660,Vegas Crime Simulator,Naxeex Action & RPG Games,20 Jun 2023
015D1A26346D458642E3D291FC85534A467D1C1DC99C122F0EF2419FE342FC97,com.gotv.nflgamecenter.us.lite,1339283,1981-01-01 01:01:02,2023-04-04 02:12:22.004615,100000000,2023-04-04T02:13:48.213327,NFL,NFL Enterprises LLC,28 Mar 2023
0E9FB5CF03D7E3A099040CFA6FE6829EA3BA844797674A9A1C301A4F311B0112,com.univision.prendetv,688,1981-01-01 01:01:02,2023-06-30 03:54:07.502519,50000000,2023-06-28T11:31:38.959277,"ViX: TV, Deportes y Noticias","TelevisaUnivision Interactive, Inc.",15 Jun 2023
3D9CC852F24CDFBA36103E4F035CF125004113F6C14330C52731EA3778D98E8D,com.kidgame.supermarket,177,1981-01-01 01:01:02,2023-04-07 15:38:52.476163,50000000,2023-04-07T15:39:37.872196,Supermarket: Shopping Games,Hippo Kids Games,7 Apr 2023
02E5C4C19E23F5324D2DFCA6BA6F0BAB575CCB5575BD99C282CEE935F23FD621,com.dimcoms.checkers,109,1981-01-01 01:01:02,2023-06-11 00:36:41.620549,100000000,2023-06-11T00:36:48.750862,Draughts,English Checkers,6 Jun 2023
11196BD5F4DACB53B7E8424678E2A71F55B94583E672EAA23374535F9AD9AA23,com.yadavapp.keypadlockscreen,77,1981-01-01 01:01:02,2023-12-04 00:23:35.202854,50000000,2023-12-04T00:24:59.741595,Keypad Lock Screen 1.77,YadavApp,25 Nov 2023
ACDE3DB277EB900E19598E92DCD10542FB3B213415C742F5D9F3567C408C026A,com.miniclip.railrush,61014207,1981-01-01 01:01:02,2023-11-03 08:14:50.582776,100000000,2023-11-03T08:16:26.595651,"Rail Rush
1.9.20",Miniclip.com,31 Oct 2023
274846DE731D5F779D339ED03F0ADB923BB71B2F12DB640D14BB956A4074FA9E,qrcodereader.barcodescanner.scan.qrscanner,45,1981-01-01 01:01:02,2023-09-11 01:19:03.172168,50000000,2023-09-11T01:19:05.558901,QR Scanner: Barcode Scanner,Simple Design Ltd.,24 Aug 2023
0EDCA10FA1F9102758A462233E161931070F618E9055E19A3B79C896D9776588,com.tfgco.apps.coloring.free.color.by.number,847,1981-01-01 01:01:02,2023-12-15 19:13:34.092833,50000000,2023-12-15T19:14:33.351777,Colour by Number：Paint Games 3.26,Fun Games For Free,12 Dec 2023
007ED8A51844F1675EF3D762A17BF6E7CAEC8FD43BB9F36AFE7B52E2DEC0E68F,com.gamedevltd.wwh,200848,1980-01-01 00:00:00,2023-10-11 14:14:17.795675,100000000,2023-10-11T14:15:23.828155,World War Heroes — WW2 PvP FPS,Azur Interactive Games Limited,10 Oct 2023
05F130B4670D9D82FE0989D059CF9B7573EABA6C1D1208ED52AE67AC6A49E75E,com.lyrebirdstudio.colorizer.lite,300401,1981-01-01 01:01:02,2023-08-21 14:22:08.942909,50000000,2023-08-21T14:22:28.951986,FaceArt: Filters for Pictures,Lyrebird Studio,18 Aug 2023
32531DED735CF86B57FFC9BF9793775E1E5609E1051530974E791E37B75CDF7B,com.sinyee.babybus.drinks,8660000,1981-01-01 01:01:02,2023-04-14 16:58:01.284354,50000000,2023-04-14T16:59:02.678742,Baby Panda’s Ice Cream Shop,BabyBus,13 Apr 2023
03A87BE08361292929C041DEEED41314DA36A7FCC6AECD0EB9266A2A8C33FF50,com.gameswing.offroad.oiltankertransport.truckdriving.simulator.game,60,1981-01-01 01:01:02,2023-05-28 00:31:49.034409,100000000,2023-05-28T00:32:22.187674,Oil Tanker Driving Truck Games,Games Wing,17 May 2023
00027669C6DFE36F6FCA9C4A8BF83C0E0BB57684993494B4B01ECBF49116117F,com.gk.themeparkfun3d,379,1981-01-01 01:01:02,2023-11-07 10:55:46.895488,10000000,2023-11-07T10:56:33.607119,Theme Park 3D - Fun Aquapark 1.13.0,Alictus,3 Nov 2023
00A4137D679C03379E0160ECCEF27F52E3119A52D61217A00A0A5BD25C20F796,com.matchington.mansion,948,1981-01-01 01:01:02,2023-10-10 20:29:28.044858,100000000,2023-10-10T20:38:16.664112,Matchington Mansion,"Magic Tavern, Inc.",8 Oct 2023
088D423FABAE6C5B41C70E65995B4C89D5B04A404BAE3EA41AD0D1741FD3208B,vinkle.video.editor,10694,1981-01-01 01:01:02,2023-05-16 15:45:05.164673,100000000,2023-05-16T15:46:41.047691,Beat.ly - MV & AI art Maker,Beat.ly music video maker with effects,12 May 2023
905CC092646DE385E9601B161509435D1D397C0FCB6BD1F79655438D62C800E2,com.zaku.live.chat,15,1981-01-01 01:01:02,2023-08-15 13:40:31.528068,10000000,2023-08-15T13:41:12.414152,ZAKU live - random video chat,LIUDING TECHNOLOGY LIMITED,13 Aug 2023
3499B244047722E3C889B59267BE63482B32A0D371DAC8D77C68419676E63934,com.microsoft.office.excel,2003316291,1981-01-01 01:01:02,2023-01-23 13:31:09.688192,1000000000,2023-01-23T13:31:26.000607,Microsoft Excel: Spreadsheets,Microsoft Corporation,19 Jan 2023
0EBE5AB50DD50B4A67A12334DDB59B668B80607180921FB71D99738235046774,com.playgendary.bowmasters,6271,1981-01-01 01:01:02,2023-06-23 22:59:52.955455,50000000,2023-06-23T23:00:28.122972,Bowmasters,Playgendary Limited,20 Jun 2023
3F28787E568B536870E884B8310A0F8CC9FA0B83A7E79A524F2A894B0F1BCFDB,com.game.shape.shift,72451,1981-01-01 01:01:02,2023-10-19 10:28:15.813329,100000000,2023-10-19T10:29:00.593079,Shape-shifting,Sixcube,27 Sept 2023
1AF62AF837889CCDA24B96893A86E8DED0D467CA17D733FF7C81050F92594813,jp.garud.ssimulator,612,1981-01-01 01:01:02,2023-10-30 21:21:27.844667,100000000,2023-10-12T04:14:06.559992,SAKURA School Simulator,Garusoft LLC,10 Oct 2023
DE9A94BD569384869A94143C0EDA54F61340A6D4039976F737E7E5484826F1FE,com.bubadu.supermarket,45,1981-01-01 01:01:02,2023-08-31 21:21:23.003022,50000000,2023-08-31T21:22:15.650723,Supermarket Game,FM by Bubadu,18 Aug 2023
148DF0ED98818EE03CE6733B4DFC2503E5EA1159AF81959158494ABD00390EF5,com.v06.car.driving.mega.city,231223151,1981-01-01 01:01:02,2023-12-26 20:02:12.4006,50000000,2023-12-26T20:04:30.438484,Real Car Driving: Race City 3D 1.5.1,Botanica Global,25 Dec 2023
00E9AA468C5AA5BA9CB6FA47FB63D11C4DC59F525B92608BA3985068264FBEDD,com.shaiban.audioplayer.mplayer,100690003,1981-01-01 01:01:02,2023-11-29 09:30:34.316215,100000000,2023-11-29T09:31:36.431109,"Music Player - MP3 Player
v6.8.10",Apps10X,28 Nov 2023
0230C6BE501880BC231DF0FBD8306A3AE46EC9FD4754E2B8F9F459B28243ABBA,us.zoom.videomeetings,6516010,1981-01-01 01:01:02,2023-09-26 23:17:49.261452,1000000000,2023-09-26T23:19:42.228922,Zoom - One Platform to Connect,zoom.us,25 Sept 2023
0829DFD8B749062FBAAC112B1DD66C4FDB11319F016E5B39142F81B0E3009A3A,com.youmusic.magictiles,2012441862,1981-01-01 01:01:02,2023-10-24 14:00:01.868235,500000000,2023-10-24T14:01:55.103016,Magic Tiles 3,AMANOTES PTE LTD,23 Oct 2023
001802DC9B2122D1355A9C920F13588FAD01DC5A06E67D668A433147902EA807,ru.yandex.weatherplugin,230110002,1981-01-01 01:01:02,2023-11-30 04:17:47.69694,10000000,2023-11-30T04:18:19.305582,Yandex Weather 23.11.2,Direct Cursus Computer Systems Trading LLC,29 Nov 2023
00538EE9A66DE47FC02242E62EFA26DAA8DD975598B1D280645B5B72E1468F27,com.topwar.gp,19224272,1981-01-01 01:01:02,2023-04-05 15:48:28.634936,50000000,2023-04-05T15:49:50.125314,Top War: Battle Game,Topwar Studio,5 Apr 2023
064825790D6B1DEE6A0E15EB143F01EC19D480634300639BFA573E5B44D39814,com.google.android.apps.nbu.files,583795,1981-01-01 01:01:02,2023-09-20 09:47:36.929693,1000000000,2023-09-20T09:47:27.278875,Files by Google,Google LLC,14 Sept 2023
13C9E5CDD6F68BAD0EDEEB931B6402719096C66FB3AF7A13A520CD5833673A1E,in.swiggy.android,1123,1981-01-01 01:01:02,2023-03-22 20:48:42.336848,100000000,2023-03-22T20:49:37.614274,Swiggy Food & Grocery Delivery,Swiggy,17 Mar 2023
28E387C70BDC3CE1FE183F0F37AB746006544EF3DF2F5B1279C3B731DE238777,com.cuvora.carinfo,409,1981-01-01 01:01:02,2023-10-20 16:16:17.126347,50000000,2023-10-20T16:17:46.112684,CarInfo - RTO Vehicle Info App,Car Info,18 Oct 2023
02D4FCC16B82DD31D0E6832203D7366A06294F0814E02A0587080719E0F76AEC,com.weegoon.thiefpuzzle,84,1981-01-01 01:01:02,2023-06-09 17:47:31.712611,100000000,2023-06-09T17:48:58.190711,Thief Puzzle: to pass a level,TapNation,6 Jun 2023
109F1828625424E12F7C21319D490301C5092A23E7C30588698B692E3AD30D4B,com.topfreegames.bikeracefreeworld,2023005771,1981-01-01 01:01:02,2023-10-12 01:06:10.066658,100000000,2023-10-12T01:07:36.259698,Bike Race：Motorcycle Games,Top Free Games.,11 Oct 2023
B78F9EB7AEDFD5C5518AFAE3A495EACF234BF85CB98A79CD1457FA1AFB28DFAB,com.ketchapp.zigzaggame,27,1981-01-01 01:01:02,2023-08-07 17:11:18.92462,50000000,2023-08-07T17:12:01.607109,ZigZag,Ketchapp,4 Aug 2023
531C2476FE40023637E740DB4E1958EE0EE6E6BC9410F1C719DCC7E9025E0647,com.xiaomi.hm.health,50690,1981-01-01 01:01:02,2023-03-03 07:43:53.913605,100000000,2023-03-03T07:43:55.447895,Zepp Life,"Anhui Huami Information Technology Co.,Ltd.",2 Mar 2023
003A384B454E9D72A1B52D85909C9A484F726F797368391A27849ADCBA4913A6,com.phonevalley.progressive,4102,1981-01-01 01:01:02,2023-10-26 01:13:37.973099,10000000,2023-10-26T01:13:18.433273,Progressive,Progressive Insurance,13 Oct 2023
0B5A6550B9E0388C7F6C26A56D0A35A9F366E726DEB1E67FD3109795AC692358,com.bradesco,100010447,1981-01-01 01:01:02,2023-03-11 01:39:43.21808,50000000,2023-03-11T01:59:25.231139,"Bradesco: Conta, Cartão e Pix!",Banco Bradesco SA,17 Feb 2023
1EB087CD6C558C38466F7A241F84FF41E141FDD4326AD414967D3AA62A08356C,com.easybrain.brain.test.easy.game,2310300,1981-01-01 01:01:02,2023-06-29 11:36:37.410551,50000000,2023-06-29T11:38:02.928786,Easy Game - brain test,Easybrain,28 Jun 2023
001D9AF8F65C118F198B4FA3FB7983696331288A50B99628D9DBEB11A483D26D,io.voodoo.stackjump,154,1981-01-01 01:01:02,2023-02-17 15:51:44.349594,10000000,2023-02-17T15:53:06.551911,Stack Jump,VOODOO,17 Feb 2023
0BEEFC79A52E10D9FDFDBAFD42C0411E9E99C5C5F5043F3F05E9581CDE528C08,com.volcano.city.airplane.pilotflight,121,1981-01-01 01:01:02,2023-09-02 17:52:59.919021,100000000,2023-09-02T17:53:56.657256,Flight Simulator Plane Games,The Knights Pvt Ltd,22 Aug 2023
261814A6101D894D983285F1C30CD8D1F6E65F25656C1AB5BAC3F7E7BD2404D9,com.crazylabs.hair.dye.challenge,1700,1981-01-01 01:01:02,2023-07-07 00:03:58.955265,50000000,2023-07-07T00:04:58.180484,Hair Dye,CrazyLabs LTD,6 Jul 2023
023742541AA2550C2C56DED11C4D99BCB44F97CAFD4520AEEB29EA20DE01056F,com.miui.videoplayer,2023110262,1981-01-01 01:01:02,2023-11-14 03:10:42.113156,1000000000,2023-11-14T03:11:00.401440,"Mi Video - Video player
2023110202(MiVideo-GP)",Mi Video,13 Nov 2023
042EC66A4A3F8F43B0D7BEDF66EA28C4D5C7177E016F7398E2A434B9FDDF476D,ru.yandex.music,24023604,1981-01-01 01:01:02,2023-12-07 21:02:59.926087,50000000,2023-12-07T21:06:16.856785,"Yandex Music, Books &amp; Podcasts 2023.11.5 #22.3gpr",Direct Cursus Computer Systems Trading LLC,"Dec 5, 2023"
0024440A51FFA88DCE361A214A120A706BCB504BB44ABA86C574A5A2A7FBA0BD,ua.privatbank.ap24,65609,1981-01-01 01:01:02,2023-04-19 22:28:53.942072,10000000,2023-04-19T22:30:44.726334,Privat24,JSC CB PrivatBank,17 Apr 2023
08BC39C5EAE082436E3CDBC7D61103D18DCDF4660FDD8BA0DEF24B976E0B9BEA,com.easybrain.block.puzzle.games,21900002,1981-01-01 01:01:02,2023-11-19 00:22:09.443462,50000000,2023-11-19T00:25:25.458998,Blockudoku - Block Puzzle Game 2.19.0,Easybrain,18 Nov 2023
3337EBEC2E8DB2B9C6A6A46F65A314E3E984AD5BEE474DBF159D08D99B27B5AE,shareit.lite,5030568,1981-01-01 01:01:02,2023-03-29 18:30:14.573939,100000000,2023-03-29T18:31:25.630473,SHAREit Lite - Fast File Share,Smart Media4U Technology Pte.Ltd.,29 Mar 2023
4C79CD2D8A2ADE3294642C6157DC7624DF45AF6E8E07842C84AC5F38CF9E2F03,eu.inlogic.footballcup2018.gplay,150,1981-01-01 01:01:02,2023-08-12 10:26:20.248922,100000000,2023-08-12T10:26:56.334552,Football Cup 2023: Soccer Game,INLOGIC SPORTS - football tennis golf soccer,9 Aug 2023
2E897723C88C87707B823499F42ECA04D217294B9BF0F79538DAADC7B895F963,com.sofeh.android.musicstudio3,214,1981-01-01 01:01:02,2023-04-24 02:44:47.573019,100000000,2023-04-24T02:44:53.591530,ORG 24: Your Music,Sofeh Sunrise,"Apr 23, 2023"
DBD857539C50445602718243E773CAFA6BC007110CE50102875044437AEF1468,air.au.com.metro.DumbWaysToDie2,5000030,1980-01-01 00:00:00,2023-01-11 06:36:45.949318,100000000,2023-01-11T06:38:51.751286,Dumb Ways to Die 2: The Games,PlaySide Studios Ltd,27 Nov 2022
06F8646F52C90F4E336A0ACCC1A1427ABCE766DF8FFE48BE88C27830DDE2B9FE,com.android.chrome,541408623,1981-01-01 01:01:02,2023-01-11 02:37:30.127435,10000000000,2023-01-11T03:03:27.270646,Google Chrome: Fast & Secure,Google LLC,10 Jan 2023
005717378A430AFE57DF4B1D4409623B0E7DA243023119B574F1D897F08285C0,com.rds.bat.bike.robot.transformation.superhero.games,152,1981-01-01 01:01:02,2023-06-12 00:14:33.084134,10000000,2023-06-12T00:16:05.899264,Flying Bat Robot Bike Game,Grand Adventure Games,30 May 2023
08B305F3DB7AC61B70C7A470CBCC3A4661E6E6027AE051E064B4C9FD0DC8EA5D,com.audiomack,22658,1981-01-01 01:01:02,2023-06-02 16:20:40.850506,50000000,2023-06-02T16:21:26.791577,Audiomack: Music Downloader,Audiomack Music Apps,31 May 2023
1111448FFA4F836699C687D658C7F746556AB48B172C742095001A58886021F4,com.yy.biugo.lite,3330,1981-01-01 01:01:02,2023-09-03 17:00:38.673535,50000000,2023-09-03T17:02:27.216193,Biugo-video maker&video editor,Noizz Team,29 Aug 2023
06C9DC04C3012A9B8182AE8B07AD900DF0089754D55538A9E829997FEDAB88A6,com.snapchat.android,101770,1981-01-01 01:01:02,2023-07-11 21:24:01.098421,1000000000,2023-07-11T21:24:44.206537,Snapchat,Snap Inc,9 Jul 2023
17544C91007DB68A4F05474B1D5C36904D75CD28CEF9E7ED40E060867A32A800,free.video.downloader.freevideodownloader,29,1981-01-01 01:01:02,2023-07-31 05:43:13.24035,100000000,2023-07-31T05:43:36.570781,Video Downloader - Downloader,Simple Design Ltd.,28 Jul 2023
BE5FAC4CF28ED42B13C9BE2E86A04EC6EDF85C3E26D8D22D72FFA40509400DFE,org.videolan.vlc,13050307,1981-01-01 01:01:02,2023-02-20 22:58:27.466445,100000000,2022-11-04T07:18:08.936024,VLC for Android,Videolabs,3 Nov 2022
05D072C69FF06F313E1D607FE4B00560061C1D1DE51BBC334B2817F080DC1859,com.melesta.coffeeshop,100610,1981-01-01 01:01:02,2023-12-15 09:23:23.985189,50000000,2023-12-15T09:25:03.638813,My Cafe — Restaurant &amp; Cooking 2023.13.0.0,Melsoft Games Ltd,8 Dec 2023
03C2B0C02770CEA0AAE90E64C5E558323401C46BB457DCE9AA7BD08961006A33,com.miniclip.carrom,884,1981-01-01 01:01:02,2023-04-24 21:07:27.534488,100000000,2023-04-24T21:13:24.870763,Carrom Pool: Disc Game,Miniclip.com,19 Apr 2023
0A0BA256371D68E276DF64749528F25A8D768FC8AA7B1BC572AF7C8122FDBFDA,com.lookout,10510319,1981-01-01 01:01:02,2023-11-07 09:05:27.021682,100000000,2023-11-07T09:07:14.043610,"Security &amp; Antivirus | Lookout
10.51.3-74326b4",Lookout Mobile Security,2 Nov 2023
1564C1DD9324B131136FEA2809C21FB76BC0C86BD201AF0F3AE9A5636061B7BE,com.jimaapps.crazycardriving.impossiblestunt.driving.simulator.games,72,1981-01-01 01:01:02,2023-08-15 02:26:37.717054,50000000,2023-08-15T02:27:59.567497,Crazy Car Stunts - Car Games,Jima Apps,27 Jul 2023
07B0EAE88DEB813A1ADBE8DA7DB2ACCB93635C88B3B5300588B5C992B2F6FCFD,com.ztnstudio.notepad,17587,1981-01-01 01:01:02,2023-10-16 23:46:08.042574,50000000,2023-10-16T23:48:12.654705,Notepad – Notes and To Do List,Notepad - Digital Notes Studios,6 Oct 2023
24EFB9BC36B8993C760BDEA3404D7E7133C66416C6BEAE06CC25EEA6A34B5C77,com.google.audio.hearing.visualization.accessibility.scribe,114152,2009-01-01 00:00:00,2023-12-08 04:20:16.977006,1000000000,2023-12-08T04:20:47.491694,"Live Transcribe &amp; Notification
6.6.588782083",Research at Google,"Dec 7, 2023"
0960FD0B4EEC0DC847921233A3333C317F889C099D519284B7A4F1D8D6C120A3,com.Lightneer.BazookaBoy,2023041904,1981-01-01 01:01:02,2023-06-07 20:07:46.876,50000000,2023-06-07T20:03:17.014497,Bazooka Boy,Supersonic Studios LTD,6 Jun 2023
C122053AC89D81DC31B0A738B3484415CE6CC03F6B71C4D413AF95B0E5DF41FE,com.eers.kraft.eerskraft,1261,1981-01-01 01:01:02,2023-10-20 04:54:43.303035,50000000,2023-10-20T04:55:55.471496,Eerskraft - Explorations,Gooogame,8 Oct 2023
029F2D9F4634B6972F960F4465AD568042354DE01EAF47708963148DE392A4A3,com.joytunes.simplypiano,5086,1981-01-01 01:01:02,2023-10-27 11:29:25.063368,50000000,2023-10-27T11:30:44.689933,Simply Piano: Learn Piano Fast,Simply (formerly JoyTunes),25 Oct 2023
0017D9836F1552FBBC8B9544FC7FDD83E8A7B7C5D8FFD8CFEE20E93B7E9125CE,com.aceviral.angrygranrun,349,1981-01-01 01:01:02,2023-02-21 06:29:43.731828,50000000,2023-02-21T06:30:15.369777,Angry Gran Run - Running Game,Ace Viral,20 Feb 2023
0DFBDAA30AA79BE3068CA41EE2EC54E1F73BB7F8656D668FB12B2BA548FB276B,com.bettertec.ravo.app,9,1981-01-01 01:01:02,2023-04-04 20:43:03.616838,50000000,2023-04-04T20:43:56.066414,RavoVPN-Secure&Fast Proxy,Five Oceans E-Commerce,4 Apr 2023
027A09995F7DF9E896396C1538D15C5EC7A1C5542182DD951C20741A62C228FA,com.myairtelapp,5510,1981-01-01 01:01:02,2023-06-07 08:44:54.168012,100000000,2023-06-07T08:47:01.857316,Airtel Thanks – Recharge & UPI,Airtel,31 May 2023
087EA60CB64B07A93D8640421A52E70662B40D334477081D3057DC4CE307C821,com.fungames.blockcraft,1319,1981-01-01 01:01:02,2023-10-29 22:56:51.308804,100000000,2023-10-29T22:56:52.468758,Block Craft 3D：Building Game,Fun Games For Free,25 Oct 2023
65697EF86CC9FDD867F4A82A58843DE04CACF069F3BF611FDF9E1CBCBD2C1CA5,com.fingersoft.hcr2,583,1981-01-01 01:01:02,2023-03-27 15:50:32.975956,100000000,2023-03-27T15:58:45.017081,Hill Climb Racing 2,Fingersoft,"Mar 27, 2023"
01DA31094217977C3DD3890ADFC5826CBB090F14B7DDC76C8EF340ACC9142B6E,com.moonfrog.ludo.club,54901,1981-01-01 01:01:02,2023-12-09 04:28:22.686747,100000000,2023-12-09T04:29:12.264225,"Ludo Club - Fun Dice Game
2.3.89",Moonfrog,"Dec 8, 2023"
7D63BD39D361E7A64D2D3C1E0AED53CE3E198D92478A47D02547A0B86BD7813D,com.tatadigital.tcp,295,1981-01-01 01:01:02,2023-12-07 07:42:28.63103,50000000,2023-11-14T10:28:55.603455,"Tata Neu - Shop, Travel, Pay 4.1.1",TATA Digital Private Limited,7 Nov 2023
5E559A078E66EF8010CBFFE13E3F3083A4D464E56CBCDA7C09AE006DE14978A1,com.google.android.apps.wallpaper,200000010,2009-01-01 00:00:00,2023-11-04 23:01:57.698801,500000000,2023-11-03T15:04:10.121743,"Wallpapers
10-6793674",Google LLC,26 Aug 2020
0507631EC81AE0936B2CA0CAA0AF9CE5B088DA411E9F042D3CFDB2154A2E01EC,com.amelosinteractive.snake,757,1981-01-01 01:01:02,2023-08-30 09:07:30.88287,100000000,2023-08-30T09:08:46.297530,Snake.io - Fun Snake .io Games,Kooapps Games | Fun Arcade and Casual Action Games,"Aug 24, 2023"
144F9E54D0FE7CF6D18BECF4EFC8A31DD44D0D55CF61210057B94FEEEA6E117D,com.games.webmaster,1970,1981-01-01 01:01:02,2023-09-15 19:16:28.501649,10000000,2023-09-15T19:18:33.410705,Web Master: Stickman Superhero,CASUAL AZUR GAMES,13 Sept 2023
2277D0C5A9B97CBAA4997321783AF0F8E312F117E65EC87EA25DC45BC58A2B3F,com.gtarcade.lod,276,2023-03-23 15:13:24,2023-03-23 13:28:08.936796,50000000,2023-03-23T13:28:52.223333,Legacy of Discord-FuriousWings,Yoozoo (Hongkong),23 Mar 2023
3EAD14832F4CF6E04C57D2B7CFC752DB711FD0F58895209AD5A1D36766D7B5FA,com.tohsoft.arashi.ninja.shadow,75,1981-01-01 01:01:02,2023-04-12 12:14:48.33321,50000000,2023-04-12T12:14:20.719966,Ninja warrior: legend of adven,TOH Games,11 Apr 2023
41BE84B78874BE6DEA1774F46D333479EE48DB045E50F70601719BA15D094375,com.popularapp.periodcalendar,289,1981-01-01 01:01:02,2023-09-10 15:08:41.698872,100000000,2023-09-10T15:09:21.821790,Period Tracker Period Calendar,Simple Design Ltd.,31 Aug 2023
06D73FFA99C2D915E65E2A650AD614BDB3374AD9BE86C9C06E4ACBD69F2BE557,com.dewmobile.kuaiya.play,445,1981-01-01 01:01:02,2023-04-13 22:08:24.068169,100000000,2023-04-13T20:39:34.646265,"Zapya - File Transfer, Share","Dewmobile, Inc.",12 Apr 2023
1208A60B18081509353A92C3E8C0A7F25AEE4A95BA0436E1206E0F6DF9E6BEC1,com.miui.player,2016,1981-01-01 01:01:02,2023-08-11 02:58:01.684306,1000000000,2023-08-11T02:59:27.497176,Mi Music,Mi Music,9 Aug 2023
9BFC4395904BE2DACAA2378E12477B8C16278E3370EA3A844403C57E3FBAE497,com.gameloft.android.ANMP.GloftIAHM,36533,1981-01-01 01:01:02,2023-01-08 00:41:18.406873,50000000,2023-01-08T00:42:56.934529,Ice Age Village,Gameloft SE,5 Jan 2023
1A8A4D0593CF7C196698932BE730BACFFD9BE52F96D5B6C9EC1BA66C20C4F274,com.tgame.girlgenius,26,1981-01-01 01:01:02,2023-11-24 20:21:32.453533,50000000,2023-11-24T20:21:33.318871,Girl Genius! 1.2.1,Lion Studios,26 Oct 2023
0011C58CEE23DE761C92CC34313046FF1631C42066F6AE4209ED00BEFAB9CDA4,com.infraware.office.link,240,1981-01-01 01:01:02,2023-06-03 04:24:24.422068,50000000,2023-06-03T04:24:04.295058,"Polaris Office: Edit&View, PDF",Polaris Office Corp.,1 Jun 2023
18FB6ABAB5BA57BDDF73C00A97E069326E3FAD14E0325C134D32FBC0BF38BE5A,com.CharityRun.game,2340003,1981-01-01 01:01:02,2023-09-27 13:30:25.210611,50000000,2023-09-27T13:31:48.243397,Destiny Run,VOODOO,25 Sept 2023
13821C94050CE9505E6FAD0E530CE2DEC4C2DAA408A15144B926FB484AC3006F,com.kgs.housedesigner,69,1980-01-01 00:00:00,2023-12-15 17:42:59.217257,100000000,2023-12-15T17:46:49.314584,"House Designer : Fix &amp; Flip
1.1470",Karate Goose Studio,"Dec 12, 2023"
09699ACB858396D3E78A44C66E17B3034362EEDCE00D008DE7EA1C0F0223B043,com.nono.android,684,1981-01-01 01:01:02,2023-11-01 09:29:19.100195,50000000,2023-11-01T09:30:02.114796,Nonolive - Live Streaming 10.3.4,DOYU HONGKONG LIMITED,31 Oct 2023
830D52F9931378D8EED6E55AAABC99B098717FA0B93B84BB22C25C91E65DCEC2,bubble.shoot.fruit.splash.game2,78,1981-01-01 01:01:02,2023-07-27 02:54:17.569043,50000000,2023-07-27T02:59:45.068367,Shoot Bubble - Fruit Splash,4 GAME STUDIO,"Jul 25, 2023"
B251D3252DFD9F5B572982308983DE08B3607839DA8A5FCBE52ED3ECB339829B,com.je.supersus,146280301,1981-01-01 01:01:02,2023-11-05 16:21:22.814898,50000000,2023-11-03T08:01:01.892139,Super Sus -Who Is The Impostor 1.46.28.031,PIProductions,27 Oct 2023
257C52BEB53EEC03493649C9DF3067CACA255961285DCAA817672AA619D57AD7,air.com.aceviral.motox3m,1019006,1981-01-01 01:01:02,2023-02-17 18:47:56.452401,100000000,2022-11-28T15:41:15.780797,Moto X3M Bike Race Game,Ace Viral,7 Nov 2022
779C1EC906EC3130BC413AC95C65E6D474F5FD5D974E50C1CE58F2AD2976D449,com.thanksgod.gaming.mod_ff_skin,59,1981-01-01 01:01:02,2023-12-02 22:21:22.146309,50000000,2023-12-02T22:21:52.853965,Skin Tools 5.0.4,Radhika Yusuf Alifiansyah,26 Apr 2022
1EF5834AB77C755494CB7EEA2E3CC7CECAD781CFAB1E780F6FD363455569966A,com.rababagames.hajwalah,186,1981-01-01 01:01:02,2023-11-12 18:28:26.568668,50000000,2023-11-12T18:37:52.928860,Drift هجولة 3.5.9,RABABA Games,"Nov 8, 2023"
0A2E8E7BD4826E2C1A2F49A1AAE33B934AC2815AD5DDF45A31154F8C5C1022D8,beatmaker.edm.musicgames.gunsounds,127,1981-01-01 01:01:02,2023-03-30 05:21:29.828137,50000000,2023-03-30T05:22:36.328531,Beat Fire - Edm Gun Music Game,Adaric Music,28 Mar 2023
098A39863F0D2ECA7B80B206C0ABE6E2128C5D8687B242F7E3DE5D936DDF7AE8,com.youdao.hindict,341,1981-01-01 01:01:02,2023-01-12 13:03:50.465223,100000000,2023-01-12T13:04:07.093322,U Dictionary Translator,Talent Education Inc,12 Jan 2023
1365E16B2C54CABA99F35A84FACBC8724A4B72127F88CCECF1247C8C704A8846,com.crazylabs.tie.dye.art,42100,1981-01-01 01:01:02,2023-09-24 01:41:58.496095,100000000,2023-09-24T01:41:37.305997,Tie Dye,CrazyLabs LTD,20 Sept 2023
090FA61BB1A9ADF39B68B179CECFD4422BEC65529AFEB8DB22397F47C4470281,com.yalla.yallagames,1030411,1981-01-01 01:01:02,2023-01-30 02:28:00.491906,100000000,2023-01-30T02:28:27.969261,Yalla Ludo - Ludo&Domino,Aviva Sun,29 Jan 2023
11ED59570691AA59A2A81354E9A32B1A1AC6EE507C0CAECD43BB6DC7F0ACA697,com.forshared.files,30015400,1981-01-01 01:01:02,2023-01-26 19:44:13.823389,50000000,2023-01-26T19:46:52.162388,4shared,New IT Solutions,"Jan 19, 2023"
1446EB9BC49474FBD06C8BA3F9633779903C181C10E6217F962BEE1F8550C879,com.hypercarrot.giantrush,149,1981-01-01 01:01:02,2023-09-08 11:24:07.582079,100000000,2023-09-08T11:24:30.841122,Giant Rush!,TapNation,1 Sept 2023
15E6E524CD0F0C7E8F6BC06D0890238612CA32DF58EB7662471BDD307BAD7339,com.radio.pocketfm,761,1981-01-01 01:01:02,2023-12-15 18:36:56.995751,100000000,2023-12-15T18:38:17.803002,"Pocket FM: Audio Series
6.3.7",Pocket FM Corp.,14 Dec 2023
06D54788D55D2E112EDB4932EE264887823FF6F85D6A10F9EED53C2BA1855844,com.rstgames.durak,86,1981-01-01 01:01:02,2023-08-29 12:41:37.863723,50000000,2023-08-29T12:41:58.486123,Durak Online,R-Soft LLC,28 Aug 2023
001720669F03C705ECC52A424E09D63D0B8816DB08261A0D57CAE8652BCB5F0E,com.dunzo.user,2086,1981-01-01 01:01:02,2023-01-16 10:59:34.890308,10000000,2023-01-16T11:00:43.700932,Dunzo: Grocery Shopping & More,Dunzo Digital,11 Jan 2023
9FD9CC8B381BEEDC05CD423F422142E1D8B159F04D015C768F75511D3FCBA306,com.julian.motorboat,11,1981-01-01 01:01:02,2023-08-27 16:56:20.335274,50000000,2023-08-27T16:56:53.810949,Powerboat Racing 3D,Doodle Mobile Ltd.,25 Aug 2023
2767B7315EE4240334B26600BB81C401A777C345936B675E678BEE28D5783295,com.ghive.jeep.parking.car.free.game.master.apps,149,1981-01-01 01:01:02,2023-03-15 11:29:58.173287,50000000,2023-03-15T11:29:59.605614,Car Parking Games 3D: Car Game,Frolics Simulation & Action Games,14 Mar 2023
02413A10E09046EB4BDC0B4909E28813D396EDFB7356CFE7ABB6380744F2CCA5,com.os.space.force.galaxy.alien,5004205,1981-01-01 01:01:02,2023-04-13 07:35:55.505289,50000000,2023-04-13T07:36:37.969282,Galaxiga Arcade Shooting Game,ONESOFT GLOBAL PTE. LTD.,12 Apr 2023
0B2E1544A9D8E355058AFB3B7E30597068AD8DEEB24339096D2CF0F64767D861,com.tul.tatacliq,267,1981-01-01 01:01:02,2023-10-24 14:08:06.590446,50000000,2023-10-24T14:09:08.722430,Tata CLiQ Online Shopping App,Tata Unistore Limited,17 Oct 2023
13634EE877C1597240E40AC8FDA81ECD1ADAFB552D30B678527CBDCEE140EADA,com.bKash.customerapp,39001052,1980-01-01 00:00:00,2023-12-02 22:11:36.209482,50000000,2023-12-02T22:14:17.081392,bKash 3.2.0,bKash Limited,10 Jan 2020
3F67CBCE785F175231122E616F427B92209FF384D33379A1F75C983E83F5F405,com.jura.car.stunt.master,93,1981-01-01 01:01:02,2023-11-23 15:32:40.835695,50000000,2023-11-23T15:32:29.627475,Car Stunt Master: Car Games 1.93,Zego Studio,17 Nov 2023
0C81FD9BA1E81513E2236D7C99F383750131361DE1B91E0F6E6472C4C2028A1F,com.a0soft.gphone.app2sd,230005589,1981-01-01 01:01:02,2023-03-28 08:20:11.806229,50000000,2023-03-28T08:21:27.690998,AppMgr III (App 2 SD),Sam Lu,27 Mar 2023
01D887BE4D864C912686E1A9F890DDF73C624D60DB222EF54F775F0C72E5449D,com.verizon.messaging.vzmsgs,31250,1981-01-01 01:01:02,2023-08-23 15:29:04.808009,100000000,2023-08-23T15:30:14.500511,Verizon Messages,Verizon Consumer Group,16 Aug 2023
008D7EC66E98C956E798514495B756540FDB7203652BBAB91C04E73A15FE0125,br.com.uol.ps.myaccount,935,1981-01-01 01:01:02,2023-09-22 07:35:16.002926,50000000,2023-09-20T14:12:52.017964,"PagBank Banco, Cartão e Conta",PagBank,13 Sept 2023
03CABDEAEF6ED4BCB5E9B785E930732758A2CE3E8B5A3F9BE9E73541690B17F5,com.cloudflare.onedotonedotonedotone,3341,1981-01-01 01:01:02,2023-05-27 00:41:55.65343,100000000,2023-05-27T00:41:46.392348,1.1.1.1 + WARP: Safer Internet,"Cloudflare, Inc.",11 May 2023
3DC6A0D0B0064DC47E1AA2A10C845A3C2F70D5E786E1264C301F3DC74EF51107,com.trianglegames.squarebird,84,1981-01-01 01:01:02,2023-05-30 04:51:32.385586,50000000,2023-05-30T04:52:07.668115,Square Bird - Flappy Chicken,MOONEE PUBLISHING LTD,25 May 2023
02033DFB8ED8C4D14D8E7CE2770C7533058F14D446C4CD0D04AB55F11D143560,ringtone.maker.mp3.cutter.audio,222004,1981-01-01 01:01:02,2023-07-01 23:03:28.487102,50000000,2023-07-01T23:03:21.611441,MP3 Cutter & Ringtone Cutter,InShot Inc.,27 Jun 2023
81985EC280AD2BAFF2A8148E46104715A5D1BF7316806F60410E43BFFD79CE53,com.tmob.AveaOIM,166,1981-01-01 01:01:02,2023-10-19 02:38:15.267414,50000000,2023-10-19T02:39:32.918830,Türk Telekom Online İşlemler,TT Mobil İletişim Hizmetleri A.Ş.,11 Oct 2023
02DF8E3FAF4E15845E1FBF5139647E6DC08894A841375109584765031769CC6B,com.nexstreaming.app.kinemasterfree,30628,1981-01-01 01:01:02,2023-07-17 11:25:05.263711,100000000,2023-07-25T20:50:48.089172,KineMaster-Video Editor&Maker,"KineMaster, Video Editor Experts Group",16 Jul 2023
0D62492A4765580EA7AB78BAE86E8DA2C95FF844A436F1B3B609EEE3F2AA4CC5,org.zwanoo.android.speedtest,190116,1981-01-01 01:01:02,2023-05-05 11:40:18.824081,100000000,2023-05-05T12:07:39.090151,Speedtest by Ookla,Ookla,4 May 2023
6D04A090EFDAFD7A1E5D7C42EA7DD9A265D68CE4E7C99BC7E712FDACEFAF71F2,com.color.cars,1888,1981-01-01 01:01:02,2023-11-21 19:11:13.381701,50000000,2023-11-21T19:13:48.570877,Cars game 18.5.2,Coloring Games,2 Oct 2023
15EA3977715ACB82601A83B55644ECEF4059EBCE098527DE6F91DC06F39B0C09,com.linkedin.android,172900,1981-01-01 01:01:02,2023-05-19 07:34:18.871878,1000000000,2023-05-19T07:34:32.116521,LinkedIn: Jobs & Business News,LinkedIn,15 May 2023
1BD0CE03458EA13E005BB3A0C6D73EF0CF316DD2430F584938D872A883376F4F,com.ketchapp.knifehit,48,1980-01-01 00:00:00,2023-12-28 03:10:51.284714,100000000,2023-12-28T03:11:41.655474,"Knife Hit
1.8.17",Ketchapp,9 Dec 2022
01F266A04B2417305E202FD2E55911B04F589608FCA0533979A3839B704726E3,screenrecorder.recorder.editor,178,1981-01-01 01:01:02,2023-05-13 01:52:25.554423,100000000,2023-05-13T01:53:17.667324,Screen Recorder Video Recorder,VIDEOSHOW Video Editor & Maker & AI Chat Generator,8 May 2023
034D6FCAD9F1D1CB9D598CF2691F7F365AA063BBF1AFF26463D4F8AB69DCE46E,com.soomapps.screenmirroring,86,1980-01-01 00:00:00,2023-08-26 08:40:30.297028,50000000,2023-08-26T08:42:05.857360,Screen Mirroring - Castto,SoomApps,16 Aug 2023
000283193390BFE027F8FE91605A75D19522AA7671FACB34174EA647BD1AD7E5,net.wooga.junes_journey_hidden_object_mystery_game,2960110,1981-01-01 01:01:02,2023-11-23 02:25:08.342746,50000000,2023-11-23T02:26:26.000712,"June&#39;s Journey - Hidden Object
2.96.1",Wooga,21 Nov 2023
00544170DC718C402F2FC8A7079113CB8D52B7FD6B0E0C137D18503B26C6AF65,com.shopping.limeroad,1372,1981-01-01 01:01:02,2023-01-18 15:47:45.600945,50000000,2023-01-18T15:48:25.505762,LimeRoad Shop Curated Fashion,LimeRoad Online Shopping,13 Jan 2023
0C2D9D144CBE172D5873C4B543D6FA0C9873DA400F8A6179775FBC36798A8C75,com.global.foodpanda.android,232300334,1981-01-01 01:01:02,2023-12-04 12:08:22.867859,100000000,2023-12-04T12:11:06.678306,"foodpanda: food &amp; groceries
23.23.0",Foodpanda GmbH a subsidiary of Delivery Hero SE,"Nov 23, 2023"
10D9EAFFA7CF95B8689B64317FE0D5A31BCD2726D7D746F383A5C074FE638C5A,air.com.games2win.internationalfashionstylist,9000487,1981-01-01 01:01:02,2023-12-09 09:16:35.874197,50000000,2023-12-09T09:17:07.998454,Fashion Stylist: Dress Up Game 9.3,Games2win.com,8 Dec 2023
00C9484C971BA4AF3329E2549DCCAE478D030B34EE09F566DD8FFF90E3C03AD8,com.roblox.client,1426,1981-01-01 01:01:02,2023-03-02 18:57:46.399665,500000000,2023-03-02T18:59:21.934214,Roblox,Roblox Corporation,28 Feb 2023
02F9B24372D5BB8A3ED4BE3AFE9B809DC405A27CD4176069DF43C52FD5697B56,com.anghami,7000540,1981-01-01 01:01:02,2023-11-12 01:58:20.877121,50000000,2023-11-12T02:09:07.261313,Anghami: Play music &amp; Podcasts 7.0.54,Anghami,"Nov 9, 2023"
144E9B5910FFC3840A9FEFB5A55669D66F602A7A15C37F2BF9366A60BF1F59C4,com.yx.sniper,156,1981-01-01 01:01:02,2023-05-12 10:30:39.318896,50000000,2023-05-12T10:32:12.638813,Elite Killer: SWAT,CanaryDroid,10 May 2023
1CCE139BB3C4D386FB4605D59206A3CB4D73A469399895341CE4E5A7BB4AF366,com.outfit7.herodash,780,1981-01-01 01:01:02,2023-11-21 18:45:31.461849,100000000,2023-11-21T18:45:07.211252,"Talking Tom Hero Dash
4.3.5.5488",Outfit7 Limited,21 Nov 2023
29DD4C3672AB07C423A4D3283DC38DF719006169FF0149C0ECD1522FC0F44DF0,com.xmonetize.quizzland,3211,1981-01-01 01:01:02,2023-11-08 06:14:37.89922,100000000,2023-11-08T06:16:36.104509,"QuizzLand. Trivia Brain Test
3.0.020",Quiz & Trivia Games by Mno Go Apps,1 Nov 2023
26489E097E59CE416D116729CDD8BEE4E4A648B651F6A7C765134D4FAB53F44C,com.StressGame.AntistessPopToySatisfying,200050,1981-01-01 01:01:02,2023-04-18 18:48:59.579336,50000000,2023-04-18T19:16:12.964980,Pop it Fidget Toys 3D,FALCON GAME STUDIO,"Apr 18, 2023"
0060C92E8939D8CF7889C4D6F90AC2CB342B5543449A4E322FD3B49FE7029322,com.gm.decolar,240181400,1981-01-01 01:01:02,2023-11-26 23:05:37.531405,10000000,2023-11-26T23:05:56.938968,"Decolar: Voos e Hotéis
18.14.0",Decolar,24 Nov 2023
00690247000734D39B54953C3AD146A9D3A84A594716003D58FE273C3E52660D,sort.ball.puzzle.color.match.puzzle.sorting,200063,1980-01-01 00:00:00,2023-02-21 12:35:22.612122,10000000,2023-02-21T12:36:28.938276,Color Ball Sort Puzzle,Sonatgame,21 Feb 2023
5A8F481E3DB8371A413C08F8DAF5595B3C9AC019D280982DEFEABF5763B414E0,com.stealthgame.master,152,1981-01-01 01:01:02,2023-02-25 19:15:17.207629,50000000,2023-02-25T19:14:36.005429,Stealth Master - Ninja Killer,SayGames Ltd,24 Feb 2023
003ABAEE8FE469E50C9433481572E0593B5AB93309BDFED41FBD799C5BD9AA93,com.Highscoregames.Drawrocket,46,1980-01-01 00:00:00,2023-07-16 14:52:42.617231,10000000,2023-07-16T14:51:54.367912,Rocket Punch!,Lion Studios,11 Jul 2023
00F72974DE7B6E6B7A632F9C89B4A21D92E2AB2C3F13CB9AF1E410D111ED45C0,wp.wattpad,3151,1981-01-01 01:01:02,2023-09-15 19:05:11.78428,100000000,2023-09-15T19:05:13.515339,Wattpad - Read & Write Stories,Wattpad.com,13 Sept 2023
0761058013193997578E527D08AB186FCE82CFB51C7D131833A4F3062CB09890,ocean.nomad.survival.simulator,244,1981-01-01 01:01:02,2023-07-04 02:10:16.737192,100000000,2023-07-04T02:12:01.201796,Raft Survival - Ocean Nomad,Survival Games Ltd,30 Jun 2023
6626ED8A6ACAF8DD86C38BB1139F2B2950F2623BD9E081286366284FADD86F04,cast.video.screenmirroring.casttotv,231300,1981-01-01 01:01:02,2023-03-15 18:16:18.789101,50000000,2023-03-15T18:17:01.141522,"Cast to TV - Chromecast, Roku",InShot Inc.,14 Mar 2023
07D73B4B721F429929A6DB8B7F6DF0AC79747FB44F565C69D46AD389F32348AF,com.google.android.tts,210456693,1981-01-01 01:01:02,2023-12-19 23:09:55.317524,10000000000,2023-12-19T23:09:57.490998,"Speech Recognition &amp; Synthesis
googletts.google-speech-apk_20231128.00_p0.586139782",Google LLC,12 Dec 2023
3CC9650FE269E0F829D52E2369015EBF72D43B1DBB7549518580BE78E29C72E3,com.timuzgames.bikeracing2018,700123,1981-01-01 01:01:02,2023-02-26 08:59:14.788955,50000000,2023-02-26T08:59:53.570361,Bike Racing - Offline Games,Arctic Wolf Studios,23 Feb 2023
0BD7C2B69DF8F61BA5C44D6E7248658C086A9C36B8DC3AC09841D91F25936360,com.train.taxi,62,1981-01-01 01:01:02,2023-02-06 19:45:00.232963,50000000,2023-02-06T19:46:02.168123,Train Taxi,SayGames Ltd,6 Feb 2023
09E80A9844F5CC272A1A72FAA3D016EBEF7EE03A8A8EA8A0093E2DB29508FF6C,com.dogbytegames.offtheroad,253,1981-01-01 01:01:02,2023-12-19 09:11:10.844366,50000000,2023-12-15T20:08:54.854487,OTR - Offroad Car Driving Game 1.15.3,DogByte Games,15 Dec 2023
233FB54F92BC01280B717CA4090C2B0D5D7107922A3BD65FE3B2D1E6E82576A0,game.bubble.shooter.dragon.pop,128,1980-01-01 00:00:00,2023-05-14 22:50:46.63591,100000000,2023-05-14T22:51:42.543074,Bubble Shooter,Happy Dragon Inc.,11 May 2023
05C899A600504690774C7FDB3D9625BBCF43A48DF895AD67B8A4D6CDC42A361E,com.biglime.cookingmadness,163,1981-01-01 01:01:02,2023-11-01 20:44:54.997632,100000000,2023-11-01T20:45:27.469546,"Cooking Madness -A Chef&#39;s Game
2.6.0",ZenLife Games Ltd,31 Oct 2023
58646A9B7D32D1FF12758D64B1C974919BC2CB145025C1B1326223800F3F25FB,jp.co.dwango.HcgDW007SandwichRun,231115380,1981-01-01 01:01:02,2023-11-19 03:09:44.302202,50000000,2023-11-19T03:10:07.424113,Sandwich Runner 0.3.30,株式会社ドワンゴ,14 Nov 2023
21B8DC25DB6533B87E79C4542132877CE188833E9E4DE44B7A4B4A70E4369B48,com.arcsys.tictactoe,10500000,1981-01-01 01:01:02,2023-08-02 00:39:04.380521,100000000,2023-08-02T00:39:05.835311,Tic Tac Toe Glow,Arclite Systems,28 Jun 2023
03562B135D93EFFEF892071C68C8FF88B09E7ECE938C8FFEE03E93156B1D0BCD,com.piano.tiles.music.game.circles.dancing.beat.magictiles,48,1981-01-01 01:01:02,2023-09-07 15:41:14.322046,50000000,2023-09-07T15:40:48.107652,Piano Star: Tap Music Tiles,Potato Games Studio,5 Sept 2023
087BD81B942673CD04277ADAEFD83B2754149007897B0DEF5D3AB20A6C3F1143,com.rollic.tanglemaster3D,333,1981-01-01 01:01:02,2023-03-03 11:22:58.411753,100000000,2023-03-03T11:23:00.382591,Tangle Master 3D,Zynga,1 Mar 2023
0513242842D66160CB6F4C9EEE5DCB9B28613BB64881E5D4E8AFDC598E8044EB,com.cassette.aquapark,120,1981-01-01 01:01:02,2023-02-23 11:13:37.379078,100000000,2023-02-23T11:14:55.949227,aquapark.io,VOODOO,20 Feb 2023
006074668FC9871C07326338D0FA34AB4EE62A71DBC382146A3DD3871AFCA9B8,com.games.bottle,262,1981-01-01 01:01:02,2023-03-24 02:23:26.994801,100000000,2023-03-24T02:23:16.409111,Bottle Jump 3D,CASUAL AZUR GAMES,23 Mar 2023
01B45C9008E707BE0462B12D153E491A242754598D87DDF0D48ED54BDC8D034B,com.mapswithme.maps.pro,71629,1981-01-01 01:01:02,2023-08-28 20:33:29.330121,50000000,2023-08-28T20:35:12.482802,MAPS.ME: Offline maps GPS Nav,MAPS.ME (CYPRUS) LTD,24 Aug 2023
16B9F9D049A22702583DD260D47F61D2B224A41CCFB575BB05BA9CBD322B41BD,com.exiongames.exionhillracing,230700,1981-01-01 01:01:02,2023-07-09 19:04:27.463444,50000000,2023-07-09T19:04:09.606857,Exion Hill Racing,George Varga,8 Jul 2023
79A8B923507483EE3E045BF62B1D3CC48E65E7653FC94C92FA3F7A03A6E4F6C2,com.plexapp.android,945897812,1981-01-01 01:01:02,2023-12-20 00:14:53.47418,50000000,2023-12-20T00:15:39.449839,Plex: Stream Movies &amp; TV 10.6.0.5141,"Plex, Inc.",19 Dec 2023
0426FBEA5C580A269F5EE7454DDB9620D4CD371CDB6A4B3069C9E6880313571E,com.meitu.meiyancamera,11466,1981-01-01 01:01:02,2023-05-24 07:54:05.542122,50000000,2023-05-24T07:54:17.608667,Beautycam-Beautify & AI Artist,Meitu (China) Limited,23 May 2023
307040877481E0ADF062DCA85D471FD27F7FF0B2280F8D8A0502C4CFBF676AF0,com.shopee.th,599,1981-01-01 01:01:02,2023-11-03 23:42:09.050709,50000000,2022-04-01T03:12:42.463234,Shopee TH: 4.4 Shocking Day,Shopee,28 Mar 2022
0230BDA745097381E973F06226337041F19F1EF0420BE35717ED1B6A9BB36C08,jp.gocro.smartnews.android,757,1981-01-01 01:01:02,2023-09-14 06:01:19.870237,50000000,2023-09-14T06:02:50.854912,SmartNews: Local Breaking News,"SmartNews, Inc.",8 Sept 2023
BC27847F7651CEE00E7E64131D47AA3AFA331A2D748B3E4B6604FCBB5CA52D93,com.bagatrix.mathway.android,16982,1981-01-01 01:01:02,2023-12-01 03:57:22.970351,50000000,2023-12-01T03:57:23.421275,Mathway 5.6.1,"Chegg, Inc.",30 Nov 2023
C4B8F56C2E64709FA33DF5EFC889EEBDDA25961C8E04428FBCBE5B55BF0CD7D8,com.pjmasks.moonlightheroes,964,1980-01-01 00:00:00,2023-12-12 09:59:40.170835,100000000,2023-12-12T10:00:12.423987,"PJ Masks™: Moonlight Heroes
4.1",Scary Beasties Limited,6 Dec 2023
0CE207F85EDE8894DDD8E7224421A67B322C62D077A6A03120942952D8F72FBE,com.gta.real.gangster.crime,600,1981-01-01 01:01:02,2023-11-05 07:42:05.060722,100000000,2023-11-05T07:42:55.208875,"Real Gangster Crime
6.0.0",Naxeex Action & RPG Games,30 Oct 2023
00EFCCEDDF26774B98935046F83E2D4F5A8D9EACD9E866A6B49BE66394B01086,com.igg.android.lordsmobile,478,1980-01-01 00:00:00,2023-04-20 09:07:32.227461,100000000,2023-04-20T09:08:11.232920,Lords Mobile: Kingdom Wars,IGG.COM,19 Apr 2023
09622CA918311DAD11245C1A02ECF02D9D433768F29DD660890476F3EDC3231B,com.bubbleshooter.popbubbles.shootbubblesgame,142,1981-01-01 01:01:02,2023-10-19 01:05:32.353725,50000000,2023-10-19T01:07:18.818396,Shoot Bubble - Pop Bubbles,IVYGAMES,13 Oct 2023
105477B275BC0FFEA81B9BAB66F47127EED8572BE200860C28ACC484AEDE27A4,com.google.android.apps.walletnfcrel,930409032,2009-01-01 00:00:00,2023-12-02 20:45:56.210591,500000000,2023-12-02T20:45:44.650331,"Google Wallet
2.193.537972522",Google LLC,5 Jun 2023
010C99F9C6EBE96A16A029154A8E80B2D3C9B4A05AE79A2052C890A99F8A15F3,com.king.candycrushsodasaga,12531010,1981-01-01 01:01:02,2023-10-03 12:26:25.509832,500000000,2023-10-03T12:26:09.919385,Candy Crush Soda Saga,King,27 Sept 2023
01591F827637ABDE0F6C7204B4F7494901FBE3A1C5BD00D00ECC6989DFF09DF7,com.mind.quiz.brain.out,2205,1981-01-01 01:01:02,2023-02-22 22:02:22.380332,100000000,2023-02-22T22:07:10.057629,Brain Out: Can you pass it?,Focus apps,"Feb 20, 2023"
3044A98E65488BB8234A9BBE87E13C198039B7F2AA496195BFC2385521A9AF1A,com.vaibhavkalpe.android.khatabook,603900,1981-01-01 01:01:02,2023-11-05 11:02:10.426406,50000000,2022-03-02T22:06:42.672391,"Khata Book Udhar Bahi Khata, Credit Ledger Account",Khatabook Business Apps,25 Feb 2022
8062230475FD9DDEB79EC38559BA1A40365DD265BBBA696DDDA1B574C865E1D5,com.outfit7.talkingnewsfree,230,1981-01-01 01:01:02,2023-04-26 01:30:30.665504,100000000,2023-04-26T01:30:32.241745,Talking Tom & Ben News,Outfit7 Limited,25 Apr 2023
12A55F6234D38863AD103F8B38E74CD2197550575EE1D02EDB80D0361F6D2552,com.sinyee.babybus.taxi,8670608,1981-01-01 01:01:02,2023-11-09 18:40:07.099884,100000000,2023-11-09T18:41:13.484598,"Baby Panda&#39;s School Bus
8.67.06.08",BabyBus,8 Nov 2023
100E5A43AC09F3EE7397190159893D74B3836FD7A2A285CA4C0939C2D1089E40,com.kidsfoodinc.unicorn.cooking.game,20231129,1981-01-01 01:01:02,2023-12-06 11:33:59.429771,50000000,2023-12-06T11:33:50.532163,Girl Games: Unicorn Cooking 1.0.4,Kids Food Games Inc.,23 Nov 2023
09162B059B103CF45C3104F3E1CC1E42BAE4C65D998377D3F2618B1BF1A406D7,com.avast.android.mobilesecurity,510978,1981-01-01 01:01:02,2023-12-02 18:58:26.932448,100000000,2023-12-02T18:59:21.237639,"Avast Antivirus &amp; Security
6.52.0",Avast Software,16 Sept 2022
005CC04474E7B0392531D7C4D4EB3157F0365775EDA843E6DAA1AF6CD081199E,com.idleif.abyssrium,700,1980-01-01 00:00:00,2023-10-06 00:30:55.739435,10000000,2023-10-06T00:31:43.916159,Tap Tap Fish AbyssRium (+VR),Wemade Connect,3 Oct 2023
1AB4FC36B69B5EFCFA1C072029000C70255A43545317E5A2A8EF062680927A77,com.sec.penup,391156000,2009-01-01 00:00:00,2023-07-12 07:09:23.830112,100000000,2023-07-12T07:09:31.088665,PENUP - Share your drawings,"Samsung Electronics Co.,  Ltd.",9 Jul 2023
1DD4008D66F98772252140E62AC74EAB11DA6865162EC21116A8FE295C5541EB,com.huawei.maps.app,30600300,1980-01-01 00:00:00,2023-05-20 13:52:49.996068,100000000,2023-05-20T13:52:26.623020,Petal Maps – GPS & Navigation,Petal Maps Team,17 May 2023
001ADFC39A1422C841076D32CBFBC5E30A68BA2E012F7D86AEA91E696485DAB5,com.google.android.apps.translate,698474722,2009-01-01 00:00:00,2023-06-08 18:45:12.303176,1000000000,2023-06-08T18:46:08.019559,Google Translate,Google LLC,6 Jun 2023
04E8A91A441E749E4015590D2EB08F16D6B1CC7931B80D1DF3DB4E6A51C4DEDC,beatmaker.edm.musicgames.PianoGames,119,1981-01-01 01:01:02,2023-01-14 10:15:30.162098,100000000,2023-01-14T10:15:55.357828,Piano Fire: Edm Music & Piano,Adaric Music,11 Jan 2023
01CF98D34ED31DE49B196694241107A9B7C1607CFB7736514774846983D63A48,com.naver.linewebtoon,2110800,1981-01-01 01:01:02,2023-02-09 08:20:19.654214,100000000,2023-02-09T08:20:12.918302,WEBTOON,WEBTOON ENTERTAINMENT,8 Feb 2023
145F3B56AACA4FFC2CCC015F7DDF7FE7A1BFC14C8E1781B9AAB5E77164B000A5,com.playstrom.dop2,40,1981-01-01 01:01:02,2023-10-10 18:50:04.244253,100000000,2023-10-10T18:51:28.378000,DOP 2: Delete One Part,SayGames Ltd,3 Oct 2023
0BAB36BFA37D91F82A1582700EB7B1B2F0C3D9B8A944990C25B3CB9661D92C25,com.freecharge.android,366,1981-01-01 01:01:02,2023-07-22 12:00:27.633355,50000000,2023-07-22T12:00:43.810662,"Freecharge - UPI, Pay & Loans",Freecharge,20 Jul 2023
110536EC08DD0BBF798CA58C0BC013244C2A52D5754F50387350C8D8AEC22B80,com.supercell.clashroyale,50142000,1981-01-01 01:01:02,2023-12-13 11:23:33.470037,500000000,2023-12-13T11:23:35.126793,"Clash Royale
50142000",Supercell,11 Dec 2023
70CF810B9752D4BB47376357CAD87EB3E4A58433B3B5513BD6911FF21EC74CD6,com.musicplayer.music,121,1981-01-01 01:01:02,2023-11-14 11:05:42.485879,100000000,2023-11-14T11:05:43.367935,"Default Music Player
7.0.51",JAYAVELU V,2 Sept 2023
05B208FC8DB8F59879E670FC0920CE0E62FE6459E78874B6C42E33A3F3585B4F,com.kii.safe,5202,1981-01-01 01:01:02,2023-11-14 10:39:54.890809,50000000,2023-11-14T10:41:32.604707,Private Photo Vault - Keepsafe 12.5.1,Keepsafe,13 Nov 2023
1D66FB667E3A0E02314D9A99725F48C254D624A7C10ADB206C8166CAB817BD89,com.hgamesart.crimedriver,158,1981-01-01 01:01:02,2023-07-15 19:43:54.595317,50000000,2023-07-15T19:43:55.748470,Grand Action Simulator NewYork,HGames-ArtWorks,13 Jul 2023
41ABCBA0502B075E70833D14CC1E528F334ABE5E5F6444697BC7B3D5CDEF2C4B,breastenlarger.bodyeditor.photoeditor,76001,1981-01-01 01:01:02,2023-12-22 04:11:06.173141,50000000,2023-12-22T04:11:07.362247,Body Editor - Photo Editor 1.331.76,Photo Editor & Collage Maker,"Dec 19, 2023"
001F3318067E63D8C72A437A21A1ED6AA7411682F13872DA59D43FFA959A1657,cat.game.liftapp,201647,1981-01-01 01:01:02,2023-02-15 07:38:18.03625,10000000,2023-02-15T07:39:24.165060,My Cat - Pet Games: Tamagotchi,Appsulove,14 Feb 2023
00CA0813CE9A91DD152D11EA2814F37EDB3563297216177D37E3D14C6A50B9E1,photoeditor.layout.collagemaker,137002,1981-01-01 01:01:02,2023-08-22 14:09:51.332366,100000000,2023-08-22T14:10:11.685250,Collage Maker - Photo Editor,Photo Editor & Collage Maker,17 Aug 2023
