sha256,pkg_name,vercode,dex_date,added,num_downloads,az_metadata_date,title,developerName,uploadDate
50226F71049F2462B4F2BFDC273BEC402D2D9A9645E0706E032A0A6FB8476D25,com.creativemobile.DragRacing,32000040,1981-01-01 01:01:02,2024-06-13 20:17:26.595985,100000000,2024-06-13T20:15:37.011316,"Drag Racing
4.2.1",Creative Mobile Games,10 Jun 2024
336702476842118D6702D9A305DDD3BB8C8B7C731D62ED7F3286405F50EE51F5,com.agent.action,140,1981-01-01 01:01:02,2024-03-01 07:37:32.277314,50000000,2024-03-01T07:38:44.420540,"Agent Action -  Spy Shooter
1.6.18",SayGames Ltd,1 Feb 2024
1A9CCC8CF3A6E5F0F035A36618573CBE583B8B1BFD5BD5332094D365D380FF17,br.com.gabba.Caixa,3318,1981-01-01 01:01:02,2024-08-02 22:47:42.690778,100000000,2024-08-02T22:49:15.212846,"CAIXA
4.8.0",Caixa Econômica Federal,10 Jul 2024
0021572695F97611FA2B46ED813BBE4D696AD82F61D4465C613E61006B0805B8,com.reddoorz.app,630,1981-01-01 01:01:02,2024-03-14 03:32:50.611213,10000000,2024-03-14T03:50:19.867926,"RedDoorz : Hotel Booking App
2.1.1",RedDoorz,7 Mar 2024
49CCF3CE22C2C67AE13BE9F437D7B865D3D8FB275CB65BC743F622207F912434,ru.dublgis.dgismobile,232000554,1981-01-01 01:01:02,2024-09-15 04:31:04.432591,100000000,2024-09-15T04:31:08.344582,"2GIS: Offline map &amp; navigation
6.42.0.554.23",2GIS,29 Aug 2024
0148072B644F6196519B026B9ED6C0706F549178B9C14963ED2FF48ED81DF1C1,com.zynga.FarmVille2CountryEscape,250460,1981-01-01 01:01:02,2024-05-11 05:41:27.045763,50000000,2024-05-11T06:08:57.728834,"FarmVille 2: Country Escape
25.4.60",Zynga,3 May 2024
1F9350544E802C280CE3367868ACD1B4134B5E67EC6346CE894B785A738ACC93,com.perfect.slices,141,1981-01-01 01:01:02,2024-08-26 18:56:00.007343,100000000,2024-08-26T18:58:30.709404,"Perfect Slices
1.4.30",SayGames Ltd,7 Aug 2024
B24D76724F058553F516240908CE62BBB032E4199F68A890A1346C556F08A42C,com.vectorunit.yellow,53,1981-01-01 01:01:02,2024-03-15 05:04:00.776374,50000000,2024-03-15T05:07:04.242056,"Beach Buggy Blitz
2023.11.27",Vector Unit,27 Nov 2023
20D3BACF4CBC479A3A3894F20F64BE387E2E1859E983DA939A6B0EA5E13451A5,com.cocoplay.cakemaker,191,1981-01-01 01:01:02,2024-05-10 10:53:47.24202,50000000,2024-05-10T10:54:03.067484,"Real Cake Maker 3D Bakery
1.9.1",Coco Play By TabTale,7 Feb 2024
BBAB56C01C2E38578F2C0C9E2CBCD3A39EC507A1FC58082BAE2CF8673C76F370,com.zeptolab.ctrexperiments.ads,2546177,1981-01-01 01:01:02,2024-03-02 15:43:23.029769,50000000,2024-03-02T15:47:53.044376,"Cut the Rope: Experiments
1.15.0",ZeptoLab,27 Sept 2023
982AE71BC8CA7F96AE83A3F9616D1E980845EC4FB6F44E2375528F3CA27D9FC6,com.sec.android.app.myfiles,1220304361,2009-01-01 00:00:00,2024-03-01 17:11:24.880606,1000000000,2024-03-01T17:13:05.894830,"Samsung My Files
12.2.03.361","Samsung Electronics Co.,  Ltd.",28 Sept 2021
026E2D76E44757C5596B301CC84CE18F7248FB9582F2AD02EE17C88AD7E02833,com.facebook.lite,505601288,2024-08-26 08:35:18,2024-09-03 12:06:52.62149,1000000000,2024-09-03T12:17:27.700755,"Facebook Lite
421.0.0.14.100","Meta Platforms, Inc.",27 Aug 2024
4B14D6F5F891AF6ABB599423EC19330D0A596B2D8F63A6485A5C40CF2BE97F21,com.omnewgentechnologies.vottak,326,1981-01-01 01:01:02,2024-11-04 21:00:25.451591,50000000,2024-11-04T21:10:39.062263,"Shorts VotTak: Short Video App
2.37.1",Om Newgen Technologies,2 Oct 2024
376B78E389032E6596AD371E993B43B970A79A738246BF8C057B050C93E2B89F,com.maleo.bussimulatorid,2006491,1981-01-01 01:01:02,2024-03-18 16:10:04.179351,100000000,2024-03-18T16:26:41.835567,"Bus Simulator Indonesia
4.2",Maleo,14 Mar 2024
1E5E04F08D1D3E9F18B10A441CCF5A7D75FF365042030E5A07C7830B43BF9C19,com.vidio.android,3191413,1981-01-01 01:01:02,2024-11-18 15:34:52.874817,50000000,2024-11-18T15:42:17.732658,"Vidio: Sports, Movies, Series
6.40.9-72d9fbb62e",PT Vidio Dot Com,25 Oct 2024
01C601BD3648052AFE3384A73C3BA3EFF052BFD7BA77D68FA9373699CD1164DD,com.fungames.flightpilot,3975,1981-01-01 01:01:02,2024-03-19 22:54:47.918544,100000000,2024-03-19T22:54:50.455284,"Flight Pilot Simulator 3D
2.11.38",Wildlife Studios,8 Mar 2024
3217C02720FE139BFC50704E57EE06536664A70D9D5756BEB106E6D3196DD869,com.kadka.forknsausage,428,1981-01-01 01:01:02,2024-10-08 02:19:06.805748,50000000,2024-10-08T02:20:28.916146,"Fork N Sausage
3.25.1",SayGames Ltd,26 Sept 2024
10DC44DB554BDA2AF0D64127E35CCB4396F70A3EDBFEFE899834D796866309A4,com.gameloft.android.ANMP.GloftAGHM,17901,1981-01-01 01:01:02,2024-03-31 11:11:24.475025,100000000,2024-02-29T22:52:27.319281,"Asphalt Nitro
1.7.9a",Gameloft SE,21 Jan 2024
04B9F1DC9204AF14CBBD5C0AECFD5CA919B85D3479C8E6C07DFA46C6D15E773A,com.scee.psxandroid,24020002,1981-01-01 01:01:02,2024-03-01 04:51:01.358427,100000000,2024-03-01T04:52:04.082797,"PlayStation App
24.2.0",PlayStation Mobile Inc.,16 Feb 2024
03561FB18C5D8D6A385446A12A59EC21AB792131154D4A56EAB8EDA25FB65DA1,com.crunchyroll.crunchyroid,775,1981-01-01 01:01:02,2024-08-03 17:16:12.662527,100000000,2024-08-03T17:16:05.857003,"Crunchyroll
3.62.2","Crunchyroll, LLC",29 Jul 2024
11E2AD24F24558EBB41948575E891E124072B4145E40B5051E8B8073289B79C2,com.razmobi.monstertrucks2,140,1981-01-01 01:01:02,2024-11-27 10:53:19.789037,100000000,2024-11-27T10:53:31.045492,"Monster Trucks Game for Kids 2
3.0.8",Raz Games,7 Nov 2024
63E2BEF623CF3D240A6B55574A1B1905F82AA1430485CFE7EF003081DB068F82,com.camscanner.documentscanner.pdfscanner.textscanner.photos.scanner,83,1981-01-01 01:01:02,2024-08-30 00:30:18.152181,50000000,2024-08-30T00:32:18.158269,"PDF Scanner App: Document Scan
5.0.31",Tools & Utilities Apps,12 Aug 2024
0CFC4D35F6712F0A4EE0142F47193CFC4AB52A0D8E85E4465D9DF25CA3498D14,com.tellmewow.senior.hangman,5457,1981-01-01 01:01:02,2024-03-01 10:13:29.048619,50000000,2024-03-01T10:13:39.730694,"Hangman
5.4.5.7",Senior Games,27 Feb 2024
07D90A6E932BC8D4F1322CA0E16D462908FC3387B06FD3D84E7497807E3F6147,com.mathpresso.qanda,6019,1981-01-01 01:01:02,2024-11-15 14:19:07.344926,50000000,2024-11-15T14:29:05.568222,"QANDA: AI Homework Assistant
6.0.19",Mathpresso,25 Oct 2024
020CA32CDDF7A28B637EEA6051AF129B4D1394DD939EC9B0E73D9076CF5B556E,com.zeptolab.ctr.ads,2149866,1981-01-01 01:01:02,2024-04-16 01:40:48.01175,100000000,2024-04-16T01:42:12.533657,"Cut the Rope
3.63.0",ZeptoLab,9 Apr 2024
0437FEE8ACFD22C9902B7E364EABDE513B7D6A30AF4562A98515DD237C3E277A,com.starmakerinteractive.starmaker,85858102,1981-01-01 01:01:02,2024-03-16 06:59:42.184452,100000000,2024-03-16T07:09:21.667167,"StarMaker: Sing Karaoke Songs
8.58.1",SKYWORK AI PTE. LTD.,14 Mar 2024
0D725685F64D5FEEE7ACC067CEF2A0F8B3A7FED5906F6485B44DC00CE50AF757,com.playtoddlers.centralhospitalstories.free,17305,1981-01-01 01:01:02,2024-06-28 08:57:32.653419,50000000,2024-06-20T09:01:01.459521,"Central Hospital Stories
1.7.3",SUBARA,18 Jun 2024
16349B9D4D1C0C2BB1E8997B4A02FBD19E7A5E4CA4AA44A439749BFAD50656C2,com.activision.callofduty.shooter,15559,1981-01-01 01:01:02,2024-06-28 03:25:22.265194,100000000,2024-06-24T22:59:06.766167,"Call of Duty: Mobile Season 5
1.0.45","Activision Publishing, Inc.",17 Jun 2024
9571668D6C86BB5373BC5955FB1763A08B70CBB7F3DB8D72CE07D9673D97D432,com.KisekiGames.smart,700,1981-01-01 01:01:02,2024-03-28 09:15:21.15636,50000000,2024-03-28T09:28:14.527136,"My Mini Mart
1.18.43",Supersonic Studios LTD,28 Feb 2024
17043DF79C646724ECDC8C42D2D3B60EA5135D843B9DD892644A74B4F629B6A2,com.bandainamcoent.dblegends_ww,353,1981-01-01 01:01:02,2024-11-22 15:17:49.811816,50000000,2024-11-22T15:23:12.099387,"DRAGON BALL LEGENDS
5.10.0",Bandai Namco Entertainment Inc.,16 Nov 2024
03CB77357D32A7A61CCBC8CC60B5E3FD778CF814FF1962A584A27D55809EB1A0,paint.by.number.pixel.art.coloring.drawing.puzzle,11076,1981-01-01 01:01:02,2024-04-29 18:04:39.994443,100000000,2024-04-29T18:04:32.522283,"Paint by Number: Coloring Game
4.7.3",Oakever Games,26 Apr 2024
02CB1B686519365E45307E661B679DC643DA4510FB80DF1AF1EFD5E9AE9938FC,com.fsn.nykaa,27385,1981-01-01 01:01:02,2024-09-20 08:36:43.121784,50000000,2024-09-20T08:44:43.451765,"Nykaa - Beauty Shopping App
3.6.0",Nykaa.com,11 Sept 2024
996226E5EE134CDD200DD475A4ABBEFFF60A74122435E64BA06BE393079D329A,com.charge.them.all,14412,1981-01-01 01:01:02,2024-09-04 14:51:10.267433,50000000,2024-09-04T14:58:19.946710,"Recharge Please!
3.4.1","Geisha Tokyo, Inc.",26 Jul 2024
1D4134084E03D4936C1A664600F6627D82ACE7F7561772F9F0A69C35351551B5,com.outfit7.talkingtom2free,570,1981-01-01 01:01:02,2024-01-15 22:24:24.94593,100000000,2024-01-15T22:25:47.292377,"Talking Tom Cat 2
5.8.2.82",Outfit7 Limited,10 Jan 2024
07588E2116E030CD807A6B27C98BE9462476A14EC13F7D9C5E2A8DCD9B093AA3,com.freevpnintouch,80000,1981-01-01 01:01:02,2024-11-25 13:55:37.83667,50000000,2024-11-25T13:55:41.108368,"Super Fast VPN Proxy—Betternet
8.0.0","Betternet, LLC",12 Nov 2024
0183BEE0EB5AF00487043D26197C1E0733F8D7FAC0C97FD15DFCD6C7A0724E5E,com.google.android.apps.subscriptions.red,521095,2009-01-01 00:00:00,2024-07-03 12:47:34.036013,1000000000,2024-07-03T12:51:24.138015,"Google One
1.225.646598371",Google LLC,25 Jun 2024
0F7C689F233C04803EC05B2BBA7FFFCFCDF8F317C9F4B57F09757801B97095A8,ninja.creed.sniper.real3d.action.free.android,65,1981-01-01 01:01:02,2024-04-02 01:14:02.868884,50000000,2024-04-02T01:32:30.380589,"Ninja’s Creed:3D Shooting Game
4.6.3",707 INTERACTIVE: Fun Epic Casual Games,28 Mar 2024
063AA08C066712B240DE4E90AC4D4DD7A40BB0135A1B22D6252C5955B2009507,com.expedia.bookings,242500004,1981-01-01 01:01:02,2024-06-28 11:13:40.2579,50000000,2024-06-28T11:13:41.859568,"Expedia: Travel, Hotel, Flight
2024.25.0",Expedia,23 Jun 2024
02F67223C11E184E303DA70EEA494B819EA3E7B0A797DB020C2AD778EED387CB,com.word.game.fun.puzzle.prison.escape.captain,1950,1981-01-01 01:01:02,2024-03-24 17:11:01.908881,50000000,2024-03-24T17:16:19.430436,"Words Story - Word Game
1.9.5",Great Puzzle Games,19 Jan 2024
1AB7F689A2BCFA489E66B3830E0AA92B145EAB0D48395B918265D63B9D6EF9FB,com.freegamesstudio.thesurvivalhuntergames2,188,1981-01-01 01:01:02,2024-05-08 10:08:40.813878,50000000,2024-05-08T10:08:27.681622,"The Survival Hunter Games 2
1.188",Aeria Canada,14 Apr 2024
008DCF42D4ACE23420D00615F606279A560C8801CAB51169CC758523784CFB8F,com.mercadolibre,1816180564,1981-01-01 01:01:02,2024-08-25 19:19:49.429955,100000000,2024-08-25T19:25:06.999640,"Mercado Libre: Compras Online
10.350.2",Mercado Libre,20 Aug 2024
48DE864709DFCE9F9C45F7AA3DA71EDFF438F0ADEA52BC72A2DA2D0F8DAD0416,com.swiftappskom.thewolfrpg,200197,1981-01-01 01:01:02,2024-09-12 19:58:27.622356,50000000,2024-09-12T20:21:54.177213,"The Wolf
3.5.1",Swift Apps LTD,5 Sept 2024
05127665463FBE753A3BE572146F2FD6D4594C0E8BD288B466DE94740D7590F1,com.dreamgames.royalmatch,21875,1981-01-01 01:01:02,2024-05-27 11:53:43.086343,100000000,2024-05-27T11:53:20.567581,"Royal Match
21875","Dream Games, Ltd.",24 May 2024
134890128E4A8044D7C1C3FA2DDF6F5201B6ED3CC444EC11DED8CBC43D421E82,vStudio.Android.Camera360,132099440,1981-01-01 01:01:02,2024-12-11 09:17:17.768664,100000000,2024-12-11T09:17:19.444646,"Camera360 - Snap&amp;Selfie&amp;Photo
9.9.44",PINGUO TECHNOLOGY HK CO LIMITED,15 Nov 2024
17FFB1348E0B1292DCD678EC00302308A8971146F6A3E2C4FDC9A5FD1A4B563F,com.rubygames.slingdrift,36010,1981-01-01 01:01:02,2024-03-19 02:29:48.565214,50000000,2024-03-19T02:57:41.948486,"Sling Drift
4.14",CASUAL AZUR GAMES,16 Jan 2024
1790C18725F948E473405EB7DEBA5DAF418A587B499FB8D2C435D12225367615,com.igoldtech.streetchaser,128,1981-01-01 01:01:02,2024-03-05 14:26:32.413332,100000000,2024-03-05T14:27:27.914111,"Street Chaser
6.1.5",iGold Technologies,13 Sept 2023
02FE4861872EF0BF19BBDA7ADF6632B541F85E8E388A87BD57CEA8DD541D1C76,com.tranzmate,1650,1981-01-01 01:01:02,2024-08-23 18:08:29.610269,100000000,2024-08-23T18:09:52.778890,"Moovit: Bus &amp; Rail Timetables
5.151.2.1650",Moovit,20 Aug 2024
40F1CE66FB4848373887B545136E1B97ED0286C16BEEB54BE6E24EEF5A3C9F9E,com.pandora.android,24071101,1981-01-01 01:01:02,2024-08-30 16:30:23.928012,100000000,2024-08-30T16:38:16.100313,"Pandora - Music &amp; Podcasts
2407.1.1",Pandora,17 Jul 2024
077B27ACA05F78E9A6418C4245B774D0DBED199E30C4B8E8B5C412C65C38EC14,com.gamebasics.osm,404600,1981-01-01 01:01:02,2024-04-03 13:34:28.901702,50000000,2024-04-03T13:36:40.447818,"OSM 24 - Football Manager game
4.0.46",Gamebasics BV,1 Apr 2024
10A31EF75243458CA7DD7E27605DBA3D6D16D234C7F038A59028CE14FBDE658B,tw.mobileapp.qrcode.banner,387,1981-01-01 01:01:02,2024-03-17 11:43:16.904311,100000000,2024-03-17T11:44:19.481354,"QR code reader
3.8.7",Tahoe Digital LTD.,13 Mar 2024
09F714AD85B6A40CBD32C97CC37A773F596CCB9E61020F3C994AAB76005672B2,com.onebutton.mrsuper,15600,1981-01-01 01:01:02,2024-06-18 14:19:50.828275,50000000,2024-06-18T14:35:54.250783,"The Superhero League
1.56",Lion Studios,6 Jun 2024
002ACC0F7FAF70CAA832408706F88417518D84C7CF8E2C6226F7A29B26391CF9,com.inspiredsquare.number,409,1981-01-01 01:01:02,2024-11-27 11:59:45.645239,10000000,2024-11-27T11:55:52.683132,"Match the Number - 2048 Game
409",Inspired Square FZE,18 Nov 2024
1AE3A19523BDD05AEBB45B4553C87B245DFC91C7378AE24E355EA343DA86B122,com.mi.globalbrowser,202404096,1981-01-01 01:01:02,2024-04-19 05:01:00.398629,500000000,2024-04-19T05:03:47.480980,"Mi Browser Pro
14.8.0-gn",Zhigu Corporation Limited,9 Apr 2024
37E7FB310540ED2CD5A09A9E1C54CB0A1EA838BFF182120D7202E038A64F4D98,com.WandaSoftware.TruckersofEurope3,123,1981-01-01 01:01:02,2024-11-15 06:56:57.197076,50000000,2024-11-15T07:02:06.905396,"Truckers of Europe 3
0.47.1",Wanda Software,31 Oct 2024
2EE4859D4CFFE18AECA79059F6515284279CA1C785CA126C86283CFC689182AA,com.thanksgod.gaming.mod_ff_skin,62,1981-01-01 01:01:02,2024-04-13 04:46:46.419127,50000000,2024-04-13T04:50:31.168545,"Skin Tools
6.0.0",Radhika Yusuf Alifiansyah,25 Dec 2023
0448A1F4A2A62FF932FCE39E1DBF15BD7DF5F258593492108A3E99802D0211D7,com.weplaydots.twodotsandroid,1805048931,1981-01-01 01:01:02,2024-06-28 23:43:28.723318,50000000,2024-06-28T23:43:54.277084,"Two Dots: Fun Dot &amp; Line Games
8.55.0",PlayDots,25 Jun 2024
1EEC59F31F4D351B253D514E0D2BCF7726C97CF340EDE9C7DB147E48E447F9C3,com.taxsee.taxsee,1300,1981-01-01 01:01:02,2024-07-07 06:05:22.269884,50000000,2024-07-07T06:07:56.650616,"Maxim: Bike Taxi, Car &amp; Auto
3.16.2",PT. SITO,28 Jun 2024
3A449F5C3226EBA8AE2E8F29EB1E84A630D64998F5C4D705D61E2CA317A7F138,com.playstrom.dop2,100,1981-01-01 01:01:02,2024-10-19 05:12:14.178863,100000000,2024-10-19T05:19:08.292822,"DOP 2: Delete One Part
1.3.8",SayGames Ltd,7 Oct 2024
0ACEFD5DC73C24FE5DE7D046D86F99EE8DB6CA7ED0B1DB86F8A34E634FE6D747,com.pozitron.hepsiburada,376,1981-01-01 01:01:02,2024-08-26 16:00:58.400072,50000000,2024-08-26T16:02:21.528961,"Hepsiburada: Online Shopping
5.45.1",Hepsiburada.com,21 Aug 2024
4B026D4E593884C0689643F4365E751778CF10788755F25D63B661FB687A5691,com.one1line.onetouch.onestroke.dotgame,204,1981-01-01 01:01:02,2024-06-21 01:58:49.987768,50000000,2024-06-21T02:46:38.362621,"1LINE –One Line with One Touch
2.2.55",X-FLOW,4 Jun 2024
058E74C59D8B4B5B3BC0B0A2DE52B137D72F0A52A13F44808262C0060B637299,com.monotype.android.font.simprosys.stylishfonts,90,1981-01-01 01:01:02,2024-01-24 11:32:21.873438,50000000,2024-01-24T11:33:18.932235,"Stylish Fonts Keyboard
1.90",Wisdomlogix Solutions,2 Jan 2024
01EB4BE0E27EB394AA93B318DE017D9AEE3836AF8CCE571155371DADF3B70DE4,com.giphy.messenger,2685,1981-01-01 01:01:02,2024-04-19 17:57:14.599471,50000000,2024-04-19T18:09:15.047120,"GIPHY: GIFs, Stickers &amp; Clips
4.9.1","Giphy, Inc.",15 Apr 2024
0C90F55168B27AA02AD22A80F0116191A51876225967B738E3B2674DE43A9346,com.confirmtkt.lite,408,1981-01-01 01:01:02,2024-09-06 06:50:42.464815,50000000,2024-09-06T06:54:28.323660,"ConfirmTkt: Train Booking App
7.6.21",ConfirmTkt - IRCTC Authorised Partner,2 Sept 2024
3218C6C660CB2232611905FC91DCE6A64A7AF79E1CF16EE5540412EA4722F734,com.livescore,1302,1981-01-01 01:01:02,2024-09-07 04:49:20.461938,50000000,2024-09-07T04:52:09.593100,"LiveScore: Live Sports Scores
7.13",LiveScore Limited,31 Aug 2024
637D71EEB8B0BD7E8D814CE70A856CFB10C6FD88E04FC7B094C6665446E4EA70,com.MegaJoy.PrisonBreak68,103,1981-01-01 01:01:02,2024-05-08 14:04:59.178404,100000000,2024-05-08T14:05:10.074367,"Prison Break: Stick Story
1.57",FARM STUDIO,4 May 2024
318E5ABD68918E87F3DD4644CB3C07170405A0B62A977F7FAEF26CE71FA87E15,com.jura.coloring.page,92,1981-01-01 01:01:02,2024-09-15 10:56:29.562818,50000000,2024-09-15T11:04:44.099804,"Color ASMR: Drawing &amp; Painting
1.92",Zego Studio,12 Sept 2024
057A0B82CB379EC28F716EBAB865EA1988FF63A21F27AA9656189C128AE2281A,com.snapdeal.main,500697,1981-01-01 01:01:02,2024-08-23 13:41:07.933265,100000000,2024-08-23T13:41:54.359653,"Snapdeal: Online Shopping App
8.0.5",Snapdeal Limited,12 Aug 2024
0BD198460B59350EE8B5461CD16BBE7A807D7BAE40498450DA62D21A0ED588F7,com.ludo.master.hippo,279,1981-01-01 01:01:02,2024-08-31 14:04:54.870948,50000000,2024-08-31T14:07:50.239676,"Ludo Master™ - Ludo Board Game
3.21.1",Hippo Lab,15 Aug 2024
1BE54211C07119735AA9FF8CEA1C84CFB1CD7AB2136F5AE6C984D75B098C1811,com.ketchapp.rider,2000218005,1981-01-01 01:01:02,2024-11-23 19:11:20.0847,100000000,2024-11-23T19:20:12.691953,"Rider – Stunt Bike Racing
2.18.0.02",Ketchapp,19 Nov 2024
4BBCD4B30E42315ED31AECF082A5F995851EDFF506BB16896BD66021C44DD023,com.robtopx.geometryjumplite,39,1981-01-01 01:01:02,2024-12-08 19:55:51.800168,100000000,2024-12-08T20:11:55.774423,"Geometry Dash Lite
2.2.143",RobTop Games,2 Dec 2024
6BBACFFA64B61E98F015FC715BBD72EFC2C2F3E61F79F47F8DAC309748943C1C,com.popreach.dumbways,865,1981-01-01 01:01:02,2024-04-11 04:00:17.199339,50000000,2024-04-11T04:05:35.466584,"Dumb Ways to Die
36.1.28",PlaySide Studios Ltd,4 Apr 2024
8DAA1212B122F83575A1E4BD4CABD70E4A5A7907A1EC9BFB6655969C21AE8035,com.tgame.yesorno,67,1981-01-01 01:01:02,2024-04-06 01:44:24.129813,50000000,2024-04-06T01:38:39.701937,"Yes or No?! - Food Pranks
1.7.0",Lion Studios,21 Feb 2024
43DBC3E8F36EF8CC5109F6C644D93DA7306DA10BE4BA26252D3604B017F253A8,es.socialpoint.DragonCity,1805049198,1981-01-01 01:01:02,2024-06-29 07:08:52.971809,100000000,2024-06-26T17:39:21.766113,"Dragon City: Mobile Adventure
24.7.0",Social Point,21 Jun 2024
5C67E20C2261A3E160850BD7B854B82628E957BCF4711483838B9D9899B3A171,com.sinyee.babybus.amusement,8710000,1981-01-01 01:01:02,2024-11-22 07:51:34.116521,50000000,2024-11-22T08:10:54.943862,"Baby Panda&#39;s Fun Park
8.71.00.00",BabyBus,19 Nov 2024
6876F54AD89F3F9D450010CF8FA47D7828012E4CA242B59CA4CCB86B88E38B7F,com.Locos.MBS,24,1981-01-01 01:01:02,2024-11-26 10:19:40.279532,50000000,2024-11-26T10:20:38.969954,"Mobile Bus Simulator
1.0.6",LOCOS,19 Aug 2024
83FE42E4164932FAD04F024FD38F4B8306072AF67B1270D120F967B0BCBD2038,com.JacobVanHaag.ColorMatch,492,1981-01-01 01:01:02,2024-07-16 00:56:36.884574,50000000,2024-07-16T00:52:28.723400,"Color Match
3.32",Supersonic Studios LTD,4 Jul 2024
B31CFF968E1443BD4BEA6C92FBB5E454CB4D43E175139A2B6DEF93E3A22805DD,com.rasugames.pls,44,1981-01-01 01:01:02,2024-10-25 18:57:35.639808,50000000,2024-10-25T19:04:57.372651,"Pro League Soccer
1.0.44",Rasu Games,8 Oct 2024
2BD4C69A3D718E0C00D377D19DF151135349443CF4768C8026467FC50F68AF92,ridmik.keyboard,181,1981-01-01 01:01:02,2024-03-06 13:17:08.827057,100000000,2024-03-06T13:18:00.930887,"Ridmik Keyboard
10.12.1",Ridmik Labs,17 Jan 2024
021729F945146F5F1F786FC6BFE1E75F2D1472FE866297B65B6970B4DB86935D,vsin.t16_funny_photo,9138,1981-01-01 01:01:02,2024-05-25 00:26:51.285309,100000000,2024-05-25T00:27:03.866494,"Photo Lab Picture Editor &amp; Art
3.13.10",Linerock Investments LTD,24 May 2024
C659B0314F14918E678711B614EDE03B855889CBBCB9D40E9171C7D6722BCC26,com.springwalk.mediaconverter,101,1981-01-01 01:01:02,2024-09-26 20:23:27.673693,100000000,2024-09-26T20:59:10.103851,"MP3 Video Converter
2.2.2","Springwalk, Inc.",26 May 2024
19357399E7E073BAC246DB43A1732A821ED55A74E0892ED3BBBC7B71711D6669,com.halfbrick.dantheman,11221002,1981-01-01 01:01:02,2024-09-03 11:50:58.372548,100000000,2024-09-03T11:51:00.843308,"Dan the Man: Action Platformer
1.12.21",Halfbrick Studios,28 Aug 2024
0C5F68C9177583B9692F5EA7751D3046411CD16014D299DFAF556E54A8A988BC,com.ea.game.nfs14_row,61921,1981-01-01 01:01:02,2024-08-12 15:48:03.701038,100000000,2024-08-12T15:48:58.264069,"Need for Speed™ No Limits
7.8.1",ELECTRONIC ARTS,8 Aug 2024
0E6BE0261ED8B489B3CE34F2FE7072C2C8044B1580D598DDB59B62C9952F5118,com.easybrain.jigsaw.puzzles,31601001,1981-01-01 01:01:02,2024-09-10 23:45:15.676139,100000000,2024-09-11T00:17:18.696548,"Jigsaw Puzzles - Puzzle Game
3.16.1",Easybrain,3 Sept 2024
401A9E93C005F05432D2D1837EA98167BCCA759451958E511B11D46318700B54,com.manash.purplle,504,1981-01-01 01:01:02,2024-11-18 22:52:49.361104,50000000,2024-11-18T22:55:33.319564,"Purplle Online Beauty Shopping
2.1.98",Purplle.com,4 Nov 2024
1F378066CC8E9CAA4F5C835B2848A55F67F463FE167DF99947747027CA6060B6,com.daraz.android,360,1981-01-01 01:01:02,2024-11-02 16:42:03.640466,100000000,2024-11-02T16:50:28.460661,"Daraz Online Shopping App
9.6.0",Daraz Mobile,24 Oct 2024
12F3DD5097A92D41D92CB4C9CBA362F1D6AAE84927502BC7C58DB65E992CC516,com.roblox.client,1706,1981-01-01 01:01:02,2024-11-02 01:09:42.401227,1000000000,2024-11-02T01:29:36.092997,"Roblox
2.649.875",Roblox Corporation,27 Oct 2024
0426512793CD2B4BFE8D89C41A0B92F42180EB463D90B02B898349B0CDACEFA3,com.outfit7.mytalkingtomfree,2920,1981-01-01 01:01:02,2024-09-17 00:00:55.858097,1000000000,2024-09-17T00:07:18.768657,"My Talking Tom
8.4.2.5738",Outfit7 Limited,13 Sept 2024
160BD3F57922EAD1FF41111036CC12B1F974BAED84287BA4C88909A06410C135,com.cocoplay.gymnastic.star,171,1980-01-01 00:00:00,2024-04-04 16:14:29.196854,50000000,2024-04-04T16:18:04.031235,"Gymnastics Superstar Star Girl
1.7.1",Coco Play By TabTale,12 Mar 2024
3C944F2D6BF0AA6565FD966EA6C17ACC4FDFAEFD3C6C1759603204A86020E76D,com.vladk.pipemasters,748,1981-01-01 01:01:02,2024-08-31 04:03:51.341497,50000000,2024-08-01T17:35:34.156428,"Flow Legends: Pipe Games
1.8.1",CASUAL AZUR GAMES,17 Jul 2024
1292B013686413EF525F46813D710FE064E6458F38C5A0BA3A3558E156856D9E,com.loltap.farmland,3007003,1981-01-01 01:01:02,2024-08-28 21:16:59.126462,50000000,2024-08-28T21:17:00.374823,"Farm Land: Farming Life Game
3.6.1",Homa,19 Aug 2024
274AD2164BF013363AB389ACF9C1F562E4C0E1CF8EFA0F63D12AB48B1EDE4145,com.iudesk.android.photo.editor,2024040500,1981-01-01 01:01:02,2024-04-06 06:11:01.997922,50000000,2024-04-06T06:11:05.376861,"Photo Editor
10.1.1",dev.macgyver,4 Apr 2024
17AFE587CA0507B24A2BD13BEEC4893AEDF413E50AB975F636695431A2253BDA,com.samsung.android.voc,480304000,2009-01-01 00:00:00,2024-03-02 17:13:17.099159,1000000000,2024-03-02T17:15:01.196499,"Samsung Members
4.8.03.4","Samsung Electronics Co.,  Ltd.",14 Jan 2024
179AB5142928FD5B5785430BB7EBF87525FB554BC4A52041130EE45E0F815132,com.crazylabs.tie.dye.art,45000,1981-01-01 01:01:02,2024-03-19 16:48:31.421029,100000000,2024-03-19T16:40:21.396660,"Tie Dye
4.5.0.0",CrazyLabs LTD,8 Feb 2024
03F7B7D002F30DA5314D26B1E8FEC1DAFABD7B9373C3E72A72F0AA18FE815C5B,cn.wps.moffice_eng,1495,1981-01-01 01:01:02,2024-03-01 10:14:03.844898,500000000,2024-03-01T10:16:01.079202,"WPS Office-PDF,Word,Sheet,PPT
18.7.3",WPS SOFTWARE PTE. LTD.,23 Feb 2024
A8CA46F2CE9AB3F687B008A230DC93A2E81A939856D1A6D5C2037FCF5F88021F,com.rubycell.pianisthd,2069240211,1981-01-01 01:01:02,2024-03-17 21:14:53.675249,50000000,2024-03-17T21:22:54.413755,"Pianist HD : Piano +
20240211",FunAIs JSC,12 Feb 2024
007DE7F3B1840844CD6C6F1C798D30C08352CF1037DE0CCFC2304CC82B7AD4FD,armworkout.armworkoutformen.armexercises,45,1981-01-01 01:01:02,2024-03-21 19:54:56.846676,50000000,2024-03-21T20:09:40.582571,"Arm Workout - Biceps Exercise
2.2.7",Leap Fitness Group,21 Feb 2024
97D84AE0D5DCF0D82C8849D10BB93F693798A7890B3AB1A723F705B896ACD8B1,com.robtopx.geometrydashworld,9,1981-01-01 01:01:02,2024-04-10 23:59:02.059982,100000000,2024-04-10T23:59:42.866614,"Geometry Dash World
2.2.14",RobTop Games,10 Apr 2024
0DC4C8A4840E35A62C77E15179BA2CBDAC9A247A5981DA337E0BB4E6FCB6D1BA,com.quran.labs.androidquran,3441,1981-01-01 01:01:02,2024-02-20 12:03:22.14758,50000000,2024-02-18T23:56:29.695663,"Quran for Android
3.4.4",quran.com,30 Jan 2024
4F78E28163387CB78AADE1874148364B492AFBC6AD8C6EEB7A2DB3675B60219B,com.ffgames.racingincar2,170,1981-01-01 01:01:02,2024-03-16 12:52:05.790274,100000000,2024-03-16T12:59:15.142630,"Racing in Car 2
1.7",ckgames,2 Feb 2024
B2A66DF1D89768E325AB2CEA22DB09023A408C16E0787793381E4F09783039EA,com.sec.android.app.popupcalculator,1212503000,2009-01-01 00:00:00,2024-02-29 16:01:21.490905,1000000000,2024-02-29T16:01:29.040221,"Samsung Calculator
12.1.25.3","Samsung Electronics Co.,  Ltd.",27 Feb 2023
ADDF1E99BC1D5883864601EA50CA558A70DA111C83478F25CFA87A02C0033A66,com.sebby.rebaixadoselitebrasil,373,1981-01-01 01:01:02,2024-09-05 20:01:00.759958,50000000,2024-09-05T20:18:17.946203,"Rebaixados Elite Brasil
3.9.40",Sebby Games,27 Aug 2024
011CBB443B5A1B32801DE6BF71DD4BDB66184D973598699EC454DDAA36C69F5F,com.wallet.crypto.trustapp,1730908260,1981-01-01 01:01:02,2024-11-18 15:02:10.445731,50000000,2024-11-18T15:08:29.398817,"Trust Wallet: Bitcoin Wallet
8.27","DApps Platform, Inc.",6 Nov 2024
02ECE40E8C887C0806F9A714A019D6815B4C7C4C1FB38ECC4CE32F0C8E200564,com.amanotes.pamadancingroad,24032911,1981-01-01 01:01:02,2024-04-04 11:59:30.974911,100000000,2024-04-04T12:03:47.114380,"Dancing Road: Color Ball Run!
2.5.5",AMANOTES PTE LTD,31 Mar 2024
0207A572E8DEE654A831AB479D568F01FA7C5423F5B6977C8C038EEA2359EC53,com.microsoft.skydrive,2027010102,1981-01-01 01:01:02,2024-03-24 09:24:57.004045,1000000000,2024-03-24T09:29:01.320737,"Microsoft OneDrive
7.1",Microsoft Corporation,13 Mar 2024
1B8D10A3A6EDD2208D384F959CC4DA9C9B31259768066C2237C32AB7E53ACD7F,com.Game.SpongeArt,200068,1981-01-01 01:01:02,2024-11-22 22:02:46.7046,50000000,2024-11-22T22:11:49.625728,"Sponge Art
2.8.0",CASUAL AZUR GAMES,8 Nov 2024
34C85827CFD6F1E77B01286D816A957DDAAA621AC2CAF74CC53E151F4DE8D5F6,com.olacabs.customer,60708003,1981-01-01 01:01:02,2024-08-03 02:22:49.240523,100000000,2024-08-03T02:23:15.593249,"Ola, Rides Done Right
6.7.8",Ola (ANI TECHNOLOGIES PRIVATE LIMITED),27 Jul 2024
04F9D02EF23ADB53E0AE6D91F67FD4463702D46EA5D7BCA29F0D53288FD12127,naukriApp.appModules.login,410,1981-01-01 01:01:02,2024-03-29 04:40:02.285048,50000000,2024-03-29T04:38:51.084938,"Naukri.com Job Search App
20.00",infoedge.com,22 Mar 2024
060CD4C072D8A581305D71172CE2848D8672E8AED2A5A3BC2B0FD017CC6B310D,com.zhiliaoapp.musically,2023603020,1981-01-01 01:01:02,2024-08-30 12:40:54.604167,1000000000,2024-08-30T12:53:00.102416,"TikTok
36.3.2",TikTok Pte. Ltd.,28 Aug 2024
07ACDE8F39021FB9C300D2F0632967383C4422586699A5A5CDD18DA457F55972,com.playflock.family.hotel.story.home.mansion.puzzle.garden.decoration,22563,1981-01-01 01:01:02,2024-03-04 14:16:07.348616,50000000,2024-03-04T14:19:24.418946,"Family Hotel: love &amp; match-3
10.10",PlayFlock,29 Feb 2024
581EFE0D8DE8BD2D57A4DFE4D15A352D3D46220AE6197E452CAEEAD67A57B1C3,increaseheightworkout.heightincreaseexercise.tallerexercise,50,1981-01-01 01:01:02,2024-12-10 15:31:19.120485,50000000,2024-12-10T15:41:35.878897,"Increase Height Workout
1.1.3",Leap Fitness Group,28 Nov 2024
C68E0B87B4DBA27988FD5E0B2295D98E8510AFE5C54E154D05FBF2625E69807C,com.colorup.game,5300023,1981-01-01 01:01:02,2024-04-19 15:02:31.864307,100000000,2024-04-19T15:11:36.138553,"Color Bump 3D: ASMR ball game
2.1.2",CASUAL AZUR GAMES,23 Jan 2024
207CEE275B337BC957B28AF841631FAD3518E5628372B9DE6D5DD0B36924FA57,com.redforcegames.stack.colors,45250,1981-01-01 01:01:02,2024-04-07 21:25:11.815769,100000000,2024-04-07T21:26:08.136917,"Stack Colors!
4.5.25",VOODOO,15 Nov 2023
0265C154828B71A369A540A06BA556B449192262B851427731D17D73093318FB,com.photoroom.app,1611,1981-01-01 01:01:02,2024-10-27 19:47:03.929321,100000000,2024-10-27T19:49:03.242855,"Photoroom AI Photo Editor
5.5.3",Photoroom AI Photo Editor,24 Oct 2024
60E3BBEE6D31C056775526EB95D857454B4814CC62CFEFF60322572DE6602A94,jp.co.canon.bsd.ad.pixmaprint,330000,1981-01-01 01:01:02,2024-10-22 04:19:53.152184,50000000,2024-10-22T04:27:01.991275,"Canon PRINT
3.3.0",Canon Inc.,18 Sept 2024
2BFC6569EDAC7B2BE9C1EE764852BCECD268FCFC2F9DB7141EC8E7F4F8D68DE6,com.newnormalgames.phonecasediy,3610,1981-01-01 01:01:02,2024-09-14 04:08:30.657682,100000000,2024-09-01T14:25:05.579246,"Phone Case DIY
3.6.1.0",CrazyLabs LTD,27 Aug 2024
35EB392B1CA38CB71D1C3306AB88248F6D0083F75BD0048C85CD11DEFA0E7B86,jp.co.yahoo.android.yjtop,10000685,1981-01-01 01:01:02,2024-04-05 09:07:14.376321,50000000,2024-04-05T09:09:27.659714,"Yahoo! JAPAN
3.166.0",Yahoo! JAPAN (LY Corporation),28 Mar 2024
1F478310E67AA675EB44D06E5329589F537CF262B5569BAAF6CC17393828E5D5,com.snowwhiteapps.downloader,390,1981-01-01 01:01:02,2024-06-14 11:16:29.791996,50000000,2024-06-14T11:18:07.478402,"All Video Downloader
9.9.0",snowwhiteapps,21 Apr 2024
0530460BBE746973B9DE76ED94EC7B34F0A929CCC278C448AFD610E5663DCDD1,com.playgendary.tombpaint,69,1981-01-01 01:01:02,2024-07-02 15:22:09.845424,50000000,2024-07-02T15:15:21.423200,"Tomb of the Mask: Color
1.10.45",Playgendary Limited,25 Jun 2024
7817D6A55679481E2D28F0AD95AF1C6D7B96ED404097F9AB09A40C5ABBF1FF46,emoji.keyboard.emoticonkeyboard,18900,1980-01-01 00:00:00,2024-03-14 05:08:46.266001,50000000,2024-03-14T05:10:57.044205,"Emoji Keyboard Cute Emoticons
1.8.9.0",AI Chat Studio,28 Nov 2023
084FCBAD5CEAC1E554CBE96B28CEBE8A28D6D55F3B64D32FB0D2A06B7AF38729,com.innersloth.spacemafia,4234,1981-01-01 01:01:02,2024-06-07 18:57:31.465897,500000000,2024-06-07T18:58:44.528242,"Among Us
2024.6.4",Innersloth LLC,24 Apr 2024
096A5E0EC28B189CAC2C5E931746F2255CBCA628F2160FBDF49AD1DE4596D625,com.reliancegames.rschampions,676720411,1981-01-01 01:01:02,2024-07-03 11:45:45.490547,50000000,2024-07-03T11:46:26.778749,"RS Boxing Champions
67.67.204",Reliance Games,25 Jun 2024
02334884E8DBEA772A29CE5C4C3DB6B4F2816391B01F5A04EB0432100B22B35A,com.etsy.android,67600035,1981-01-01 01:01:02,2024-06-05 14:46:09.73555,50000000,2024-06-05T14:57:51.712806,"Etsy: Custom &amp; Creative Goods
6.76.0","Etsy, Inc",30 May 2024
1D03E0758122C870A7EAE43DF75A4D430347154BECD834AE80BD7CD65C7CA75B,mp3videoconverter.videotomp3.videotomp3converter,225204,1981-01-01 01:01:02,2024-12-12 09:54:21.676624,50000000,2024-12-12T10:02:04.741259,"Video to Audio - MP3 Cutter
2.2.5.2",InShot Inc.,3 Dec 2024
85FB42B95F7BCACCE479D5C1FF429C4B409F05714765309A18A17E43B888407F,com.jetstartgames.chess,84,1981-01-01 01:01:02,2024-12-10 22:11:07.726138,100000000,2024-12-10T22:28:35.403924,"Chess
2.8.9",Chess Prince,27 Nov 2024
15D9D94F4A5FC09A015F9A968296BFC59826159979240A58C86FD94D3EE5D210,com.waze,1030462,1981-01-01 01:01:02,2024-04-17 17:11:03.696721,500000000,2024-04-17T17:15:09.138275,"Waze Navigation &amp; Live Traffic
4.103.1.2",Waze,10 Apr 2024
2F46B902827662236E86B73FA9FD7174C9E5FAD07195B7B5B7EF0CB1331A2C37,com.cuvora.carinfo,464,1981-01-01 01:01:02,2024-11-30 08:51:31.153825,50000000,2024-11-30T08:55:57.479561,"CarInfo - RTO Vehicle Info App
7.62.0",CarInfo - Parivahan | Insurance | Buy & Sell Cars,29 Oct 2024
1958DF6ECA482D0455A7F5DECCD6D7B45E1A1C114D23A59939C391F5755EE99D,com.rvappstudios.baby.toddler.kids.games.learning.activity,226,1981-01-01 01:01:02,2024-10-31 09:49:43.386659,50000000,2024-10-31T10:02:08.331181,"Kids Games: For Toddlers 3-5
1.3.5",RV AppStudios,22 Oct 2024
0E3D113EF907D61EB326CB6DBEC97410BD3FD4C9DF90880AE46F399CEEE79DA1,com.studiosol.palcomp3,519,1981-01-01 01:01:02,2024-06-17 06:17:23.110874,100000000,2024-06-17T06:24:34.316163,"Palco MP3: Listen and download
4.0.31",Studio Sol Comunicação Digital,21 May 2024
D4D56DC4A28B0EEEAC79FFC4E46EC3A15D3D0BFE59EEBA66DF624FA9C1FF053B,com.merriamwebster,550200,1981-01-01 01:01:02,2024-03-05 13:59:37.186341,50000000,2024-03-05T14:00:02.233209,"Dictionary - Merriam-Webster
5.5.2",Merriam-Webster Inc.,11 Feb 2024
04B08BBFC5912EB0D35DB292CCA2EF60A097A03DE91B2DD08B8A88F3ADC760FD,com.binance.dev,100028506,1981-01-01 01:01:02,2024-07-05 11:48:14.48199,100000000,2024-07-05T11:48:02.736851,"Binance: Buy Bitcoin &amp; Crypto
2.85.6",Binance Inc.,4 Jul 2024
06C6E75D8BF83B96EF355C64CCDFA6732B6651D163C101870AB25F1680D5054A,com.mventus.selfcare.activity,1675,1981-01-01 01:01:02,2024-03-19 03:33:56.243552,100000000,2024-03-19T03:35:16.320414,"Vi: Recharge, Music, Games, TV
10.2.0",Vodafone Idea Ltd.,15 Mar 2024
04CC0B7EF98A5C18CA7F8D535B1F79396484844D892892EC3027C9A316393ECA,com.sirma.mobile.bible.android,6083384,1981-01-01 01:01:02,2024-06-01 01:28:32.949756,100000000,2024-06-01T01:31:46.704517,"YouVersion Bible App + Audio
10.10.0-r4",Life.Church,22 May 2024
2412F6A0FC8589D6C4FF0DF519ACE7303A89C5FA41F047188D6A2DEECD39218F,appinventor.ai_progetto2003.SCAN,64,1981-01-01 01:01:02,2024-09-09 06:24:19.677082,50000000,2024-09-09T06:25:51.278393,"QR BARCODE SCANNER
3.2.14",WB Development Team,20 Jun 2024
0000AD84443E3A24A83DCC198C5AA00BC4C2012E1DA1960CD3D8B2E872ADDB0D,com.geargames.aow,37652,1981-01-01 01:01:02,2024-10-08 11:16:39.272152,10000000,2024-10-08T11:19:47.548024,"Art of War 3:RTS strategy game
4.10.4",Gear Games Global,4 Oct 2024
441C593B52DE3D72F8FDBC40D9854353A8095FB5F76474A51ED98FBACE3D86EE,com.alhiwar,32686001,1981-01-01 01:01:02,2024-03-20 18:26:31.457308,50000000,2024-03-20T18:37:31.027107,"Muslim Muna: Quran Azkar Athan
3.26.86",Muslimuna Studio,7 Mar 2024
125B0575716B1C28CAE6536468F1DE371FF1A045BA58ED5A1321A44224C7F725,com.higgs.tilemaster3d,24011217,1981-01-01 01:01:02,2024-03-12 19:10:03.330655,100000000,2024-03-12T19:14:59.453368,"Tile Master 3D® - Triple Match
1.9.8",Higgs Studio,12 Jan 2024
4323C7BB937B1D17CEF0634E0C37608C9596EC5FFF47B68B290B07955D2F138A,com.generamobile.zhunter.gp,142,1981-01-01 01:01:02,2024-08-04 21:59:22.645347,50000000,2024-07-06T10:18:55.931009,"Zombie Hunter: Killing Games
3.0.78",Viva Games Studios,28 Jun 2024
097C022387A467150E599425D10C3F0A66AFFEF4FAC970FA437F715900B3AD27,com.vehicle.rto.vahan.status.information.register,194,1981-01-01 01:01:02,2024-08-03 09:29:33.41611,50000000,2024-08-03T10:02:39.303169,"RTO Vehicle Information
12.49",Vahan Registration Details - Vehicle Owner Details,28 Jun 2024
02CACB9B2CF569A760AFB804A27019AB8C51ADE50D65CFF0986730E15A491020,com.pazugames.avatarworld,105,1981-01-01 01:01:02,2024-08-29 16:03:58.910851,100000000,2024-08-29T16:05:52.913313,"Avatar World ®
1.104",Pazu Games,29 Aug 2024
F7027703202F88409A91D7B23CAB4407CF2D151C901A9D47952B6DC0B181D80D,com.outfit7.talkingtomtimerush,450,1981-01-01 01:01:02,2024-12-11 01:14:18.738239,50000000,2024-12-11T02:10:03.317364,"Talking Tom Time Rush
1.3.3.18012",Outfit7 Limited,11 Nov 2024
0C04F4E5FDEF9CE7577B677CC5D5E71ED6360A9D7ED530C6120C68F38E02B266,com.iqiyi.i18n,697322,2024-03-06 15:38:06,2024-03-13 02:17:59.400653,50000000,2024-03-13T02:20:43.255844,"iQIYI - Drama, Anime, Show
6.2.5",iQIYI,7 Mar 2024
5768715494E4A2250F7D18137DDC2CA158655BDDC499ACF1876D275B57E2C41A,com.mgs.sniper1,500192,1981-01-01 01:01:02,2024-11-17 01:56:02.377341,50000000,2024-11-17T02:29:42.749375,"Sniper Strike FPS 3D Shooting
500192",Mobile Gaming Studios Ltd.,7 Oct 2024
00A368D7D4C0B1945F814ADC3F926861026E17406188DE8A05E63116F65AEAE3,com.digilocker.android,1137,1981-01-01 01:01:02,2024-09-24 12:48:03.58801,100000000,2024-09-24T12:48:50.505733,"DigiLocker
8.1.4","National eGovernance Division, Government of India",23 Sept 2024
14C211FC0FF4A25D5671B5A1B75357F41BF88D205B607D22E69F259BBF74E3EF,ru.mail.mailapp,77282,1981-01-01 01:01:02,2024-08-05 04:56:32.51378,100000000,2024-08-05T04:50:24.430932,"Mail.ru - Email App
14.119.0.77282",Mail.Ru Group,23 Jul 2024
0D0DEABB2DCE97DE1EE2F5D688DACF98C1393C28369BCEC1A5102176607E6544,com.mi.android.globalminusscreen,20240201,1980-01-01 00:00:00,2024-03-17 03:31:09.115094,1000000000,2024-03-17T03:45:05.362745,"App Vault
12.42.2",Xiaomi Inc.,1 Feb 2024
03D5A04B3F6B2B7BBE42D9F3581F218714713E6B1972F4244FCCF4220ECB0581,com.longtech.lastwars.gp,2423230,1980-01-01 00:00:00,2024-06-12 12:29:26.492613,50000000,2024-06-12T12:26:54.064056,"Last Empire - War Z: Strategy
1.0.411",Interesting Game Network Limited,6 Jun 2024
1B7CB78DE6A4DA78D9D8C2B1B033F80D341936E0985351F1CB2E927A8119DC59,com.easybrain.block.puzzle.games,30100003,1981-01-01 01:01:02,2024-05-25 19:22:35.438422,100000000,2024-05-25T19:21:42.286531,"Blockudoku - Block Puzzle Game
3.1.0",Easybrain,21 May 2024
01E69E63123E5886E8904DF016BDC42102FFF690FECA68EEB3878545DC3E1F63,com.google.android.apps.youtube.kids,151001030,1981-01-01 01:01:02,2024-03-20 10:46:57.188439,500000000,2024-03-20T10:48:35.598314,"YouTube Kids
9.10.1",Google LLC,18 Mar 2024
009888688B3D52E1A8BAFBC0175C6AE698B97A53E16FE08E77B89DDBADC2914E,com.wemesh.android,1648,1981-01-01 01:01:02,2024-05-12 09:52:57.281842,50000000,2024-05-12T09:53:32.655586,"Rave – Watch Party
5.7.5",Rave Inc.,10 May 2024
001F28ECE17520AE3406E2579EDBCFEEACC984D06E0011632C278751840B77AE,com.microsoft.teams,2024063915,1981-01-01 01:01:02,2024-04-15 19:35:24.918609,100000000,2024-04-15T19:41:03.321708,"Microsoft Teams
1416/1.0.0.2024063901",Microsoft Corporation,12 Apr 2024
08BF13DBCFB1D144BFEC01A9A865E22FCE7D6EAEA75D84BBE7C73EF13F4D09FF,com.app.tgtg,21032,1981-01-01 01:01:02,2024-10-20 12:29:32.100995,50000000,2024-10-20T12:35:43.890466,"Too Good To Go: End Food Waste
24.10.1",Too Good To Go Aps,16 Oct 2024
2D96A2FA398D228E2FF189D2B370C544187573CEC93B2610D8EC1BA21FFCA28F,com.chillingo.robberybobfree.android.row,818374,1981-01-01 01:01:02,2024-08-04 22:04:13.024887,100000000,2024-08-04T22:05:42.447127,"Robbery Bob - The Boss Thief
1.25.2",Deca_Games,22 Jul 2024
FA73FD6CD2F569C1041D7E15870E68E46D67C5FE555BC68D64779F3D36ED699E,com.slacker.radio,50457,1981-01-01 01:01:02,2024-04-20 14:05:47.37867,100000000,2024-04-20T14:19:26.410690,"LiveOne: Stream Music &amp; More
9.2.4",Slacker Inc.,10 Apr 2024
1A444C95F12BFD45E32B1C8149753B06D90714CF64197664DBC0B52BC9DE1322,com.netqin.ps,327,1981-01-01 01:01:02,2024-10-18 04:12:08.987843,100000000,2024-10-18T04:12:15.476622,"Vault - Hide Pics, App Lock
6.9.11.90.22",Wafer Co.,11 Oct 2024
2B1DE74D9AE5A392488BE5E0B100FE810899FE6B8AFFC8C8E44C4B2C52C81F79,com.edujoy.masha.games,890,1981-01-01 01:01:02,2024-09-10 15:16:53.485625,100000000,2024-09-10T15:18:17.632689,"Masha and the Bear Educational
8.9.0",DTC Lab,18 Aug 2024
03B0C7E910755431AC76F9AF7915E3189873A042E94AC4D64EAFB918B60589B0,com.os.space.force.galaxy.alien,5004550,1981-01-01 01:01:02,2024-09-18 04:44:14.502568,50000000,2024-09-18T04:54:24.590764,"Galaxiga Arcade Shooting Game
24.95",1SOFT,16 Sept 2024
ADBD8CE1C4A9213160A3A83117B15CB76411A6417C119A6A234266715C6817DF,europe.truck.simulator2,58,1981-01-01 01:01:02,2024-01-22 11:15:23.251679,50000000,2024-01-22T11:15:29.926651,"Truck Simulator : Europe 2
0.62",Wanda Software,11 Jan 2024
04D34FFDAFEED34CC59A15005DEA76CC74289BEAAE128920B123837C4DAD76C8,com.google.android.apps.classroom,300031494,1981-01-01 01:01:02,2024-12-15 04:11:03.931921,100000000,2024-12-15T04:19:17.319296,"Google Classroom
3.24.702446556",Google LLC,6 Dec 2024
03B7AE179378DF90C294BE03B70B76B4B4F30E6C6CDBE3C7AC70E86CB4A2604B,com.clue.android,3076,1981-01-01 01:01:02,2024-10-28 21:57:31.406868,50000000,2024-10-28T22:07:15.612188,"Clue Period, Ovulation Tracker
178.0",Clue Period Tracker by BioWink,24 Oct 2024
0612B999242CC954056C3ABFBEAE502DABD8BC044042E10E0EDECA0B087961D6,war.of.islands,429,1981-01-01 01:01:02,2024-03-23 09:04:06.379766,50000000,2024-03-23T09:04:48.107630,"War of Rafts: Crazy Sea Battle
0.47.01",CASUAL AZUR GAMES,7 Feb 2024
A4919F1E035B70B4CE7A87A8AD6F78CE33DBB32C02FA59DE0324E2FD8D3DF73B,com.free.unblock.melon.vpn,41226,1981-01-01 01:01:02,2024-03-01 14:20:32.069631,50000000,2024-03-01T14:22:08.055729,"VPN ProMaster - Boost your net
4.1.226",Fruit Security Studio,18 Feb 2024
021C1D2A9C066FF98DFA536BFD96FA7F6CFFC1121CBDF9FD078181C983692646,org.thunderdog.challegram,1730020,1981-01-01 01:01:02,2024-06-11 14:28:13.917575,100000000,2024-06-11T14:29:25.763203,"Telegram X
0.26.9.1730-arm64-v8a",Telegram FZ-LLC,10 Jun 2024
7819F8F59198D1DEE22A98C04624459150D138D78CC5BB4B11E19EC717091020,com.yy.biu,12745,1981-01-01 01:01:02,2024-03-30 14:43:35.473144,100000000,2024-03-30T14:45:44.379873,"Noizz: video editor with music
5.13.1",Noizz Team,19 Mar 2024
089C8B57C240BE969B2CA301ADD1654F0E8BB6181F70B74A9EEAEA6B974E69C9,free.video.downloader.freevideodownloader,38,1981-01-01 01:01:02,2024-03-17 16:36:58.265104,100000000,2024-03-17T16:38:13.153153,"Video Downloader - Downloader
1.3.8",Simple Design Ltd.,13 Mar 2024
800AE12CF9C9531E4ECBABFAA30EB6DD94E4C9CB6B0C1EA4138DDB3F4BF32F8D,io.yarsa.games.ludo,72,1981-01-01 01:01:02,2024-08-04 19:29:24.202668,100000000,2024-08-04T19:33:29.020522,"Ludo
0.4.20",Yarsa Games,16 Jul 2024
0BB281E156C5CD2F9AE366025DBAEA21AE6324CF1CD73B87DC2B4D1955008A48,com.mobirix.swipebrick2,240624002,1981-01-01 01:01:02,2024-08-04 22:03:57.658737,100000000,2024-07-17T15:01:23.366943,"Bricks Breaker Quest
2.0.9",mobirix,2 Jul 2024
0753E3F04D20F84A96B76DF15DAFF23A7C555C33C081C71E105BE918A191EC28,com.clearchannel.iheartradio.controller,710380101,1981-01-01 01:01:02,2024-03-30 05:30:58.566993,50000000,2024-03-30T05:59:35.406001,"iHeart: Radio, Podcasts, Music
10.38.1","iHeartMedia, Inc.",27 Mar 2024
1107F714659A3CE4F436202F879194245FA9660B97734FA64F299CEFFDC68953,com.com2us.smon.normal.freefull.google.kr.android.common,82902,1981-01-01 01:01:02,2024-03-28 10:54:06.2503,50000000,2024-03-28T10:59:00.611409,"Summoners War
8.2.9",Com2uS,25 Mar 2024
291084A7F0332CB714D6D5D9DB6B45C2522D37CDAE2E2167AD1CDC5177B7205E,com.yy.hiyo,48272,1981-01-01 01:01:02,2024-09-08 17:53:33.856572,100000000,2024-09-08T17:55:44.398016,"Hago- Party, Chat &amp; Games
5.27.1",HAGO,2 Sept 2024
20AB0DAB236F1DFABFC7E9F4A1B20F21132425BD06D5BDDED61BAD2E5FF20DBF,com.goibibo,2058,1981-01-01 01:01:02,2024-04-06 07:31:07.124032,50000000,2024-04-06T07:35:59.170094,"Goibibo: Hotel, Flight &amp; Train
17.7.3","Goibibo — Hotel, Flight, IRCTC Authorised Partner",27 Mar 2024
B0CD29518C052BF0AA1FDD6BBC7B1CB390A3458C041444C9012F3C082882B8A9,com.mgc.RopeHero.ViceTown,676,1981-01-01 01:01:02,2024-10-17 21:21:11.494746,100000000,2024-09-12T16:06:18.270088,"Rope Hero: Vice Town
6.7.6",Naxeex Action & RPG Games,1 Aug 2024
050F5714305B45DB75C32DC0774FD28A9E62B2A9092708A59E42A68466994A31,com.zeptolab.timetravel.free.google,2352127,1981-01-01 01:01:02,2024-11-14 17:07:05.653393,50000000,2024-11-14T17:08:33.416443,"Cut the Rope: Time Travel
1.20.0",ZeptoLab,26 Sept 2024
38800BCCDE47AA4C921E48842E66266B5C264063C2552D23F4A289F15E70A8A7,cn.xender,1000200,1981-01-01 01:01:02,2024-08-05 20:36:22.214337,500000000,2024-08-05T20:52:46.676910,"Xender - Share Music Transfer
14.5.0.Prime",Xender File Sharing Team,11 Jul 2024
111C8976876878A75ACDB70FCB918F7839EE3E483C2C2B7A1C852A912991697D,com.meitu.makeup,6325,1981-01-01 01:01:02,2024-03-20 02:04:54.509014,50000000,2024-03-20T02:16:56.722732,"MakeupPlus - Makeup Camera
6.3.25",MeituEve International Limited,27 Jan 2024
0C2AF83E985A8183B60D0D049F77D99923C27C66E1591444144046FD4480FD51,com.babbel.mobile.android.en,21560099,1981-01-01 01:01:02,2024-08-24 12:35:17.462275,50000000,2024-08-15T13:36:51.702711,"Babbel: Language Learning
21.56.0",Babbel,13 Aug 2024
15E53A49E887F3603B7968B4AB9964F3FDE6DF35713A6203C927E1223D28989C,com.ction.playergames,4002007,1980-01-01 00:00:00,2024-04-12 14:14:53.660118,100000000,2024-04-12T14:34:06.003423,"2 3 4 Player Mini Games
4.2.7",Better World Games,25 Mar 2024
31D2888BF7A33CBD731732A85E3CE984BDA82E80A5A71E0C0D91267C54E76B17,com.fdgentertainment.bananakong,109161400,1981-01-01 01:01:02,2024-05-04 17:28:26.892606,100000000,2024-05-04T17:28:30.804426,"Banana Kong
1.9.16.14",FDG Entertainment GmbH & Co.KG,30 Apr 2024
1B98BDF73052E6D623C6F7713D1DD9FFE70BE32F78C517F9931514C8FBBB8EAA,app.bpjs.mobile,132,1981-01-01 01:01:02,2024-06-30 04:32:33.555107,50000000,2024-06-30T04:41:07.512229,"Mobile JKN
4.8.1",BPJS Kesehatan,19 Jun 2024
122042B3962A8277B1473F3D937938F13E29FD0BF203F0D254390B7C5AB1B471,ru.ivi.client,13810,1981-01-01 01:01:02,2024-08-12 12:19:09.772569,50000000,2024-08-12T12:20:35.400219,"Иви: сериалы, фильмы, спорт
24.8.1",ivi.ru,6 Aug 2024
093CC24D7E81800D7E5D45FEC1F0C825EDB23C6FA8892D80686ED4C4F29714F6,com.biglime.cookingmadness,186,1981-01-01 01:01:02,2024-09-13 20:38:28.826597,100000000,2024-09-13T20:44:31.011698,"Cooking Madness: A Chef&#39;s Game
2.8.3",ZenLife Games Ltd,12 Sept 2024
156A56C0A21EAECECE37EB0C13D5765ABF253F10D9E9171757D501F648D0008E,com.lumber.inc,1066,1981-01-01 01:01:02,2024-06-15 08:21:55.096863,50000000,2024-06-15T08:27:11.795041,"Idle Lumber: Business Empire
1.9.9",AppQuantum,13 Jun 2024
395641BDE383B03066A0F185D37690C892236C4E2CEBEAEB6557E8F26AA49DCF,com.bagatrix.mathway.android,20458,1981-01-01 01:01:02,2024-09-12 07:48:36.521875,50000000,2024-09-12T08:01:02.898936,"Mathway
5.11.0","Chegg, Inc.",8 Sept 2024
0BAE9B2004C8BECA7CECC477759395FC4EBADAEC7AB9D650C0703F000EA38285,com.google.android.calendar,2017510906,1981-01-01 01:01:02,2024-08-21 11:00:52.085436,5000000000,2024-08-21T11:00:58.751638,"Google Calendar
2024.32.1-662114978-release",Google LLC,15 Aug 2024
459D19D13236A6BB8DEF61859A92F24872468AA748C0D98EE8A5920AFE1B9AB7,com.ktb.customer.qr,931600,1981-01-01 01:01:02,2024-09-05 01:04:58.506921,50000000,2024-09-05T01:08:26.228420,"เป๋าตัง - Paotang
14.22.0",Krungthai Bank PCL.,22 Aug 2024
E1103A3A92A6686CB4BF9A2569DB83FD9610523828CEE7DE7C950E5ECFF91433,com.oppanagames.car.simulator,222,1980-01-01 00:00:00,2024-09-09 00:42:35.842844,100000000,2024-09-09T00:40:17.283093,"Car Simulator 2
1.52.1",OppanaGames FZC LLC,3 Sept 2024
2120704704A6BBB86830CE9F29F0915FE1A668ABB5F50FD424996B0214F25C7E,com.yellowpages.android.ypmobile,10070200,1981-01-01 01:01:02,2024-03-14 14:37:05.632677,50000000,2024-03-14T14:51:52.417917,"YP - The Real Yellow Pages
10.7.2",Yellowpages,11 Feb 2024
47106DB0DACDE4CF6C0C7AD9E36C61C5690FF7469DC89ECEFDB9CBB4C09ECB9C,com.sony.tvsideview.phone,108010004,1981-01-01 01:01:02,2024-09-14 22:18:07.99013,50000000,2024-09-14T22:20:58.677540,"Video &amp; TV SideView : Remote
8.1.0",Sony Corporation,4 Jun 2024
4BF8464E388D8B80715FE8C663BEBD437978411723237D5B744D5E301F300327,com.topface.kisskiss,50140902,1981-01-01 01:01:02,2024-08-05 00:50:51.311227,50000000,2024-08-05T00:58:42.225185,"Kiss Kiss: Adult Stories Game
5.1.40902",PLAYNETA LIMITED,2 Aug 2024
05334E10611757DB46E89CDDA50C67647F298FA2FF61A2915D8F77C5C26EBD8D,com.transsion.magazineservice.xos,820519,1981-01-01 01:01:02,2024-08-02 20:30:33.214601,100000000,2024-08-02T01:21:34.868232,"Magazine Lockscreen XOS
10.1.1.055",Transsion Holdings,10 Jul 2024
0D1F596CBAAC346D7183857B37372412D725F3B1CB0C5DA58AF9CA29CBBC49EF,com.budgestudios.googleplay.PawPatrolRescueWorld,8377,1980-01-01 00:00:00,2024-08-30 12:27:49.130392,50000000,2024-08-30T12:29:21.602458,"PAW Patrol Rescue World
2024.9.0",Budge Studios,28 Aug 2024
02D07BA3B05340E91C4E8AD3E416A4D456CE8F50E432819429D01503A16A767B,ru.yandex.taxi,50124973,1981-01-01 01:01:02,2024-08-07 15:44:29.222739,100000000,2024-08-07T15:46:22.364681,"Yandex Go: Taxi Food Delivery
4.199.0",Mikromobilnost LLC Belgrade,30 Jul 2024
061B738F22B2076869328BD123B18B1B5D48222B3C72D19ED19AD0270E334ABD,com.miniclip.carrom,1039,1981-01-01 01:01:02,2024-08-03 06:12:01.201858,100000000,2024-07-25T07:46:10.712012,"Carrom Pool: Disc Game
15.8.0",Miniclip.com,18 Jul 2024
6E1A394A4E3717EC5FA8D06E0A52672E871943C2A6D8E76E9F94A1EA4FA19DA1,com.andregal.android.poolbilliard,27,1981-01-01 01:01:02,2024-04-28 22:24:22.616231,50000000,2024-04-28T22:25:50.731537,"Pool Billiards offline
1.2.7",Ball games,18 Apr 2024
14EFB1F043C8B919A0AB037BE330996C19083298FA605D82091A5457D3FAD399,com.gathercultivatecountry.attack,95,1981-01-01 01:01:02,2024-11-19 20:46:16.146252,50000000,2024-11-19T20:48:24.089196,"Bubble Games
95.0",LIANweiwei,29 Sept 2024
2AE0C8DD92E4D41C7373E223ABD88E2D7311FFC11EED80ED54C533CE169735BA,com.xmonetize.quizzland,3268,1981-01-01 01:01:02,2024-05-07 10:19:10.666969,100000000,2024-05-07T10:19:12.469653,"QuizzLand. Trivia Brain Test
3.2.018",Quiz & Trivia Games by Mno Go Apps,22 Apr 2024
1F7947A9549FC5913A1E8C51344FBA983CD888A56D1EA8FC3185812EEB818614,com.miniclip.soccerstars,896,1981-01-01 01:01:02,2024-03-15 17:57:18.269351,100000000,2024-03-15T18:00:33.709246,"Soccer Stars: Football Kick
35.3.5",Miniclip.com,28 Feb 2024
0B506DC4204E4F311E9D18EE0779BAD3E79A12986872A6CDE3B8CF4A7B44EC44,com.pjmasks.moonlightheroes,968,1980-01-01 00:00:00,2024-01-18 14:42:09.694152,100000000,2024-01-18T14:41:54.473769,"PJ Masks™: Moonlight Heroes
4.1.1",Scary Beasties Limited,10 Jan 2024
4AC2563C420C5D20789B56222CAC0F8F54B9C4F6AD3FA29E87B1FC6813B0A728,com.mediocre.smashhit,1050600,1981-01-01 01:01:02,2024-01-18 14:24:26.924866,100000000,2024-01-18T14:25:53.363983,"Smash Hit
1.5.6",Mediocre,9 Jan 2024
1DCFC9C7FD15ABB1DD2AC600FFADAE2242BAC20A7B9340BD9423AB78E77ABA02,com.defianttech.diskdigger,152,1981-01-01 01:01:02,2024-08-05 22:44:15.492533,100000000,2024-08-02T14:25:37.216850,"DiskDigger photo recovery
1.0-2024-07-25","Defiant Technologies, LLC",25 Jul 2024
1838E3F59ABB8FFDC9217F69FF956E26FF18953CD47937CE61A4C43833A5DC3D,com.didiglobal.passenger,1107048804,1981-01-01 01:01:02,2024-08-03 17:09:36.316554,100000000,2024-08-03T17:18:03.882783,"DiDi - Request a Ride
7.4.88",DiDi Global,15 Jul 2024
0EF6E3A49630E8004AD8E132F50075F799E98935996CE594C478EDF2F8C0FAAD,com.ea.game.pvzfree_row,364,1981-01-01 01:01:02,2024-11-06 19:26:53.11562,500000000,2024-11-06T19:33:42.533100,"Plants vs. Zombies™
3.7.0",ELECTRONIC ARTS,29 Oct 2024
0E71449E1B0F6EA6BC21D2C620C7CEB627BC4418B41E24A363BEA34CAADB4129,com.blacklightsw.ludo,3321,1981-01-01 01:01:02,2024-06-28 01:40:03.329313,100000000,2024-06-28T01:40:05.567328,"Ludo SuperStar- Board Game
33.2.1",BlackLight Studio Games,21 Jun 2024
0902E7F87B8F445F86787435CE59AC4FB5E2EB99DDBE0FBE6DD9A7252A7C9B17,air.com.sgn.cookiejam.gp,1016040109,1981-01-01 01:01:02,2024-11-05 09:28:19.334878,50000000,2024-11-05T09:25:43.602755,"Cookie Jam™ Match 3 Games
16.40.109","Jam City, Inc.",21 Oct 2024
0E257EAD37935CE0AA2E4B61C07E5761AF0CF46C0841F9A12E99458F4DA50AE1,splits.splitstraining.dothesplits.splitsin30days,38,1981-01-01 01:01:02,2024-01-16 02:52:33.023974,50000000,2024-01-16T02:52:30.217136,"Splits Training in 30 Days
1.0.38",Leap Fitness Group,8 Jan 2024
25AD8DB132026E2EC801A0EC6C0879EF8EEE9C57A5FCD8ADCDDB717D4CCF2CD0,com.nekki.shadowfight,30000032,1981-01-01 01:01:02,2024-04-27 18:24:29.61704,100000000,2024-04-27T18:24:44.081549,"Shadow Fight 2
2.34.6",NEKKI,26 Apr 2024
3418C770447F1AC9285DA4B76E7984275808E61F3C54CCA61F957A4409A068AD,com.parkourrace.game,1090668,1981-01-01 01:01:02,2024-09-11 06:42:40.140409,50000000,2024-07-26T06:02:43.073811,"Parkour Race - FreeRun Game
1.11.1",Madbox,16 Apr 2024
5C946CDCFAEB8223F7089A6BC666040FDA86372F3948B96C956E7AAB4A87CF8F,com.indigokids.mim,1710041870,1981-01-01 01:01:02,2024-09-10 15:11:59.609612,50000000,2024-09-10T15:11:59.949936,"Masha and the Bear Child Games
3.7.0",DTC Lab,29 Aug 2024
73E5EFFD6603A2CB2593E3F7E93AD8169F7EBF877F402A2554088B64DC801312,com.rarlab.rar,122,1981-01-01 01:01:02,2024-03-24 21:42:22.41488,100000000,2024-03-24T21:42:23.345023,"RAR
7.00.build122",RARLAB (published by win.rar GmbH),15 Mar 2024
01F8528BBCF3CED7E3A0515DA56EDFF87C38D5F3A77538D554CA17E2193267AA,com.hyperkani.stuntcarextreme,345,1981-01-01 01:01:02,2024-07-06 12:49:37.607113,50000000,2024-07-06T12:49:55.074652,"Stunt Car Extreme
1.060",Hyperkani,27 Jun 2024
494F5291AB5835FCE12896B7C61874C2A0DBA4A9F9EACAAC9D36720D15477383,com.steelcloudstudio.luxury.prado.car.parking.challenge,46,1981-01-01 01:01:02,2024-09-19 13:25:08.600831,50000000,2024-09-19T13:28:38.342256,"Prado Car Games Modern Parking
1.5.1",DEHA,13 Dec 2023
3752B9F7EC5CCC1D035C56624D303867D1F88EC8C3A141C29D39F26635D3F98B,mydiary.journal.diary.diarywithlock.diaryjournal.secretdiary,10331,1981-01-01 01:01:02,2024-11-23 10:15:21.805574,50000000,2024-11-23T10:15:25.368425,"My Diary - Daily Diary Journal
1.03.73.1120",Dairy App & Notes & Audio Editor & Voice Recorder,19 Nov 2024
089F52FABD40E95BED655283C2333DE690BDA71B70646A98D580DA92E1A9881D,com.lbe.parallel.intl.arm64,34,1981-01-01 01:01:02,2024-01-10 09:40:58.908079,50000000,2024-01-10T09:40:57.802926,"Parallel Space - 64Bit Support
1.0.3107",LBE Tech,28 Dec 2023
13EF641904DB3B903DCEB9B7538310FA7F88D56178B02994AA0C0871BB606139,trendyol.com,809,1981-01-01 01:01:02,2024-06-29 19:33:22.328494,100000000,2024-06-29T19:33:35.445881,"Trendyol: Fashion &amp; Trends
7.25.3.809",Trendyol,28 Jun 2024
00D97DA3F82566B7B628C637DA815BB37F4BF652C61AA233C83EEA539A6B9D83,org.mozilla.firefox,2016003223,1981-01-01 01:01:02,2024-02-20 14:55:02.125832,100000000,2024-02-20T14:55:02.647309,"Firefox Fast &amp; Private Browser
123.0",Mozilla,12 Feb 2024
097F114CB4745517C62C63DB446F0A218989DE4A8F3EEDDEA505EAE20F678B47,com.shaiban.audioplayer.mplayer,1007000003,1981-01-01 01:01:02,2024-04-19 10:17:59.45085,100000000,2024-04-19T10:21:32.468749,"Music Player - MP3 Player
v7.0.0",Apps10X,18 Apr 2024
561246C64810A47CC87296867A5CB4DE82D614A7945F0CA95801CED72878EC88,com.mastercomlimited.cardriving_t,614013000,1981-01-01 01:01:02,2024-01-12 15:38:14.726411,100000000,2024-01-12T15:39:25.025050,"Drive for Speed: Simulator
1.30.00",Play365,4 Jan 2024
BF38F934BFD7A670A8F06EFE6444525AB9C9A4DA50B0B1958B4E664D1936615B,com.disney.starplus,2308150,1981-01-01 01:01:02,2024-03-11 08:06:52.548222,50000000,2024-03-11T08:49:55.689641,"Star+
2.23.0-rc3",Disney,23 Aug 2023
0402457EB75994F31CD41D8AF1DD8C6395C3FD18E87EC173DEAFA636A87E9E67,com.tul.tatacliq,293,1981-01-01 01:01:02,2024-09-26 18:40:00.93775,50000000,2024-09-26T18:52:00.246092,"Tata CLiQ Online Shopping App
93",Tata Unistore Limited,18 Sept 2024
485B9E3E0B2BAAC387CEE302235B6FF9CD0B0DF5DF0C363BE9031AFB86274B59,com.junesoftware.maskgun,216309,1981-01-01 01:01:02,2024-03-05 11:10:57.508863,50000000,2024-03-05T11:12:26.937572,"MaskGun: FPS Shooting Gun Game
3.038",SuperGaming,22 Feb 2024
04BA7DF43D81166BA0F0B6D0481CC1A8CC342784EF5DC4813F32BFC5475A2178,com.tripledot.woodoku,5259,1981-01-01 01:01:02,2024-08-03 18:55:13.132343,100000000,2024-08-02T06:12:11.113471,"Woodoku
3.33.00",Tripledot Studios Limited,19 Jul 2024
689A03E2BAE37660FF8F608CECA8661DC5F0731405DC1B5EB8FDD4133D8EF59F,sg.bigo.live.lite,1768,1981-01-01 01:01:02,2024-11-24 06:48:35.260862,50000000,2024-11-24T07:08:35.141772,"BIGO LIVE Lite – Live Stream
1.24.1",Bigo Technology Pte. Ltd.,13 Nov 2024
00136496C032744A2865906590BA336104E0614E7B4CAC5BD079082BEC366F85,com.chaloapps.roosterrudy,262,1981-01-01 01:01:02,2024-02-19 01:06:46.341539,50000000,2024-02-19T01:07:22.262712,"Chicken Gun
3.9.02",ChaloApps,24 Jan 2024
018AC81859C272DE0FAD761CB383E5094267113226EB9182805C4209CA41BDB2,eu.nordeus.topeleven.android,8467,1981-01-01 01:01:02,2024-11-28 11:03:20.069272,100000000,2024-11-28T11:03:29.096794,"Top Eleven Be Football Manager
25.13",Nordeus,26 Nov 2024
4628DE81ABB241A2EE2F0D053520259751317D8270CA93E913CB4EFE39E46988,com.infraware.office.link,267,1981-01-01 01:01:02,2024-05-02 12:35:26.231817,50000000,2024-05-02T12:36:38.178058,"Polaris Office: Edit&amp;View, PDF
9.8.11",Polaris Office Corp.,1 May 2024
44AB029AC30930FFBE6A6BBADFAADBC4F72FE25EBA09B74EA8D5979E2383E7EF,com.univision.prendetv,1112,1981-01-01 01:01:02,2024-09-07 23:42:11.072367,50000000,2024-09-07T23:55:00.892162,"ViX: TV, Deportes y Noticias
4.27.3_mobile",Univision Communications Inc.,19 Jul 2024
1A6FEB74458FEE0585465A9568EA028C09B10A8B2658D1CF075A9B8A3276D819,com.tocaboca.tocalifeworld,79663,1981-01-01 01:01:02,2024-09-17 13:40:02.948246,100000000,2024-09-17T13:40:44.273335,"Toca Boca World
1.94.1",Toca Boca,12 Sept 2024
1C3F837822BDA6317A0977F46475BBBAD00B2304E75A26FBB21B9846D1C46431,com.rsupport.mvagent,170300958,1981-01-01 01:01:02,2024-03-22 13:24:14.741651,100000000,2024-03-22T13:30:36.056972,"Mobizen Screen Recorder
3.10.1.4",MOBIZEN,18 Mar 2024
0B108D313E383283456AAF5BDA998123FBB3329958638FFF66890BCF052E0B57,com.braindom,194,1981-01-01 01:01:02,2024-11-20 20:12:54.42225,50000000,2024-11-20T20:09:22.557887,"Braindom: Brain Games Test
2.4.4",Matchingham Games,12 Nov 2024
F2F19BFCE9A78D47D8581CFF10652041B3519041309BC929AE1D55C64E0080F2,com.CreaTeamMobile.NextbotsinBackrooms,161,1981-01-01 01:01:02,2024-08-24 10:45:55.865344,50000000,2024-08-24T10:51:50.507571,"Meme Hunters: Hide &amp; Seek
2.6.7a",playducky.com,19 Aug 2024
0E622B35FB0E8AEF8F1AB8396A9BFB479F9AD84FBD6705222FC74981CB6F7DB9,com.snake.io.slither.worms,435,1981-01-01 01:01:02,2024-06-29 14:08:52.171408,100000000,2024-06-29T14:10:14.580752,"Snake Lite - Worm Snake Game
4.12.2",Hippo Lab,14 Jun 2024
23C3FA33D1DF5F81BE167C13AF78365B37BDFF4662321EF2098B6D39D8B7F79D,com.google.android.apps.searchlite,945235,1981-01-01 01:01:02,2024-03-22 17:53:36.156388,1000000000,2024-03-21T13:13:13.666175,"Google Go
3.99.615063698.release",Google LLC,12 Mar 2024
28536B603A86115CFC7E87E7B6727272B040BF570970BA295287F0A7E870417E,com.riotgames.league.wildrift,806564,1981-01-01 01:01:02,2024-08-03 22:17:58.398472,50000000,2024-08-01T05:12:25.677888,"League of Legends: Wild Rift
5.2.0.8065","Riot Games, Inc",21 Jul 2024
01CE738963502BD275D600558CD2CED693CFD6152031F3B55E2CCAAB4BCE93EA,com.rovio.baba,31877877,1981-01-01 01:01:02,2024-01-18 19:18:42.133222,100000000,2024-01-18T19:18:44.528819,"Angry Birds 2
3.18.4",Rovio Entertainment Corporation,17 Jan 2024
04073CD8EE136897A192860C4F2916EDA982A167898144EF28F0B5A852A05F8A,com.pixelberrystudios.choices,200049,1981-01-01 01:01:02,2024-03-15 00:37:56.219701,50000000,2024-03-15T00:46:25.622518,"Choices: Stories You Play
3.1.8",Pixelberry,4 Mar 2024
20B89BF35004920C82DCA80BB3C9C4AE2F86C8B736DB65798625F2D71748CA70,jp.naver.line.android,140010383,1981-01-01 01:01:02,2024-01-17 09:44:38.816257,500000000,2024-01-17T09:45:39.441286,"LINE: Calls &amp; Messages
14.0.1",LINE (LY Corporation),15 Jan 2024
5C261A97BCE804E15953B41ED8215F5D1CF9902A9C5CA0DAFFF6EC59A4D8E892,com.zeptoconsumerapp,432,1981-01-01 01:01:02,2024-11-20 09:29:00.633176,50000000,2024-11-20T09:31:18.101438,"Zepto:10-Min Grocery Delivery*
24.11.3",Zepto,12 Nov 2024
67C56127F37108025F5F82C2BE4FF2ED00E32A6D7DCC7077273418F27A11289F,com.xs.armysniper,19,1981-01-01 01:01:02,2024-09-21 07:52:14.816464,50000000,2024-09-21T08:37:56.626117,"Modern Sniper
2.7",Candy Mobile,26 Aug 2024
02409C43F0C4BE4C21640E2CF07FDBA985A6F125884F75454A72AF0500AA039D,com.banggood.client,75907,1981-01-01 01:01:02,2024-11-19 15:27:17.638284,50000000,2024-11-19T15:39:45.407680,"Banggood - Online Shopping
7.59.7",Banggood,12 Nov 2024
0CDDEDD1500F145DF85955BAE25347D49C9E10C204C7352DC7CF607E3A617E9D,com.itau,1516,1981-01-01 01:01:02,2024-10-16 16:21:25.671544,50000000,2024-10-16T16:26:52.166492,"Banco Itaú: Conta, Cartão e +
7.081.3",Itaú Unibanco S. A.,26 Sept 2024
1D252DA3C42D5CD1083EAC4C819CD8D4DA9347FEF397474B900F21FE6DE1A97F,com.tictactoe.wintrino,98,1981-01-01 01:01:02,2024-03-22 02:01:09.30211,50000000,2024-03-22T02:01:51.563947,"Tic Tac Toe - XO
400.1.98",Wintrino,29 Feb 2024
30A5B26931D836CCC84FF9B6A54F49B2812D9D4E6936EC63147271AE6CBA64E7,com.prequel.app,10500507,1981-01-01 01:01:02,2024-11-16 13:35:43.755992,50000000,2024-11-16T13:41:20.399905,"PREQUEL Video &amp; Photo Editor
1.79.1",Prequel Inc.,1 Nov 2024
AE98F3159FF8B8AB1A489F32F4B3831D39D83307058766584400E1FDE99F740E,com.geishatokyo.dinosaur,13737,1981-01-01 01:01:02,2024-03-24 06:21:25.550824,50000000,2024-03-24T06:37:17.751382,"Dinosaur Rampage
5.1.8","Geisha Tokyo, Inc.",28 Jan 2024
A0C1AF6B9A363A95698897053CB4AA6D0C1AA5599F7DBAB11C285E99312C70BC,jp.garud.ssimulator,658,1981-01-01 01:01:02,2024-09-08 22:45:56.572253,100000000,2024-09-08T22:54:21.838381,"SAKURA School Simulator
1.043.04",Garusoft LLC,6 Sept 2024
437F5714B29538946F5DE39B07E53ACD1EB945F147448C8A8A35318CA6D33AD8,com.musicplayer.playermusic,153,1981-01-01 01:01:02,2024-01-16 20:54:46.205495,50000000,2024-01-16T20:54:58.388023,"Music Player - Audify Player
1.152.1",Audify Music Player,26 Dec 2023
3E85FFBEC2F207A850237457C8A9B72EE00EA84833EEABC3062417BCCA4AD868,com.rubygames.assassin,2018,1981-01-01 01:01:02,2024-06-13 18:39:41.749721,500000000,2024-06-13T18:44:43.205798,"Hunter Assassin
1.981",Ruby Games AS,10 Jun 2024
085B3EEA9163A1B0AA44BCD12399C616DEC1ACCA35F3251625C32AD70DEB7D4B,com.atomic.apps.ringtone.cutter,400001,1981-01-01 01:01:02,2024-09-11 14:41:37.769017,100000000,2024-09-11T14:53:05.994344,"MP3 Cutter and Ringtone Maker
4.1",Atomic Infoapps,15 Jan 2024
10E682993BCAA5100613C47F88E2D852431BB94171174DA1B259D9A8A21F9FA6,com.tbegames.and.best_moto_race,755019201,1981-01-01 01:01:02,2024-05-22 16:00:12.155576,100000000,2024-05-22T16:03:53.339708,"Moto Rider GO: Highway Traffic
1.92.1",T-Bull S A,29 Apr 2024
0AC1C13A473E2A398D3F5FF6887FB501ECEDA6FAA1E16829A2B024BC4BEDE842,com.oyo.consumer,20717,1981-01-01 01:01:02,2024-03-05 11:55:24.419106,50000000,2024-03-05T11:55:26.278569,"OYO: Hotel Booking App
10.0.1",OYO- Hotels & Vacation Homes | Bookings and Offers,4 Mar 2024
5B46EF328F6946DE3DE74F5995F705AA912D17BC58E0BA3222981A188000E857,com.frojo.moy7,71,1981-01-01 01:01:02,2024-01-25 15:23:36.312366,100000000,2024-01-25T15:24:54.323409,"Moy 7 - Virtual Pet Game
2.175",Frojo Apps,23 Jan 2024
3BF960B97B9244D770B8508D4ABB0D95DA5E1C9897193BD11F128ABCCBB4BCF5,com.gma.water.sort.puzzle,664,1981-01-01 01:01:02,2024-09-24 04:11:49.554983,100000000,2024-09-24T04:09:35.450236,"Water Sort Puzzle
18.0.1",IEC Global Pty Ltd,18 Sept 2024
01BE85A02D7EAEAE442B74C8D0121765C7AB58BCB865CEC33C7B71695E2E1A17,com.intsig.camscanner,66551,1981-01-01 01:01:02,2024-06-06 22:52:21.175656,100000000,2024-06-06T22:53:22.422035,"CamScanner- scanner, PDF maker
6.65.5.2405220000",CamSoft Information,29 May 2024
02974378AD144097ED57A9D4D2C149CB02BFDF00E16D26259852F4F7F6843E98,com.mwm.sampler,410536602,1981-01-01 01:01:02,2024-12-13 14:17:31.420866,50000000,2024-12-13T14:17:59.277740,"Beat Maker Pro - Drum Pad
3.66.02",MWM - AI Music and Creative Apps,29 Nov 2024
03EDAB0A15875ED1CDF215FE83D22944BC162A14EC1A8E675C57059319511DF1,com.google.android.apps.books,207956,1981-01-01 01:01:02,2024-06-05 18:39:56.965736,1000000000,2024-06-05T18:40:41.382826,"Google Play Books &amp; Audiobooks
2024.5.3.1 (207956)",Google LLC,7 May 2024
0EC510416779BA467A74ECEB1547496CEE99341E96FAA2C5AE8385B1DCAF6B3B,ringtone.maker.mp3.cutter.audio,224100,1981-01-01 01:01:02,2024-03-18 05:41:20.261557,50000000,2024-03-18T05:41:24.103288,"MP3 Cutter &amp; Ringtone Cutter
2.2.4.1",InShot Inc.,12 Mar 2024
5E8BE5F0972ABD5D58592B94AB616100FA224D7E640A2CA93BDD51FE184F791A,com.blackout.bubble,2790,1981-01-01 01:01:02,2024-03-28 14:27:40.612672,100000000,2024-03-28T14:30:53.066084,"Bubble Shooter Rainbow
2.79",Blackout Lab,12 Mar 2024
247D287A4986ED6F2F4DA7E62723C9EF3DCB745F09A2F52CD9BB8849A7B07740,com.hecorat.screenrecorder.free,70325,1981-01-01 01:01:02,2024-08-18 14:18:26.762683,100000000,2024-07-18T18:29:52.934322,"Screen Recorder - AZ Recorder
6.2.1",AZ Screen Recorder,10 Jul 2024
31D1242E16E347A9459AB16B3E00E45A9C250A1CC24A9062DCA3805CFD5EB017,com.kidsthree.princessfashionsalon,955096,1981-01-01 01:01:02,2024-08-19 12:58:39.58736,50000000,2024-08-19T12:59:01.900719,"Princess Makeup Salon
9.5.5096",Tap Happy,15 Aug 2024
093EEB6C90D03DAC9D3B7C50ABB9BD7BCF8A262D4A48FEE591EEAB13230A6F27,com.turbo.stars,228,1981-01-01 01:01:02,2024-10-15 11:43:30.223718,100000000,2024-10-15T11:44:33.944590,"Turbo Stars - Rival Racing
1.8.33",SayGames Ltd,13 Sept 2024
031AAD5E1BC0F8ADED72B28D4732E65CF84578472189F7A70EC66C087FFAD23F,com.miniclip.plagueinc,1537,1981-01-01 01:01:02,2024-03-01 16:24:37.115953,100000000,2024-03-01T16:24:37.562334,"Plague Inc.
1.19.17",Ndemic Creations,7 Feb 2024
2D0BEEED82C9729E207D09330C40F43422A09F7C121CC69B250106E9A189FD3C,com.GybeGames.FillTheFridgeTest,1847,1981-01-01 01:01:02,2024-03-24 10:46:19.770131,50000000,2024-03-24T10:53:20.508684,"Fill The Fridge
56.0.1",Rollic Games,22 Mar 2024
1FA153097CF89570109AD6023A1145236EBC68B6E240C397E9B2824F502C2215,com.barsstudios.swordplay,965,1981-01-01 01:01:02,2024-03-20 01:17:11.250387,50000000,2024-03-20T01:18:21.864354,"Sword Play! Ninja Slice Runner
10.6.0",CASUAL AZUR GAMES,29 Jan 2024
2087596E5000AD9D5F46426ABCAEBF4818A3B8782F5BA7CBF2EC86556EB94297,com.LoopGames.Domino,1630,1981-01-01 01:01:02,2024-03-14 02:53:50.442847,100000000,2024-03-14T02:54:34.176922,"Dominoes
1.63",Loop Games,15 Feb 2024
0E2AA9BD93DE8C9702F20227C744530CBD745FEF939FCADD704FF889684C354B,com.drivezone.car.race.game,536,1981-01-01 01:01:02,2024-11-06 07:39:23.911511,50000000,2024-11-06T07:39:46.642958,"Drive Zone: Car Simulator Game
1.1.1",Jet Games FZ-LLC,31 Oct 2024
1C55CE257C9F0953468BAEF5750B4C1AB0500B92CF39CF30A58765700F03F288,com.soomapps.screenmirroring,92,1981-01-01 01:01:02,2024-11-03 05:29:51.759935,50000000,2024-11-03T05:29:52.999829,"Screen Mirroring - Castto
2.7.0",SoomApps,27 Sept 2024
28B89BDEAB66C94B39107EC3B68327B90CD79F8BA6E40B9F5B3CB656C9149371,com.streema.simpleradio,701,1981-01-01 01:01:02,2024-03-01 06:39:32.525,50000000,2024-03-01T06:39:29.531695,"Simple Radio: Live FM AM Radio
5.9.0","Streema, Inc.",18 Jan 2024
77BB0570006C6A4E1F45016AFD4FA06C916D874F839CC1CA9B6AF3189B70B579,com.outfit7.talkingtom,720,1981-01-01 01:01:02,2024-01-19 10:58:45.287656,500000000,2024-01-19T10:59:24.405717,"Talking Tom Cat
4.2.0.214",Outfit7 Limited,10 Jan 2024
2B5C5490B6FBBDFCFD701721432D8A3536BB831F8CA159A242C4E6C23EF059CA,com.PlayMax.playergames,81,1981-01-01 01:01:02,2024-08-06 23:52:08.710275,100000000,2024-08-06T23:53:47.106219,"Stick Party 234 MiniGames
2.4.5.5",PlayMax Game Studio,1 Aug 2024
2418B9E25A26204CDCA74347020F6AB3A9EE73E99B5A259CC57EF39145EF12D2,com.transsion.magazineservice.hios,820519,1981-01-01 01:01:02,2024-08-02 21:27:06.339546,100000000,2024-08-02T21:27:51.302306,"Magazine Lockscreen HiOS
10.1.1.055",Transsion Holdings,10 Jul 2024
0E454FC2F4218EEE05E7443A700A53942FFFD57A58A24D60F36DD57CD778B15E,com.plexapp.android,959465313,1981-01-01 01:01:02,2024-08-03 16:05:52.038511,50000000,2024-08-02T08:36:40.788410,"Plex: Stream Movies &amp; TV
10.19.0.1142","Plex, Inc.",29 Jul 2024
66C37D91C999C578F52C83286625F8D956B96137E2BCCB828909598AC2564DE3,com.gta.real.gangster.crime,613,1981-01-01 01:01:02,2024-12-07 01:03:15.152714,100000000,2024-12-07T01:26:10.139118,"Real Gangster Crime
6.1.3",Naxeex Action & RPG Games,22 Oct 2024
6A6829EDC897FD0A6F461E7B65CFC0C858F9A5F1052188D2343B4BF8B0AD5CD0,com.touchtalent.bobbleapp,7320002,1981-01-01 01:01:02,2024-04-28 22:02:34.227752,50000000,2024-04-28T22:03:05.541439,"Bobble AI Keyboard
7.3.2.000",Bobble AI,17 Apr 2024
E9EE0BB81F50E34A58C24EC35A3225CE6171BDE937F909AB62DF6CB292E2CF70,com.hp.android.printservice,3169,1981-01-01 01:01:02,2024-08-20 16:58:46.544165,500000000,2024-08-20T16:59:31.078957,"HP Print Service Plugin
23.2.5.3169",HP Inc.,6 Aug 2024
006B6E01D963E77BB37C1CB6C2565E6450F0C55D9CF9CC15BFD5C42221266A91,com.afmobi.boomplayer,7261,1981-01-01 01:01:02,2024-08-23 10:52:46.85216,100000000,2024-08-23T10:53:47.009617,"Boomplay - Download Music MP3
7.2.61",Transsnet Music Limited,13 Aug 2024
6492AFD95D57D5C6ECAF9050502171052367FF9AFCB3357C8F500A61B823FD97,com.psv.vlad_and_nikita.supermarket,96,1981-01-01 01:01:02,2024-09-01 10:20:14.24309,50000000,2024-09-01T10:23:01.460750,"Vlad &amp; Niki Supermarket game
1.9.6",Hippo Kids Games,30 Aug 2024
33178F6270EED553F7B3B878DC23A0CE865F17C6929C93BDB6AC40C632AC8040,com.astrotalk,321,1981-01-01 01:01:02,2024-12-07 20:22:28.445725,50000000,2024-12-07T20:18:22.644637,"Astrotalk - Talk to Astrologer
1.1.321",Astrology & Horoscope,28 Nov 2024
4FA764EE38DD9A23FCDF9A673754EE5F9478EB36FCE5180F960C745A8A15B05B,com.git.carromking,117,1981-01-01 01:01:02,2024-03-21 16:01:51.813488,50000000,2024-03-21T16:08:20.065088,"Carrom King™
5.1.0.117",Gametion Global,7 Mar 2024
290AB0876686BA7E80B8DB96337C2BF268C22F5FD3D70E649AA024DA19AEB549,com.ea.games.r3_row,12202,1981-01-01 01:01:02,2024-03-19 18:03:46.69897,100000000,2024-03-15T09:55:42.170570,"Real Racing  3
12.2.2",ELECTRONIC ARTS,8 Mar 2024
1008BA39EAE8272E8770644F4041398BC5AAB1BF0FFCF936625DACD7E3C505AD,com.offerup,415800004,1981-01-01 01:01:02,2024-12-14 06:41:04.543774,50000000,2024-12-14T06:50:39.109906,"OfferUp: Buy. Sell. Simple.
4.158.0",OfferUp Inc.,21 Nov 2024
2491EB5FB8603DF5C8FD66EE87CC5E0330EBA30C25B77DF1099540B58DF81D8F,com.telkomsel.telkomselcm,1000005658,1981-01-01 01:01:02,2024-05-18 10:23:17.841336,100000000,2024-05-18T10:23:22.252777,"MyTelkomsel - Buy Package
8.0.1",Telkomsel,3 May 2024
04B7779A4A43FCB6223F7184830A6362161B39B5A3790D62F76CB96C6D779140,buttocksworkout.hipsworkouts.forwomen.legworkout,71,1981-01-01 01:01:02,2024-11-27 12:42:07.424813,50000000,2024-11-27T13:27:49.472039,"Buttocks Workout - Butt &amp; Leg
1.0.71",Simple Design Ltd.,13 Nov 2024
9642929951D4AC98BD1E49400FF068BD1F4F31FDE172298D6271554C5FFFAB87,com.themausoft.wpsapp,97,1981-01-01 01:01:02,2024-11-27 01:41:45.531735,100000000,2024-11-27T01:52:42.353022,"WPSApp
1.6.70",TheMauSoft,20 Aug 2024
16A15BB1917E6C8C1BDC2B0F1D83DE5BE81F5B48E9DC9C947447F6C721650932,com.GMA.Ball.Sort.Puzzle,748,1981-01-01 01:01:02,2024-09-02 13:14:07.401782,100000000,2024-09-02T13:15:35.955163,"Ball Sort Puzzle
23.1.0",IEC Global Pty Ltd,30 Aug 2024
0069FE8D0C06C9648B811265F8F9617D1EC1948CAD7E40800664679F23C4B04C,com.fontskeyboard.fonts,51659,1981-01-01 01:01:02,2024-03-30 20:54:50.75046,100000000,2024-03-30T20:54:53.200857,"Fonts Keyboard
5.0.71.51659",Fonts Keyboard,28 Mar 2024
1C54553FCE8CBC5E9EEFBE94374761623962617598583FDD6F74B7DDA3F4B220,com.splendapps.torch,103,1981-01-01 01:01:02,2024-04-10 20:58:00.496753,50000000,2024-04-10T20:58:47.613988,"Flashlight
2.24",Splend Apps,2 Apr 2024
125248DA1BA933D36BAA36D82A7F696AF83D6C7ABC933CFFD19D93E9A945EE55,com.dino.race.master,226,1981-01-01 01:01:02,2024-06-09 20:49:29.167943,100000000,2024-06-09T20:52:12.425378,"Car Race 3D: Car Racing
1.226",Zego Studio,3 Jun 2024
BED2E4974A600E7275A3225B855BCF74AEB9ACDF51CD9D4140901CF4F9EAB49A,com.kayac.ball_run,710,1981-01-01 01:01:02,2024-04-05 11:32:53.156371,100000000,2024-04-05T11:35:52.392257,"Ball Run 2048: merge number
0.7.1",KAYAC Inc.,13 Mar 2024
42C245C222FD50C1FACAA1D55385555EAED8696C50E983C80DBDE3F38B9E20EC,com.budgestudios.HelloKittyNailSalon,2673,1981-01-01 01:01:02,2024-11-26 11:33:58.27753,100000000,2024-11-26T11:34:43.572584,"Hello Kitty Nail Salon
2024.4.0",Budge Studios,21 Nov 2024
2BF594C7CF8C269A06483D75099AB2FA741FA5F9D71BAE560D7AC9A95306F481,com.digidust.elokence.akinator.freemium,296,1981-01-01 01:01:02,2024-06-15 14:42:28.466264,100000000,2024-06-15T14:42:57.698084,"Akinator
8.7.11",Elokence SAS,11 Jun 2024
5E679E1932C4FFA6503144D89FA2D9270C7E22E0159D488DEDDE06E636C732F5,com.musicplayer.music,127,1981-01-01 01:01:02,2024-04-16 20:23:44.889346,100000000,2024-04-16T20:26:40.108520,"Default Music Player
7.0.57",JAYAVELU V,25 Feb 2024
576D3D935783E3E89F8429DFBB4866C4C7845441E49BCF221A0A9B10AAF74423,com.eyesthegame.eyes,3061339,1981-01-01 01:01:02,2024-03-04 12:01:56.01829,50000000,2024-03-04T12:02:11.244286,"Eyes: Scary Thriller - Horror
7.0.85",Fearless Games sp. j.,15 Feb 2024
00EA750BA80069DADF352F4048C35DE453DDEA727010B2A26253E49F54FD1DC5,com.valvesoftware.android.steam.community,9370258,1981-01-01 01:01:02,2024-12-09 18:16:23.685692,100000000,2024-12-09T18:34:04.641280,"Steam
3.9.4",Valve Corporation,24 Nov 2024
3EC2AD208D556DD0687F381A2314270EE49D8586B277CE3FC3B54AF2E3F1BE00,com.dts.freefireth,2019117684,2024-08-28 00:26:44,2024-09-04 15:29:45.885539,1000000000,2024-09-04T15:31:18.734771,"Free Fire
1.106.1",Garena International I,27 Aug 2024
8EDDCA47D3EF75C8323DE33F521C281127D6A485B0DBD57DFE96E75588C8D2A2,com.transsion.hilauncher,38014,2024-06-28 20:01:20,2024-09-15 00:17:17.12925,500000000,2024-09-15T00:36:53.612525,"HiOS Launcher - Fast
13.9.034.2",Transsion Holdings,9 Jul 2024
44AEAB29B220E91C44826B7D396951AEDB6837EF019A55FDB032019E6ABBFD7D,com.apple.android.music,1371,1981-01-01 01:01:02,2024-03-29 23:18:38.841279,100000000,2024-03-29T23:20:45.837564,"Apple Music
4.7.0",Apple,27 Mar 2024
03CCFC27DB654D26A18FF9766A93C02660560F80F7D9C9914A62E9F07FB9F5D9,com.dstukalov.walocalstoragestickers,27,1981-01-01 01:01:02,2024-09-27 00:30:45.912837,100000000,2024-09-27T00:36:58.226861,"Personal stickers for WhatsApp
1.27",Stukalov,21 Mar 2024
2B3C32CFF9E542095E7C1882D38AEC6413DDA2CB9E82A1D607E57DFFB4C03BDF,com.emoji.coolkeyboard,418101,1981-01-01 01:01:02,2024-03-24 14:50:39.077126,100000000,2024-03-24T15:51:47.736130,"Emoji keyboard - Theme, Font
3.4.4181",Emoji Keyboard & Sticker Design Team,15 Mar 2024
024B1A62BBFB29B541AED2D6FAA9395196E4E47A1A9EE2C93F8E2B983AF343E9,gg.sunday.catescape,237,1981-01-01 01:01:02,2024-07-10 23:48:11.260781,100000000,2024-07-10T23:48:22.432995,"Cat Escape
23.7",Sunday.gg,6 Jun 2024
38C71BAF02360C36BF92B8D79EABBBB7C856323E1E01DD980A257F21910788C8,com.flashalert2017.version1,249,1981-01-01 01:01:02,2024-09-17 06:19:53.015665,50000000,2024-09-17T06:18:05.092576,"Flashlight: Led Torch Light
2.4.9",JP Software Studio,5 Jul 2024
2BB15F94539003BA9BD34CF2F98123760EE5D85A79ED8DBC2AAD5938EDCCEA5D,com.cdgames.fidget3d,200090,1981-01-01 01:01:02,2024-07-15 21:08:18.203374,100000000,2024-07-13T05:30:51.767275,"Fidget Toys 3D - Antistress
1.3.52",Fidget Dev,11 Jun 2024
4FDD954ECC3705E9D718F536800D351ACB84C813086A542DE66AE46C96948A42,com.comuto,340000488,1981-01-01 01:01:02,2024-09-13 18:34:45.720057,100000000,2024-09-03T16:53:51.449529,"BlaBlaCar: travel by carpool
5.178.0",BlaBlaCar,30 Aug 2024
946F7D575FC48B3860477643BA38EC34AAD5BE708A5EAC3A9876DB7F695ACED9,com.gameloft.android.ANMP.GloftPOHM,920011,1981-01-01 01:01:02,2024-03-30 01:04:21.07528,50000000,2024-03-27T00:31:06.560491,"My Little Pony: Magic Princess
9.2.0l",Gameloft SE,21 Mar 2024
C24CF746AF878B06E00284BBB0957ABF0CFF539BC86A05757767FD4E55BAAC67,com.nautilus.RealCricket3DLite,250,1981-01-01 01:01:02,2024-09-13 04:32:03.208656,50000000,2024-07-18T11:24:31.073960,"Real Cricket™ GO
0.2.4",Nautilus Mobile,12 Jul 2024
82D62F358F485ED05B92075B12F8CE56D5D99317B1E49C2C6F1D9150A4FC7C61,com.lyrebirdstudio.tbt,109706,1981-01-01 01:01:02,2024-03-14 06:11:12.323783,50000000,2024-03-14T06:14:07.958131,"PicsApp Photo Editor &amp; Collage
1.9.7.6",Lyrebird Studio,6 Feb 2024
41E17170D55436C7B5243285EB9F0B471CC6A3551E3318BB04DA52775CC2BA24,com.SGS.DrivingSchoolGames.RealCarParkingSimulator,243,1981-01-01 01:01:02,2024-11-30 12:40:26.638033,100000000,2024-11-30T12:41:53.716561,"Car Driving School : Car Games
2.43",Spark Game Studios,14 Aug 2024
2F06D3BBD4CBD2E54FD991E1FCCBF11247A4262AB6ED966EA1E83EB42B1338E3,ru.tele2.mytele2,169180870,1981-01-01 01:01:02,2024-05-08 09:34:08.337124,50000000,2024-05-08T09:50:54.342540,"Мой Tele2: продать и купить ГБ
4.65.0",Tele2,23 Apr 2024
4BF557429266FD131D365549DB3D41C7ADD6A0905884A66FF95FB1104134C532,com.ne.hdv,2024032401,1981-01-01 01:01:02,2024-06-07 17:37:44.082065,100000000,2024-06-07T17:38:36.668411,"HD Video Downloader
3.2.3",Video and music apps,24 Mar 2024
3D97B64D59063521B8EA7093F74F55F3AF98BC1CBA02DDDF15FCC4BC84BD588C,com.kakao.story,26019,1981-01-01 01:01:02,2024-03-18 19:41:03.864519,50000000,2024-03-18T19:40:17.016303,"KakaoStory
6.21.0",Kakao Corp.,3 Mar 2024
1F68A9361B5A82FE38FDFC909059EB97755FC3E7467012AE06DCC019751F5601,com.sinyee.babybus.taxi,8700940,1981-01-01 01:01:02,2024-12-10 15:34:57.666091,100000000,2024-12-10T15:35:31.375113,"Baby Panda&#39;s School Bus
8.70.09.40",BabyBus,22 Nov 2024
0DC6E954AA7A553513A354F3EF3EC4B1C7881FD45C691997EF6C1C8D85F82F30,com.specimen.zero.horror.survival,42,1981-01-01 01:01:02,2024-04-07 20:56:02.107505,50000000,2024-04-07T21:01:32.896617,"Specimen Zero - Online horror
1.1.1",Café Studio Games,16 Feb 2024
052B9D9A257E48E4EC14A7BAA893E0739DDAC848712E2B85A6E44010DF2128C9,com.zing.zalo,12100729,1981-01-01 01:01:02,2024-02-19 04:02:29.21767,100000000,2024-02-18T22:57:06.446083,"Zalo
24.01.02.r1",Zalo Group,30 Jan 2024
147E1F719274B9616ED356D8417EFB9EF680C679DA4E0E6088E8CBC6EB6E1A03,com.miniclip.footballstrike,153,1981-01-01 01:01:02,2024-06-28 20:14:52.177991,100000000,2024-06-28T20:15:22.788137,"Football Strike: Online Soccer
1.49.1",Miniclip.com,20 Jun 2024
09DA48AC6DF6B3BE7290EA945E18B9C8E7EE41898913A3A0D5223002F8CF101A,com.YsoCorp.StretchGuy,3027,1981-01-01 01:01:02,2024-10-25 03:11:57.590609,50000000,2024-10-25T03:17:24.200931,"Stretch Guy
0.12.10",Yso Corp,18 Oct 2024
36B846BF94F51BD6A5C7E355CD035E328C4C2D6F5C2BD1E76033D6649F8CD777,com.opera.max.global,470280000,1981-01-01 01:01:02,2024-03-16 16:37:29.541825,50000000,2024-03-16T16:46:46.990078,"Samsung Max VPN &amp; Data Saver
4.7.28",Samsung Max VPN,5 Feb 2024
2F32FCCD248914385B55FC0A221FEDE07B46F23C37EFF27319D71AAD25FDB5DC,com.bca,1235,2024-09-17 21:49:46,2024-09-18 11:43:26.915913,50000000,2024-09-18T11:52:17.107784,"BCA mobile
4.3.7",PT Bank Central Asia Tbk.,17 Sept 2024
0832E6CD34FABFEBD7E2E9AF1B3CC379F026E9AA41E99FA6C4F932BF699071BA,com.redlinegames.attackhole,64,1981-01-01 01:01:02,2024-04-01 08:27:00.518579,50000000,2024-04-01T08:35:10.939844,"Attack Hole - Black Hole Games
1.21.0",Homa,29 Mar 2024
BE8C12FD4E8A9B446936F8BD271CE3CF652C9EAA5AAEE9A7D91A3FD612F594C7,com.easytouch.assistivetouch,4008,1981-01-01 01:01:02,2024-05-25 03:13:02.000278,50000000,2024-05-25T03:13:45.496725,"Assistive Touch for Android
4.0.8",Assistive Touch Team,14 Jan 2024
10A16582110F8F6F45486EF4C256244964E77D95EA5F18815DABB246165949C8,de.axelspringer.yana.zeropage,15129,1981-01-01 01:01:02,2024-05-12 10:25:17.298315,100000000,2024-05-12T10:25:28.096318,"upday news for Samsung
3.1.15129",upday GmbH & Co. KG,22 Apr 2024
1328720D3D9460BDADB20D2607C32999034BA5FCEAB30524FED88E9FA0DB81CB,in.cricketexchange.app.cricketexchange,460,1981-01-01 01:01:02,2024-09-13 14:09:24.681257,50000000,2024-09-11T00:17:18.866488,"CREX - Live Cricket Scores
24.09.01",CREX,3 Sept 2024
06D5BDD393427CB8C5DA6A8BCC1EA16154303EB2398DF76DA6E220C99AFB32E7,com.moonfrog.ludo.club,55001,1981-01-01 01:01:02,2024-10-28 20:50:47.25173,100000000,2024-10-28T20:56:31.222104,"Ludo Club - Fun Dice Game
2.5.29",Moonfrog,25 Oct 2024
A6B98F33C6D11ABA26DC04ED52C6618E87DFB8568D524746432F88EDD282245C,com.bankofbaroda.mconnect,94,1981-01-01 01:01:02,2024-04-10 16:08:19.174219,50000000,2024-04-10T16:09:37.299951,"bob World
3.6.4",Bank of Baroda,16 Feb 2024
771952023C1EAE7B5DCCB8CF2106363AE214425D3936CEDFBCAF86D6D7FB5C3A,com.microsoft.emmx,273907205,2001-01-01 00:00:00,2024-09-12 14:38:11.742679,100000000,2024-09-10T22:32:01.479393,"Microsoft Edge: AI browser
128.0.2739.72",Microsoft Corporation,9 Sept 2024
0846BA4689D0FC93FB179BC79F9A2733BE0E1104326259AEB81319ED3AB0F4A9,com.dodreams.driveahead,353,1981-01-01 01:01:02,2024-04-28 19:31:13.671314,100000000,2024-04-28T19:31:18.014404,"Drive Ahead! - Fun car battles
4.7.0",Dodreams Ltd.,18 Apr 2024
001221BC50C40ABEEEFB39FA86C74095AD4A254675850529D771415BFC7A1B38,br.jus.tse.eleitoral.etitulo,545697101,1981-01-01 01:01:02,2024-09-18 09:36:48.965147,50000000,2024-09-18T09:44:49.080919,"e-Título
2024.09.16",Justiça Eleitoral Brasileira,13 Sept 2024
0D424CD3F4D3D566E47AD49B14579C8A519EAE1A709F64699A45D596F7296FA8,com.sega.sprint,1124066180,1981-01-01 01:01:02,2024-03-13 19:08:14.066151,100000000,2024-03-13T19:16:36.514518,"Sonic Forces - Running Game
4.25.1",SEGA,7 Mar 2024
0BAD40664CFE27391BD882357B6E8D4DCF9374413C1F2B425F6714B866CE3937,com.UCMobile.intl,50282,1981-01-01 01:01:02,2024-12-01 06:04:36.955505,1000000000,2024-12-01T06:16:53.007562,"UC Browser-Safe, Fast, Private
13.8.5.1326",UCWeb Singapore Pte. Ltd.,19 Nov 2024
4A26939C131D94AF743FC0E2747EFCB956627F4622B25CF2A609C065467C81A2,com.zitga.ninja.stickman.legends,6054,1981-01-01 01:01:02,2024-09-04 14:22:09.321867,50000000,2024-09-04T14:26:53.278857,"Stickman Legends: Shadow Fight
7.0.1",ZITGA,1 Sept 2024
0AD838AAC9B0AE9781F201EA2B94B0BA27FA109E73A48C3306BDC823F589118F,net.peakgames.amy,1658700,1981-01-01 01:01:02,2024-09-10 15:44:18.536088,100000000,2024-09-10T15:44:44.457015,"Toy Blast
16587",Peak,9 Sept 2024
000EA199DC274C67FA12660FD9F5AF838734AC43096370BF27A98E3453CD6FC9,com.smartfren,790320032,1981-01-01 01:01:02,2024-09-05 11:51:51.62858,50000000,2024-09-05T11:53:18.875143,"mySF. For everything smartfren
7.32.0","PT. Smartfren Telecom, Tbk.",27 Aug 2024
000DC25DB1CF346E7A1BB7B3533889A5C1735B60231C6F22C4EB595FA80A2F08,com.mobisystems.fileman,50083,1981-01-01 01:01:02,2024-05-02 11:57:02.047686,100000000,2024-05-02T11:58:01.001130,"File Commander Manager &amp; Vault
9.3.50083",MobiSystems,30 Apr 2024
01CC1B4921A13CB1AE78E97329B1800D768B8BEB31543CCA98B57BD6A45EC113,com.madfingergames.deadtrigger2,1109000173,1981-01-01 01:01:02,2024-09-15 01:46:18.936752,50000000,2024-09-15T01:51:33.080538,"DEAD TRIGGER 2: Zombie Games
1.10.9",Deca_Games,11 Sept 2024
1899FBB43BC2DAC4CA5C68BBC6036FAB53CA6D3205A2E33B45CA4B92028A75C2,com.king.bubblewitch3,704214000,1981-01-01 01:01:02,2024-01-29 11:44:40.856059,100000000,2024-01-29T11:44:49.808184,"Bubble Witch 3 Saga
7.42.14",King,26 Jan 2024
265EE40045F0E85E5D151A6346C7D63723EB7DBCEE104F6C39EB336A23D58DBE,com.BallGames.Woodturning,3802,1981-01-01 01:01:02,2024-08-30 19:49:20.154891,100000000,2024-08-30T19:52:00.828596,"Woodturning
3.8.2",VOODOO,16 Aug 2024
279FB6056D7F72733B10C89FFC15A5F2B125558B353ECF8EF1F1C617F961F6FF,com.google.android.apps.nbu.paisa.user,3141161,1981-01-01 01:01:02,2024-04-13 13:01:12.710454,1000000000,2024-04-13T13:01:15.554052,"Google Pay: Secure UPI payment
222.1.4 (arm64-v8a_release_flutter)",Google LLC,11 Apr 2024
0BB8E59EC00E3769053FE89E81D646896AC21A67D72723205A04B73C539F193C,com.viki.android,71400,1981-01-01 01:01:02,2024-09-11 19:51:02.88005,50000000,2024-09-11T20:14:35.935340,"Viki: Asian Drama, Movies &amp; TV
24.9.0","Viki, Inc",9 Sept 2024
0FA26C41DB0B74B7EBD5173F09F5E3D9B09AE8913EFD005E10DF80B25A989873,com.ta.online.strike.fps,361,1981-01-01 01:01:02,2024-08-31 04:14:17.064462,50000000,2024-08-31T04:15:42.959774,"FPS Online Strike:PVP Shooter
1.3.61",FPS Shooter & Action Game,22 Aug 2024
017975400408ADBEADD28FA6A579D2E10EAB800B5DC5BABD1DAF73F85D605AD5,com.instabridge.android,101029,1981-01-01 01:01:02,2024-06-29 11:04:44.108902,100000000,2024-06-29T11:03:46.136267,"Instabridge: Wifi Map
22.2024.06.26.2237",Degoo Backup AB - Cloud,26 Jun 2024
074809102173549C92DDB63208355A00936DAEA3AECF7E3095A600D3FF17C1AB,com.google.android.apps.fitness,2026927537,1981-01-01 01:01:02,2024-12-06 10:10:13.895378,100000000,2024-12-06T10:10:37.720931,"Google Fit: Activity Tracking
2024.11.21.00.arm64-v8a.release",Google LLC,28 Nov 2024
F330920CB6AC09C024ED7F7BC5108CF7182B4CCAAE450C6F5545BC5581C03765,com.google.android.apps.photosgo,16211988,1981-01-01 01:01:02,2024-01-22 18:47:29.75138,500000000,2024-01-22T18:49:13.595526,"Gallery
1.9.1.597540607 release",Google LLC,11 Jan 2024
390AFFFBDEAE826150E338E70F0BD94C2B767B582643E1C76F10D4580C126FF8,com.keplerians.icescream,56,1981-01-01 01:01:02,2024-04-13 05:47:40.050496,50000000,2024-04-13T05:38:54.128884,"Ice Scream 1: Scary Game
1.2.6",Keplerians Horror Games,21 Mar 2024
67D300B2C8ED1BCF88BD7479702A1FFB7E24890E5E10883DC9B6058947A860F1,share.sharekaro.pro,10206790,1981-01-01 01:01:02,2024-03-26 11:08:53.318849,100000000,2024-03-26T11:17:31.578640,"Share Karo: File Transfer App
2.6.79",Daily Tools Team,15 Mar 2024
4596E8E67A91D2FB014BAFB8E1814A5A50029BC7291030DDCBDF30C357B128C5,com.nexters.herowars,119401112,1981-01-01 01:01:02,2024-03-30 02:31:55.098208,100000000,2024-03-25T06:30:16.190433,"Hero Wars: Alliance
1.194.111",NEXTERS GLOBAL LTD,22 Mar 2024
03C7D4700143E6D2F1C0D43CD785F068D4DC495DD3DC0EDAB0419A95C85C29C2,com.nekki.shadowfight3,19096,1981-01-01 01:01:02,2024-08-04 01:29:29.653757,100000000,2024-07-26T06:34:14.366497,"Shadow Fight 3 - RPG fighting
1.38.2",NEKKI,23 Jul 2024
54E7750D1C42205FEF94D381D0FD07D42BADB30B2BF469567851D14291E89290,com.myklarnamobile,497198,1981-01-01 01:01:02,2024-12-10 08:54:07.474488,50000000,2024-12-10T08:54:09.420298,"Klarna | Shop now. Pay later.
24.46.353",Klarna Bank AB (publ),19 Nov 2024
447EDE97E9CAA8AD4E77BE96171BEE374AB13CC0CED8E286ABB781C9B1683143,com.miniclip.realsniper,500248,1981-01-01 01:01:02,2024-06-26 05:09:02.647685,50000000,2024-06-26T05:09:04.963690,"Pure Sniper: City Gun Shooting
500248",Miniclip.com,21 Jun 2024
015B970B9D6F032BCECDDF4A0080EB5AE8C4CADBF9EE4ACBA0AB9617162DDCDD,com.easygame.marblelegend,2122177,1981-01-01 01:01:02,2024-09-04 11:50:43.4058,50000000,2024-09-04T11:52:20.612657,"Marble Legend
2.122.177",easygame7,30 Aug 2024
B90619D18380CADA69937463C352EF6A988A76CE4ADBCC37E5B45D67763BF516,air.com.aceviral.motox3m,1021010,1981-01-01 01:01:02,2024-12-10 15:52:58.906988,100000000,2024-12-10T15:55:00.173395,"Moto X3M Bike Race Game
1.21.10",Ace Viral,13 Sept 2024
0829BEDD63754851D992307B526DB102B3A87D868286C9825CCA60635ABC6D64,com.lgeha.nuts,50001412,1981-01-01 01:01:02,2024-04-18 02:46:13.190343,50000000,2024-04-18T02:49:31.096638,"LG ThinQ
5.0.20230","LG Electronics, Inc.",2 Apr 2024
2CB51BB378170E8BDBE812459BC234BBA412B506C310223D4E049BF172DFDB1C,com.Earthkwak.Platformer,95,1981-01-01 01:01:02,2024-04-05 06:33:22.390999,50000000,2024-04-05T06:48:06.272886,"Super Bear Adventure
11.0.0",Earthkwak Games,3 Apr 2024
DAE79D8D0D29AC403A562C5CBECE32E80361138149FEB22FA05CFA50A34528E3,com.DVloper.Granny3,8,1981-01-01 01:01:02,2024-03-02 18:45:20.177287,50000000,2024-03-02T18:46:25.296789,"Granny 3
1.2",DVloper,26 Feb 2024
2580A185D9E08E5FF7CD98E9E3CFFFB2975DF34B290D7A4D959E23BD7E75147A,com.mcdonalds.mobileapp,32033,1981-01-01 01:01:02,2024-09-25 14:58:18.855905,100000000,2024-09-25T15:21:36.333439,"McDonald&#39;s
3.11.0",McDonald's Apps,18 Sept 2024
98EB7814A8E6A59EDFD4BA146C74550903C51F15866B79259FFE9270D2670866,de.autodoc.gmbh,781254522,1981-01-01 01:01:02,2024-10-23 04:11:31.122514,50000000,2024-10-23T04:39:52.362828,"AUTODOC: buy car parts online
2.25.0",AUTODOC SE - Auto Parts Online Store,3 Oct 2024
12CFDEE2FD49F723F9D75D50DAFD8A920F0F35032B5DE0F5F11A05755ED7DBF3,com.microsoft.launcher,1149870,1981-01-01 01:01:02,2024-08-26 16:58:47.639857,50000000,2024-08-24T12:50:31.020761,"Microsoft Launcher
6.240702.0.1149870",Microsoft Corporation,18 Aug 2024
405894D2C431D5E66906D576B186E8FA6025BA9BA2CE3F52A79035BFE8179B8A,com.zuuks.truck.simulator.ultimate,165,1981-01-01 01:01:02,2024-08-04 07:23:11.059136,50000000,2024-07-25T21:18:20.263038,"Truck Simulator : Ultimate
1.3.5",Zuuks Games,1 Jul 2024
3D7E7D0C76E1FBA5F2E956CB0648BE76C8955CFA810D4680D5D672342E70B50F,com.nautilus.RealCricket3D,756,1980-01-01 00:00:00,2024-08-07 00:05:18.192779,50000000,2024-07-31T15:26:52.091661,"Real Cricket™ 20
5.7",Nautilus Mobile,16 Jul 2024
045D4EA618E0857849BC6F9BB5EAFFC7DF165EF03797541B9BAA4EB8638F8052,com.google.android.apps.maps,1067337402,1981-01-01 01:01:02,2024-01-15 22:30:40.958498,10000000000,2024-01-15T22:30:43.446947,"Google Maps
11.110.8803",Google LLC,11 Jan 2024
59EC294C9A2E9BD1D3373D464EE52DA0259CBD3799816E78F8FA4E8963289FBF,bubbleshooter.android,900000550,1981-01-01 01:01:02,2024-05-24 18:45:54.5329,50000000,2024-05-24T18:48:17.282415,"Bubble Shooter
11.3.6",Ilyon,9 May 2024
054305959B24C21122C39ADAD77D6F6C68BB3444CB2E6D7F9A07C091822B1823,com.dubox.drive,358,1981-01-01 01:01:02,2024-03-24 10:52:35.086375,100000000,2024-03-24T12:00:57.268784,"TeraBox: Cloud Storage Space
3.26.0",Flextech Inc.,14 Mar 2024
0A0B1277C634D4027D1EC646B64F73DC7EAAC9B88B3D844423E97DE4DC0A035F,com.adobe.spark.post,679,1981-01-01 01:01:02,2024-09-20 16:26:07.495519,50000000,2024-09-20T16:23:48.648613,"Adobe Express: AI Video Design
26.2.0",Adobe,17 Sept 2024
621450C48F85F4F8E090088E8BCDC4A6003E1B6DE0B402A3E0F6AEDBF24B3C57,com.stickman.warriors.stickwarriors.dragon.shadow.fight,174,1981-01-01 01:01:02,2024-06-17 09:10:58.80573,100000000,2024-06-17T09:35:26.398294,"Stickman Warriors
1.7.4",SkySoft Studio,4 Apr 2024
1C358099806C7C9C85BC6E628DCF55A27703A7CDF384286F3167006E796E8BBC,game.puzzle.blockpuzzle,57,1981-01-01 01:01:02,2024-09-07 12:24:15.950588,50000000,2024-09-07T12:25:09.533946,"Block Puzzle
5.7",Block Puzzle - Puzzle Games,16 Aug 2024
8DB026419FFA7FA61623B4DB853C75A2348FDC4E749ECD357EFFD06BC4C411BD,com.chaloapps.strikefortressbox,70,1981-01-01 01:01:02,2024-03-13 10:48:34.314779,50000000,2024-02-19T03:42:12.576015,"StrikeFortressBox
1.9.0",ChaloApps,22 Dec 2023
7E566B3EEBA5351B96EFA71AE200AA2387DA2B8BDC1F7CA6E54151179FAF2CB2,com.decor.life,769,1981-01-01 01:01:02,2024-06-08 13:32:47.450692,50000000,2024-06-06T15:03:43.906201,"Decor Life - Home Design Game
1.0.33",SayGames Ltd,23 May 2024
004F8242754D32D2205020D1406965C6FD28FDB5E5CBC96DF806CD69C436CEF7,com.rvappstudios.kids.coloring.book.color.painting,222,1981-01-01 01:01:02,2024-10-22 06:26:19.440828,100000000,2024-10-22T06:31:41.341240,"Coloring Games: Color &amp; Paint
1.5.4",RV AppStudios,9 Oct 2024
07BCB319287C09CB903964BFA5B7BB72877561306B811359C7EA2E32093D5A5A,com.nianticlabs.pokemongo,2024082901,1981-01-01 01:01:02,2024-08-31 13:02:43.134465,500000000,2024-08-31T13:02:43.532819,"Pokémon GO
0.329.1","Niantic, Inc.",29 Aug 2024
26672E2148143A5F35D4E67AFD885E72CBF0F45AE11A6CA382661A30F909CF27,com.vectorunit.purple.googleplay,185,1981-01-01 01:01:02,2024-10-22 14:05:10.853601,100000000,2024-10-22T14:09:44.612790,"Beach Buggy Racing
2024.10.12",Vector Unit,12 Oct 2024
1566C68F452F438A7FB0A1B1A25034347E2A0CA8F53FABAF204FAEDF49B898C3,io.wifimap.wifimap,5390,1981-01-01 01:01:02,2024-01-16 21:03:36.816868,100000000,2024-01-16T21:03:57.953122,"WiFi Map®: Password, eSIM, VPN
7.3.1",WiFi Map LLC,11 Jan 2024
52ECBA028C8E027DF20D9CCEEB8C90589393FF221B4D09F50F5A43F2F1E11743,com.refuelgames.rally,310573,1981-01-01 01:01:02,2024-09-19 08:10:46.560243,100000000,2024-09-19T08:26:17.117161,"Rally Fury - Extreme Racing
1.114",Refuel Games Pty Ltd,16 Sept 2024
1B247096869303F45730754A22C19E00DA302AB5C28FCA7E242C140C2D5B30C8,com.mi.global.shop,40916,1981-01-01 01:01:02,2024-03-23 10:32:14.151232,50000000,2024-03-23T10:27:41.235815,"Mi Store
4.9.16",Xiaomi,17 Mar 2024
134E04EE9E65CEF09446A2A92F02CA9CE07E8A42C05EBF0F83687A063F646182,com.tocaboca.tocakitchen2,4685,1981-01-01 01:01:02,2024-09-17 23:57:39.76244,100000000,2024-09-18T00:00:38.634430,"Toca Boca Jr
3.1",Play Piknik,11 Sept 2024
3871A8FF553C16F7E6E47CD7778205CBEA756DD4F6E7E6B70007A2475463214F,com.paradyme.solarsmash,183,1981-01-01 01:01:02,2024-09-22 20:55:34.18652,100000000,2024-09-22T21:15:51.368182,"Solar Smash
2.4.2",Paradyme Games,20 Sept 2024
004526DCC8191B18B01E70DDE950BE83EF94A6EDAEF7BD6096DE4BED3CDF0E51,com.rovio.blast,21442,1981-01-01 01:01:02,2024-07-03 07:43:54.111989,10000000,2024-07-03T07:49:31.339365,"Angry Birds Blast
2.7.0",Rovio Entertainment Corporation,26 Jun 2024
1A015602C6A0299153E72F445FA8758A73D27976AEB5FD8173C9129EAAC4BC08,org.wikipedia,50475,1981-01-01 01:01:02,2024-03-13 15:23:41.354969,50000000,2024-03-13T15:24:51.459779,"Wikipedia
2.7.50475-r-2024-03-06",Wikimedia Foundation,6 Mar 2024
FF2CFC2086834761D09B6AED9D78664EE476F9C0E26393B7D9FC87B3B61A20D9,com.topfreegames.bikeracefreeworld,2024006021,1981-01-01 01:01:02,2024-12-10 06:40:03.780086,100000000,2024-12-10T06:45:32.918116,"Bike Race：Motorcycle Games
8.4.2",Wildlife Studios,26 Nov 2024
1140F6B4867556CC87D3350BF09C64FDAC33199D772ED0D9BD9ED9F45BAD94FE,com.nway.powerrangerslegacywars,60013,1981-01-01 01:01:02,2024-09-11 15:39:46.474536,50000000,2024-09-11T15:41:21.604750,"Power Rangers: Legacy Wars
3.5.2",nWay Inc.,5 Sept 2024
051AFAFB3960A0A474D92735283D4743AA6992A5B35C11D238E236579CB2BEFC,com.unacademyapp,197020,1981-01-01 01:01:02,2024-05-25 17:55:17.840776,50000000,2024-05-21T22:35:22.940156,"Unacademy: Learn &amp; Crack Exams
6.127.0",Unacademy,7 May 2024
42D2B9FCDCF4215B1CF3EBBFD66EE1F51F7FB97705CEF062456856DA60E2FE73,lol.onevone,14000,1981-01-01 01:01:02,2024-12-12 12:10:23.194162,50000000,2024-12-12T12:10:24.889064,"1v1.LOL - Battle Royale Game
4.711",JustPlay.LOL,4 Dec 2024
2C95E514019B067C1558B1EFE28B6AB44397ED82E2EDABF8BECD75212D031D56,com.dogbytegames.offtheroad,266,1981-01-01 01:01:02,2024-11-18 01:13:31.680173,50000000,2024-11-18T01:18:58.117856,"OTR - Offroad Car Driving Game
1.16.0",DogByte Games,23 Sept 2024
5E883425FBB480E0AFFA75E7818C5C0FF55E7B6D0B27730FAD347E50A2408A41,com.adobe.psmobile,1583,1981-01-01 01:01:02,2024-01-29 09:27:34.210668,100000000,2024-01-29T09:27:39.893358,"Photoshop Express Photo Editor
12.3.268",Adobe,19 Jan 2024
473F81DDC1BDB64B04AFC6667646EDD85D564374B64A99DE03F33ADCF7F2A9D1,videoeditor.videorecorder.screenrecorder,2355000,1981-01-01 01:01:02,2024-03-14 23:50:51.179251,100000000,2024-03-14T23:56:06.365788,"Screen Recorder - XRecorder
2.3.5.5",InShot Inc.,22 Feb 2024
0D11F256B5996A8A17CB030E1A7CE357691122D730F4830D8EC91BF39AFEAEB7,com.mobilityware.solitaire,5721,1981-01-01 01:01:02,2024-08-16 13:24:35.942755,100000000,2024-08-16T13:25:50.603234,"Solitaire - Classic Card Games
8.5.1.5721",MobilityWare,12 Aug 2024
428E2967DD22140C1153E33472F8F9A2715CD722AFD1F25C56C50DF5BC50EDED,com.budgestudios.BarbieMagicalFashion,1331,1980-01-01 00:00:00,2024-03-12 17:49:09.069769,50000000,2024-03-12T17:49:12.040204,"Barbie Magical Fashion
2024.1.0",Budge Studios,21 Feb 2024
04E42ACEE71E62AC5F78D250AC296E5943F6FF9383582086556D3722399C08E8,com.superking.ludo.star,223,1981-01-01 01:01:02,2024-06-28 10:36:27.382738,50000000,2024-06-24T11:47:37.260158,"Ludo Star: Online Ludo Gaming
1.223.1",Gameberry Labs,20 Jun 2024
0CCF35140520C77F0A40DA428D65115825A11A3C57C84430EFA0F75C822FC778,org.findmykids.app,2007981,1981-01-01 01:01:02,2024-09-20 17:23:42.674192,50000000,2024-09-20T17:19:51.987040,"Find my kids: GPS Niños Pista
2.7.98-google",GEO TRACK TECHNOLOGIES INC,17 Sept 2024
0716157DFCD96E05DBB227A501DC00DBD1411DA512BDF0B528C005DB22D90F02,es.socialpoint.MonsterLegends,1805039309,1981-01-01 01:01:02,2024-03-01 07:51:46.606546,50000000,2024-03-01T07:53:29.732832,"Monster Legends
17.0.3",Social Point,27 Feb 2024
1FA74C3902644D0BD9D0D6F50123D6AC13DFA16DB01798C9803157F0BFE5E9F0,com.anghami,7000850,1981-01-01 01:01:02,2024-11-18 17:49:11.958323,50000000,2024-11-18T18:04:37.923742,"Anghami: Play music &amp; Podcasts
7.0.85",Anghami Technologies,13 Nov 2024
1CEC34BFD9E3B75FD0BB2C01474E52D2FD873790A0AFE5550216D38E134F2A92,com.playmini.miniworld,67335,1981-01-01 01:01:02,2024-05-12 02:51:43.590325,100000000,2024-05-12T02:56:02.916156,"Mini World: CREATA
1.7.7",MINOVATE HONG KONG LIMITED,7 May 2024
5F334CAC550C6507D3CA406843F30A7D13F3C394BCEBFC1EDCB7F94C7520BCD0,com.sinyee.babybus.princessII,8710000,1981-01-01 01:01:02,2024-12-12 22:55:45.081235,100000000,2024-12-12T22:56:31.188111,"Little Panda: Princess Makeup
8.71.00.00",BabyBus,19 Nov 2024
422322E6CCC3E85C3501EC0961AF9436685026802A2EE6F0DA31429730A7DBDF,com.sinyee.babybus.talk2kiki.global,8703020,1981-01-01 01:01:02,2024-08-27 00:11:03.992844,50000000,2024-08-27T00:11:05.174107,"Baby Panda&#39;s House Games
8.70.30.20",BabyBus,15 Aug 2024
006EF0872FDB2531159DBB54663078B9356F4541363DB0BF51357565A107562E,com.soundcloud.android,244040,1981-01-01 01:01:02,2024-05-19 06:42:26.019383,100000000,2024-05-19T06:42:28.108198,"SoundCloud: Play Music &amp; Songs
2024.05.17-release",SoundCloud,17 May 2024
23DBEF983A23D65061B24091421559A02E613B78DC3FA5E0373037CFF03A5B5D,com.litatom.app,424,1981-01-01 01:01:02,2024-01-24 21:07:49.902164,100000000,2024-01-24T21:09:18.998665,"Litmatch—Make new friends
6.53.0",CONSTRUCT TECHNOLOGY,17 Jan 2024
050D4989EFE4FC741ECBF5900A3FD9C2413147807EEE722FB97960E42A6A776B,com.pedidosya,1919,1981-01-01 01:01:02,2024-06-20 04:48:35.442091,50000000,2024-06-20T05:36:23.296371,"PedidosYa - Delivery Online
8.22.1.1",PedidosYa S.A,13 Jun 2024
5C9BC441FA37780F1ECFAE76233F8185CF9BDB83AF6DD749D3D7DE9F192BC0A6,com.pronetis.ironball2,159,1981-01-01 01:01:02,2024-08-05 18:21:04.526347,100000000,2024-08-02T08:36:40.185896,"Going Balls
1.95",Supersonic Studios LTD,29 Jul 2024
19BC03499BA7C974456D5ECFC6C704AB63BE5E0EE106B13F75CB2B0BB9C27AB1,com.cisco.webex.meetings,244020835,1981-01-01 01:01:02,2024-03-01 09:30:18.347834,100000000,2024-03-01T09:31:00.888854,"Webex Meetings
44.2.0","Cisco Systems, Inc.",6 Feb 2024
5117B4BF7D6C22EA7EEE4E36D2D0009BEAD2D223DADECA0F947A20655ADCD609,com.ludashi.dualspace,121,1980-01-01 00:00:00,2024-08-03 19:05:50.936298,100000000,2024-08-03T19:06:25.095117,"Dual Space - Multiple Accounts
5.0.2",DUALSPACE,1 Aug 2024
1E2B7D16A61177F5C7A9620CC1BC63B947897F056B27798B0FAF5D4A63A3C7BB,com.enflick.android.TextNow,14901,1981-01-01 01:01:02,2024-08-30 23:18:34.518795,100000000,2024-08-30T23:22:26.727993,"TextNow: Call + Text Unlimited
24.33.0.1","TextNow, Inc.",15 Aug 2024
6B8D1B06069BCB55DDEE599224EF0A2A4F2C7E0FC21C4A1A1139C6A4E793E3BB,com.painter.cutandpaint,200299,1981-01-01 01:01:02,2024-03-27 11:56:25.830501,50000000,2024-03-27T11:58:51.909311,"Cut and Paint
200299",CASUAL AZUR GAMES,30 Jan 2024
292371A2E478AE696CE4CD73554A650B54EB9287CA7A69441A382B739E7E6DAC,com.peacock.flashlight,90801,1981-01-01 01:01:02,2024-03-01 18:58:43.581547,100000000,2024-03-01T19:01:20.424039,"Flashlight
9.8.1.20240117","Lighthouse, Inc.",17 Jan 2024
2C3266BC8FBD07308E9746003D63FF2E79107408B19C3F269303864BF2F5205F,com.drweb,19134,1981-01-01 01:01:02,2024-12-11 18:09:20.325013,100000000,2024-12-11T18:18:34.471647,"Anti-virus Dr.Web Light
12.2.4",Dr.Web,18 Oct 2024
068D6BE1AD2AB4235C94B9352F076C9090D8E5CD8426DA7B38D4EA66195F553D,com.alien.shooter.galaxy.attack,2460,1981-01-01 01:01:02,2024-03-30 19:20:10.898629,100000000,2024-03-30T19:21:29.941811,"Galaxy Attack: Shooting Game
55.2",1SOFT,29 Mar 2024
3423B1AAE7FDFE265A38B89B731173BF698CBCF80A1CAF6FB5B8936AF658E444,com.downlood.sav.whmedia,176,1981-01-01 01:01:02,2024-11-05 10:04:51.097587,100000000,2024-11-05T10:04:40.176845,"Status Saver - Video Download
2.76",Shree Ganesha Labs,14 Oct 2024
8E084007353524EE0EB1004462390E63938BA06EFE7F519FEBA54C5F35E73D01,com.vcast.mediamanager,2024120900,1981-01-01 01:01:02,2024-12-10 16:23:34.175245,100000000,2024-12-10T16:31:43.936935,"Verizon Cloud
24.12.9",Verizon Consumer Group,19 Nov 2024
13A83EEC82BC71BB42DD1C4FF450525A5EC5F695FF13EBF1F38DF30D400C931A,com.playstrom.drawonepart,210,1981-01-01 01:01:02,2024-07-05 14:06:19.950483,100000000,2024-07-01T02:06:33.337674,"DOP: Draw One Part
1.2.30",SayGames Ltd,18 Jun 2024
29F9C31EDEBF3BEC452435C7E790432A4FBE094153F94172E3787C75F6C12D06,com.snakeattack.game,288,1981-01-01 01:01:02,2024-09-07 13:11:53.389286,50000000,2024-09-07T13:11:57.261536,"Snake Run Race・3D Running Game
1.33.20",Freeplay Inc,23 Aug 2024
14100CC4247193BE4C4C83D30E5320CD511BE22959CEBDEE03B1888F6EF2A9B4,com.ducky.bikehill3d,362,1981-01-01 01:01:02,2024-04-20 07:08:27.044651,100000000,2024-04-20T07:17:57.097180,"Riding Extreme 3D
2.8",playducky.com,12 Apr 2024
08A70ED05C9A3B4E67548E29FFE55AD23719F2045DA122F12A614BF8C319211F,com.paypal.android.p2pmobile,1150080708,1981-01-01 01:01:02,2024-01-12 09:24:50.362875,100000000,2024-01-12T09:26:18.790628,"PayPal
8.54.2",PayPal Mobile,29 Dec 2023
604DD8F582493F92FF7C105C9318B2E9F485C9E0C22CB4319054F4D39BD5578C,com.prettysimple.criminalcaseandroid,1804911,1981-01-01 01:01:02,2024-03-01 15:21:21.194001,100000000,2024-03-01T15:23:16.321823,"Criminal Case
2.41",Pretty Simple,12 Oct 2023
4B169F393F1E96CD6AB0000FB5F722E47CB12BA68222C2978CD84DB23E776F5D,shooter.two.purple,90001029,1981-01-01 01:01:02,2024-09-28 23:15:03.809782,50000000,2024-09-28T23:20:11.311070,"Bubble Shooter 2
9.80",Bubble Shooter Artworks,25 Jul 2024
0DA5CB4B5100C95B2B6203B76A58B13B8880A2499AE6A32385349EC0EC67243B,bubble.shooter.shooting.shoot.game,107,1980-01-01 00:00:00,2024-05-14 15:51:14.96839,100000000,2024-05-14T16:13:03.584856,"Bubble Shooter
107.0",Candy Bubble Studio,6 May 2024
024C646A669B659BD3537F4603E97C71DB1D67785E4A32DF61292112D17AAE59,com.igg.castleclash,38006000,1981-01-01 01:01:02,2024-12-14 18:44:59.379952,100000000,2024-12-14T18:56:09.220931,"Castle Clash: World Ruler
3.8.6",IGG.COM,29 Nov 2024
A6AE9D88CF2A54587D8F8342A1AB7869DCC598FAAC67AA0C4A4CE61EBB877306,com.lyrebirdstudio.collage,304108,1981-01-01 01:01:02,2024-08-08 18:17:16.270197,100000000,2024-07-31T13:11:18.496126,"Photo Collage Maker &amp; Editor
3.4.1.8",Lyrebird Studio,25 Jul 2024
05C3B8BBA533BC7364AD39D2DE7671A382CAF0FAE45A3BF711222F50900C016C,com.coffeebeanventures.easyvoicerecorder,342880601,1981-01-01 01:01:02,2024-07-23 00:21:08.695442,50000000,2024-07-12T13:18:24.302739,"Easy Voice Recorder
2.8.8",Digipom,10 Jun 2024
191B7D4D6E8F20EAE984A5276BE6734DD19CF4B9B5F35AB63766CA0A6791DFA3,com.rvappstudios.abc_kids_toddler_tracing_phonics,204,1981-01-01 01:01:02,2024-05-10 12:41:43.484095,50000000,2024-05-10T12:43:15.467108,"ABC Kids - Tracing &amp; Phonics
1.9.6",RV AppStudios,2 May 2024
32396D2CF4F3A54935CE88557B75989B142EFC9807B8CA4EBC8E737F1886E71C,com.dnddream.headsoccer.android,242,2024-07-10 10:30:14,2024-07-19 11:34:11.649439,50000000,2024-07-19T11:35:34.416065,"Head Soccer
6.20",D&D Dream,9 Jul 2024
0E7CCE97D3137D6E4A8385DECFA904C2B97B4EB8032EC501D65F5C96E5D30887,com.chess,262961,1981-01-01 01:01:02,2024-03-06 12:27:01.623653,50000000,2024-03-06T12:27:18.207081,"Chess - Play and Learn
4.6.18-googleplay",Chess.com,27 Feb 2024
2A15E67786BF48790F0B7CC2631F80070B24ECF73DA52CBF90151A9A55F27B22,com.tencent.mm,2424,1981-01-01 01:01:02,2024-01-18 17:01:28.195103,100000000,2024-01-18T17:02:24.505967,"WeChat
8.0.42",WeChat International Pte. Ltd.,30 Dec 2023
0204864B8939414C38BAF5D37030E1CC09B1F9CA0401DDB7DBBB19047D054CD2,com.videoeditorpro.android,3308081,1981-01-01 01:01:02,2024-10-09 17:54:22.868916,100000000,2024-10-09T17:52:05.655922,"VivaCut - Pro Video Editor APP
3.8.8",VivaCut professional video editor,30 Sept 2024
48DC0CC5EEDC5D8B87B3FF877A321283F4A06812F43455C1056847EC025B6242,com.amdroid.pedo.gas.flatulencia,32,1981-01-01 01:01:02,2024-10-19 12:01:16.082189,50000000,2024-10-19T12:06:16.789031,"Fart sound: pranks
Fart v32.0",AMDROID,12 Oct 2024
01794AB73CDB6ABD572299D5E2B981AED501C73C655723F41F5F8223609502E1,com.sinyee.babybus.hero,8690000,1981-01-01 01:01:02,2024-05-21 17:23:39.33003,50000000,2024-05-21T17:27:23.458828,"Baby Panda&#39;s Town: My Dream
8.69.00.00",BabyBus,14 May 2024
71E7A2D196A57862963178E1827E83B1CDC6E2EAF689EE1A4D2544BE2CA71177,com.fungames.highway.traffic.race,1326,1981-01-01 01:01:02,2024-01-15 10:44:48.772313,50000000,2024-01-15T10:45:15.045816,"Real Car Race 3D Games Offline
13.26",Game Dot,6 Nov 2023
A1BAF40213BBF65DADDB1A90BCF188391E3ADAF33E372AEBE40F7E300297658A,com.vivashow.share.video.chat,444,1981-01-01 01:01:02,2024-01-18 10:51:43.217027,100000000,2024-01-18T10:53:11.626742,"VidStatus - Short Video Status
4.7.0",VidStatus Team,10 Jan 2024
3150820729FCD4E204E9770555847B2274EAF86055BBDEF668E9DC6927401E49,com.tmobile.pr.mytmobile,94560,1980-01-01 00:00:00,2024-04-16 03:43:41.942548,100000000,2024-04-16T03:51:56.197654,"T-Mobile
9.14.2.94560",T-Mobile USA,9 Apr 2024
228BF8D68C75BFF46A8CBE1927958EDDFCB688FA560756F84E068158806F3BB2,com.gzl.superhero.karatefighting.game,126,1981-01-01 01:01:02,2024-08-30 12:30:59.038169,50000000,2024-08-30T12:39:16.673247,"Kung Fu Karate: Fighting Games
4.1.26",Frolics Simulation & Action Games,2 Aug 2024
99723865A589ACC63E436D95A68B055D3C3B188B00A88FC4615F91C4CE391EAA,com.counter.terrorists.swat.attack,327,1981-01-01 01:01:02,2024-03-14 21:19:16.132196,50000000,2024-03-14T21:35:00.457509,"Counter Terrorist Shoot
3.2.7",Doing Studio,6 Feb 2024
095A0CB4014B91996630AB013E92CA5AFFBFE292880472702280E586AF36DAA1,com.gameinsight.airport,104010,1981-01-01 01:01:02,2024-08-17 03:33:36.361283,50000000,2024-08-17T03:34:47.543045,"Airport City transport manager
8.33.10",Game Insight,13 Aug 2024
0B7775FED3B6C7155395C26B03523EC6C8D9AD4DDF80F1A7D44F653B19B93894,com.creativemobile.nno,50017101,1981-01-01 01:01:02,2024-08-06 19:54:48.188006,50000000,2024-08-06T20:07:13.916858,"Nitro Nation: Car Racing Game
7.9.11",Creative Mobile Games,5 Aug 2024
44C7847A29168D903629324AEF718156D021C797A3C5F03618DA53E2EDCE90E1,com.sweetfuirt.candy,122,1980-01-01 00:00:00,2024-03-16 03:06:01.41494,100000000,2024-03-16T03:02:02.110671,"Sweet Fruit Candy
122",Juice Candy,29 Feb 2024
30168F268FFC7FFD7ADC1AF9EB5BBCAD0F9E8CC0E006FFA5A5802DA68EADC20E,com.ikeyboard.theme.neon.love,236,1981-01-01 01:01:02,2024-04-04 06:34:56.321377,50000000,2024-04-04T06:42:36.269192,"Neon Love Themes
9.4.3_0315",Delicate theme for Android App,15 Mar 2024
034EDDD5E41390279410B23CC135E561BF33C1FAA5D5E62DEC4E57D4C06AB941,com.adobe.scan.android,240868426,1981-01-01 01:01:02,2024-03-01 12:28:22.711989,100000000,2024-03-01T12:28:26.351375,"Adobe Scan: PDF Scanner, OCR
24.02.23-google-dynamic",Adobe,23 Feb 2024
058BAB8165061C84A55A747379DAA1AC03A881F42D880314580FD81B1CDAC463,com.miniclip.minifootball,1355,1981-01-01 01:01:02,2024-04-26 10:24:58.516556,50000000,2024-04-26T10:25:49.515854,"Mini Football - Soccer Games
3.1.0",Miniclip.com,19 Apr 2024
3DF268E632A39B850AE980FDABA4D5FC74D8A9DA33F2F22699AA34C56633E511,com.camerasideas.trimmer,1191,1981-01-01 01:01:02,2024-07-03 02:00:47.92922,100000000,2024-07-03T02:05:10.717747,"YouCut - Video Editor &amp; Maker
1.631.1191",InShot Video Editor,24 Jun 2024
8AD84CB9D14E78C865A3B5D319E48C6D003F0E5C2A120FA8937622EA05CCEBDE,com.manboker.headportrait,90020301,1981-01-01 01:01:02,2024-04-17 12:40:12.806497,50000000,2024-04-17T12:40:16.253314,"MomentCam Cartoons &amp; Stickers
6.1.2",Battery Stats Saver,26 Mar 2024
37947FEE6444BB4F0658DB6FDAB6F80676A9F0952EE563C1BB0180AFF86ABD17,com.game.shape.shift,89520,1981-01-01 01:01:02,2024-11-18 05:44:16.605105,100000000,2024-11-18T05:53:12.780460,"Shape-shifting
2.2.2",Sixcube,25 Oct 2024
2715FCB673FCEF756C2F7AC1B0187AC2C5365CB4CA59CB4577ACAB832F83A39A,com.playgendary.tom,176,1981-01-01 01:01:02,2024-12-11 21:24:57.406492,100000000,2024-12-11T21:47:03.038071,"Tomb of the Mask: Fun Games
1.18.7",Playgendary Limited,4 Dec 2024
ACF22720FA2054E1805843D9699618E14D71CF2FF7B591D6F8BD8C3B98CA46BB,com.sega.sonic2.runner,217,1981-01-01 01:01:02,2024-04-01 21:02:46.18053,50000000,2024-04-01T21:39:16.981875,"Sonic The Hedgehog 2 Classic
1.10.2",SEGA,28 Feb 2024
01125539BF2C59882B17499C4986025D73CC27F5386C2DD5F53E47E43F50B4E4,com.ig.screw.puzzle.nuts.botls,70,1981-01-01 01:01:02,2024-07-15 20:48:08.661983,50000000,2024-07-15T21:34:33.935035,"Wood Screw Puzzle
1.70",Zego Studio,3 Jul 2024
0385A340D0883277FF8DF8FE5DF76EA8DF6B5C324BDE5CF116A395C4D4511353,com.crazylabs.diy.make.up,1832,1981-01-01 01:01:02,2024-08-17 15:43:23.202837,50000000,2024-08-17T15:44:35.396242,"DIY Makeup
1.8.3.2",CrazyLabs LTD,12 Jun 2024
F0BC35340469744650B3C1D330B88775B657121FA6FA8196CA2E78DDD051032D,com.oubapps.po.ch,26,1981-01-01 01:01:02,2024-10-24 17:59:12.567085,50000000,2024-10-24T18:03:19.802716,"شرطة الأطفال - مكالمة وهمية
2.1.8",Oub Apps,12 Sept 2024
5A96343C7758670400A07E0C21E2B52E591059C8DDCE64A45B23960E73B08252,com.azure.authenticator,202460943,1981-01-01 01:01:02,2024-09-14 01:38:18.646298,100000000,2024-09-13T01:09:14.466808,"Microsoft Authenticator
6.2409.6094",Microsoft Corporation,11 Sept 2024
269F50531EB284FB70827E6D83E1D09A4726983DCF7D49B32DF648F9403B9F1E,proxy.browser.unblock.sites.proxybrowser.unblocksites,185,1981-01-01 01:01:02,2024-10-28 04:04:18.723081,50000000,2024-10-28T04:03:49.174530,"Proxy Browser
4.8 RC1",DS tools,16 Sept 2024
001C7DEDB6F40D39164EE7E93436F619C669BA6A8B527E5A231DD64687E0DFA6,com.amazon.clouddrive.photos,902083391,1981-01-01 01:01:02,2024-04-12 03:12:08.997916,50000000,2024-04-12T03:36:02.098721,"Amazon Photos
2.17.0.753.0-aosp-902083391g",Amazon Mobile LLC,2 Apr 2024
28772CBE757B53850E7B5A022C77E740AB86A157DF414B5A9F06FBA92BB46CEC,com.stealthgame.master,178,1981-01-01 01:01:02,2024-12-10 12:42:50.294454,50000000,2024-12-10T12:46:09.641237,"Stealth Master - Ninja Killer
1.12.23",SayGames Ltd,13 Nov 2024
08B6718CD44199F2CDCDD72FF263F1FA68F1F259DDDEC893CA5431E263B498F0,com.threesixteen.app,1179,1981-01-01 01:01:02,2024-09-01 21:27:10.533964,50000000,2024-09-01T21:28:18.087807,"Rooter: Watch Gaming &amp; Esports
8.0.1",Rooter Sports,26 Aug 2024
0E84E95A16432DF6C86CE41C3B91FBB052F349E38CD7225DE20BE6E4F98ED866,com.tapblaze.pizzabusiness,1790,1981-01-01 01:01:02,2024-11-05 18:49:44.237929,100000000,2024-11-05T18:52:19.148032,"Good Pizza, Great Pizza
5.17.0",TapBlaze,1 Nov 2024
0A9B71EC121E8122830565F2629BC5EDF2B43493BAE801E203186B2ED4A2DE56,com.wedding.run,127,1981-01-01 01:01:02,2024-03-26 13:50:02.450562,50000000,2024-03-26T14:09:12.418213,"Dream Wedding!
9.11.6",MagicLab,19 Mar 2024
09703E62D1A7FEA22507A05C535DC96826677720B0F207F6C548CE3743FF27FB,com.ayoba.ayoba,660000,1981-01-01 01:01:02,2024-06-07 02:47:18.273863,50000000,2024-06-06T08:38:59.621706,"Ayoba chat.games.news.music
0.66.0",Ayoba,16 May 2024
1B7BBA53AE9B3C7E37D9042C41BDBC1CB0ED1022004126224BE901084EED98C5,com.gaana,1136,1981-01-01 01:01:02,2024-05-20 05:25:28.138354,100000000,2024-05-20T05:30:38.084197,"Gaana: MP3 Songs, Music Player
8.46.1",Entertainment Network (India) Ltd.,1 May 2024
6163A945C9A6C1DD91A8CD4A9323D2978246D871FA98D23F3ED45402B5C73440,com.discord,255014,1981-01-01 01:01:02,2024-11-21 21:11:47.051731,500000000,2024-11-21T21:21:42.468591,"Discord – Talk, Play, Hang Out
255.14 - Stable",Discord Inc.,20 Nov 2024
02FA284AA6378ABC3BFFC532651889D41ACB720069644601BA1E2226CC18C50F,com.zaz.translate,2024062718,1981-01-01 01:01:02,2024-07-04 11:21:34.056377,500000000,2024-07-04T11:22:50.588729,"Hi Translate - Chat translator
4.1.1.0",AI Translate,27 Jun 2024
02BC56B1826AF6DFBCF4BFEA6253467E4D40D2E22BA389A5789F616801B393B9,com.block.juggle,5940,1981-01-01 01:01:02,2024-11-22 17:05:51.239409,100000000,2024-11-22T17:17:20.093790,"Block Blast!
5.9.4",Hungry  Studio,21 Nov 2024
3194E689BE4AB9A118ADE7C029C6553C0A79C9012CA2682CF338E007A6790AA1,com.ztnstudio.notepad,17907,1981-01-01 01:01:02,2024-09-15 02:09:28.631067,50000000,2024-09-07T11:44:38.038399,"Notepad – Notes and To Do List
2.6.17907",Notepad - Digital Notes Studios,3 Sept 2024
0DA0A4D26FE904116472AED93D82726D9B74425A6F4D90F4D71DB0EB6CEF0220,com.time.trigger,350,1981-01-01 01:01:02,2024-12-12 08:34:29.758411,100000000,2024-12-12T08:40:44.117807,"Johnny Trigger: Action Shooter
1.12.48",SayGames Ltd,11 Nov 2024
7182E9ED66508BB03B4F7182472F9579CFE40FD6263149BC6FC88F7ECC98EA94,com.cloudmosa.puffinFree,51662200,1981-01-01 01:01:02,2024-04-11 20:37:00.03098,100000000,2024-04-11T20:41:03.182018,"Puffin Web Browser
10.2.1.51662",CloudMosa Inc,1 Apr 2024
4C68AE1899C2627CA6943E34D3EFB395A336DE64FA5CA10BF3A2BE1DECE56F03,com.cbs.ca,211505044,1981-01-01 01:01:02,2024-12-15 04:38:49.028622,50000000,2024-12-15T05:34:29.989785,"Paramount+
15.0.50",ViacomCBS Streaming,26 Nov 2024
48054BB77567E5ED1096FEB918E1C7AD75A225852D0F4334AE0957193E6CD102,com.machinezone.gow,18385,1981-01-01 01:01:02,2024-03-01 03:27:06.988825,50000000,2024-03-01T03:26:55.316833,"Game of War - Fire Age
11.7.1.655","Machine Zone, Inc.",12 Jan 2024
0FB071D57D365964656521078458262508E3AC134C97C9F37660FC7FBA283FA3,com.santander.app,100672,1981-01-01 01:01:02,2024-04-16 15:57:15.564429,50000000,2024-04-16T16:02:26.826029,"Santander Brasil
24.3.1.0",Banco Santander (Brasil) S.A.,9 Apr 2024
224CDD8BF20016FFD8B515BA4A911CEEB9929C9650C8E79156EAF78B00A92980,link.merge.puzzle.onnect.number,24240318,1981-01-01 01:01:02,2024-04-09 00:06:51.356031,50000000,2024-04-09T00:25:09.078459,"Tile Connect - Matching Games
1.17.13",Higgs Studio,3 Apr 2024
3B67C14A6FA6E05B44E2EFFA3E14CCB17D09CCBEC749AFC3148D7E0E3172CC05,com.google.android.apps.accessibility.voiceaccess,88361,1981-01-01 01:01:02,2024-10-24 04:42:26.760713,500000000,2024-10-24T04:43:09.156111,"Voice Access
6.3.681611719",Google LLC,2 Oct 2024
05FC1825109E8879C2BE78369EA594C4D0A0362AAF1298EB98BB95838A3BE876,com.doubtnutapp,1160,1981-01-01 01:01:02,2024-06-29 04:57:21.485353,50000000,2024-06-29T04:59:56.063447,"Doubtnut for NCERT, JEE, NEET
7.10.51",Doubtnut: Doubt Solving & Video Solutions App,12 Jun 2024
3EEA6CC9BA0E9B23F00B17420A5B83F4E797B4CB522E4AAA1B45B3F0C55C8DA3,su.canoe.zoo.elephant,105,1981-01-01 01:01:02,2024-05-10 10:04:18.339137,50000000,2024-05-10T10:04:05.040097,"Zoo - Happy Animals
1.4.2",SayGames Ltd,24 Apr 2024
007A25AD21EE9C676CE96B50DC51D1267CD4C2FA04189DCDB9B776DBD7C713F2,com.movile.playkids.pkxd,13482,1981-01-01 01:01:02,2024-11-24 01:19:03.281538,100000000,2024-11-24T01:19:06.146291,"PK XD: Fun, friends &amp; games
1.60.1",Afterverse Games,22 Nov 2024
2784326F25BA1BF1B0217C093CABFF31BD1C9DA8767185D2ED1B694D6BD470E6,com.ahoygames.okey,1085,1981-01-01 01:01:02,2024-01-18 13:29:49.426828,50000000,2024-01-18T13:30:22.158732,"Okey
3.91.5",Ahoy Games,9 Jan 2024
ECC6A075ABA8415AB4D59823838F0255717380F0DD0262DDE4EA16DC3877243D,block.app.wars,54291,1980-01-01 00:00:00,2024-03-16 19:45:30.67117,50000000,2024-03-16T19:54:27.957219,"Block City Wars: Pixel Shooter
7.3.1",Kadexo Limited,30 Jan 2024
244495CF25DAE14C7518BC674F89086B9E3100FDEA41A995AB25DC6C7845E32C,com.duokan.phone.remotecontroller,6355,1981-01-01 01:01:02,2024-01-21 15:55:17.573067,100000000,2024-01-21T15:59:12.646835,"Mi Remote controller - for TV,
6.6.9R","Beijing Xiaomi Mobile Software Co.,Ltd",3 Jan 2024
1CB428B12AFA3E14763CD98819D6585A5732C296242350083BB2642F753E88D6,com.joyjourney.PianoWhiteGo,20096,1981-01-01 01:01:02,2024-08-31 09:50:24.992999,100000000,2024-08-31T09:53:52.165586,"Piano Music Go-EDM Piano Games
2.96",Joy Journey Music Games,29 Aug 2024
ADF40FB328EDB0CFA96C16E8D08DD6075DCBF664548A6FC88CD1FA65EA8D1A41,com.lemongame.klondike.solitaire,42600,1981-01-01 01:01:02,2024-06-08 14:58:42.240946,50000000,2024-06-08T15:00:26.535414,"Solitaire
4.26.0.20240307",Solitaire Card Games Ltd,7 Mar 2024
73CA0F80D0394466929139A1FA6F417DD86B03DB2BF898901E7EEC2CABBC6059,com.surprise.toy.d3,86,1981-01-01 01:01:02,2024-09-15 02:24:12.950596,50000000,2024-09-15T02:24:15.281677,"Super Toy 3D
1.5.16",SayGames Ltd,5 Sept 2024
0317E9437A7D2B53CAC5C8B98C82D6D7B441D1D507D5ABDBBA1458A215A3B343,com.msf.kbank.mobile,220,1981-01-01 01:01:02,2024-12-15 07:08:47.610558,50000000,2024-12-15T07:08:49.121033,"Kotak Mobile Banking App
5.6.1",Kotak Mahindra Bank Ltd.,26 Nov 2024
39A82BBC28068E319E100716184AC78CF7B73D5C9F2859CE4896EEA175DC53FC,com.yandex.browser,1920271842,1981-01-01 01:01:02,2024-05-15 22:45:51.930343,100000000,2024-05-15T22:45:09.586887,"Yandex Browser with Protect
24.4.4.94",Direct Cursus Computer Systems Trading LLC,7 May 2024
0A26465D7FEC39A2ACEB6C7604EDC624078E1EAAEB03616C0A67B929365EEF55,com.crowdstar.covetfashion,2024061804,1981-01-01 01:01:02,2024-07-02 20:26:59.293389,50000000,2024-07-02T20:41:43.376051,"Covet Fashion: Dress Up Game
24.05.104",Crowdstar Inc,20 Jun 2024
209D9BCA84E71BDD2974871C549F9C6D5CF4AF68A66B72A8DE671407EBA1D4BE,ovo.id,510,1981-01-01 01:01:02,2024-09-06 03:56:35.095577,50000000,2024-09-06T04:25:31.147754,"OVO
3.116.0",PT Visionet Internasional,26 Aug 2024
068F1097667418E9E97B596C507B6D5A4792FE2F0FD12F75959253D187DAEDDF,com.happykamp.aquariumland,1172,1981-01-01 01:01:02,2024-11-23 15:56:09.440129,50000000,2024-11-23T16:00:20.482323,"Aquarium Land - Fishbowl World
2.4.0",Homa,13 Nov 2024
899CC335F5AC8B10E28DC4AEBADDCA2DE992041F8F7F29B0C8E67E741E562793,com.superbinogo.jungleboyadventure,4430,1981-01-01 01:01:02,2024-07-02 17:02:34.174222,100000000,2024-07-02T17:01:18.875476,"Super Bino Go:Adventure Jungle
4.4.30.4117",1SOFT,13 Jun 2024
2BB50EBD39A3BEF1EE510D52E1ECA2D32618CE8CA4FFB5C8233FB051E82F2740,com.wood.nut.and.bolts.puzzle,78,1981-01-01 01:01:02,2024-08-06 16:59:01.173734,50000000,2024-08-06T17:00:04.476963,"Wood Nuts &amp; Bolts Puzzle
7.8",ABI Games Studio,5 Aug 2024
12147DEFEFAF83B058136DE638A184207D780572EC7E8D4F0164B88858D88B5E,com.tfgco.games.sports.free.tennis.clash,15976,1981-01-01 01:01:02,2024-08-03 00:52:22.037713,100000000,2024-08-03T00:53:18.910133,"Tennis Clash: Multiplayer Game
5.12.2",Wildlife Studios,30 Jul 2024
0C5B5BDA6A42E6EACC66030B10C7367C6624A33CDF00B9B2C95BE1769BCAF82E,com.bandainamcogames.dbzdokkanww,260,1981-01-01 01:01:02,2024-10-30 05:51:44.1334,50000000,2024-10-30T05:54:32.417459,"DRAGON BALL Z DOKKAN BATTLE
5.23.0",Bandai Namco Entertainment Inc.,1 Oct 2024
03E2F13DED77C7E47A2EE2CD4083FBC4C8DF1EF286F3AD093EA4033DABEAB2A4,photography.blackgallery.android,2502,1981-01-01 01:01:02,2024-06-09 01:38:09.068271,50000000,2024-06-09T01:41:51.239408,"Gallery
2.5.02",gallery,24 Apr 2024
0F8EB619F5349B093B1A0AA7720ACA6B5284CF96AC069193D75DF63CA2CAE04E,pdf.pdfreader.viewer.editor.free,65,1981-01-01 01:01:02,2024-08-26 15:14:17.846416,100000000,2024-08-26T15:14:37.701103,"PDF Reader - PDF Editor
1.5.7",QR Code Scanner.,15 Aug 2024
1A32E90E49EF73E2C273956E9144485DDA449E94521D5A5F9D03DC116410D46F,com.sahibinden,1522,1981-01-01 01:01:02,2024-09-09 02:43:34.52247,50000000,2024-09-09T02:59:43.808154,"sahibinden #AlSatKiralaKesfet
4.92.3",sahibinden.com,4 Sept 2024
AC1A658579AB906521B52E72EAE5F908DAD31FD7061AE2D3729CC92B3922D92A,com.aa.extreme.city.gt.car.stunts,40,1981-01-01 01:01:02,2024-04-01 16:57:24.683463,50000000,2024-04-01T16:57:53.109727,"Extreme City GT Car Stunts 3D
1.39",Innovative Games Technologies L.L.C,29 Mar 2024
3DEAA73C627543CAFAE03814C9929A31AC7CA257B61A65CAA6281BF642625160,freeplay.crowdrun.com,654,1981-01-01 01:01:02,2024-03-01 15:34:38.782661,100000000,2024-03-01T15:34:42.401710,"Count Masters: Running Games
1.74.34",Freeplay Inc,20 Feb 2024
6A5FF681B490F4B811B2D6574D7EA5DC2A5C5DC0A7F21D777E3BCBD5874C6D6D,com.sec.android.app.music,1623400200,2009-01-01 00:00:00,2024-03-05 11:20:41.31465,1000000000,2024-03-05T11:20:43.603212,"Samsung Music
16.2.34.0","Samsung Electronics Co.,  Ltd.",30 Oct 2023
D28DCBA1886879316BD9F0011F22AA2BA242EB4C6E92CFD9B4D4BD44106291BB,com.hyperdivestudio.papersgradeplease,101,1981-01-01 01:01:02,2024-09-04 12:16:05.874393,100000000,2024-09-04T12:20:54.448544,"Papers Grade Please!
3.6.1",Lion Studios,11 May 2024
1D4049E8A4E4FA48FA3735249FF0F315E430D6563F22D50F139056DCA7FD30CE,com.tensquaregames.letsfish2,100281,1981-01-01 01:01:02,2024-02-29 11:42:17.578658,100000000,2024-02-29T11:42:18.280690,"Fishing Clash: 3D Sport Game
1.0.281",Ten Square Games,28 Feb 2024
0137193FA017874B397453B13C418CD0EBC327E915A2C781F25E1E510B53EA53,com.supercell.boombeach,51104,1981-01-01 01:01:02,2024-03-11 21:08:51.046581,100000000,2024-03-11T21:09:28.053985,"Boom Beach
51.104",Supercell,4 Mar 2024
5F6B1466B98DA369F48FA4345B0BE6E640846B8538EA0B3E8817B28094E73904,com.notdoppler.earntodie2,1004055,1981-01-01 01:01:02,2024-05-13 03:08:27.345368,100000000,2024-05-13T03:10:54.967276,"Earn to Die 2
1.4.55",Not Doppler,25 Apr 2024
331519B56A376145A8A94B18B2E55F75680A50D169E9E02229F142EFE9DF6785,com.google.android.calculator,85005407,1981-01-01 01:01:02,2024-03-12 23:58:00.13004,1000000000,2024-03-12T23:58:02.576816,"Calculator
8.6 (612662282)",Google LLC,4 Mar 2024
231FF1C27A3456E7C843C0D82A68CDBCA013B27606212D0FCBC32C693681959E,com.edjing.edjingdjturntable,63071800,1981-01-01 01:01:02,2024-06-11 12:20:49.617254,100000000,2024-06-11T12:22:32.310145,"edjing Mix DJ Music Mixer App
7.18.00",MWM - Music and creative apps for Android,22 May 2024
8F85927CE3580914671A6A0F892E47F6B1B97B3B7221029CF466DAE7106A6B34,com.htetznaing.zfont2,77,1981-01-01 01:01:02,2024-11-13 21:35:31.304866,50000000,2024-11-13T21:34:55.112929,"zFont 3 - Emoji &amp; Font Changer
3.7.4",Khun Htetz Naing,16 Jul 2024
085066EDF2BC2FD00AC458C41FCB1FDE04BEED4C928E489DF28158FE109E0D1E,me.pou.app,270,1981-01-01 01:01:02,2024-12-14 11:36:51.768442,1000000000,2024-12-14T11:38:53.336978,"Pou
1.4.121",Zakeh,13 Dec 2024
1839E28D97474ECDBEE1EDFCD7EFA35DDA959789BC86B0F119B05C93A0CD2E26,com.dysugar.jewels.prince,528,1981-01-01 01:01:02,2024-01-16 18:07:44.465364,50000000,2024-01-16T18:08:33.740726,"Jewels Classic - Crush Jewels
5.2.7",IVYGAMES,10 Jan 2024
0D7DBF85A9218B9C339E1701390BABC00E2E4169E8FD3F3062BEBCDBEFE2C03C,com.funplus.familyfarm,570,1981-01-01 01:01:02,2024-04-12 01:09:07.129593,50000000,2024-04-12T01:11:34.329740,"Family Farm Seaside
8.5.100",Century Games PTE. LTD.,9 Apr 2024
10AFC3057CCC9E5CEFD3E1C23C3368FC76AF8F3727A1037010EF086802EBDF34,se.raketspel.digaround,217,1981-01-01 01:01:02,2024-07-15 14:18:06.775781,50000000,2024-07-15T14:21:35.986626,"Dig This!
1.2.23",Raketspel,28 Jun 2024
05FB0E8FCF681A5BD9BBB86C4DD8A7D2767106C4E1005F78F896C472119EF050,com.android.chrome,642207131,1981-01-01 01:01:02,2024-05-23 01:28:06.072483,10000000000,2024-05-23T01:28:09.098137,"Google Chrome
125.0.6422.71",Google LLC,21 May 2024
04019380B2BA25B1106B7984B510F6063CB462F22B0D33D98B66939E739DF968,gogolook.callgogolook2,76901950,1981-01-01 01:01:02,2024-09-29 06:07:53.698692,50000000,2024-09-29T06:21:17.775799,"Whoscall - Caller ID &amp; Block
7.69",Gogolook,12 Sept 2024
1829D4548D9A98637EAC35A02D8248FB79223A5E764B20AB7D2931AE14EB1551,free.translate.all.language.translator,93,1981-01-01 01:01:02,2024-01-25 16:51:05.249864,50000000,2024-01-25T16:51:19.680324,"Translate All Languages
1.9.3",Office Tools- PDF Document Reader_Music Player MP3,16 Jan 2024
7D1A192F2D6F83C968B4767EF2E0F4675EC0385516A228C6A5252664ADFD0CAB,com.wordmobiles.bikeRacing,14009,1981-01-01 01:01:02,2024-12-11 09:11:49.777706,100000000,2024-12-11T09:20:18.711640,"Bike Racing 3D
2.11",Words Mobile,20 Aug 2024
032F3457BB45027A2557A62FC586AD963B9E36CFECE607FDD9BFFE86D40B9D8D,com.rocks.music.videoplayer,805,1981-01-01 01:01:02,2024-01-15 18:14:07.696471,50000000,2024-01-15T18:14:15.924178,"HD Video Player All Formats
11.1.0.78",ASD Dev Video Player for All Format,6 Jan 2024
05F20441F4BBD5FDC87B38897CA816BD3E1C39A431B1807C0EAD2B52030C2B56,net.one97.paytm,721523,1981-01-01 01:01:02,2024-08-30 07:06:10.059876,500000000,2024-08-30T07:06:50.785262,"Paytm: Secure UPI Payments
10.44.3",Paytm - One97 Communications Ltd.,22 Aug 2024
12F826309C9A5633CB8AC4D7CE2514C61C55BE0B250309B96C63FB64EFC2CE67,com.trassion.infinix.xclub,740,1981-01-01 01:01:02,2024-09-03 23:30:52.54265,500000000,2024-09-03T23:30:55.515552,"XClub
5.1.7",XClub,5 Aug 2024
B49D7B9D1F0B037E193763875FF1C60C788D6B141698ED38B607FEBE0811BC71,babyphone.freebabygames.com.babyphone,72,1981-01-01 01:01:02,2024-09-23 10:07:44.037583,50000000,2024-09-23T10:11:33.030462,"Baby Phone for Toddlers Games
8.1",GunjanApps Studios,26 Jul 2024
95AE8FB0C24CD06068E8DF0C50004651D7A890801B5D07B05F994F120ADC0CED,com.outfit7.talkingpierrefree,170,1981-01-01 01:01:02,2024-03-30 10:17:16.618943,100000000,2024-03-16T09:02:02.158913,"Talking Pierre the Parrot
3.9.0.55",Outfit7 Limited,22 Feb 2024
04E2131A1FCFF3CDC52FB69E685A92B8CAB5D6D065C87E387DDC96DBF52E8992,com.playappking.ametalsoldiers2,700400289,1981-01-01 01:01:02,2024-01-19 15:40:54.979617,50000000,2024-01-19T15:41:44.507346,"Metal Soldiers 2
2.89",Play365,26 Dec 2023
6F736910DBF8E86E891A296D7BEE9F323D67FC4D5469D0116C43370AD7C8B733,com.allenmm.archery,360,1981-01-01 01:01:02,2024-12-10 06:19:15.739094,100000000,2024-12-10T06:28:49.506854,"Shooting Archery
3.60",7788`s,24 Nov 2024
08BC7AC5670898C94B00F586786E9C02EA2C0DB7A2272955785B95AD266C881C,com.game.space.shooter2,300843,1981-01-01 01:01:02,2024-10-26 10:23:07.970639,100000000,2024-10-26T10:24:07.650486,"Space shooter - Galaxy attack
1.843",1SOFT,24 Oct 2024
0E6F03DF6532647E565BD8E5DA645D61D39161A5E08A62AA19C910B55EECE2A7,com.strava,1233955,1981-01-01 01:01:02,2024-01-25 12:50:21.414107,50000000,2024-01-25T12:50:31.954182,"Strava: Run, Bike, Hike
343.9",Strava Inc.,23 Jan 2024
4818C8BB4308FDE6A878434BFC709C5D7AE3C01BBB5A3F5358DD5002AB53B60C,jp.co.canon.android.printservice.plugin,21200,1981-01-01 01:01:02,2024-11-01 12:27:52.023939,50000000,2024-11-01T12:29:07.216689,"Canon Print Service
2.12.0",Canon Inc.,25 Sept 2024
06E76940047BF8B7D5072274E6DCC48D85DECF9A468B1AAD283C41F3247C0192,com.instagram.lite,669948188,1980-01-01 00:00:00,2024-12-14 22:38:48.757483,500000000,2024-12-14T23:00:57.425472,"Instagram Lite
436.0.0.8.106",Instagram,3 Dec 2024
040D0D1105FC8943E169B117C5AA895B57BD3483BDA864B30E114CB3252CE805,com.alibaba.intl.android.apps.poseidon,84706,1981-01-01 01:01:02,2024-06-06 23:36:09.490273,100000000,2024-06-04T11:27:21.176366,"Alibaba.com - B2B marketplace
8.47.6",Alibaba Mobile,30 May 2024
5CBBF8690CB04B00461C116CC71F3E2CC07C66E3224723C4F74B9AC8B8FE1439,com.eabdrazakov.photomontage,1401355,1981-01-01 01:01:02,2024-08-20 12:02:33.392227,50000000,2024-08-20T12:04:04.971624,"Cut Paste Photo Seamless Edit
35.5",Peml Art FZC LLC,16 Aug 2024
3EFA282E6EF65BAFA898B3806E46C83C5D18CE67C8647EE38365D4B371268F1F,com.lookout,10530109,1981-01-01 01:01:02,2024-08-07 22:43:22.992393,100000000,2024-08-07T22:43:37.235471,"Security &amp; Antivirus | Lookout
10.53.1-14d018b",F-Secure Corporation,29 Jul 2024
1430639C63EEF4C39D012433FD777397032312510FFC998401B52E3A3A520037,com.starplay.spider.fighter.openworld,1724317837,1981-01-01 01:01:02,2024-08-30 06:32:48.444212,50000000,2024-08-30T06:37:59.078655,"Spider Fighter 3: Hero Game
3.39.13",Starplay DMCC,22 Aug 2024
34B7F862FB38967A7D4F154000EB623EBE845306A63DC4D41E0B6E34CD6E88B7,com.kathleenOswald.solitaireGooglePlay,7324,1981-01-01 01:01:02,2024-04-17 18:14:34.57108,50000000,2024-04-17T18:38:31.260451,"Solitaire + Card Game by Zynga
11.0.1",Zynga,23 Feb 2024
1401ECE584671623BC907E1C65E20C105EB4040B98C0938B41C3E43ABA33F612,com.vzw.hss.myverizon,480,1981-01-01 01:01:02,2024-11-23 13:09:57.130969,100000000,2024-11-23T13:24:44.510654,"My Verizon
20.4.0",Verizon Consumer Group,30 Oct 2024
110C04B6744F1E77972E01CAAA21CD65DC3D284C55FB68676FE6F8FE6A77FE3B,com.plarium.raidlegends,76652,1981-01-01 01:01:02,2024-03-06 11:52:48.965928,50000000,2024-03-06T11:54:10.080398,"RAID: Shadow Legends
8.30.1",Plarium Global Ltd,5 Mar 2024
005571B3BD555B4D6406F992D29A031DF5C278CA87364D8999076363E7556937,com.transsion.phoenix,4785,1981-01-01 01:01:02,2024-01-20 13:48:21.041664,500000000,2024-01-20T13:49:40.988522,"Phoenix - Fast &amp; Safe
14.5.1.4785",CloudView Technology,18 Jan 2024
4A44878AECD84EA49CE6A6E61D8EE17AFEA0B18BA6339EC1BA5C5E7BB703BC0E,com.axis.mobile,148,1981-01-01 01:01:02,2024-10-19 23:23:03.050651,50000000,2024-10-19T23:39:46.615158,"Axis Mobile: Pay, Invest &amp; UPI
10.3",Axis Bank Ltd.,9 Sept 2024
07631571B6FCB50D1C1E38DAC901F14233AFBACFFF5A6C9EB6D57D92CB5F4CBA,com.dino.moto.race.master,102,1981-01-01 01:01:02,2024-05-22 19:37:33.94956,50000000,2024-05-22T19:35:42.369905,"Bike Race: Racing Game
1.102",Zego Studio,16 May 2024
3777B20447D00FC9C282D2112BC55C4A973E232B8689B3AE9E27E6BF3E2BDA39,sortpuz.water.sort.puzzle.game,3811,1981-01-01 01:01:02,2024-04-29 22:11:49.405964,50000000,2024-04-29T22:12:36.404546,"SortPuz™: Water Sort Puzzle
3.811",Dark Halo,18 Apr 2024
015D3370DB98338B12A73249B20902295B595FFE9A7CF1A7CE1D56846BD16313,com.canva.editor,28635427,1981-01-01 01:01:02,2024-08-23 15:14:10.296048,100000000,2024-08-23T15:15:05.165880,"Canva: Design, Photo &amp; Video
2.277.0",Canva,19 Aug 2024
18A5C80BF4162E4485C1AC99B4CE44DDE1CFD0F61DA5C3D665175AABBA0F8DE9,com.ubisoft.dance.JustDance,238,1981-01-01 01:01:02,2024-08-03 05:40:53.780361,50000000,2024-08-02T08:31:57.447619,"Just Dance Now
7.1.0",Ubisoft Entertainment,26 Jul 2024
0869BF2AE8C393736A638DB24DEEE27FBBF74F2BA5D2A0E20B04FE029499A6BD,com.disney.frozensaga_goo,926,1981-01-01 01:01:02,2024-05-06 01:24:24.531301,50000000,2024-05-06T01:24:57.940041,"Disney Frozen Free Fall Games
13.4.5","Jam City, Inc.",16 Apr 2024
13EAE11FCB9A0B6D5C16BCC41E830F6FD87CAAC33E5045B1D54F711B949E5964,de.lotum.whatsinthefoto.us,61261,1981-01-01 01:01:02,2024-08-15 11:54:23.877448,50000000,2024-08-15T11:54:15.054911,"4 Pics 1 Word
62.32.0",Lotum GmbH,12 Aug 2024
08F5B02407CD3449F95797D342944DC920D067674F872FB0BA50A53137F4F0CC,it.rortos.realflight,2011001,1981-01-01 01:01:02,2024-04-05 23:00:23.171565,50000000,2024-04-05T22:59:43.492276,"Airline Commander: Flight Game
2.1.10",RORTOS,28 Mar 2024
11ACFB8F7BB505D936F2F03CE51C25ED800DA1A9F663577875B28090534739A0,com.fingersoft.hcr2,618,1981-01-01 01:01:02,2024-03-01 13:24:50.677102,100000000,2024-03-01T13:25:01.399663,"Hill Climb Racing 2
1.59.5",Fingersoft,20 Feb 2024
6AC0ED1F7E195EB5201658F7A9BAAAFC7C5F28DEC64180D4C22725C163E4B04A,com.wolvesinteractive.traffictour,24042214,1981-01-01 01:01:02,2024-06-09 19:22:30.590837,50000000,2024-06-09T19:23:35.208298,"Traffic Tour: Drifting Game
2.5.9",Wolves Interactive ™️,22 Apr 2024
8438F983CE43CAB6EA28EB17BF8B24984B047D849A0EC24AFC6F62313288EE04,com.turborilla.bmx2,4009,1981-01-01 01:01:02,2024-08-29 21:49:07.595162,50000000,2024-08-29T21:50:52.643254,"Mad Skills BMX 2
2.6.9",Turborilla,21 Aug 2024
7110F6F01049475CBDED27019C8D2B657B913E5CEA901115C16B1955D9C80A06,com.camelgames.aoz,2120,1980-01-01 00:00:00,2024-01-19 15:48:00.062323,50000000,2024-01-19T15:49:08.906565,"Age of Origins
1.3.697",CamelStudio,18 Jan 2024
21B020EDED93D114758E3DE11137CAD46B30A35F7B4842D87E56C2194BDA8783,com.scopely.monopolygo,22683,1981-01-01 01:01:02,2024-03-01 03:29:46.479644,50000000,2024-03-01T03:30:21.912185,"MONOPOLY GO!
1.18.0",Scopely,21 Feb 2024
0A8F84F71AD069A975C2362A16C092322729FDEC126627A8B77F4588796CB9E5,net.zedge.android,83600600,1981-01-01 01:01:02,2024-04-20 14:04:22.842979,500000000,2024-04-20T14:04:27.804453,"Zedge™ Wallpapers &amp; Ringtones
8.36.6",Zedge,17 Apr 2024
06D97D457D9916C29FBD362EC8E1ACC1EF733A3644B3283E3DB96D27D0DED6B9,com.novapontocom.casasbahia,250000524,1981-01-01 01:01:02,2024-09-15 20:55:02.468929,50000000,2024-09-15T20:55:37.962222,"Casas Bahia: Compras Online
8.8.80",Grupo Casas Bahia S.A.,11 Sept 2024
0B2026317B013453C0F81CE441CA89F789C2523F018BC1130BF97D1C1392EDCC,free.vpn.unblock.proxy.vpnmaster,2024041701,1981-01-01 01:01:02,2024-04-27 15:17:10.17835,100000000,2024-04-27T15:17:37.918588,"Snap Master VPN: Super Vpn App
7.9.5.1",LEMON CLOVE PTE. LIMITED,17 Apr 2024
166497CE06947C09AAF3FE081EE05B39C6B7CEB7793C91FEF681E789DDAAD5C1,com.wallpaperscraft.wallpaper,34001,1981-01-01 01:01:02,2024-04-11 08:58:03.443985,100000000,2024-04-11T08:58:43.002924,"Wallcraft: 4K Wallpaper Live
3.40.01",Nebuchadnezzar DOO,6 Mar 2024
163DD242BFC56DC239DA6506FD43EC647475C5BD3E34B607D1D354D377C67FEC,com.fidgettrading.game,170,1981-01-01 01:01:02,2024-07-10 11:39:44.5982,100000000,2024-07-10T11:41:27.125520,"Fidget Toys Trading: Pop It 3D
1.25.3",Freeplay Inc,28 Jun 2024
21968417F478545E0883B38E5138BCF83A7576CFE1BDD7FAAE36E7F7A2CE290F,com.Lightneer.BazookaBoy,2024031102,1981-01-01 01:01:02,2024-03-19 09:30:07.54811,100000000,2024-03-19T09:41:53.261836,"Bazooka Boy
2.2.32",Supersonic Studios LTD,10 Mar 2024
556DAE8A07C36395AFF9D7DB59CBC4C491626E17B017AAE588ACA4E7965524E6,com.bulkybrains.mashuphero,2617,1981-01-01 01:01:02,2024-06-06 23:14:10.601115,50000000,2024-06-06T23:14:40.108523,"Mashup Hero: Superhero Games
2.6.9",Homa,15 Jan 2024
18B0BFCF46B96041760B2C2A4FB0A234C7C01C8B029018621B330B0325887DC9,com.google.android.apps.walletnfcrel,931990251,1981-01-01 01:01:02,2024-11-01 19:44:35.364079,1000000000,2024-11-01T19:54:47.122223,"Google Wallet
24.42.690638591",Google LLC,29 Oct 2024
3932A8ED38DD8E711ECEB11C27D843CECE81F9B2237BAB2CCCAF8AA7E8A21827,com.playspare.watersort3d,201,1981-01-01 01:01:02,2024-06-09 03:22:38.539562,50000000,2024-06-09T03:23:41.733335,"Water Color Sorting Games
1.10.2",TapNation,17 May 2024
1F30D0B84FF8CCDEF6E4E971423CADC1B7991C936E71D8F22FACCC1F9D647461,com.telenor.pakistan.mytelenor,127,1981-01-01 01:01:02,2024-07-15 03:08:04.590184,50000000,2024-07-15T03:08:07.701275,"My Telenor
4.2.51",Telenor-Pakistan,11 Jul 2024
11F6ABC8C31EAB1AF557ECBFF278CE8E1F7850B56584339BCAF6CF2065E859A9,com.miniclip.basketballstars,163,1981-01-01 01:01:02,2024-05-10 12:21:46.864073,100000000,2024-05-10T12:22:59.314606,"Basketball Stars: Multiplayer
1.48.1",Miniclip.com,9 May 2024
09C0194BF40D4F4CCB57F40E137665A45BF6DA7A75CA4E6B2261592BF30A1CE7,com.expressvpn.vpn,11380040,1981-01-01 01:01:02,2024-03-25 15:53:45.83668,50000000,2024-03-25T15:58:31.367928,"ExpressVPN: VPN Fast &amp; Secure
11.38.0",ExpressVPN,20 Mar 2024
0ECF2634D1EF702DED275F0C6D79E9A3C043F652431EE262F1EB40D454ED20B1,downloader.vitmate.downloaderapp,37,1981-01-01 01:01:02,2024-08-25 16:05:20.393421,100000000,2024-08-25T16:06:05.891729,"Downloader - Video Downloader
1.3.7",Leap Fitness Group,25 Jun 2024
7431118CFB4721B10565D19D2DC6105AFD1516489E44CC81462F7FE1EA1EDDDE,free.vpn.unblock.proxy.vpnpro,2024041501,1981-01-01 01:01:02,2024-04-27 15:50:59.339479,50000000,2024-04-27T15:51:26.415913,"Snap VPN: Super Fast VPN Proxy
4.7.2",AUTUMN BREEZE PTE. LIMITED,15 Apr 2024
26E62984261D31B5F1D4FB390420376D7E5777E7B362AE280F4EF6100F49AC10,codematics.universal.tv.remote.control,190,1981-01-01 01:01:02,2024-09-03 05:13:53.23638,100000000,2024-09-03T05:12:08.853047,"Universal TV Remote Control
2.8.0",CodeMatics Media Solutions,29 Aug 2024
02F67E844E2C60DBFACB86442EAA5C6E4DD45A7323E3FD1BEB94D8E51CC2E455,com.masarat.salati,349,1981-01-01 01:01:02,2024-03-22 06:06:42.362472,50000000,2024-03-22T06:18:40.712183,"صلاتك Salatuk (Prayer time)
3.6.14",Masarat App,19 Mar 2024
12A1A4A62E787EAF28CB7633D9EB90B3EF63931D16F7B2A210A691696BC743B4,com.nordvpn.android,1306,1981-01-01 01:01:02,2024-12-16 03:53:46.022815,50000000,2024-12-16T03:54:27.429861,"NordVPN – fast VPN for privacy
8.0.2",Nord Security,13 Dec 2024
4BC6FFF8D9EA1EE4437D09042A9BF9B86498181F4BA73CEC6A9518AEA7D70512,com.JindoBlu.Antistress,867,1981-01-01 01:01:02,2024-03-18 10:31:09.133937,100000000,2024-03-18T10:38:12.347362,"Antistress - relaxation toys
9.6.4",JindoBlu,11 Mar 2024
011B1E81709B1CE3975EB0F801D8D9BB29A51B0D1FC527C7EEED1B317ABA1CC9,com.iqoption,2944,1981-01-01 01:01:02,2024-06-06 06:45:44.964784,100000000,2024-06-06T07:03:02.684999,"IQ Option – Trading Platform
8.42.0",IQ Option,21 May 2024
415049A1AC3265562544FED730A29216D7BA2A42AFB54CE937C68B2B678F2421,com.google.android.deskclock,76005890,1981-01-01 01:01:02,2024-10-17 03:12:22.445867,1000000000,2024-10-17T03:19:22.010652,"Clock
7.10 (685617841)",Google LLC,14 Oct 2024
36B5CEE43D95FC50E31E16F8CD7A582D92FB2F1FA26359A85C03C4B00A5122A4,com.cdg.tictactoe,42,1981-01-01 01:01:02,2024-10-27 04:10:28.274497,100000000,2024-10-27T04:13:40.720507,"Tic Tac Toe - 2 Player XO
1.0.42",CDT Puzzle Studio,23 Oct 2024
4B106755E6162290911B436F6DA80934605065FD29FC1B9E285CDCB93F2E5ABD,com.rescue.machine,14118,1981-01-01 01:01:02,2024-08-24 13:21:38.997435,50000000,2024-08-24T13:21:39.325968,"Rescue Machine
1.2.10","Geisha Tokyo, Inc.",23 May 2024
3B8BC14AF5F35602B94AF2381F26F89484F6262BAEA8868AA7FF1F9748E6E82B,com.eyecon.global,530,1981-01-01 01:01:02,2024-09-18 22:26:13.605891,50000000,2024-09-18T22:31:10.415862,"Eyecon Caller ID &amp; Spam Block
4.0.530",Eyecon Phone Dialer & Contacts,12 Sept 2024
B09C807CCC064710F0371991A14A84B9A5517D97415D52A30AAD29541CDAC1CA,com.rsupport.rs.activity.rsupport.aas2,396,2009-01-01 00:00:00,2024-08-26 14:33:26.981826,100000000,2024-08-26T15:08:49.509044,"Smart Tutor for SAMSUNG Mobile
1.5 (build 396)","Samsung Electronics Co.,  Ltd.",18 Jul 2024
058F49DB18A286883A4121CEB4F3334D36D23064A608D14536FDC4E3F63BC808,com.netflix.mediaclient,50771,1981-01-01 01:01:02,2024-08-05 20:54:14.83636,1000000000,2024-08-05T20:54:45.898049,"Netflix
8.126.0 build 9 50771","Netflix, Inc.",31 Jul 2024
0B2C1F438EBB1873721DFD00D310D8BCA934A798F3C5B9EB16B8BA44D35B8673,photo.editor.photoeditor.photoeditorpro,181000,1981-01-01 01:01:02,2024-08-16 12:06:49.551646,100000000,2024-08-16T12:07:32.883127,"Photo Editor Pro
1.567.181",InShot Inc.,30 Jul 2024
24914B4E33E6BB903D10E009D362AE1D6F10433B5CBD21A590D1BA543BD41AD6,com.hutchgames.rebelracing,1868602,1981-01-01 01:01:02,2024-10-13 22:57:36.884335,50000000,2024-10-13T22:51:26.179904,"Rebel Racing - Car Racing Game
26.20.18686",Hutch Games,1 Oct 2024
092487DD971C7CDE6187D8B01BD253674FCC1DDB388772829A3EDA22CD95826D,br.com.timbrasil.meutim,7004039,1981-01-01 01:01:02,2024-01-19 09:27:18.90928,50000000,2024-01-19T09:27:36.776410,"MEU TIM
7.4.39",TIM S.A.,20 Dec 2023
1A9842465A8C823EA20FE529FF2A676072EB8337631CA910791B899D1DE446FC,com.grofers.customerapp,280151070,1981-01-01 01:01:02,2024-04-26 11:31:27.241652,50000000,2024-04-26T11:31:22.960427,"Blinkit: Grocery in 10 minutes
15.107.0",Blinkit,16 Apr 2024
09AF8988461E4D26C47641FE64A94FEF69501EBAE2529C90E11AD0D559667B9D,com.fugo.wow,54859547,1981-01-01 01:01:02,2024-04-02 06:14:52.143572,100000000,2024-04-02T06:15:34.698716,"Words of Wonders: Crossword
4.5.24",Fugo Games,28 Mar 2024
9B4B7B0306CA843E7C8DA70E61B2A42246459B538CD766DEA85F4267A7672568,com.picsart.draw,81,1981-01-01 01:01:02,2024-08-16 11:35:15.90887,50000000,2024-08-16T11:36:24.371756,"Picsart Color - Painting, Draw
2.9.8","PicsArt, Inc.",31 Jul 2024
062DEFB2AFCFFBEBCA3DE7D0E5640BE90D26CEF914E79D431AD290296C97C19F,com.zynga.words,280001,1981-01-01 01:01:02,2024-10-19 00:28:48.102148,50000000,2024-10-19T00:30:16.568219,"Classic Words With Friends
28.00.01",Zynga,2 Oct 2024
130CBB23D606440C4893BD5CFEAEDECDDBCA1FD7B46F51708862DBA888352AD2,filerecovery.photosrecovery.allrecovery,59,1981-01-01 01:01:02,2024-12-14 12:00:21.946158,50000000,2024-12-14T12:14:10.504633,"File Recovery - Photo Recovery
1.3.4.1",AI Photo Team,24 Nov 2024
085BE00D28CBB5F3319CE1937E2D7CC62AADE82B453703214C32C45227399075,com.pixel.art.coloring.color.number,324,1981-01-01 01:01:02,2024-05-15 19:55:18.735957,100000000,2024-05-15T19:56:21.651866,"Happy Color® - Colouring Game
2.16.0",X-FLOW,6 May 2024
12D1C957B80BAADB67E4A966080C21D2A7096EF70428E8514DC793DD0AF78235,com.madfingergames.deadtrigger,210300110,1981-01-01 01:01:02,2024-03-01 02:56:17.75861,50000000,2024-03-01T02:57:08.500996,"Dead Trigger: Survival Shooter
2.1.3",Deca_Games,8 Feb 2024
854AFB8222BAEEEE8424F0A9B37D0C630B931A1980D27C8D6F2F385CE2615B1F,com.smule.magicpiano,3210,1981-01-01 01:01:02,2024-08-05 20:49:21.258575,50000000,2024-07-29T20:37:13.394415,"Magic Piano by Smule
3.2.1",Smule,1 Jul 2024
C8025AF5C02491AA6141811CEA477BEDCA9A9A9362D6FCC9B92C3A1F54E2142A,flipboard.boxer.app,3189,1981-01-01 01:01:02,2024-02-29 14:13:31.161779,1000000000,2024-02-29T14:14:18.029631,"Briefing
3.4.4",Flipboard,8 Feb 2024
00351EF4531DAF3D855B8CB93CF91C960D52789E2094A2E16D4CD2A5A7E5091D,net.metaquotes.metatrader5,4519,1981-01-01 01:01:02,2024-09-05 10:27:55.961429,10000000,2024-09-05T10:42:08.749536,"MetaTrader 5 — Forex, Stocks
500.4519",MetaQuotes Software Corp.,3 Sept 2024
00A78C06330CD3F997984D5D8D9CB1A4B8D7C859A9A97CEFD13C57578E24D1EF,com.etermax.trivia.preguntados2,412,1981-01-01 01:01:02,2024-09-03 06:07:32.194723,50000000,2024-09-03T06:15:07.271038,"Trivia Crack 2
1.194.2",etermax,28 Aug 2024
681C60901C7E5E811E9B343AB213690001C2B7D84F49FC4663F7F557D99086B5,com.lyrebirdstudio.face_camera,108607,1981-01-01 01:01:02,2024-04-06 09:46:28.763581,50000000,2024-04-06T09:50:40.342910,"Face Live Camera: Face Filters
1.8.6.7",Lyrebird Studio,28 Mar 2024
010DFE6F05DDC961075060E60FCF1EF09D757BE1F22AD3E1B3A165CCA2E202D9,com.google.android.apps.youtube.creator,124111047,1981-01-01 01:01:02,2024-04-02 05:33:58.788425,100000000,2024-04-02T05:51:19.385100,"YouTube Studio
24.11.104",Google LLC,1 Apr 2024
2F5B65833823EED8C1384FE69A86FEB0C75B94BF3D09E3A4A49FDA8D6907AC44,com.atesgamestudio.rollance,113,1981-01-01 01:01:02,2024-09-02 13:18:37.379107,50000000,2024-09-02T13:19:32.763735,"Rollance : Adventure Balls
0.14.53",CASUAL AZUR GAMES,21 Aug 2024
0F0EA91AF3F2B3E8DF8F7F5C781835150D099801E99DDFB7626A003A8D9194B8,com.kiloo.subwaysurf,65917,1981-01-01 01:01:02,2024-01-17 09:04:43.196106,1000000000,2024-01-17T09:08:00.820442,"Subway Surfers
3.23.1",SYBO Games,11 Jan 2024
65864590F5D379324924B34BEB01F1274BB6D32BA9CA709A069E94914373E6AF,com.felicanetworks.mfm.main,1332320,1980-01-01 00:00:00,2024-04-11 01:26:43.735045,50000000,2024-04-11T01:49:41.233412,"おサイフケータイ アプリ
33.23.20","FeliCa Networks, Inc.",12 Sept 2023
367F65E08D1B665DBEF4EDE43C4565734872E407C52B7B5489FBE4222AFCA21B,il.co.smedia.callrecorder.yoni,322,1981-01-01 01:01:02,2024-06-23 22:31:44.969152,50000000,2024-06-23T23:52:32.095550,"Call Recorder Automatic
1.1.322",Tap AI,4 Jun 2024
03C0D75869C4FA363010DB5798B3862D81B9C8CDFA7EDD3A043CA999BD020507,com.sgn.pandapop.gp,313006105,1981-01-01 01:01:02,2024-12-14 19:40:57.794118,50000000,2024-12-14T19:45:20.981967,"Bubble Shooter: Panda Pop!
13.6.105","Jam City, Inc.",20 Nov 2024
10E314204014C50E43F5106174BA4A89EF95474745CC6EF37C1AA9587413C25E,com.funplus.kingofavalon,5641,1981-01-01 01:01:02,2024-12-12 20:34:10.747712,50000000,2024-12-12T20:33:07.315109,"Frost &amp; Flame: King of Avalon
20.2.01",FunPlus International AG,6 Dec 2024
02D352659727BEA9DF61A6BE4D097D101E28BA84D3F2552DBA88B99380F6484E,com.billiards.city.pool.nation.club,154,1980-01-01 00:00:00,2024-03-26 09:24:55.521237,100000000,2024-03-26T09:25:50.158580,"Pooking - Billiards City
3.0.84",MOUNTAIN GAME,20 Mar 2024
02B7D95EE92FFF32ED82B041F768BF1754F9108C8C01F7853D4090320B731886,com.shazam.android,1401400,1981-01-01 01:01:02,2024-03-01 11:59:21.633217,500000000,2024-03-01T12:04:00.096085,"Shazam: Find Music &amp; Concerts
14.14.0-240222",Apple Inc.,23 Feb 2024
06308F8400EC2BE6FE0CA7318EEEE2540CA8FF391ADBFAB6FA2DA64D2A3261F0,mega.privacy.android.app,241420252,1981-01-01 01:01:02,2024-05-27 14:25:26.195483,100000000,2024-05-27T14:33:21.029160,"MEGA
13.1.1(241420252)(09e03167c8)",Mega Ltd,20 May 2024
19469AD58CEECCAB244D5533B4B80E58B8776ECC3355DC2C41106B1BA5443D81,com.pixelbox.roofrails,96,1981-01-01 01:01:02,2024-01-23 16:56:11.076225,50000000,2024-01-23T16:56:17.550543,"Roof Rails
2.9.5",VOODOO,30 Dec 2023
1EF57F5A74BDBEBBF5FA858149368999B95D100542CDE90BA5D0B2CAB060F7FA,com.melodis.midomiMusicIdentifier.freemium,21116,1981-01-01 01:01:02,2024-05-26 03:31:08.059319,100000000,2024-05-26T03:37:02.155273,"SoundHound - Music Discovery
10.4.3",SoundHound Inc.,16 May 2024
05ECC45BC12633449583DB1FC9BA831B7AFC49DA523952A0CE04218FB3DA4030,com.nhn.android.nmap,52605002,1981-01-01 01:01:02,2024-06-13 14:58:30.000012,50000000,2024-06-13T14:57:01.087785,"NAVER Map, Navigation
5.26.5.3",NAVER Corp.,23 May 2024
003B453D8B00F483273DF9DF242E016F5A498F81EB11EC2FAEE08421CB7C9F58,com.cyberlink.photodirector,90180950,1981-01-01 01:01:02,2024-01-19 19:54:13.681108,50000000,2024-01-19T19:55:25.435899,"PhotoDirector: AI Photo Editor
18.9.5",Cyberlink Corp,16 Jan 2024
4295FD4912FEFD8A8AE044E6F7345A0F578E4006A422D15FAACA83B7BCEB3900,com.gameloft.android.ANMP.GloftA9HM,44031,1981-01-01 01:01:02,2024-01-24 10:23:55.466903,100000000,2023-12-12T16:41:23.625094,"Asphalt 9: Legends
4.4.0k",Gameloft SE,4 Dec 2023
4BBA8CC5CD53BD11978CBAF3023CD646934226808EBAB054A77CC6335F3E6787,com.mediamushroom.copymydata,30010001,1981-01-01 01:01:02,2024-04-15 08:26:12.928029,50000000,2024-04-15T08:50:36.644241,"Copy My Data: Transfer Content
3.1.0",Red Sky Labs,4 Apr 2024
27FD3036557F2F890E57FA6D71C0B10A3DE2761048995C6C74A23928BD74DE16,com.kfe.toymaker,2000006,1981-01-01 01:01:02,2024-09-26 19:39:36.558329,50000000,2024-09-26T20:03:40.529324,"Doll Designer
1.12.0",Lion Studios,26 Feb 2024
2D976E325919144F9FDF447EF8F32B49DFCC9E4E1B3D2452BED963CF382079BB,kjv.bible.kingjamesbible,439,1981-01-01 01:01:02,2024-05-11 10:55:19.855783,100000000,2024-05-11T10:56:22.342163,"King James Bible - Verse+Audio
3.45.0",Ozion,28 Apr 2024
03DBCF4BA032B585CC41197E96E03DC92938B46FDD34E7E41A04F044B39AC136,com.bigbluebubble.singingmonsters.full,366,2024-04-22 14:04:36,2024-04-27 16:16:26.771833,50000000,2024-04-27T16:16:13.277473,"My Singing Monsters
4.2.2",Big Blue Bubble Inc,22 Apr 2024
06C38DD5FDD216B5B9D18ADE8B7882A97CFEED0A5FAD1345C16D286680CA06E1,com.jsdev.instasize,331,1981-01-01 01:01:02,2024-03-08 16:44:19.064452,50000000,2024-03-08T17:12:06.729215,"InstaSize Photo Editor＋Resizer
4.2.31","Instasize, Inc.",4 Mar 2024
485D19EF90FBF8F40CE16DD277E0B100BC43C418DB7B60420153B44BB8831A99,com.gameresort.sz2google,37,1981-01-01 01:01:02,2024-06-29 16:53:56.197577,50000000,2024-06-29T16:56:39.329402,"Stupid Zombies 2
1.7.8",GameResort,22 Sept 2023
3F5193D3842FF0B76C478F816CA05163147238942BBC200B045197821CF31CAE,com.cookapps.ff.moderncity,300009,1981-01-01 01:01:02,2024-08-17 10:40:34.181837,50000000,2024-08-17T10:41:11.003305,"My Home Design - Modern City
5.5.7",CookApps,15 Aug 2024
0051750773D4BEE422B3EA89C801E8EDC9A221D550BE24513BCBE0BF2FF5E485,com.wildlife.games.battle.royale.free.zooba,17307,1981-01-01 01:01:02,2024-11-29 11:25:24.523061,100000000,2024-11-29T11:28:09.965887,"Zooba: Fun Battle Royale Games
4.60.0",Wildlife Studios,25 Nov 2024
024A7022B4C775B080B334D394D900FB5B92FE1A53C4025C544C310A043BCE07,com.myairtelapp,5597,1981-01-01 01:01:02,2024-04-11 14:47:07.201208,100000000,2024-04-11T14:55:02.909845,"Airtel Thanks – Recharge &amp; UPI
4.91.1",Airtel,8 Apr 2024
0D6A95BB350B266BF2B3F67CA977375BC6C0EAF457C2CE193EF0202D75FC0585,com.Neurononfire.SupremeDuelist,430,1981-01-01 01:01:02,2024-06-17 16:12:40.697661,100000000,2024-06-17T16:14:20.506708,"Supreme Duelist Stickman
3.6.4",Neron's Brother,15 Jun 2024
012E2A55235522DC03BD2B314ACC71C9B46BF9F77F885EB9769B9813EF19B4EC,com.picpay,1647,1981-01-01 01:01:02,2024-09-06 12:26:32.377698,100000000,2024-09-06T12:37:22.839428,"PicPay: Conta, Cartão e Pix
11.13.1",PicPay,29 Aug 2024
DEC7E64A2ABFA1D14106F565A6FFBE381D3BECF6C235292FE2B19FC5B2DAE219,com.melimots.WordSearch,40,1981-01-01 01:01:02,2024-11-14 23:24:05.731435,50000000,2024-11-14T23:24:08.285752,"Word Search
1.21",Melimots,4 Feb 2024
329A29D930245195347B43985B61CDA851AC7864820709DCD9604F9E782C2942,com.xinmei365.font,489,1981-01-01 01:01:02,2024-03-14 02:42:00.24409,50000000,2024-03-14T02:44:47.063892,"HiFont - Font Tool
8.8.4",HyFont Studio,4 Jan 2024
2F820F6A4E4A33744E3F14E4EFB2A93A08DE38D0229963CE7B1DA64D3C30294D,com.game.foldpuzzle,200354,1981-01-01 01:01:02,2024-08-31 06:49:11.542661,100000000,2024-08-31T06:49:47.479231,"Paper Fold
200354",CASUAL AZUR GAMES,29 Jul 2024
1E70D46EFAED69141664C1D4DDD4E41C6172EA52604B442140448DC9612419A8,com.loudtalks,2601051,1981-01-01 01:01:02,2024-10-22 00:16:10.439714,100000000,2024-10-22T00:21:02.597220,"Zello PTT Walkie Talkie
5.43.1",Zello Inc,25 Sept 2024
2E4C0EC69B120E6DBA7489092F0C7A254FF3FBF61806E97FBE49DD32A528D702,com.playappking.busrush,614012402,1981-01-01 01:01:02,2024-03-18 17:40:44.332513,100000000,2024-03-18T17:56:36.863443,"Bus Rush
1.24.2",Play365,20 Dec 2023
3B0E1B8F3B64C002C577BA38054644FAA14DE59E53CDD62CD10F28F64B8A469C,com.epicwaronline.ms,18251,1981-01-01 01:01:02,2024-03-16 02:34:53.013564,50000000,2024-03-16T02:35:30.267892,"Mobile Strike
11.8.1.296",Epic War,6 Mar 2024
2D02785F5FD8A63178F0D86DD4F02B20A01191F948FDE624B3F0CC787293C0CF,com.fast.free.unblock.secure.vpn,202403071,1981-01-01 01:01:02,2024-03-13 13:16:23.67648,100000000,2024-03-13T13:16:26.366118,"Secure VPN－Safer Internet
4.2.5",Secure Signal Inc.,6 Mar 2024
194D7D0F8E029DC54CE486A1777EF6A53612E52DDB76114BC5489F09A048EE47,com.crrepa.band.dafit,12595,1981-01-01 01:01:02,2024-08-02 22:00:08.409625,50000000,2024-08-02T09:10:46.619627,"Da Fit
v2.7.7-84-g3a2a15ce02",MO YOUNG LTD,21 Jul 2024
13FA82349BC3A75CDE4C0D1ED1827037A9AEB1DC4561021807B8163F70496D4A,com.lockwoodpublishing.avakinlife,2000020001,1981-01-01 01:01:02,2024-08-24 11:34:19.945659,100000000,2024-08-24T11:34:33.755618,"Avakin Life - 3D Virtual World
2.000.02",Lockwood Publishing Ltd,13 Aug 2024
82404C9F307AE212B0D8ACC1D43974C6D6CDC89E27C92CAA5EB8653BA404C96C,com.cannonshot.game,170,1981-01-01 01:01:02,2024-08-18 11:20:27.55394,50000000,2024-08-18T11:21:20.467359,"Cannon Shot!
1.3.27",SayGames Ltd,19 Jun 2024
0047666B8B989F3866CE997103B77D31ADD41DE21C5D118DBA98182DDADFB7F3,com.hutchgames.cccg,996408,1981-01-01 01:01:02,2024-04-05 03:49:08.878781,10000000,2024-04-05T04:03:27.609583,"Top Drives – Car Cards Racing
22.00.00.19267",Hutch Games,2 Apr 2024
24E858CEE2ED80FE8EBE172BEC0BCD6D92DECB71518A135868773B7CFDEB2EE4,com.ketchapp.zigzaggame,31,1981-01-01 01:01:02,2024-11-13 20:01:12.824986,50000000,2024-11-13T20:08:01.770140,"ZigZag
1.3.10",Ketchapp,18 Oct 2024
9EF4BF98195449331BBF17943A7DF15C6A3C19646055E8BA4A986902D184508C,com.TopWinGames.OilTanker.TruckSimulatorGames,80,1981-01-01 01:01:02,2024-08-29 13:17:25.05733,50000000,2024-08-29T13:21:00.686796,"Oil Tanker Truck Driving Games
2.2.32",TW Games Studios,24 Jul 2024
3C28B256259B02B15353A70E00D434FE07B0FBE915FC4E7FEBF2CBD31F50CA3C,com.google.android.videos,439163715,1981-01-01 01:01:02,2024-03-30 08:21:54.825864,5000000000,2024-03-13T08:59:18.035032,"Google TV
4.39.1826.608511106.1-release",Google LLC,29 Feb 2024
0BD2A7568D85100A22C16B0292EFC473787D2DF243321A9AD05A041336EF289B,com.mi.globalminusscreen,20240725,1981-01-01 01:01:02,2024-08-03 07:16:18.548204,500000000,2024-08-03T07:18:56.604540,"App Vault
13.24.4",Xiaomi Inc.,24 Jul 2024
0B51A4DA763E88DF7145E53969EBAEB148AB43C4A85C77B516C31E98D0300A4F,com.easybrain.nonogram,51400021,1981-01-01 01:01:02,2024-01-16 00:13:56.451534,50000000,2024-01-16T00:14:19.246707,"Nonogram.com - Logic Games
5.14.0",Easybrain,28 Dec 2023
021EDB5556FCCFA5F4B2442CE70C635D0030E1951C7F240E01CA5EA6FDC9DD63,com.blizzard.wtcg.hearthstone,20139200,1981-01-01 01:01:02,2024-06-18 14:16:22.12154,50000000,2024-06-18T14:25:14.830083,"Hearthstone
29.6.201392","Blizzard Entertainment, Inc.",13 Jun 2024
25032F600BBF517C3BE7459DAA0CF484BB998EE8EA554073F35E022DA7757AC8,com.tiltingpoint.spongebob,2893,1981-01-01 01:01:02,2024-06-28 10:53:44.353466,50000000,2024-06-28T10:54:27.212651,"SpongeBob: Cooking Fever
5.5.1",Tilting Point,14 Jun 2024
0A37FA7A1ED4B09374FE5B5C37B024E8548E3DE71B7D7B87635193D6B84B34BB,com.fast.free.unblock.thunder.vpn,202408160,1981-01-01 01:01:02,2024-08-27 11:10:47.994569,100000000,2024-08-25T13:36:37.300209,"Thunder VPN - Fast, Safe VPN
5.2.16",Secure Signal Inc.,16 Aug 2024
00C88B92D0599D5D293216C087CB7D1F8F54F6AFC3DF34E3443CB1EEC6380545,com.namcobandaigames.pacmantournaments,12372,1981-01-01 01:01:02,2024-01-20 11:00:55.305828,100000000,2024-01-20T11:00:39.203004,"PAC-MAN
11.3.7",BANDAI NAMCO Entertainment America Inc.,18 Jan 2024
4BB5E555457831E833A529C8810C1176AE392858D79767919BBF79744194AD55,com.stx.pullhimout,146,1981-01-01 01:01:02,2024-04-05 13:41:54.573922,50000000,2024-04-05T13:46:58.627225,"Pull Him Out
1.8.0",Lion Studios,28 Feb 2024
8754150B723966763AF747989083BA2F8B7409DC6F0CEE96D21D2818A7481C11,com.chillingo.incrediblejack.android.rowgplay1,13570,1981-01-01 01:01:02,2024-08-29 16:29:08.98159,50000000,2024-08-29T16:29:09.438887,"Incredible Jack: Jump &amp; Run
1.35.7",BrainMount Ltd,9 Aug 2024
039DEF485BF2866E607A4A8AFCCDB5BA18293CF0E6B87EEA3F7878A124260717,com.cloudflare.onedotonedotonedotone,3837,1981-01-01 01:01:02,2024-01-15 15:00:31.088066,100000000,2024-01-15T15:01:43.437226,"1.1.1.1 + WARP: Safer Internet
6.32","Cloudflare, Inc.",22 Dec 2023
316BC08232EDDE320E43EE305B8F75313D25A1F5C81A2FA001930557FB81E19E,jpark.AOS5,198,1981-01-01 01:01:02,2024-07-02 11:26:34.866228,100000000,2024-06-18T01:06:26.154807,"Anger of stick 5 : zombie
1.1.87",Button E&M,30 May 2024
09A76EF7DF3D235FEA393FAAA8139497F79D51FE585EE3BC984B1971BF23A1D9,com.bello.shootingworld,10030022,1981-01-01 01:01:02,2024-05-06 11:10:41.257414,50000000,2024-05-06T11:11:22.841879,"Shooting World - Gun Fire
10.30.22",Gun Fire Studio,23 Apr 2024
084221137180AA970B2537F13718AE483BC68E9CE457968F8E9AC01DA86F897A,com.graymatrix.did,203312142,1981-01-01 01:01:02,2024-11-21 00:25:21.772768,100000000,2024-11-21T00:43:00.668848,"ZEE5 Movies, Web Series, Shows
38.97.0",Z5X Global FZ LLC,15 Nov 2024
0A4209357BB58CF6CB0C44297792B787A252A2C21EA54D4B6DD96069B8A4890E,com.impp.city.traindriver.simulator,102,1981-01-01 01:01:02,2024-04-19 00:25:43.470936,100000000,2024-04-19T00:27:25.193618,"City Train driver: Train Games
5.1.4",Imperial Arts Pty Ltd,23 Feb 2024
0BDA19C872024612F8A09F2D557F0C609AE6440E93783274C869024634B2AD87,com.excelliance.multiaccounts,523,2024-01-30 15:18:30,2024-03-01 17:37:30.20956,50000000,2024-03-01T17:38:41.555861,"Multiple Accounts: Dual Space
4.3.3",MA Team,31 Jan 2024
8DC55AAAFC14EB7F37433CC0ABC0AFA7EFB5C1A899DC68401505BE1741D471B1,com.foxnextgames.m3,1528237,1981-01-01 01:01:02,2024-09-12 09:33:17.61465,50000000,2024-09-12T09:36:16.435501,"MARVEL Strike Force: Squad RPG
8.3.2",Scopely,5 Sept 2024
3532BFDAA6811BFB17428DE141FF9781D84BF59CF96569492C8CC7CE12B80C19,com.artlife.coloringbook,31918,1981-01-01 01:01:02,2024-08-24 04:35:08.445374,50000000,2024-08-24T04:57:05.872678,"Colorscapes® - Color by Number
3.19.18",Playflux,24 Jun 2024
0C913ABED9085944E9055906235C53F567B964C3EE25C0C36F91E052DAF81886,com.ketchapp.bikerush,5056,1981-01-01 01:01:02,2024-08-09 05:00:42.62301,50000000,2024-08-09T05:02:18.861853,"Bike Rush
1.4.1",Ketchapp,11 Jan 2024
177A96E5B39160969B30D26ECD2A16211C5E35DED79FEC81F3EAFA3B745CEF5D,bts.kpop.piano.music.tiles,2071,1981-01-01 01:01:02,2024-09-03 22:35:21.23768,50000000,2024-09-03T22:45:36.027695,"Kpop music game - BTS Tiles
1.4.24",Dream Tiles Piano Game Studio,11 Aug 2024
072475303DE462112B73254B8D264B9423E8634CA143FCFC9754224117653AF8,com.whatsapp,242089005,1981-01-01 01:01:02,2024-10-18 05:43:35.791859,5000000000,2024-10-18T05:48:12.807734,"WhatsApp Messenger
2.24.20.89",WhatsApp LLC,9 Oct 2024
26040A0A2D89E3311D4ED46384CAA6AC5DBDC7E618548A8A15A070949E288DC7,com.campmobile.snow,91130120,1981-01-01 01:01:02,2024-05-24 22:28:25.63692,100000000,2024-05-24T22:29:22.064457,"SNOW - AI Profile
13.1.20",SNOW Corporation,22 May 2024
2EE9CB0BDA89F54BEED1CE3929C222CF8471B38E2E3F6EEEF8F24B0404764627,com.sofeh.android.musicstudio3,224,1981-01-01 01:01:02,2024-03-18 03:57:39.653218,100000000,2024-03-18T04:00:52.621481,"ORG 24: Your Music
2024.1.1.2",Sofeh Sunrise,5 Mar 2024
0CB74AA11478997DB078EFEB7C48BE72912F35B8D5270F01025B561118FBC9C2,dk.tactile.lilysgarden,553834,1981-01-01 01:01:02,2024-11-15 07:41:32.644651,50000000,2024-11-15T07:38:51.638965,"Lily’s Garden - Design &amp; Relax
2.112.1",Tactile Games,8 Nov 2024
0791DDD03F6F2F40D769D267E9EE3046FBB23E714666AED21C7261243876FCC6,com.gofiveglobal.fashion.dress.up,200328,1981-01-01 01:01:02,2024-04-26 19:27:20.283095,100000000,2024-04-26T19:28:24.450006,"Fashion Show: Makeup, Dress Up
3.2.3",Dress Up Games for Girls,11 Apr 2024
33B57B8AB870FD65216CA0FCD099F7A3B976992507EE876F6AE4E93F5A4FA674,com.dts.freefiremax,2019114680,2024-09-09 17:59:30,2024-09-12 13:20:17.637534,500000000,2024-09-12T13:36:23.217986,"Free Fire MAX
2.107.0",Garena International I,9 Sept 2024
00D9F738075ABC3A1C4E4BC243CE97FEA7BAA5C4D2472BE93677EF36E583C0BF,com.goodcatchgames.mrbeanhillclimb,323,1981-01-01 01:01:02,2024-08-27 11:41:14.181612,50000000,2024-08-27T11:41:28.534388,"Mr Bean - Special Delivery
1.10.18.15",Mr Bean,26 Aug 2024
0CB1869BD6C0EE69D070CC0DC9D1589883CCC36AD0C8C09F0B50601A3872A2D1,jp.co.ofcr.cm00,277,1981-01-01 01:01:02,2024-04-26 22:11:08.937199,50000000,2024-04-26T22:12:03.307805,"Cooking Mama: Let&#39;s cook!
1.106.0",Office Create Corp.,21 Apr 2024
82A3D932B5844987188374B9343D9917D70D6198872666E70A04E88829808351,com.ig.moto.racing,82,1981-01-01 01:01:02,2024-05-22 20:33:34.393734,50000000,2024-05-22T20:34:11.579043,"Moto Rider, Bike Racing Game
1.82",Zego Studio,13 May 2024
06A93EEBCCA077254445DB4DE9D22093FBD92E9BA353DD62853C23916017604A,com.lazada.android,4380,1981-01-01 01:01:02,2024-11-05 20:50:37.355661,500000000,2024-11-05T21:00:54.797526,"Lazada 11.11
7.63.2",Lazada Mobile,30 Oct 2024
4F862F985FF025F0E264C043CA41F9C1924BCF87EEA0B18122A57C0B829273A1,com.vsco.cam,100025369,1981-01-01 01:01:02,2024-11-30 21:53:41.891328,100000000,2024-11-30T22:16:25.673523,"VSCO: Photo &amp; Video Editor
399",VSCO,14 Nov 2024
1B5AB4CE8614447CED7D66B6BABE66941879DA1A4944C921519526E1A1BD787C,com.playstrom.bob,147,1981-01-01 01:01:02,2024-07-10 03:47:11.473345,100000000,2024-07-10T03:48:13.927375,"Comics Bob
1.3.20",SayGames Ltd,5 Jul 2024
1AF507B35AFCE65C08CC491C1A897DDDEF3A706E7B9F74886FC29A610EF903F5,com.sinyee.babybus.restaurant,8700002,1981-01-01 01:01:02,2024-08-12 10:45:20.993875,100000000,2024-08-12T10:46:07.638901,"Little Panda&#39;s Restaurant
8.70.00.02",BabyBus,30 Jul 2024
00412CC5D5E92C0541BFF75F7BC5F7AA4D6372422603B1664AF75772DC1E0899,com.soundcorset.client.android,630,1981-01-01 01:01:02,2024-06-28 22:52:59.463031,10000000,2024-06-28T22:54:50.989222,"Tuner &amp; Metronome
7.30",Soundcorset Tuner,26 Jun 2024
1E8111E9CEE90A160A30863917D1356B72DB1F64AB1CA52B5D38438E271CC965,com.dopuz.klotski.riddle,54501,1981-01-01 01:01:02,2024-07-16 03:56:05.643706,100000000,2024-07-16T04:25:25.087434,"Numpuz: Classic Number Games
5.4501",DoPuz Games,11 Jul 2024
0104325AF1B4211D55FFFABBF7EE2FBD620F8733BC70FDF55C317A70BE1B9F34,com.games.bottle,399,1981-01-01 01:01:02,2024-05-24 14:27:37.155238,100000000,2024-05-24T14:33:59.643347,"Bottle Jump 3D
1.19.2",CASUAL AZUR GAMES,25 Apr 2024
246EF75B5DE4CD81A8BD294A40B62D24ABBD0EEEB90E5C1164E4B6B87601F880,com.uncosoft.highheels,1282,1981-01-01 01:01:02,2024-06-27 10:41:32.889421,100000000,2024-06-27T10:44:11.354626,"High Heels!
58.1.0",Zynga,25 Jun 2024
1751F815F45F2B32087A0913CBCB85B31EE033119E89EF4484AC39CB8CEFEF74,com.bittorrent.client,7489,1981-01-01 01:01:02,2024-05-20 13:02:25.348378,50000000,2024-05-20T13:01:49.956364,"BitTorrent®- Torrent Downloads
8.2.7","Rainberry, Inc.",14 May 2024
47F4B587D0029B990613FCCE778BA6D6952EB05F9691538B2CD308C74FD07F8C,com.giantssoftware.fs14,2344148,1981-01-01 01:01:02,2024-03-04 11:55:50.808263,100000000,2024-03-04T11:56:47.940006,"Farming Simulator 14
1.4.8",GIANTS Software,22 Nov 2023
55F13DE370A8CB906EDC154E347759D03E769EEF89B4D8688BCD5D8690C1BCF2,com.sinyee.babybus.kitchens,8690300,1981-01-01 01:01:02,2024-06-07 20:56:40.133223,50000000,2024-06-07T20:57:54.152030,"Little Panda&#39;s Space Kitchen
8.69.03.00",BabyBus,5 Jun 2024
FDC79C23DCDA03920C2147480934A4F3942EFE797360494CAA5E8C836AD02913,com.google.android.apps.bard,152,1981-01-01 01:01:02,2024-11-22 06:15:07.989553,50000000,2024-11-22T06:23:40.368708,"Google Gemini
1.0.686588308",Google LLC,30 Oct 2024
52650FA952A8ED40D581327603A1DF618186D273679EF5263F92485055842222,pampam.ibf2,281,1981-01-01 01:01:02,2024-04-02 03:25:03.043169,100000000,2024-04-02T03:23:53.392318,"Bottle Flip 3D — Tap &amp; Jump
1.4.0",Azur Interactive Games Limited,11 Mar 2024
149B2BE70C7C41D429DEB440CE2BC7ADF9B7DCB28D46E373015940BA21DFAA8D,com.ludia.jurassicworld,2148035,1981-01-01 01:01:02,2024-05-24 17:45:56.429294,50000000,2024-05-24T17:55:31.749392,"Jurassic World™: The Game
1.74.17","Jam City, Inc.",14 May 2024
1A8D86F59C3DB763946A865AF945264665927D8BF6E41FE7DA9D1F03F7ED6309,com.km.cutpaste.util,98,1981-01-01 01:01:02,2024-04-26 11:48:48.259606,50000000,2024-04-26T11:48:54.718240,"Cut Paste Photos
10.6.4",Dexati,13 Apr 2024
4213DBD63D7D432266E9C82AAE5D1081EE8C0EDDBAAA4904C09F1F64FE8EAC57,com.spilgames.OperateNow2,5199,1981-01-01 01:01:02,2024-01-18 13:00:34.317986,50000000,2024-01-18T13:00:52.571738,"Operate Now Hospital - Surgery
1.53.13",Azerion Casual,2 Jan 2024
BA90540410B40388B2009D9D78B6D8795060D6293A8F7D3B71C11E761C0C3BB8,mbinc12.mb32b,20136,1981-01-01 01:01:02,2024-10-23 12:53:48.609079,100000000,2024-10-23T13:06:57.831495,"Music MP3 Player Lite
201.36",MixerBox© - Music & MP3 Player App,17 Aug 2024
07E209EA70227D9EC6EF7370D99082294C096A152B8D4C0CA82D47C3867D8196,com.wildspike.wormszone,5550,1981-01-01 01:01:02,2024-07-09 09:21:43.928023,500000000,2024-07-09T09:55:19.825193,"Worms Zone .io - Hungry Snake
5.5.5",CASUAL AZUR GAMES,24 Jun 2024
13F8AA74BC79AF473FA07D5718C8EC83BD58C6BEFDE528BDFD972A806B9AB03A,com.tutotoons.app.fluvsies.free,10001108,1981-01-01 01:01:02,2024-10-21 02:51:15.624745,100000000,2024-10-21T03:00:16.696824,"Fluvsies - A Fluff to Luv
1.0.1108",TutoTOONS,17 Oct 2024
49F11FDF0BFD1E6CDA8D986457FAF674B650358D7831572B1FB678B62EF47C3A,com.shopclues,1265,1981-01-01 01:01:02,2024-09-06 01:17:45.244735,50000000,2024-09-06T01:25:41.343738,"ShopClues
3.6.65",ShopClues,6 Aug 2024
3A61A61769AD43FC5D26CE91A1C29020A00EC1AD60B78C570993A903B80E00D2,com.tutotoons.app.smolsiesmycutepethouse.free,8000031,1981-01-01 01:01:02,2024-01-18 17:41:30.258167,50000000,2024-01-18T17:42:39.556324,"Smolsies - My Cute Pet House
8.0.31",TutoTOONS,10 Jan 2024
0A0DA06913D951FF10656237D30DD6CCBEC0DEF96D2ABABC880DEAC6193D9AE0,com.icegame.fruitlink,140012022,1981-01-01 01:01:02,2024-11-14 23:13:48.290222,50000000,2024-11-14T23:31:24.901154,"Fruit Splash
12.0.17",Lovely Game,24 Oct 2024
1A26E16EE2DAF4AE4C376F871601CAC2EE3421379E0892ED497D3D04A99087AC,com.honeyponey.bubbletea,240522305,1981-01-01 01:01:02,2024-03-17 21:57:50.409413,50000000,2024-03-17T22:02:40.962246,"Bubble Tea!
3.1.7",Dual Cat,21 Feb 2024
0A8A71E781C69DFB42FB648F829E64B0372AD44AEBA3CA0B92DD06F82DCAC5D1,com.playtika.wsop.gp,1671,1981-01-01 01:01:02,2024-09-25 13:40:47.232671,50000000,2024-09-25T14:32:58.903415,"WSOP Poker: Texas Holdem Game
11.18.0",Playtika,23 Sept 2024
04B5C4DEFB403CC5686ECFEC1E4B64F1AB45F465D66004EDDD704B0F7F59412D,com.tt.android.dm.view,545,1981-01-01 01:01:02,2024-01-25 16:20:40.89958,50000000,2024-01-25T16:20:44.505276,"Downloader
5.10.14010",Renkmobil Bilisim,22 Jan 2024
1DD9D490B34E4DE47FAC0B266A48A34CB791F76E5B360FF6BDBE506648EED666,com.miui.player,2142,1981-01-01 01:01:02,2024-03-23 04:11:06.046084,1000000000,2024-03-23T04:12:06.546948,"Mi Music
9.00.2.031818i",Mi Music,19 Mar 2024
29754C30E60B7474F31C18D66E5ED89F7AB807CA2D5974072E6FE95FA8EA6ACA,com.zjcgame.icingonthedress,53,1981-01-01 01:01:02,2024-03-20 18:56:56.588973,50000000,2024-03-20T18:59:01.269602,"Icing On The Dress
1.6.1",Lion Studios,16 Feb 2024
2B33BE4C5F79FE29027C9B86DB8F6C84C6E3223875C2D0EEA42263422F583275,app.bible.lite.offline,6081559,1981-01-01 01:01:02,2024-11-14 01:38:23.601514,50000000,2024-11-14T01:52:06.775713,"Bible App Lite - NIV &amp; KJV
1.20.0-rc.4",Life.Church,1 Nov 2024
0D2FFD79320A2CDDC39CF2BB5929CA9721A498572B84D709B618BEA8DB735DAD,com.microblink.photomath,70001007,1981-01-01 01:01:02,2024-09-24 11:26:46.993857,100000000,2024-09-24T11:27:19.451635,"Photomath
8.40.0",Google LLC,6 Sept 2024
4D810E5BFBAA534826E4DAF61ADACD62889B6C48B115663167603AAA0E2CD129,cat.game.liftapp,203910,1981-01-01 01:01:02,2024-08-24 14:59:49.58023,50000000,2024-08-24T15:00:32.412228,"My Cat - Pet Games: Tamagotchi
4.0.0.0",Appsyoulove,13 Aug 2024
02D3556B0C5B32E6F1D48B84967DE06D979B1EDBE9DD5FEE36305CBB842D087B,com.studio27.MelonPlayground,155,1981-01-01 01:01:02,2024-11-18 12:36:48.383869,50000000,2024-11-18T12:38:14.215568,"Melon Sandbox
26.0",playducky.com,14 Nov 2024
25796BA69B4A2202B5AD86C12D134BF892A411D6494136812EE97FB4091F6CCA,com.gamesforgirlsfree.dressupgames,500049,1981-01-01 01:01:02,2024-10-22 04:16:28.002804,100000000,2024-10-22T04:27:39.070513,"Dress Up Games
1.2.0",Dress Up Makeover Girls Games,24 Sept 2024
029E269C8643A5301C7B1E2515CC5F9503AD98D4E340ED82E92851DF102902FB,com.budgestudios.googleplay.BarbieDreamhouse,10569,1980-01-01 00:00:00,2024-01-16 00:32:33.067977,100000000,2024-01-16T00:32:40.532666,"Barbie Dreamhouse Adventures
2024.1.0",Budge Studios,18 Dec 2023
0176189AB3B14E04B9750521D1904DEDCA25E7F71FB1D4F9C515E5D266203971,com.soccer.football.kick,175,1981-01-01 01:01:02,2024-12-13 12:58:06.451806,50000000,2024-12-13T13:01:31.265927,"Super Goal - Soccer Stickman
0.1.75",Gamegou Limited,4 Dec 2024
19D897BA0B8DFB688CCC5E763A210B399F482DDE6C1F8640972E566D25DE93C5,com.audiomack,25523,1981-01-01 01:01:02,2024-05-02 00:43:06.615317,100000000,2024-05-02T01:02:18.241347,"Audiomack: Music Downloader
6.40.1",Audiomack Music Apps,24 Apr 2024
12A98912C99A99856AF33E988D8D5B6170B8A11A28A8EF2D45628E6987F18F62,com.nu.production,1000122090,1981-01-01 01:01:02,2024-05-31 07:20:13.516848,100000000,2024-05-31T07:22:29.624271,"Nubank: conta, cartão e mais
9.14.10-minApi28",Nu,21 May 2024
06E3708CE6C788823AFD08C67207071B96437943B9763B8317E2A3AF697E9F4E,com.microsoft.office.outlook,42431810,1981-01-01 01:01:02,2024-08-16 12:37:28.604954,1000000000,2024-08-16T12:38:03.302926,"Microsoft Outlook
4.2431.1",Microsoft Corporation,15 Aug 2024
04BC4751BEC925E28729A43BF6EED164A50441BDCA8903152998C0AB656A18C0,com.alibaba.aliexpresshd,80004023,1981-01-01 01:01:02,2024-05-27 14:54:45.139224,500000000,2024-05-27T14:55:03.558057,"Aliexpress: Shopping Online
8.99.5",Alibaba Mobile,23 May 2024
6499247A74BB7E476F463908EE63B63EFD3DC009F9DDE02DAADC094753D05F3B,myandroid.fphoenix.fastspinner,31,1981-01-01 01:01:02,2024-09-08 01:03:33.918659,50000000,2024-09-08T01:04:32.322896,"Fidget Spinner
1.13.1",Words Mobile,21 Aug 2024
10B6CBDDC1EC4B5BCCACEE4483D359FE6641B373018233709F43808C8BC90758,com.zhiliaoapp.musically.go,340602,1981-01-01 01:01:02,2024-06-09 14:20:07.523918,1000000000,2024-06-09T14:26:07.444063,"TikTok Lite - Save Data
34.6.2",TikTok Pte. Ltd.,7 Jun 2024
0028B88C31D5D74B1C61156261759EFB7332C9AB1133EF35BC637787A654A096,com.chewy.android,3031332,1981-01-01 01:01:02,2024-11-17 16:13:38.193167,10000000,2024-11-17T16:28:52.159295,"Chewy: Pet Shopping &amp; Delivery
24.43.1","Chewy, Inc.",11 Nov 2024
3621AA86E80D469CF922FC11F31B592F75C1685EFBACECA785D817A87A26763F,com.nordcurrent.canteenhd,10904,1981-01-01 01:01:02,2024-08-03 03:22:14.193207,100000000,2024-08-03T03:22:50.353295,"Cooking Fever: Restaurant Game
21.2.2",Nordcurrent Games,24 Jul 2024
0666A324EDA109E3EC59705159D1031B2FF2E89FEF285C5DC9CB4BEE4E8B9914,com.airbnb.android,28004319,1981-01-01 01:01:02,2024-08-07 19:37:44.551829,100000000,2024-08-07T19:38:12.913070,"Airbnb
24.32",Airbnb,6 Aug 2024
2C12EC13FB34B212F682B1058E539527C7B5A55091B5E8E7090A54DE6EF0F53F,com.freecharge.android,400,1981-01-01 01:01:02,2024-05-18 03:21:02.741493,50000000,2024-05-18T03:27:05.963116,"Freecharge UPI &amp; Credit Card
19.2.0",Freecharge - An Axis Bank Subsidiary,15 May 2024
149C99E92C76E575AC5E3A3D775326071697FA15EEFC811AB4FFC93F3CF01402,com.mobirix.airhockey,24041201,1981-01-01 01:01:02,2024-04-28 00:05:43.918177,50000000,2024-04-28T00:06:34.232096,"Air Hockey Challenge
1.1.1",mobirix,16 Apr 2024
03B6AE50B276069203558F96F4A46755C3BB691F90D84A50E1ED20B4185C4783,zombie.survival.craft.z,600766,1981-01-01 01:01:02,2024-09-07 12:52:48.053579,100000000,2024-09-07T12:52:53.628998,"Last Day on Earth: Survival
1.27.1",KEFIR,5 Sept 2024
29352B42FC018A9248460E025966B09B96201AF854D4B20EE671BFFA48455491,com.halfbrick.jetpackjoyride,731198000,1981-01-01 01:01:02,2024-08-02 23:12:25.842616,100000000,2024-07-27T15:06:50.278577,"Jetpack Joyride
1.93.3",Halfbrick Studios,18 Jul 2024
5B1C2CAAA24ED24937824213B2A4ED6A8454A3A3FECA2BA12B2AE4246D78FE92,com.bubadu.buildergame,63,1981-01-01 01:01:02,2024-07-06 12:56:57.663395,50000000,2024-06-27T08:02:50.736639,"Builder Game
1.63",FM by Bubadu,19 Jun 2024
3FEF031EF5E5D4D7F0D6FBF42C4302F63C14A8ECD92B7472FB22FC440EAD731A,com.sbi.SBIFreedomPlus,1141,1980-01-01 00:00:00,2024-01-26 02:16:52.118356,50000000,2024-01-26T02:17:36.735076,"Yono Lite SBI - Mobile Banking
5.6.1",State Bank of India,17 Jan 2024
13A0AAB2686CA7C88871A964DE6D5C7DF574AFDD0229EED4A000D29C3738E92E,com.leftover.CoinDozer,28579637,1981-01-01 01:01:02,2024-05-07 10:57:26.194094,100000000,2024-05-07T10:58:08.640992,"Coin Dozer - Carnival Prizes
29.8","Game Circus Studios, LLC",2 May 2024
0C97640FA06F58BBCCB11FE3978F2DD097328F4492842C2330D1E0153F3E1FFA,com.yodo1.crossyroad,196070,1981-01-01 01:01:02,2024-11-23 17:51:28.336885,100000000,2024-11-23T17:49:31.285106,"Crossy Road
7.0.1",HIPSTER WHALE,21 Nov 2024
068C9343E2DDE465EE490402AC4BE67C81FD0A5097937A45A5251D84A94A132C,com.grability.rappi,80658,1981-01-01 01:01:02,2024-08-27 20:23:42.825651,50000000,2024-08-27T20:27:19.445544,"Rappi: Food Delivery, Grocery
7.83.20240822-80658","Rappi, Inc - Delivery",22 Aug 2024
2621C2EBD5006BC7C2128DBB6450A38E25BD2068F28927A3370CAE9A355B0B5B,com.hqgames.pencil.sketch.photo,571,1981-01-01 01:01:02,2024-07-02 09:11:38.412632,50000000,2024-06-23T19:27:57.805661,"Sketch Drawing Photo Editor
2.0.83",Minerva Studios Private Limited,7 Jun 2024
0CAADFED0C908E6D892CD336B986DB51EB8DD0B2C363C3C7C4FAD13F4BB3F332,sun.way2sms.hyd.com,313,1981-01-01 01:01:02,2024-05-30 07:37:36.829662,50000000,2024-05-30T07:39:57.239883,"Way2News Election News Updates
8.53",Way2News ( Formerly Way2SMS ),23 May 2024
7ACE404D82C365EC95A4D1D1093456C2DCE3C564D8C740A388002693E4B2378D,com.paurau.MakeHer,370,1981-01-01 01:01:02,2024-08-06 18:12:04.394426,100000000,2024-08-06T18:13:24.988284,"Move People
3.7",Supersonic Studios LTD,2 Jun 2024
58880DC6BA2789C6DA390A8331B7B83019959EDEEBD4EB0E5EB085EEEFCCE1AF,com.braindom2riddle,157,1981-01-01 01:01:02,2024-03-31 09:32:19.553029,50000000,2024-03-31T09:51:28.788021,"Brain Who? Tricky Riddle Tests
2.2.4",Radiant Cat Studio,28 Mar 2024
17D21903FF00E02F873E6262CDAB70D4925FF426E51EA9CE9667385207829D92,com.schibsted.bomnegocio.androidApp,15000186,1981-01-01 01:01:02,2024-09-12 13:47:15.857548,100000000,2024-09-12T13:48:45.714647,"OLX: Compras Online e Vendas
24.28.0",OLX Brasil,3 Sept 2024
38B519AA21004F3033DBDEF45C2823D5884B0AE4768991E935C3C19628F395D5,video.player.videoplayer,238201,1981-01-01 01:01:02,2024-03-01 00:49:54.117213,100000000,2024-03-01T00:50:07.210472,"Video Player All Format
2.3.8.2",InShot Inc.,22 Feb 2024
0570CD1B38796C57482C4023ECA7866F9E250302DF7EE32CFD69B7FFBFDE793B,com.halfbrick.fruitninjafree,70237000,1981-01-01 01:01:02,2024-02-29 18:16:41.323508,500000000,2024-02-29T18:16:33.240843,"Fruit Ninja®
3.50.4",Halfbrick Studios,22 Feb 2024
AC558EA00F6D89BB3FA1C3E436C317C5913CFF287ECF11D548D415F43E638D55,io.voodoo.crowdcity,291203,1981-01-01 01:01:02,2024-07-04 13:56:12.161179,100000000,2024-07-04T13:57:01.755767,"Crowd City
2.9.13",VOODOO,3 Jun 2024
32632BA95BBFB66B8C0DDCEFEAD4343A1CF357A601DA2A0B55380C150883C83B,com.JindoBlu.OfflineGames,1109,1981-01-01 01:01:02,2024-10-07 20:54:14.018884,50000000,2024-10-07T20:58:47.900319,"Offline Games - No Wifi Games
2.7.5",JindoBlu,3 Oct 2024
A7C26BF4EC3FC81EF01C10A3A86FD24B3A8681C215FC49C39E4AAFEDE499DD01,com.maxmpz.audioplayer,988004,1981-01-01 01:01:02,2024-11-18 12:30:31.471746,50000000,2024-11-18T12:29:53.508230,"Poweramp Music Player (Trial)
build-988-bundle-play",Poweramp Software Design (Max MP),30 Oct 2024
01F1D06A9F9216DA1B94576762C1E265672794AE2FE33787B06AAC6ACD4BC8CA,com.blockycars.online,600372,1981-01-01 01:01:02,2024-03-23 01:00:42.473904,50000000,2024-03-23T01:37:12.549781,"Blocky Cars online games
8.5.0",Full HP Ltd,31 Jan 2024
3ACF33F054C290A9D9A7334E1DFE47A3D6C7BB1F588B41924B5B0CD155FFD664,com.sec.android.app.launcher,1003505014,2009-01-01 00:00:00,2024-05-12 10:23:42.104771,1000000000,2024-05-12T10:24:16.046210,"Samsung One UI Home
10.0.35.14","Samsung Electronics Co.,  Ltd.",4 Sept 2019
61EC4E16CA3119740EFD22D1BB408E7AF5E2475C0D30F18EC2200DA2EDCADB42,com.mobileguru.fruitsbomb.free,1031200,1981-01-01 01:01:02,2024-04-08 18:50:33.478661,50000000,2024-04-08T18:55:47.742181,"Fruits Bomb
10.3.1200",Bubblescapes,6 Apr 2024
3DCE6D58BCD082890D1A235EE7AD12DB78779A69FE0458756EB72AC56FFE7246,free.tube.premium.advanced.tuber,50101001,1981-01-01 01:01:02,2024-05-28 07:12:26.417001,100000000,2024-05-28T07:11:52.366792,"Pure Tuber: Video &amp; MP3 Player
5.1.1.001",Pure Tuber Studio,22 May 2024
48631E92E2D6B272708A67E8A0458F6136ED37743058A3E410D070F98FE954AB,ru.yandex.searchplugin,240109043,1981-01-01 01:01:02,2024-04-03 09:39:55.457464,100000000,2024-04-03T09:56:06.173090,"Yandex Start
24.19",Direct Cursus Computer Systems Trading LLC,22 Mar 2024
1C5A349D9526C4F1BC6B4617C84AC6801AE4146FB9993F94D918294C5BF549A2,com.crazy.plane.landing,72,1981-01-01 01:01:02,2024-08-17 03:23:47.614373,50000000,2024-08-17T03:24:41.294877,"Crazy Plane Landing
0.19.6",BoomBit Games,28 Jun 2024
9C8EF7E1FE6A7EEC5DC7A1CC5037A677E9E0CCF38EBC9CB4BBBCCD72347861ED,com.merge.animals,2056,1981-01-01 01:01:02,2024-01-15 18:01:18.132817,50000000,2024-01-15T18:01:59.846300,"Merge Animals 3D - Mutant race
1.8.10",SayGames Ltd,22 Dec 2023
075F2EB777AC910D70D548ADA6CE414EAC88D8764E4B6D3DB4CE711EFEC49862,com.feelingtouch.zf3d,260,1981-01-01 01:01:02,2024-09-16 15:05:10.558587,50000000,2024-08-22T04:18:55.484141,"Zombie Frontier 3: Sniper FPS
2.60",FT Games,20 Aug 2024
01004C1DC3F8AC3CC21C92F7AE378647201F205201D7055DABA1CFD750696C3E,com.ohbibi.fps,14104,1981-01-01 01:01:02,2024-12-14 13:26:55.787739,100000000,2024-12-14T13:31:18.370477,"FRAG Pro Shooter
4.3.0",Oh BiBi,6 Dec 2024
4744A67C1FCEC20B741616DD4E80FA1AEA126A272BC8C062A392843F1633D260,com.sir.racing.ultimatecardrivingsimulator,162,1981-01-01 01:01:02,2024-08-03 19:36:47.226018,100000000,2024-08-03T19:38:04.383846,"Ultimate Car Driving Simulator
7.4.0",Sir Studios,28 May 2024
031691D11E4666A1712B9D19D5D5282E69A0F28EEE581FA6CEA1CF22DE7B66CD,logos.quiz.companies.game,182,1981-01-01 01:01:02,2024-03-12 22:35:37.574773,50000000,2024-03-12T22:44:55.990621,"Logo Quiz
35.2",bubble quiz games,9 Feb 2024
01D87DAB0547959976DED3409F933F7E9B4248E1EAFA8E9C0F116A3C3FC2B4A6,com.kingsgroup.sos,3807,1981-01-01 01:01:02,2024-08-07 19:15:04.224829,50000000,2024-08-07T19:15:24.710254,"State of Survival: Zombie War
1.22.10",FunPlus International AG,5 Aug 2024
4330643DEB8F943951581AFD0CEE95384E49B6FFE20D5B105ED441D830F26ED8,com.dv.adm,140026,1981-01-01 01:01:02,2024-01-19 09:22:58.73467,50000000,2024-01-19T09:24:20.437871,"Advanced Download Manager
14.0.26",admtorrent,18 Jan 2024
9DD43E9B7991D5A30CFB0CC4375F8E780373F5E9A8023956C6411CB22B438836,com.facebook.talk,652890691,1980-01-01 00:00:00,2024-10-25 08:35:22.387447,50000000,2024-10-25T08:35:27.631457,"Messenger Kids – The Messaging
280.1.0.62.214","Meta Platforms, Inc.",15 Oct 2024
20C2697C28A8EE2C50CDF417F992B0F5CD797E8B990487DDA036D707F47441ED,com.forshared.files,30016097,1981-01-01 01:01:02,2024-01-18 17:15:17.862981,50000000,2024-01-18T17:16:38.963747,"4shared
4.69.0",New IT Solutions,14 Dec 2023
1CDF878C7F3A5354668E44DA0A60A66059BB0190515D91391FD6DD22A488EEF1,com.playgendary.creamaster,626,1981-01-01 01:01:02,2024-09-21 11:51:47.792568,100000000,2024-09-21T12:03:06.185627,"Perfect Cream: Icing Cake Game
1.25.0",CASUAL AZUR GAMES,17 Sept 2024
16623DAC023E5DB451EDA415E872D3DBD782A7CD7AC56EE1B27900FBFD79EE24,com.globalfun.tj2015.google,104,1981-01-01 01:01:02,2024-01-29 12:50:57.289125,50000000,2024-01-29T12:52:06.081266,"Tom &amp; Jerry: Mouse Maze
3.0.4-google",GlobalFun Games,17 Jan 2024
18ECB7F58A453AB4E4075F0AC5E16440A9C0635AC709529F67F42D50BAC0BE77,com.vectorunit.cobalt.googleplay,389,1981-01-01 01:01:02,2024-03-01 18:25:00.448365,50000000,2024-03-01T18:26:27.681044,"Beach Buggy Racing 2
2024.01.11",Vector Unit,11 Jan 2024
8451956E29272836571ECDBC7EDA622AF868C01DD68EE2468CB3289C337746D0,com.ovilex.eurotruckdriver,55,1980-01-01 00:00:00,2024-12-27 10:57:11.194554,50000000,2024-12-27T10:57:17.740421,"European Truck Simulator
3.5.5",Ovidiu Pop,2 Jul 2024
34A93221D90C2239D04E9FD58702021C1432FE7C917899B1398701C3CA9F77F1,com.google.android.marvin.talkback,60134389,1981-01-01 01:01:02,2024-01-22 17:50:18.243051,10000000000,2024-01-22T17:51:30.096494,"Android Accessibility Suite
14.1.0.595874199",Google LLC,4 Jan 2024
11785C13C7C2D87556CD7E1DA9289AFB703D4688CC9D91C29D91495F63E87ECE,com.ovelin.guitartuna,132388,1981-01-01 01:01:02,2024-01-22 18:11:07.859187,100000000,2024-01-22T18:11:19.497064,"GuitarTuna: Tuner,Chords,Tabs
7.44.0",Yousician Ltd.,12 Jan 2024
03A28B36CCFB3E079F63D81C6E51BCF2BA826870DB170EF4B52846A631F0CFB3,bubbleshooter.orig,90000919,1981-01-01 01:01:02,2024-07-03 12:28:44.112225,100000000,2024-07-03T12:29:18.540156,"Bubble Shooter: 2024 Classic
15.5.1",Bubble Shooter,26 Jun 2024
819D8C9EE2C505C361CFC65E840025A165FCEF79019699F4EEDF2658408DEFFE,com.gpp.idleconstruction,48,1981-01-01 01:01:02,2024-11-21 04:15:15.021987,50000000,2024-11-21T04:19:40.474933,"Idle Construction 3D
2.3",Green Panda Games,12 Nov 2024
1631B03B57CC32648767857C426EE3B376D0E0175734019C8A015EA0CE8D2484,slingshot.building.destroy,349,1981-01-01 01:01:02,2024-11-17 21:27:46.111201,50000000,2024-11-17T21:40:13.544861,"Slingshot Smash－Shooting Range
1.6.88",CASUAL AZUR GAMES,7 Nov 2024
056CC388252A64FFF99E0C9CF26A56F9D35664B49CEC87CE4F2233C466E9CA77,com.tubitv,842,1981-01-01 01:01:02,2024-09-13 07:23:48.976243,100000000,2024-09-13T07:23:50.891966,"Tubi: Free Movies &amp; TV
8.18.0",Tubi TV,9 Sept 2024
1B9B9F544D4FAE71249401F03EF8CE70F8D8921718F1A13E82E33E68837DBB6E,com.vincentb.MobControl,5437,1981-01-01 01:01:02,2024-09-18 13:29:13.430069,100000000,2024-09-18T13:28:51.919430,"Mob Control
2.76.3",VOODOO,17 Sept 2024
82308984026F8133F7975A6804039313426CEE2BDBC674AE0B9C1F27D4937F61,com.nono.android,697,1981-01-01 01:01:02,2024-02-29 18:08:13.949892,50000000,2024-02-29T18:08:03.681675,"Nonolive - Live Streaming
10.4.7",DOYU HONGKONG LIMITED,22 Jan 2024
C46373E1A6A9807CE901F428D82213890BF6F103EF110081A3293906E7968597,com.freeplay.runandfight,294,1981-01-01 01:01:02,2024-06-28 10:07:58.556486,100000000,2024-06-28T10:11:10.598950,"Join Clash 3D
2.45.1",Supersonic Studios LTD,28 May 2024
0D8639D64B84FBC81D0D55ED06F9B924FA3281E25F1EEF231BED4D5A7921BB0E,com.miracle.savethedoge.an,1000908,1981-01-01 01:01:02,2024-09-17 12:50:35.180934,100000000,2024-09-17T12:50:36.753842,"Save the Doge
1.0.9.8",WONDER GROUP,31 Jul 2024
17303D500949C3335B8343BE6723B73636953B5000E83B7F79681D1A0CFFB6B2,com.cardfeed.video_public,3010655,1981-01-01 01:01:02,2024-11-03 08:31:29.43168,100000000,2024-11-03T08:31:30.754190,"Public - Indian Local Videos
2.55.5",Public app,29 Oct 2024
893A3211DC5CC28404D52CE53F9EC101F85712D8F12C6FE6C0C9F90CD8266335,com.ViperGames.StickmanWarriors,200021,1981-01-01 01:01:02,2024-02-19 06:37:14.84872,50000000,2024-02-19T03:07:59.798915,"Stickman Warriors
3.2",ViperGames,24 Jan 2024
5C35ACD03C1C917F87F4C0F8FE03975F80F6C99980925A2CB71028526D8EB8BE,com.bethsoft.falloutshelter,151,1980-01-01 00:00:00,2024-03-13 10:24:31.283208,50000000,2024-03-13T10:40:32.408995,"Fallout Shelter
1.15.15",Bethesda Softworks LLC,8 Feb 2024
24C73F73F2A8C0BF7E9F26B59F0C40181933ED09F05180A778C01B48865B34E3,com.os.falcon.fidget.toy3d.pop.it.diy.calming.asmr.satisfying,400075,1981-01-01 01:01:02,2024-01-24 14:09:06.252734,50000000,2024-01-24T14:09:06.943147,"Fidget Toys 3D AntiS Stress
7.5",FALCON GAME STUDIO,17 Jan 2024
87357A4A1B91C0D24C57574FD22761B03DFC838BA2A68F2749EADD04AC6EB00F,com.playgendary.hitmasters,773,1981-01-01 01:01:02,2024-03-14 19:14:43.899064,100000000,2024-03-14T19:29:50.394336,"Hitmasters
1.20.0",CASUAL AZUR GAMES,27 Feb 2024
2EF47B5314D7C32BAFAEBFF63E0D100356EFB6F734CBFA207351A715AF1C7A92,com.miui.videoplayer,2024030463,1981-01-01 01:01:02,2024-03-25 05:27:39.194398,1000000000,2024-03-25T05:30:20.124316,"Mi Video - Video player
2024030403(MiVideo-GP)",Mi Video,15 Mar 2024
0B882B64D824A45AEFEE3E67B43956BD13250A8A69D45FD89D116A87FFDE149C,com.mcdo.mcdonalds,45167,1981-01-01 01:01:02,2024-08-30 11:53:45.937115,50000000,2024-08-30T11:53:50.410722,"McDonald&#39;s Offers and Delivery
4.3.0",Arcos Dorados,9 Aug 2024
08EA0FF10411467FA8D6CDB08C268CB41329BFC1D05080C999B459F6B6B7F6D4,com.funtomic.matchmasters,3048130,1981-01-01 01:01:02,2024-08-03 04:15:52.698584,50000000,2024-08-03T04:16:11.573063,"Match Masters ‎- PvP Match 3
4.813",Candivore,1 Aug 2024
9C423961E4025B4BC8B929978E58B146D6C0C4EB248F81C79C360B7955D783FA,com.aceviral.petrun,135,1981-01-01 01:01:02,2024-09-06 15:58:02.721125,50000000,2024-09-06T16:01:53.579798,"Pet Run - Puppy Dog Game
1.25.6",Ace Viral,29 Jul 2024
AA576E86B67F2C472A6AA0D8E1A1E8DDD95314B488F2EEFB3D07903BF0048A13,com.magisto,20980,1981-01-01 01:01:02,2024-08-07 21:36:39.645372,50000000,2024-08-07T21:40:41.266300,"Magisto Video Editor &amp; Maker
6.25.0.20980",Magisto by Vimeo,27 Jul 2024
0F2FB9D39842C4BFA2A59002FEAD659D2148337AA5C769AB98E2A28FB2E6B4A5,mobi.gameguru.racingfevermoto,26093,1981-01-01 01:01:02,2024-12-10 08:33:09.808262,100000000,2024-12-10T08:39:03.746914,"Racing Fever: Moto
1.99.2",Gameguru Advertisement FZC,18 Nov 2024
1ADDC031DA9C1666215EFE2B5633BAE2B35F844DE3989E8B23F875DBDF8B7AE2,com.google.android.apps.paidtasks,2019009960,1981-01-01 01:01:02,2024-11-14 02:22:37.941678,100000000,2024-11-14T02:36:42.265517,"Google Opinion Rewards
2024102103",Google LLC,7 Nov 2024
10EBAA7543D7F5EDBA3729902427902EA6C5A36E326C1612A9F1A4E90A19B5E9,air.com.buffalo_studios.newflashbingo,50410279,1981-01-01 01:01:02,2024-04-04 15:26:34.633674,50000000,2024-04-04T15:27:59.822954,"Bingo Blitz™️ - Bingo Games
5.41.2",Playtika Santa Monica,3 Apr 2024
00A05F609F1A2D20F1565FB4227C11F1598F920435B08BC57244AD142FB41B2C,com.sinyee.babybus.tailor,8710000,1981-01-01 01:01:02,2024-12-13 10:09:50.288603,100000000,2024-12-13T10:09:54.702422,"Baby Panda&#39;s Fashion Dress Up
8.71.00.00",BabyBus,25 Nov 2024
1AAB39519CEB7178AEF77568A87369765D1917AB5DBFAE49C520D1B77045207D,com.ak.ta.dainikbhaskar.activity,566,1981-01-01 01:01:02,2024-04-19 15:49:31.42071,50000000,2024-04-19T15:59:55.041670,"Hindi News by Dainik Bhaskar
11.1.0",Dainik Bhaskar Group,9 Apr 2024
1FDFB6AEBF9809FFCBFF13D23CF1A0D99F766F1D6559F3D6F54F295B4A0EB5A8,com.craftgames.worldcrft,3907,1981-01-01 01:01:02,2024-08-24 15:04:28.800187,50000000,2024-08-24T15:05:11.974709,"World Craft: Block Craftsman
3.8.19","Playlabs, LLC",24 Jul 2024
17F7E0E2800B176D1AC54180063A1208CF08CF54A944BC35ABA056A7BBD69EC6,jp.gocro.smartnews.android,812,1981-01-01 01:01:02,2024-03-19 03:50:06.707309,50000000,2024-03-19T03:47:45.102011,"SmartNews: Local Breaking News
24.3.30","SmartNews, Inc.",14 Mar 2024
02F4148CA613B7B644D2F642237AD3052250127F2D1BB972E5801D6C0B66B34E,com.cricbuzz.android,1521061506,1981-01-01 01:01:02,2024-04-29 19:54:34.536472,100000000,2024-04-29T19:55:10.799230,"Cricbuzz - Live Cricket Scores
6.15.06",Cricbuzz.com,26 Apr 2024
1C6BDD80FDE81D4DE896386CCEC41858B94ADF6279DAC3AD59B7A8CD0E417F23,com.game.colorslime,200241,1981-01-01 01:01:02,2024-09-11 15:35:13.336963,50000000,2024-09-11T15:35:14.766122,"Jelly Dye: Jelly Games &amp; ASMR
2.6.0",CASUAL AZUR GAMES,29 Aug 2024
03065CAEC6C0E8C11254B4ADF79ECFE3F94AA9B1919958BBDBF432F3D26C880D,com.google.earth,242485391,1981-01-01 01:01:02,2024-09-13 17:18:04.722044,500000000,2024-09-13T17:27:34.476274,"Google Earth
10.61.0.9",Google LLC,4 Sept 2024
003D28175BA2B726FEABCD9F3D2A642CE922EF3709AE23C63EB762BAD2D8BF30,com.gameloft.android.ANMP.GloftDYHM,900032,1981-01-01 01:01:02,2024-03-30 05:18:15.375497,50000000,2024-03-14T21:04:43.946848,"Disney Magic Kingdoms
9.0.0l",Gameloft SE,7 Mar 2024
002DB10E412FBE476D70684566D233BC5261A51533E339DA734A6226A79A7BA5,audio.virtualizer.equalizer.bassbooster.musicplayer,580,1981-01-01 01:01:02,2024-09-03 17:57:02.806819,10000000,2024-09-03T18:51:35.815744,"Music player- bass boost,music
5.8.0",Mobile_V5,26 Aug 2024
1AACBB19532D8976EFCC0EC7AD12051BC94869CC3BC346BD5100851856B8447C,com.snowcorp.stickerly.android,1030107,1981-01-01 01:01:02,2024-05-25 02:16:45.912876,100000000,2024-05-22T00:33:24.068868,"Sticker.ly - Sticker Maker
3.1.7",Naver Z Corporation,20 May 2024
0136805B0466914C9BC5BB8BF45C07DCB213EC91D40BD5395E1AA5EF430EBE16,com.skype.raider,1250167114,1981-01-01 01:01:02,2024-03-22 17:18:04.881509,1000000000,2024-03-22T17:19:25.432362,"Skype
8.115.0.215",Skype,19 Mar 2024
9FD9714B145587FA2C10A0D4C9FFB91C7CD719E383BC3C934EEE19F812B700D1,com.my.defense,90626,1981-01-01 01:01:02,2024-09-16 13:45:26.1055,50000000,2024-08-14T13:21:49.343530,"Rush Royale: Merge Games Tower
26.1.90626",MY.GAMES B.V.,8 Aug 2024
66A78D815637DFE1F87B6F40B0B9AC3C56685F08C3CDC74390ED608D5DE324AC,idm.internet.download.manager,30244,1981-01-01 01:01:02,2024-08-25 13:05:54.265806,50000000,2024-08-25T13:05:48.043819,"1DM: Browser &amp; Video Download
17.1.1",Vicky Bonick,20 Aug 2024
4E6B69545D984D18CDE2B076666B2B701D03FB74FAE5CD08F88A221D578CF227,music.musicplayer,60490,1981-01-01 01:01:02,2024-01-20 13:05:27.671864,50000000,2024-01-20T13:06:33.878202,"Audio Player
12.2.1",JRT Studio Music Players,26 Dec 2023
AAD076FCA534C6B1B5A4A88832E1F0EAE00BDD773B92CAFFD7FC1A0910CCB08C,com.orangeapps.piratetreasure,2020000165,1981-01-01 01:01:02,2024-08-26 11:02:26.622285,50000000,2024-08-26T11:03:37.825514,"Pirate Treasures: Jewel &amp; Gems
2.0.165",TAPCLAP,21 Aug 2024
045D19579799E920E0A955A785142F7722101F142CFE6A0617C7F29FBA95E950,com.king.candycrush4,400401000,1981-01-01 01:01:02,2024-09-13 13:38:10.263309,50000000,2024-09-13T13:37:54.685730,"Candy Crush Friends Saga
4.4.1.0",King,12 Sept 2024
0FBAB99ABDE70BBC70B3ACB33EFE91A85E492F496A2E65DD7204A00FBA83F85F,com.google.android.youtube,1548475840,1981-01-01 01:01:02,2024-09-18 12:21:34.644159,10000000000,2024-09-18T12:21:21.469004,"YouTube
19.37.35",Google LLC,17 Sept 2024
12C8B36D13868CDD7676F98E38309C6DF529607A2B0D0E86063576D068B54C5C,shareit.lite,5030758,1981-01-01 01:01:02,2024-04-07 16:52:10.493543,100000000,2024-04-07T16:52:12.177100,"SHAREit Lite - Fast File Share
3.7.58_ww",Smart Media4U Technology Pte.Ltd.,1 Apr 2024
06D0C4663BB7D1164929D8781B2B7838C6356A665E4E5FC2CAF83D13FA948CA8,video.reface.app,429,1981-01-01 01:01:02,2024-10-08 14:05:00.087872,100000000,2024-10-08T14:03:49.647651,"Reface: AI Face swap videos
4.22.2","NEOCORTEXT, INC.",26 Sept 2024
0166993AF9A2F0B7C452CDF59887A4C48940AD9BD7C2FC6718921E971D257C5E,com.adsk.sketchbook,454092,1981-01-01 01:01:02,2024-10-26 21:04:31.445176,100000000,2024-10-26T21:10:47.400270,"Sketchbook
6.1.1",Sketchbook,23 Oct 2024
0AEEB7409AC101A64A501C39724828DC50F4D3D749BA6F496D8C54CB13F33699,com.bigbasket.mobileapp,2291010,1981-01-01 01:01:02,2024-08-30 11:14:23.044076,50000000,2024-08-30T11:15:38.682771,"bigbasket : Grocery App
7.15.3",Bigbasket.com,27 Aug 2024
1D4AA05E231E8864E4A55D6CF5B4D8848CAB78398FAA795C213853B8836354ED,com.cutestudio.neonledkeyboard,355,1981-01-01 01:01:02,2024-04-04 05:33:01.250062,50000000,2024-04-04T05:40:26.819375,"Neon LED Keyboard: RGB &amp; Emoji
3.5.5",AZ Mobile Software,26 Mar 2024
2599504DAA3B0BB83EABFC9D9F6AA84A427E7096EB3682952926296A146FA082,com.outfit7.mytalkingangelafree,2420,1981-01-01 01:01:02,2024-10-29 12:05:09.350654,500000000,2024-10-29T12:07:13.349191,"My Talking Angela
7.3.2.6317",Outfit7 Limited,14 Oct 2024
07020EE92948A7B883727EB92CC381CB67B2ED2E0825BBDBD8D0D9E9EC92BC06,com.duckduckgo.mobile.android,52180000,1981-01-01 01:01:02,2024-11-01 13:18:03.372884,50000000,2024-11-01T13:20:43.787627,"DuckDuckGo Private Browser
5.218.0",DuckDuckGo,24 Oct 2024
01944F7674F7AB0CD1038DBFB8D1CF1998E121898C235B98846E25C80C1B4B02,com.harvest.io,434,1981-01-01 01:01:02,2024-08-05 23:10:56.824574,100000000,2024-08-05T23:12:35.615404,"Harvest.io – 3D Farming Arcade
1.18.5",CASUAL AZUR GAMES,10 Jul 2024
50A2CBCD8F068AAD18E102D308240B2087B0072D9D77CEF56F6945FA543DFDBE,com.tmobile.vvm.application,784332,1981-01-01 01:01:02,2024-03-22 17:55:59.932783,50000000,2024-03-22T18:04:35.579047,"T-Mobile Visual Voicemail
10.3.3.784332",T-Mobile USA,14 Feb 2024
009A913102DAD20E1F640140106DA928E622B6ABE9119C0019A8F93AFB411558,com.critical.strike2,208040,1981-01-01 01:01:02,2024-08-13 17:29:21.08886,50000000,2024-08-13T17:30:23.546530,"Critical Strike CS: Online FPS
13.207",VERTIGO GAMES,8 Aug 2024
3476BADE3338A3B3D74A797BFD04FDAC781E4C8B07489A560C067CDCED0C5046,com.vialsoft.radarbot_free,246,1981-01-01 01:01:02,2024-04-12 11:05:30.83622,50000000,2024-04-12T11:12:01.013700,"Radarbot Speed Camera Detector
9.14.8",Radarbot Company,11 Apr 2024
C0F17066CC011F03A701E5D20681F5A809727DE2592093CBF67A1060B87CB7DC,com.jeyluta.timestampcamerafree,3012351,1981-01-01 01:01:02,2024-08-26 16:19:22.770394,50000000,2024-08-26T16:25:44.565459,"Timestamp Camera
1.235",Bian Di,13 Aug 2024
18BE2EE0C30ABA9022AD627E622DA7E8897337715F6A0E41E1B15322BF28110C,com.luizalabs.mlapp,6000200,1981-01-01 01:01:02,2024-09-28 08:08:32.287006,100000000,2024-09-28T08:19:41.420651,"Magalu: loja e compras online
6.0.2",Magazine Luiza,11 Sept 2024
46C64F05D1B2EED08152915599C688E48C350F695677F7FB92DA3F4CE4515026,com.oplus.melody,14004002,1981-01-01 01:01:02,2024-04-09 01:44:02.271545,100000000,2024-04-09T01:45:09.721281,"Wireless Earphones
14.4.2",ColorOS,27 Mar 2024
03980AEC59785FF9AAF68D82DF539ABF3BF7537532C977C275C5550B1102E8C3,com.pepiplay.pepihome,171,1981-01-01 01:01:02,2024-08-20 15:14:40.49267,50000000,2024-08-20T15:14:40.900999,"Pepi House: Happy Family
1.11.0",Pepi Play,13 Aug 2024
01E11B7F70A397F36D7887349A7203919385F72C1E5BF82F00507866B37BA855,com.dropbox.android,36620200,1981-01-01 01:01:02,2024-03-01 08:44:58.515572,1000000000,2024-03-01T08:45:01.200068,"Dropbox: Cloud Storage Drive
366.2.2","Dropbox, Inc.",27 Feb 2024
08A0354D260B1F05531CE2FA60D8AB57745B15AFED3309CBE20A510494A2B8DC,com.playrix.gardenscapes,108020,1981-01-01 01:01:02,2024-07-05 09:23:30.419481,500000000,2024-07-04T17:40:10.804509,"Gardenscapes
8.0.2",Playrix,2 Jul 2024
0A272EC2295D1E2C6249FD6C89B23C8A892570D7D5806C7CC1E90D1FF39A8ED3,com.tellurionmobile.realmcraft,313,1981-01-01 01:01:02,2024-03-01 18:26:07.533135,100000000,2024-03-01T18:26:27.881374,"Mini Block Craft Realm Craft
6.0.5",Tellurion Mobile,9 Jan 2024
50A34D95CD95A3D381269FAF860BCB0C90A85BD5B5815E326F6B38BC374B3746,com.devgame.masha.and.bear.pizzeria.games,324,1981-01-01 01:01:02,2024-11-03 17:21:31.836243,50000000,2024-11-03T17:27:12.385561,"Masha and the Bear Pizza Maker
1.6.1",DEVGAME KIDS games,25 Sept 2024
86E495569C0AF119CF88DF47BB1EB28811548E248D7F332416C2D074A9F077C0,com.mobadu.BlockyFarmRacing,72,1981-01-01 01:01:02,2024-06-07 10:59:00.255522,50000000,2024-06-07T11:02:43.197239,"Blocky Farm Racing &amp; Simulator
1.53",mobadu,4 Dec 2023
0182E0DD87D7F9EDB2AA82946D434AF9E7A343E0246513EBF8FFA9E081CB2657,com.quvideo.xiaoying,6916071,1981-01-01 01:01:02,2024-06-05 17:32:46.786322,500000000,2024-06-05T17:33:02.382957,"VivaVideo - Video Editor&amp;Maker
9.16.7",QuVideo Inc. Video Editor & Video Maker App,27 May 2024
51436771FD652D48051D2F10DB395F1AD58A5E69A0463BBB85BE4C14A84697CC,com.sec.android.app.shealth,6266001,2009-01-01 00:00:00,2024-03-30 06:50:45.580958,1000000000,2024-03-30T07:11:09.800637,"Samsung Health
6.26.6.001","Samsung Electronics Co.,  Ltd.",27 Mar 2024
753177AE978BE92CC91236F23D94DDF99CF0348400933C0B94A18C98DCF9D516,com.gameloft.android.ANMP.GloftDOHM,79221,1981-01-01 01:01:02,2024-04-16 19:29:05.898326,100000000,2024-04-16T19:29:36.191732,"Dragon Mania Legends
7.9.2a",Gameloft SE,12 Apr 2024
3D618F797152E72496351597B38E5E0E0B58886F2572ECBD297C44356F67EB8F,com.zong.customercare,92,2024-11-08 15:52:58,2024-11-15 23:42:06.035995,50000000,2024-11-15T23:42:58.710120,"My Zong
5.18.18.71",CMPak - Zong,10 Nov 2024
27AF2D55A3E9601FFCB368A10B1185C92BADC7F52434ECC6DE55897651D04FD6,com.crack.screen.prank.bfun,42,1981-01-01 01:01:02,2024-01-19 20:18:09.995596,50000000,2024-01-19T20:18:23.158161,"Broken Screen Prank
6.6.7",HappySpark,15 Jan 2024
3877F555E7AB647B850CE032D69D8591D7FD88C30885867065A3930D815E39C6,com.bubbleshooter.popbubbles.collectcards,84,1981-01-01 01:01:02,2024-06-29 01:21:30.119636,50000000,2024-06-29T01:20:39.786407,"Bubble Shooter
1.8.3",IVYGAMES,26 Jun 2024
07BD9C1F4DF316AC7FA5875AB75E2B5F120F8DFBC2DC87B74EF886D84B79D8B8,com.king.blossomblast,499,1981-01-01 01:01:02,2024-04-16 01:28:56.373742,50000000,2024-04-16T01:32:59.509452,"Blossom Blast Saga
100.173.0",King,12 Apr 2024
031771F5D673824EE62B22D332FDC048CD0FFFB2FBFE0F71E363DFCD2B3833C8,com.fruitheroes.legend,115,1981-01-01 01:01:02,2024-03-19 16:18:56.591929,50000000,2024-03-19T16:40:21.036336,"Fruit Block - Puzzle Legend
115.0",Legend Game Inc.,20 Dec 2023
A60B6AF2F24BC118EADE9318182BEC081CF3A137E2554DE4FE3653DB062CE7E7,com.mobirix.SnakeGame,23120801,1981-01-01 01:01:02,2024-04-07 03:19:24.012304,50000000,2024-04-07T03:40:31.045124,"Snakes &amp; Ladders King
23.12.08",mobirix,18 Dec 2023
0C2C6B02A1970EE9BBC25BFB89C0CFFDDC1D2E795CA372E6D4E5CECF0B81C1F8,com.ebay.mobile,6160002,1981-01-01 01:01:02,2024-05-22 22:36:07.854886,100000000,2024-05-22T03:35:41.039125,"eBay: Buy and sell marketplace
6.160.0.2",eBay Mobile,15 May 2024
4D0230726D3C34F0D68967F7AB9B3D55613A252D8FB1FE3E358100C5D2541DB0,com.google.android.apps.adm,20006320,1981-01-01 01:01:02,2024-09-17 00:34:49.370909,500000000,2024-09-14T18:56:47.380975,"Google Find My Device
3.1.148",Google LLC,9 Sept 2024
4918D7AEFE5E55B67717265E4DB726C67907D19D208A90A9A699FE7D8D5761B9,photocollage.photoeditor.collagemaker,246001,1981-01-01 01:01:02,2024-11-25 08:32:20.598934,50000000,2024-11-25T08:52:09.690270,"Photo Editor - Collage Maker
1.471.246",Photo Editor & Collage Maker,20 Nov 2024
0863EF25EDD3E7EC6B2287D645129D8109C6CCE772D7767FCD00CF37FEC4C7AF,net.froemling.bombsquad,21795,1981-01-01 01:01:02,2024-03-26 17:21:17.121425,50000000,2024-03-26T17:21:18.514661,"BombSquad
1.7.33",Eric Froemling,25 Mar 2024
5A0BD8FD856A9F78B8EB18A2E698C6901D9A2786546FD0A20E2ADB8E1D262D68,com.lazygeniouz.saveit,160290,1981-01-01 01:01:02,2024-03-31 20:48:20.058875,100000000,2024-03-31T20:52:50.883398,"Status, Sticker Saver
2.24.03.20",Lazy Geniouz Pvt. Ltd.,24 Mar 2024
001251F5B9617274135A8E843D69D29E0697D401C3741A218636741C51066435,com.trivia.star.android,400279,1981-01-01 01:01:02,2024-03-31 18:38:30.444045,10000000,2024-03-31T18:35:12.678051,"TRIVIA STAR Quiz Games Offline
1.279",Super Lucky Games LLC,29 Mar 2024
61640920165FA53256D116A3C5B6458CCDBF57ED014EA7DF4A8296CAB9B3CB83,hd.camera,29,1981-01-01 01:01:02,2024-04-30 00:26:33.896202,100000000,2024-04-30T00:26:59.281237,"HD Camera
1.4.9",HD Camera,29 Feb 2024
1F677D0293E0322C2FB42F1232105D43BB5E06DE742BDD85758332F816C913AA,com.transsion.healthlife,4008023,1981-01-01 01:01:02,2024-08-24 05:10:19.351584,100000000,2024-08-24T05:13:54.798391,"My Health
4.8.1.23",Transsion Holdings,2 Aug 2024
0CF0D8FE348CE2BFD41A47A40FD3BC6E8202083C4DE3144799275838A26D28D7,io.faceapp,12625,1981-01-01 01:01:02,2024-05-05 12:40:20.431807,500000000,2024-05-05T12:41:00.736170,"FaceApp: Perfect Face Editor
11.10.1",FaceApp Technology Ltd,30 Apr 2024
29D5C89279BE157C94FBBFEF0CC55CCE68C28D725CAF1F0E58AA2D78A13F5787,com.leodesol.games.classic.maze.labyrinth,253,1981-01-01 01:01:02,2024-03-31 19:22:20.96189,50000000,2024-03-31T19:36:52.529895,"Mazes &amp; More
3.7.0(253)",Maple Media,10 Jan 2024
41AC91758DEF2A44FF493D1C3812C4A0D842354765D3DE662C3860AD1F15956C,com.cg.tennis,17169,1981-01-01 01:01:02,2024-08-27 06:43:38.346882,50000000,2024-08-27T06:43:39.728402,"3D Tennis
1.8.7",Mouse Games,16 Aug 2024
03E5F04A9C2814A64B35C23740F0E4087E05C6FE2A92C86B4E4F31C40E500FDF,com.yahoo.mobile.client.android.mail,1733400,1981-01-01 01:01:02,2024-01-23 16:23:40.759495,100000000,2024-01-23T16:24:53.938577,"Yahoo Mail – Organised Email
7.32.0",Yahoo,18 Jan 2024
C95CAE6942966D3DF1760C53D6121346DC1B855828386BCC4C1FD8E5FBA035A7,com.dla.android,581006,1981-01-01 01:01:02,2024-03-15 14:42:54.521696,50000000,2024-03-15T15:31:20.853539,"Claro video
581v6",CLARO,22 Nov 2023
8A6B45BA7DB20A7233027280997B2842A1FE50F0A51A51B2E92B50D28C18D0FD,com.arcsys.tictactoe,11500001,1981-01-01 01:01:02,2024-11-14 00:09:23.052298,100000000,2024-11-14T01:02:21.680696,"Tic Tac Toe Glow: 2 Players
11.5.0",Arclite Systems,10 Sept 2024
19A8E312DE7B4202F2DFF078C71237FB6347229C0FF2DC221AA57C2D758A081B,sinet.startup.inDriver,809,1981-01-01 01:01:02,2024-03-22 09:31:56.851133,100000000,2024-03-22T10:05:49.531514,"inDrive. Rides with fair fares
5.70.0",® SUOL INNOVATIONS LTD,19 Mar 2024
521B1FD5B8474ABF3B7083DD4DD0A952697F83FAB5EAF4735F1AABF77781AAA8,com.bubbleshooter.popbubbles.shootbubblesgame,155,1981-01-01 01:01:02,2024-08-05 20:04:56.742083,50000000,2024-08-02T05:56:37.469803,"Shoot Bubble - Pop Bubbles
2.5.4",IVYGAMES,15 Jul 2024
03EFE54867208EDDA99D5E7C4FEA20919E1F9BA7B2D8AD3F3C6A24FF533A3ABE,com.nike.omega,2012212280,1981-01-01 01:01:02,2024-10-26 07:26:52.272198,50000000,2024-10-26T07:37:00.235167,"Nike
24.49.1","Nike, Inc.",18 Oct 2024
CA1B742C78D081D0EB39E8BA38063BAB39B8AD09610CA7F553276DF5DBB9F753,com.jimaapps.crazycardriving.impossiblestunt.driving.simulator.games,80,1981-01-01 01:01:02,2024-12-02 10:35:16.954049,50000000,2024-12-02T10:35:59.246299,"Crazy Car Driving - Car Games
1.60",Jima Apps,5 Aug 2024
713CCEBF57099FD3137F94ED56DA0983E254EC110BA2163F770FCF5BFE73ECA8,com.brokendiamond.advance.car.parking.car.driver.simulator,50,1981-01-01 01:01:02,2024-01-23 20:14:37.844885,50000000,2024-01-23T20:16:20.062667,"Advance Car Parking: Car Games
1.11.6",Broken Diamond,6 Jan 2024
056FFFE88FA478D806A24BB108ADFBE45BE248A0400F5079BFC8A1A46D8FCDFF,com.ketchapp.stack,79,1981-01-01 01:01:02,2024-11-22 19:13:27.312144,50000000,2024-11-22T19:18:29.695527,"Stack
3.57",Ketchapp,21 Nov 2024
0EDD434E8CD1C04417995C8281B56E8FADC6BED3D3AEE751C97C9C71A46FE162,com.higgs.cubemaster3d,24071214,1981-01-01 01:01:02,2024-08-08 22:39:14.423248,50000000,2024-08-08T23:19:53.744774,"Cube Master 3D®:Matching Game
1.10.0",Higgs Studio,12 Jul 2024
04F081B8D456E3E0855DEFE191019B4D7D1F37AB3CE0A0F3696F3ACFC4B844F7,com.sinyee.babybus.shopping,8702800,1981-01-01 01:01:02,2024-08-04 19:07:01.029986,100000000,2024-08-04T19:07:43.108537,"Baby Panda&#39;s Supermarket
8.70.28.00",BabyBus,31 Jul 2024
1D96B62BE563C38D0BB51C14FC86F7828506C0B32B5526AD70FF4162AFCED212,com.sir.racing.ultimatemotorcyclesimulator,86,1981-01-01 01:01:02,2024-05-22 18:06:35.458921,50000000,2024-05-22T18:13:14.061329,"Ultimate Motorcycle Simulator
4.0.0",Sir Studios,21 May 2024
089A91A0687ED67A8D1A38D7246F06551612418E4D75B1706723A29436E2C74F,com.nekki.vector,5000179,1981-01-01 01:01:02,2024-03-14 15:07:56.059627,100000000,2024-03-14T15:17:28.794918,"Vector
2.1.0",NEKKI,6 Mar 2024
001DB9B0A2443EBA2E03044DCBE697B5BBD4BED8913A68E116F02788FC0F2AAE,com.PepiPlay.PepiHospital,185,1981-01-01 01:01:02,2024-11-04 05:14:21.076215,100000000,2024-11-04T05:21:10.244886,"Pepi Hospital: Learn &amp; Care
2.1.5",Pepi Play,25 Oct 2024
05FC5BC2D88F96008C483F4615396BAD3AD663E5D41605D96FD1841EC884C52A,wp.wattpad,3316,1981-01-01 01:01:02,2024-05-25 07:29:10.779592,100000000,2024-05-25T07:30:20.435862,"Wattpad - Read &amp; Write Stories
10.63.0",Wattpad.com,22 May 2024
1F25F29A614CA7EB5DD340BBB0EB81F6135E591E06DF892075856D03BF96DE59,com.bitstrips.imoji,1180009833,1981-01-01 01:01:02,2024-12-12 15:53:59.049697,100000000,2024-12-12T16:06:30.713959,"Bitmoji – Your Personal Emoji
11.80.0.9833",Bitmoji,28 Nov 2024
0CB24A20FE413EA0707F38E050B9FBA02A1D9922448FF1AF38C45EBE2CEB99BE,com.xvideostudio.videoeditor,1809,1981-01-01 01:01:02,2024-11-30 11:55:57.524123,100000000,2024-11-30T12:23:30.493099,"Video Editor &amp; Maker VideoShow
10.2.5.1",VIDEOSHOW Video Editor & Maker & AI Chat Generator,13 Nov 2024
06B25EE6B5371BFFF9B517AED6260713F9F42BA9C80CC5868F3CE96DA4F271F7,com.zzkko,1093,1981-01-01 01:01:02,2024-05-17 15:24:03.741028,500000000,2024-05-17T15:31:24.807127,"SHEIN-Shopping Online
10.9.9",Roadget Business PTE. LTD.,15 May 2024
0A869071A3014CCC5EBE482F51525D581CC646968844B84BFFD9D8F06916C03D,com.expertoption,1508,1981-01-01 01:01:02,2024-08-06 18:56:40.495606,50000000,2024-08-06T18:57:25.565342,"ExpertOption - Mobile Trading
16.7.0",ExpertOption,29 Jul 2024
07290D9B4BB89AAA52FC9AAA5835FB8826E6E0E2FB167818859DAB145600023D,com.europosit.pixelcoloring,1120902102,1981-01-01 01:01:02,2024-06-25 22:59:47.758321,100000000,2024-06-20T08:08:46.699199,"Pixel Art - Colour by Number
9.2.1",Easybrain,17 Jun 2024
110C366DEC2050DD7E2A1D9C432323DA7DE793667A8355CD7AD2C659588AC1BC,com.tfgco.apps.coloring.free.color.by.number,854,1981-01-01 01:01:02,2024-01-16 00:51:17.639736,50000000,2024-01-16T00:52:14.106927,"Colour by Number：Paint Games
3.27.1",Fun Games For Free,11 Jan 2024
2CB838A39828BF81A3AC0AD0C89A7D8FA640B6452054E8E108E91848652B94A3,com.cam001.selfie,1664,1981-01-01 01:01:02,2024-09-16 00:01:56.050407,100000000,2024-09-16T00:03:29.988234,"Sweet Selfie: AI Camera Editor
5.5.1664",Selfie Camera & Photo Editor & Beauty Snap,9 Sept 2024
33B60B44DB53145CF694C945FBEDFAD5EE12FD10BD5F7A64830729FDD2BB7EBB,com.RBSSOFT.HyperMobile,44,1981-01-01 01:01:02,2024-06-28 09:29:46.766105,50000000,2024-06-28T09:30:09.537306,"Chat Master!
4.4",Supersonic Studios LTD,29 Jan 2024
0B6DA6AFF8C61B84525A6AF9AAC9A544377DA95B88D4B1209BF1B80431DCE9DF,com.google.ar.lens,240515009,2009-01-01 00:00:00,2024-08-12 12:40:14.160812,1000000000,2024-08-12T12:41:13.683085,"Google Lens
1.17.240515009",Google LLC,28 May 2024
00FD9462545477FB9747C9AF690B89FBFAA7A60F19C2931D5B6715ABF64A903A,com.google.android.apps.meetings,4078718,1981-01-01 01:01:02,2024-03-12 16:15:10.899385,500000000,2024-03-12T16:18:13.127920,"Google Meet (original)
2024.03.03.612254708.Release",Google LLC,7 Mar 2024
4D35AC0886E71363380200F6DA273E0BB737DC314873743CD8C78B363C268F19,com.opex.makemyvideostatus,128,1981-01-01 01:01:02,2024-03-17 15:35:37.447498,50000000,2024-03-17T15:42:25.301384,"Lyrical.ly Status Video Maker
33.0",lyrical.ly,13 Mar 2024
1213E254954F47341F7D7FDC8BF2290EE364CC3DE4F4F69EEDB39EDC022A1A16,no.mobitroll.kahoot.android,2384,1981-01-01 01:01:02,2024-12-11 01:18:19.966715,50000000,2024-12-11T02:10:03.607604,"Kahoot! Play &amp; Create Quizzes
6.2.0",Kahoot!,3 Dec 2024
1102EB850CFAD6609FEA0F15CA87820E3FDF408B3BD1CEA717EFDAC66CB739D2,com.callapp.contacts,2194,1981-01-01 01:01:02,2024-09-13 23:19:45.178479,100000000,2024-08-26T15:37:42.622271,"CallApp: Caller ID &amp; Block
2.194","CallApp Caller ID, Call Recorder & Spam Blocker",22 Aug 2024
047F22B656D509851B57A99549BBCB5F5FE30B5040B1F16075DE38B1F1708E3C,com.Seriously.BestFiends,2102102904,1981-01-01 01:01:02,2024-06-06 04:32:40.25689,50000000,2024-06-06T04:40:13.574297,"Best Fiends - Match 3 Puzzles
13.7.0",Seriously Digital Entertainment Oy.,30 May 2024
1DC03486F6C71DBDA98781157D857D308D994D4B815A6BD7B67DF69AA7313518,com.neighbors.darkriddle,6050,1981-01-01 01:01:02,2024-08-19 13:59:17.71658,50000000,2024-08-19T13:59:13.497778,"Dark Riddle
24.10.0",PAGA GAMES,11 Jul 2024
3890933985A80A8AB9B5CE9C6844552DAF6918B4A65377E7E5F8639D5142614F,Com.sktelecom.minit,259,1981-01-01 01:01:02,2024-03-01 09:57:20.600092,50000000,2024-03-01T09:57:33.793848,"T world
6.0.16",SKTelecom,23 Jan 2024
19ED15E067707E794F0F1770A725458D7610BE7416F8C4DDD6454B01C94F0268,com.education.android.h.intelligence,2024015800,1981-01-01 01:01:02,2024-11-19 01:28:25.772182,50000000,2024-11-19T01:53:19.379513,"Gauth: AI Study Companion
1.58.0",GauthTech Pte. Ltd.,12 Nov 2024
26197A41012F4C390F5327866A727579F30BDBBA18FF296C71996E591B083B98,com.frontrow.vlog,5875,1981-01-01 01:01:02,2024-12-01 02:41:46.823941,100000000,2024-12-01T02:45:55.410036,"VN - Video Editor &amp; Maker
2.3.1","Ubiquiti Labs, LLC",19 Nov 2024
49EA17DEEE80ACB517E9C62CD94E7E97C61F0BFE3E368FACA3CE3892CF4CC458,com.mobirix.fishinghook,240228,1981-01-01 01:01:02,2024-04-15 17:27:08.441695,100000000,2024-04-15T17:33:28.961232,"Fishing Hook
2.5.2",mobirix,26 Feb 2024
07B3F01918C801B8E72BE65A3D401ACDC70A9E9597BE586106E0A47DDABFEC0C,com.vicman.toonmeapp,782,1981-01-01 01:01:02,2024-03-14 16:34:15.503981,50000000,2024-03-14T17:09:31.606413,"ToonMe - cartoons from photos
0.7.1",Linerock Investments  LTD,7 Mar 2024
5E6A81B56D9D67CFB197ECFD509323821EC80355BA4BBF8030EDAF3566F5A3C4,com.sony.nfx.app.sfrc,16550130,1981-01-01 01:01:02,2024-09-09 00:01:48.578607,100000000,2024-09-09T00:22:08.107817,"News Suite by Sony
5.5.01.30.1",Sony Group Corporation,6 Aug 2024
0F182E787B7817E2F87B79E9C0C863EB8C8F323DC0279EE8E5AB66E113769F22,com.fitbit.FitbitMobile,110133271,1981-01-01 01:01:02,2024-10-27 14:40:23.752207,100000000,2024-10-27T14:44:42.236546,"Fitbit
4.28.1.fitbit-mobile-110133271-689968690",Fitbit LLC,25 Oct 2024
4540F68B420F0487B66C3CDB025626D2FA343B1DEF008845763A73DD42EAF7C7,com.nintendo.zaka,391063601,1981-01-01 01:01:02,2024-10-09 02:45:17.445473,100000000,2024-10-09T02:48:42.984909,"Mario Kart Tour
3.6.2","Nintendo Co., Ltd.",1 Oct 2024
D63391C959B25119A2D625485E56764C06E08A1C6DD5CEE9DECD22F04EE16100,com.vido.particle.ly.lyrical.status.maker,45,1981-01-01 01:01:02,2024-09-01 04:34:05.372718,100000000,2024-07-20T10:40:48.031742,"Vido : Video Status Maker
2.1.1",Vido - Video Status Maker,12 Jul 2024
038F6A217F180E3D9402A59B1EC95C1F4A20DEE2C764ADE6C50B47FC072BB195,tunein.player,277204,1981-01-01 01:01:02,2024-02-18 21:50:01.08178,100000000,2024-02-18T21:51:15.116382,"TuneIn Radio: Music &amp; Sports
33.4",TuneIn Inc,7 Feb 2024
2501FE8F32151E2DDC2DC4330E87850F7ACBF6F14E25E318833AC52F7249789A,com.draw.to.pee.bo,76,1981-01-01 01:01:02,2024-08-08 20:20:05.797332,50000000,2024-08-08T20:20:53.358169,"Toilet Rush Race: Draw Puzzle
1.76",Rocket Succeed Together,11 Jul 2024
031E5D8427B8DAC01ABBD8007876E305BD64EE616AB197EF7C3EBF4CC30FF0AB,com.citybay.farming.citybuilding,1029,1981-01-01 01:01:02,2024-06-06 22:03:07.611439,50000000,2024-06-06T22:04:16.996259,"Farm City: Farming &amp; Building
2.10.34b",Zego Studio,31 May 2024
059BDFBC919F85AF15F93CF1532763EC82124C7789DE8FA595F3DB9881233309,coloring.color.number.happy.paint.art.drawing.puzzle,2751,1981-01-01 01:01:02,2024-10-27 11:23:10.358244,50000000,2024-10-27T11:23:15.197786,"Tap Color Pro: Color By Number
7.5.1",Tap Color Studio,20 Sept 2024
4D147C42889D65AA3BA2103F4D134AD516C5E7CC3C6E200B211B3C74745965B2,com.casttv.castforchromecast.screencast,330,1981-01-01 01:01:02,2024-08-03 17:52:44.41332,50000000,2024-08-03T18:10:30.224102,"Cast for Chromecast &amp; TV Cast
330",iKame Applications - Begamob Global,1 Aug 2024
4929C9BD553E42D7E714E9232F092BC375921F5CD657BD6AC3B81DB147E32583,pdfreader.pdfviewer.officetool.pdfscanner,53,1981-01-01 01:01:02,2024-08-05 20:59:39.814178,50000000,2024-08-05T21:00:20.403394,"PDF Reader App : Read All PDF
1.30.16",Trusted Android Apps- PDF Reader & Documents Tools,3 Aug 2024
3102BF40A42E94D2F1915EA7E09A6938F5B0888CA085AB6A8117F07721BC59B2,com.lmr.lfm,284,1981-01-01 01:01:02,2024-03-16 20:44:34.895189,50000000,2024-03-16T20:58:09.913788,"LMR - Copyleft Music
2.8.4",Lyubomir Hristov,9 Mar 2024
A180E92260672F72C7C3FF869316D20F333E1E43B5BB0BAF684DE4ACF3E66365,com.crowdstar.covetHome,2024010902,1981-01-01 01:01:02,2024-01-16 22:56:25.461141,50000000,2024-01-16T22:57:27.896417,"Design Home™: House Makeover
1.104.090",Crowdstar Inc,11 Jan 2024
4A2331FA4105FA7DB7452542CE65D9CFC4BD7FF3F2D02E809BB4C8C313318CBB,com.outfit7.talkinggingerfree,480,1981-01-01 01:01:02,2024-01-18 15:25:20.492996,100000000,2024-01-18T15:26:48.472574,"Talking Ginger
3.3.2.158",Outfit7 Limited,10 Jan 2024
290918249F5528997597C8609F57DBA8E02AACB3C3BFEC59F0183F6A7D8FDBC3,com.edkongames.mobs,918,1981-01-01 01:01:02,2024-10-25 14:01:38.882807,50000000,2024-10-25T13:56:29.211272,"Modern Ops: Gun Shooting Games
9.18",Edkon Games GmbH,8 Oct 2024
267DE92D54B2B08673FA762195EE9C6E361688D9BAF413E2341043904E38CAF1,com.joydo.minestrikenew,798,1981-01-01 01:01:02,2024-01-24 20:03:38.074114,50000000,2024-01-24T20:03:51.415452,"Cops N Robbers:Pixel Craft Gun
14.11.2",Riovox,9 Jan 2024
16816006326595D3EBE728F027B3512DC6C4191B27A9ED09A5D4C35B89E0A366,com.housepaint.game,166,1981-01-01 01:01:02,2024-04-07 01:00:59.535362,50000000,2024-04-07T01:01:30.932679,"House Paint
1.4.33",SayGames Ltd,9 Mar 2024
1455E2E11CA9C8B774668D5CA7E5E4C5554EB71C6FC71A0BFB3011E806F66459,br.com.rodrigokolb.realdrum,366,1981-01-01 01:01:02,2024-08-25 20:40:05.021499,100000000,2024-08-25T20:42:54.398491,"Real Drum electronic drums set
11.4.3",Kolb Apps,31 Jul 2024
2A966EEDB68D09B4F548FDD38A1997FA416F0658E1B5A902033F962F85E88ACE,com.edujoy.Word_Search,1032,1981-01-01 01:01:02,2024-03-08 03:44:59.215108,50000000,2024-03-08T03:45:46.792530,"Word Search Games in english
10.32",AppQuiz,29 Feb 2024
0477D9E02F285D009DE872A8FB08B2ACCA5CA5A116A3B24C63D5548538193905,com.ea.game.simpsons4_row,675,1981-01-01 01:01:02,2024-05-24 21:44:44.388893,100000000,2024-05-24T04:31:07.886933,"The Simpsons™:  Tapped Out
4.67.5",ELECTRONIC ARTS,1 May 2024
97FAE17E8C31255A139C7AC354F96CF77238945820C572DC40ABCD343B8BA096,com.inapp.incolor,106,1981-01-01 01:01:02,2024-11-22 09:10:36.690487,50000000,2024-11-22T09:17:16.051162,"InColor: Coloring &amp; Drawing
6.5.1",Eyewind,8 Nov 2024
0346EC8DADC43567EFF72E94AE75AA9E4AD782920E9C0DAE72EA37D1C116406A,com.pinterest,12158040,1981-01-01 01:01:02,2024-04-26 09:35:11.948399,1000000000,2024-04-26T09:36:25.824568,"Pinterest
12.15.0",Pinterest,24 Apr 2024
0CAC4F46607196D274674CC2995F0DB187A2E0242CFA651E5925112CAFF2D2D2,com.a0soft.gphone.app2sd,230005729,1981-01-01 01:01:02,2024-03-14 02:21:45.941095,50000000,2024-03-14T03:00:19.680699,"AppMgr III (App 2 SD)
5.72",AZSoft Technology Inc.,8 Mar 2024
5FD70916A41A6E149EB29D4B001DA7645C9DC92C9D4DC5E12AB2B721409B3A55,com.ghive.jeep.parking.car.free.game.master.apps,161,1981-01-01 01:01:02,2024-09-24 11:17:48.613811,100000000,2024-09-24T11:19:39.233540,"Car Parking Games: Car Game 3D
2.0.161",Frolics Simulation & Action Games,23 Jul 2024
3D7D69C2C3B9CA1D5A95812827674DACD7F21456631E9CA6F28992C29BE61AFE,com.devgame66.csshot,882320,1981-01-01 01:01:02,2024-11-13 14:53:51.765233,100000000,2024-11-13T15:29:54.405295,"Gun Strike: FPS Shooting Games
3.2.0",Fun Shooting Games - FPS,16 Aug 2024
362D162BA71AF57F6AC7AE971FE7D147E3C8FB6622A72963EAA96391C7D261D7,com.skt.prod.dialer,12509,1981-01-01 01:01:02,2024-06-30 22:25:03.915318,50000000,2024-06-30T22:26:30.459628,"T전화 - AI로 더 똑똑해진 전화 앱!
12.5.0",SKTelecom,20 Jun 2024
124F02572CBD28EDA963D40613CE0CD95B3007AD80D21265CDD9A749DDCAFBFA,applock.lockapps.fingerprint.password.lockit,142,1981-01-01 01:01:02,2024-10-19 11:31:32.97723,50000000,2024-10-19T12:08:48.791866,"App Lock - Applock Fingerprint
1.4.2",Trusted Tools,2 Sept 2024
0206DC3D2AB9E56EF4E5187629B6827E24CAB48200223A6DAC9F6E738F4C09AF,com.gotv.nflgamecenter.us.lite,1347909,1981-01-01 01:01:02,2024-12-12 19:50:22.411182,100000000,2024-12-12T19:56:51.473222,"NFL
59.0.43",NFL Enterprises LLC,27 Nov 2024
430A321C2D5ABCB13E678F62666182E9EE34A1C316CF7E620280AED88B469C6E,com.tfgco.games.strategy.free.castlecrush,2023012582,1981-01-01 01:01:02,2024-03-24 00:57:56.215373,50000000,2024-03-24T00:51:16.183482,"Castle Crush：Epic Battle
6.3.5",Wildlife Studios,26 Dec 2023
1B35D873DC5EDA5AA0AC5C1723835A7DBDDF826EB3BACC4FB20C18E20F5EBACF,com.calculator.hideu,2330,1981-01-01 01:01:02,2024-08-27 11:18:41.393185,100000000,2024-08-27T11:23:30.230751,"HideU: Calculator Lock
2.3.3",Smart Utils Dev Team,22 Aug 2024
0C90774838968C71849A502A0099A07D31B2F89B4ECEED2465E99DB35B136E08,com.ubercab.driver,184800,1981-01-01 01:01:02,2024-05-11 12:07:35.073808,100000000,2024-05-11T12:08:04.608616,"Uber Driver: Drive &amp; Deliver
4.472.10000","Uber Technologies, Inc.",29 Apr 2024
1B7709FEE144A1A1D29131C6A36299B0037002BC7F9BA3F17235831C01D0A130,com.keplerians.icescreamtwo,38,1981-01-01 01:01:02,2024-05-29 08:43:24.314776,50000000,2024-05-29T08:41:23.978963,"Ice Scream 2
1.2.1",Keplerians Horror Games,1 May 2024
641F6D4C57D0A55981BCCE9BB33F5E265712EAF1ED86814B60E069CD83876FC3,com.hideitpro,20240213,1981-01-01 01:01:02,2024-03-16 15:37:19.838446,50000000,2024-03-16T15:46:26.474229,"Hide Photos, Video-Hide it Pro
8.7.7",Goaffpro,13 Feb 2024
01801DAA8D4150FC91730FBF9E6ECD601CAF0FDA9F9CF142A064900B865EF150,com.disney.wheresmywater2_goo,189,1981-01-01 01:01:02,2024-01-20 15:09:19.99007,100000000,2024-01-20T15:10:27.353719,"Where&#39;s My Water? 2
1.9.19",Kongregate,19 Jan 2024
0372139FE89453EB1996C5760ECF9D41C755A72857B146EAF1817CBEA5CAAA8C,net.supertreat.solitaire,768,1981-01-01 01:01:02,2024-04-15 23:50:11.917906,50000000,2024-04-15T23:50:34.660740,"Solitaire Grand Harvest
2.362.1",Supertreat - A Playtika Studio,12 Apr 2024
0948DE327D90493B4D1EE253FD5C26B186CD849C4F89DD7376BFD386A8D36630,com.king.candycrushsodasaga,12601010,1981-01-01 01:01:02,2024-01-23 11:20:11.002173,500000000,2024-01-23T11:21:33.884115,"Candy Crush Soda Saga
1.260.1",King,17 Jan 2024
968DFEE42EAE3612FEF14CAC96CEF0053AD339D9F2EE133256D2BB617FA5AFDF,com.gamovation.tileclub,185,1981-01-01 01:01:02,2024-12-12 08:08:37.198665,50000000,2024-12-12T08:21:30.073432,"Tile Club - Match Puzzle Game
2.7.1",GamoVation,4 Dec 2024
792653093962246CD62B4D0A27C00D9C7FEB4618DC33DD1F70325195E2A944C0,com.youdao.hindict,379,1981-01-01 01:01:02,2024-10-27 19:07:00.130898,100000000,2024-10-27T19:08:41.709605,"U Dictionary Translator
6.6.8",Talent Education Inc,19 Sept 2024
80FA88A221655F50778F0C68C6B0A6CED2C7D5F0955A150188B75DE8A0040837,pedometer.stepcounter.calorieburner.pedometerforwalking,76,1981-01-01 01:01:02,2024-03-17 00:58:36.775699,50000000,2024-03-17T01:11:39.958810,"Pedometer - Step Counter
2.3.0",Simple Design Ltd.,23 Jan 2024
2D510BEBC2DC48B8CDDE3F72EADA466DB57B135EA2D79A9F1D26901121A2A11A,com.etoolkit.lovecollage,343,1981-01-01 01:01:02,2024-01-26 01:58:26.983463,50000000,2024-01-26T01:58:32.832592,"Love Collage - Photo Editor
3.7.15",eToolkit Inc,15 Jan 2024
034FA8D2599301FEC1B25F23A33E2C57D5B50D206304CA3E6A27825827E77A73,in.sweatco.app,8307,1981-01-01 01:01:02,2024-09-06 07:02:49.148189,100000000,2024-09-06T07:09:49.499895,"Sweatcoin・Walking Step Counter
181.0.0",Sweatco Ltd,28 Aug 2024
032A0AE8CB84F019C4B713A7BB6BED2F02D783A124FC3DC23EF82E87903B301F,fall.stars.race,192,1981-01-01 01:01:02,2024-05-14 11:50:13.55049,50000000,2024-05-14T11:51:18.365081,"STAR: Super Tricky Amazing Run
1.72.0",CASUAL AZUR GAMES,6 May 2024
10EC180AFD971B4006FE30BA681A1A866EE69995A9C46351C3DD2217FF4C776F,com.seenax.HideAndSeek,230,1981-01-01 01:01:02,2024-08-31 13:56:45.455591,100000000,2024-08-31T13:56:35.087076,"Hide &#39;N Seek!
1.9.49a",Supersonic Studios LTD,23 Jul 2024
0C6F1DCFC803D6ED4C7FB5E08B1CA63B64CDE6DC17B10BA164EE7DE4F1FAE7A2,com.joom,4730880,1981-01-01 01:01:02,2024-08-20 13:21:09.894972,100000000,2024-08-20T13:21:15.601448,"Joom. Shopping for every day
4.131.0",Joom,19 Aug 2024
1C225425E5FC810701B55D355FBCCB8B1DB735EFB0ACCAE222EA2CEB90437F3D,com.rioo.runnersubway,661,1981-01-01 01:01:02,2024-01-25 14:02:57.036359,500000000,2024-01-25T14:02:41.946634,"Subway Princess Runner
7.6.0",Ivy,25 Jan 2024
69C99A114F2A06E9D323B89623A6893D00C361F34267D9C384124A4E1C2D4B47,com.ratelekom.findnow,596,1981-01-01 01:01:02,2024-04-15 09:36:45.019595,50000000,2024-04-15T09:41:35.105288,"FindNow
2.3.1",Ratech,8 Feb 2024
33E445727AB96C3B96883824FBDBCDB1F02F1B5230332C374E5231B00A9D538F,breastenlarger.bodyeditor.photoeditor,96002,1981-01-01 01:01:02,2024-09-16 16:48:11.270311,50000000,2024-09-16T16:48:14.279446,"Body Editor - AI Photo Editor
1.401.96",Photo Editor & Collage Maker,9 Sept 2024
9DA98191480F3CA849844597ED66342228272EF69E8DDF10F1627301DE65AA74,com.gi.talkinggummybear,10444701,1981-01-01 01:01:02,2024-04-10 21:03:06.37483,50000000,2024-04-10T21:05:31.039153,"Talking Gummy Bear kids games
4.7.1",Viva Games Studios,8 Apr 2024
550F86B2B94CA23D9AE4F741EB59E1475EDE8A6D70369A79A59F592DEC8258F6,com.custom.pickmeup,54,1981-01-01 01:01:02,2024-04-27 16:58:55.540434,50000000,2024-04-27T16:59:10.338001,"Pick Me Up™
1.45",CASUAL AZUR GAMES,17 Apr 2024
434F35512DB6A13AC1C3247FC797BB1430716F0FA522EB9699B35D33A423C1C3,com.mobile.bizo.reverse,149,1981-01-01 01:01:02,2024-11-27 21:39:15.655914,50000000,2024-11-27T21:40:24.299527,"Reverse Movie FX - magic video
1.5.149",Bizo Mobile,26 Oct 2024
071F1BA600CE44A9042732E8A8717CC2C5522AE7CEB0EE1BDEA5B15C08653D06,com.mi.android.globalFileexplorer,20210593,1981-01-01 01:01:02,2024-01-29 08:52:33.39714,1000000000,2024-01-29T08:53:00.006833,"File Manager
V1-210593",Xiaomi Inc.,9 Jan 2024
155C209FA71F3C687B171632039B092CD47E79BBA5BAEED8F86F4AC8B0D0AF81,com.groupon,469546,1981-01-01 01:01:02,2024-11-25 14:09:28.410816,100000000,2024-11-25T14:25:39.038964,"Groupon - Deals &amp; Coupons
24.13.469546","Groupon, Inc.",19 Nov 2024
04E886A53EDF67DB61962C1BBAF75051F0C744DC2B0DA29A602AA93080693B02,com.ubercab,188693,1981-01-01 01:01:02,2024-06-13 17:23:18.940047,500000000,2024-06-13T17:23:33.477946,"Uber - Request a ride
4.530.10000","Uber Technologies, Inc.",3 Jun 2024
1A125E95CB512461881013F47092900EE995E031AC0109CAFDBBA951E57BED5F,com.grand.jail.prison.escape,111,1981-01-01 01:01:02,2024-04-29 16:48:56.610277,50000000,2024-04-29T16:49:32.001071,"Grand Jail Prison Break Escape
2.11",Game Zee,5 Apr 2024
8526639AD36D0EA3DBABEA85651DBD8ABA03E7F83DB5A9D27777D831589F95D3,com.kidsfoodinc.unicorn.cooking.game,20240813,1981-01-01 01:01:02,2024-09-01 16:26:04.904497,50000000,2024-09-01T16:41:23.071142,"Girl Games: Unicorn Cooking
10.7.0",Kids Food Games Inc.,14 Aug 2024
DEB9C2A5DA360116FC8A75B320997108FE6F61FAD292AE92FD0093D0101C6C76,com.junerking.archery,26,1981-01-01 01:01:02,2024-09-04 11:20:47.033525,100000000,2024-09-04T11:21:50.993658,"Archery Master 3D
3.7",TerranDroid,20 Aug 2024
09FA4249553A0E8531544E7F34F3D30316EA31ECB0FE9E3ACB928E3C8377627F,com.adobe.reader,1929233145,1981-01-01 01:01:02,2024-05-07 13:00:07.352862,500000000,2024-05-07T12:59:59.697535,"Adobe Acrobat Reader: Edit PDF
24.4.0.33145",Adobe,3 May 2024
786DA681207B9882C14DF3C0ADB569D4E4C54E9D05F0C643B69E22964F657461,com.apps.MyXL,1047,1981-01-01 01:01:02,2024-08-29 20:01:15.281545,50000000,2024-08-29T20:13:30.207136,"myXL - XL, PRIORITAS &amp; HOME
7.3.1",PT XL Axiata Tbk,16 Aug 2024
015CE914C9A632BE2F0580B887D4756ED805E2CE4C3AB6453708BC61F9A6C0F1,fi.twomenandadog.zombiecatchers,1620042141,1981-01-01 01:01:02,2024-03-01 00:24:05.047584,100000000,2024-03-01T00:24:05.481210,"Zombie Catchers : Hunt &amp; sell
1.33.0",Deca Games,23 Feb 2024
2B4ECEA6115E604B0BD06A624089738F76B7E826AD431C795BF13EA74D8BAD80,com.cassette.aquapark,160,1981-01-01 01:01:02,2024-03-21 23:21:49.088736,100000000,2024-03-21T23:33:50.525206,"aquapark.io
6.10.0",VOODOO,22 Feb 2024
83B2CF058EF76886ACFF556568436EBD6DFA4A71441754C2538D7C75F806469D,com.tmob.AveaOIM,230,1981-01-01 01:01:02,2024-01-18 15:39:28.790575,50000000,2024-01-18T15:39:55.361100,"Türk Telekom
10.0.0",TT Mobil İletişim Hizmetleri A.Ş.,24 Dec 2023
01BD3F82D277BAC06F256F7FF617F82AB1E5DB7734C5ECB967444AD0B2780136,com.funcamerastudio.videomaker,222,1981-01-01 01:01:02,2024-03-15 10:36:47.993706,100000000,2024-03-15T10:32:38.834617,"Video Maker Music Video Editor
5.8.6.0",VIDEOSHOW Video Editor & Maker & AI Chat Generator,11 Mar 2024
469E382B4598D05EBB6A71A0142F31BAA04AB85EF35F24990BA3855C6D51BB76,com.aim.racing,73540,1981-01-01 01:01:02,2024-10-31 08:05:11.796084,500000000,2024-10-31T08:11:10.749964,"Extreme Car Driving Simulator
7.1.2",AxesInMotion Racing,26 Sept 2024
57AE753562DB3903BEA53A9609A665C611C0BD599E478E45F912B172F896FEBB,com.samsung.android.email.provider,619100013,2009-01-01 00:00:00,2024-05-06 11:02:02.533771,1000000000,2024-05-06T11:02:05.788426,"Samsung Email
6.1.91.13","Samsung Electronics Co.,  Ltd.",25 Apr 2024
025A99FB3D90CEE2F2F083565C7EEE0BB7C5667903F2ADE084FB002F8F556CD2,com.openai.chatgpt,359,1981-01-01 01:01:02,2024-09-24 11:30:59.856987,100000000,2024-09-24T11:30:54.012381,"ChatGPT
1.2024.261",OpenAI,20 Sept 2024
6CEEA614DCE39CA9D9283ECCDD29D8AE9FE05FCC9D368045D1BB2A481A8747BA,com.alpha.applock,436,1981-01-01 01:01:02,2024-08-04 19:14:48.397516,100000000,2024-08-04T19:14:44.642677,"AppLock - Lock apps &amp; Password
4.3.6","SailingLab: Focus on Security, Booster, Cleaner",18 Jul 2024
2BABF66A1FF732A08E34C6F55ED99C51D7CEFF1F03614241ACF04056C2C465FF,br.gov.meugovbr,171,1981-01-01 01:01:02,2024-11-23 04:27:38.958523,100000000,2024-11-23T04:27:40.895768,"gov.br
3.6.7",Serviços e Informações do Brasil,13 Nov 2024
0AF2FDF2015E5A1CDCEF11A0FB988B7D0ECA1E0B3104E4480B3BBE3653A0518C,com.easybrain.art.puzzle,33600003,1981-01-01 01:01:02,2024-11-17 13:22:17.192651,50000000,2024-11-17T13:36:00.643555,"Art Puzzle - Puzzle Games
3.36.0",Easybrain,6 Nov 2024
010916CD0E1BC5FB325A870E0B3D822779733F2D58FEAE6D30B779974FA11B96,beatmaker.edm.musicgames.gunsounds,147,1981-01-01 01:01:02,2024-05-25 22:16:12.150954,50000000,2024-05-25T12:48:04.275406,"Beat Fire - Edm Gun Music Game
1.4.07",Adaric Music,16 May 2024
3A1284F906DA4D4D9C9D5BF7D49253845698CF79D901BB50ADD70AB33696D1CB,com.brokendiamond.advance.car.parking.driving.school,42,1981-01-01 01:01:02,2024-01-23 20:17:26.082587,50000000,2024-01-23T20:19:46.771069,"Advance Car Parking Games
1.5.7",Broken Diamond,4 Jan 2024
0C73766C97B3D61462E160EF1ACBE473C3FC03110C4A6458D8C4C51715B8BA76,com.contextlogic.wish,2661,1981-01-01 01:01:02,2024-04-13 00:14:12.630418,500000000,2024-04-13T00:16:25.156935,"Wish: Shop and Save
24.14.0",Wish Inc.,2 Apr 2024
356F395D970CC9520815CFC8C5125EE037B57FDF9167DA16DDCBB0593D5E0E1C,com.sdpgames.sculptpeople,403002,1981-01-01 01:01:02,2024-04-26 15:18:32.417554,100000000,2024-04-26T15:19:45.161341,"Sculpt People
3.0.0.2",CrazyLabs LTD,16 Apr 2024
0ACD52DD2EE976FDE497A7850A28968E17028B2482C47C2FA5C7E5E1CF61472B,com.wondershare.filmorago,14261,1981-01-01 01:01:02,2024-11-27 02:28:49.91969,100000000,2024-11-27T02:28:52.470277,"Filmora：AI Video Editor, Maker
14.2.61",Wondershare Filmora,21 Nov 2024
7C7D73FFDA7A2D147A84F4DE8E82CF6170B5AAB3040D6EB13B81400DA590D74E,com.turborilla.MadSkillsMotocross2,4905,1981-01-01 01:01:02,2024-10-20 11:57:54.256134,50000000,2024-10-20T11:56:20.396501,"Mad Skills Motocross 2
2.52.4905",Turborilla,27 Sept 2024
0FA5C18AF8A967A240FE55CFDEDE4E084EEBBBCE7266C81241A0E2EA99708168,com.pd.thecook,317,1981-01-01 01:01:02,2024-10-23 00:36:54.949464,50000000,2024-10-23T00:36:58.928672,"The Cook - 3D Cooking Game
1.2.28",SayGames Ltd,27 Sept 2024
6245E1E6EEFDD6AE5D9368796C4420BB06780BC2FAE4A00035147D2FEEC785FD,com.sand.airdroid,40306000,1981-01-01 01:01:02,2024-04-01 17:00:50.762206,50000000,2024-04-01T17:01:04.817079,"AirDroid: File &amp; Remote Access
4.3.6.0",SAND STUDIO,20 Mar 2024
036CBA4A91F8EE653CDF90BDC49C92595AFC44141D385AADA46DCF4146CFCA01,online.cashemall.app,510,1981-01-01 01:01:02,2024-09-10 22:01:04.123537,50000000,2024-09-10T22:02:55.932749,"Cash&#39;em All - Play &amp; Win Gifts
5.1.0-CashemAll",Cash'em All,4 Jul 2024
3F9722FBB44843E8C9306B51B2A0986C32CB4B54CDE2E152D1BF99CA019E25FE,com.dagtirmanma.oyunu,200146,1981-01-01 01:01:02,2024-09-22 12:26:38.538817,100000000,2024-09-22T12:26:52.209318,"Mountain Climb 4x4 : Car Drive
9.97",Silevel Games Ltd,26 Aug 2024
B1D688015AD25E0F8217D0B36F48D8EBFCF38513261B3083B31A4820C57A1FA1,com.tutotoons.app.kpopsiescuteunicornpets,1018106,1981-01-01 01:01:02,2024-12-03 09:59:59.852372,50000000,2024-12-03T10:01:15.103837,"Kpopsies - Hatch Baby Unicorns
1.18.106",TutoTOONS,28 Nov 2024
6A2CB7F9EC1E8260A5C2F6D10E4D5EB792F0357C1144A71842EAF38E5D03196E,com.ihari.escapetheprison,381,1981-01-01 01:01:02,2024-08-31 01:09:44.162741,50000000,2024-08-31T01:13:39.894032,"Escape Masters
1.6.1",CASUAL AZUR GAMES,8 May 2024
0FB91C6E9AB181178804D8348E04C472143079EC6D31CF0BFD423975F0A101B2,com.indeed.android.jobsearch,69679,1981-01-01 01:01:02,2024-04-26 14:29:06.982703,100000000,2024-04-26T14:30:42.289347,"Indeed Job Search
177.0",Indeed Jobs,18 Apr 2024
0A4FBF7204EB91DF6D6956A26226D1D221F4B0E4D1D42CEF0C3D29E88DE2E144,com.master.hotelmaster,1049,1981-01-01 01:01:02,2024-05-21 18:54:30.32545,100000000,2024-05-19T02:16:56.876859,"My Perfect Hotel
1.10.5",SayGames Ltd,9 May 2024
A388ECA31AFF0B39037AA5380A388101D061EB59CED615A2799B8DD588E2C95D,com.sinyee.babybus.homesafe.global,8700000,1981-01-01 01:01:02,2024-11-06 02:59:46.513415,50000000,2024-11-06T03:14:24.946374,"Baby Panda Home Safety
8.70.00.00",BabyBus,5 Aug 2024
1722A3A55978122934159AEC322E781B5D32E308A7EB5EBADD7626EBDC09FB32,com.pencil.madness,435,1981-01-01 01:01:02,2024-04-13 02:32:42.949269,50000000,2024-04-13T02:31:00.637792,"Pencil Rush 3D
0.8.34",Gismart,1 Feb 2024
61167EECC692E85330D4469A42BFE1937774C682F3EF9A11FCE5D8D86F0E45EC,com.silevel.mountainclimbstunt,200072,1981-01-01 01:01:02,2024-10-16 14:00:32.817471,50000000,2024-10-16T14:01:07.777408,"Mountain Climb: Stunt Car Game
7.1",Silevel Games Ltd,27 Aug 2024
4AD47DBAF6F2FD48639FB901228F580FA43847BEB849232B2D81598F90E8E4B0,com.musixmatch.android.lyrify,2024020802,1981-01-01 01:01:02,2024-03-15 08:14:02.387122,50000000,2024-03-15T08:16:39.869244,"Musixmatch Lyrics
7.11.1",Musixmatch,8 Feb 2024
1DA6CBC3BEE5EBB9421D89C03A8D20BD57C2131142FE7BFEB0E727F2F2778161,com.google.android.apps.chromecast.app,30466328,1981-01-01 01:01:02,2024-10-27 07:56:33.545365,500000000,2024-10-27T08:18:58.668095,"Google Home
3.25.1.4",Google LLC,15 Oct 2024
285DAA6B1D9FD228BDF51B1DBCE3E408C834AACC3F3B12EF707DDF0952F503D4,com.trivago,2024093003,1981-01-01 01:01:02,2024-10-12 03:32:53.667175,100000000,2024-10-12T03:42:43.735115,"trivago: Compare hotel prices
6.20.0",trivago N.V.,30 Sept 2024
00FEFD60F7277E22888E082027498AFF848F585932045B6596D3F7866C514DE8,battle.iron.suit,162,1981-01-01 01:01:02,2024-09-06 17:20:09.335581,50000000,2024-09-06T17:31:54.304645,"Iron Suit: Superhero Simulator
1.24.2",CASUAL AZUR GAMES,28 Aug 2024
9E77AA4F29EE89CB51AEF95DB58DADAF62F5E347BDF33A6F7B26E607D1173FF8,com.tabtale.candyblash,130,1980-01-01 00:00:00,2024-04-14 12:41:12.9031,50000000,2024-04-14T12:42:34.170387,"Candy Makeup Beauty Game
1.3.0",TabTale,15 Feb 2024
8C2C6D393DB88F6DCB3F78840269A5D046D53B2D91D0EF74D7F9D0801D9D35E2,com.mate.vpn,48852,1981-01-01 01:01:02,2024-10-28 01:33:53.441773,100000000,2024-10-28T01:35:18.547820,"XY VPN - Security Proxy VPN
4.8.852",MATRIX MOBILE PTE. LTD.,24 Oct 2024
358E1015EB25A5DFA31440B332A91E05DBC8A3D4F81A73872FF24B1CE84A1B85,cris.org.in.prs.ima,256,1981-01-01 01:01:02,2024-01-19 12:31:14.377617,100000000,2024-01-19T12:31:32.720158,"IRCTC Rail Connect
4.2.19",IRCTC Official,11 Jan 2024
4F2900C6765C46DA8CC12BB12F9BA88EC543A96A124DF3F699EB2A0DB9DF8880,com.zatg.scaryneighbor.hellgame,115,1981-01-01 01:01:02,2024-07-13 19:49:38.712549,50000000,2024-07-13T19:54:15.069262,"Scary Stranger 3D
5.34",Z & K Games,23 May 2024
039FA39D752F45093EDFD578B43B9A196808309DA3F245DA9F0BDBA661A434A8,deezer.android.app,8001904,1981-01-01 01:01:02,2024-08-23 15:06:17.31436,100000000,2024-08-23T15:06:55.152882,"Deezer: Music &amp; Podcast Player
8.0.19.4",Deezer Music,19 Aug 2024
619A8A026B067001E4EE3F9441BA59A7868928142C2CD3D3F131A7C4EB650014,com.fs.karate.king.fighting,3000166,1981-01-01 01:01:02,2024-04-18 12:48:17.695257,50000000,2024-04-18T12:53:52.971396,"Karate King Kung Fu Fight Game
2.6.6",Fighting Sports,1 Apr 2024
019527AA35A4EDFBE8F8570FF7372A1734CF2D0B75C4577276AAD85C5A3C7EEA,com.playgendary.polyspherecoolgame,520,1981-01-01 01:01:02,2024-08-25 00:42:00.759635,50000000,2024-08-25T00:46:36.890386,"Polysphere: Art Puzzle Game
1.15.22",CASUAL AZUR GAMES,22 Aug 2024
0978299A9DE3E29B6CB9D6567024F32B56CD62247C982AD7EB2A761298010EB2,com.os.airforce,1386,1981-01-01 01:01:02,2024-10-09 20:04:43.11434,100000000,2024-10-09T20:55:07.276528,"1945 Air Force: Airplane games
13.86",1SOFT,3 Oct 2024
0B48371D37BB8236FCCAD5D7B7918ABFECF9440A6FD7425A3EBE6D3DF748FF3C,com.ss.android.ugc.trill,340003,1981-01-01 01:01:02,2024-03-26 20:34:13.029119,500000000,2024-03-26T20:45:15.288628,"TikTok
34.0.3",TikTok Pte. Ltd.,21 Mar 2024
00090F828D49EDD0A9C795710FC20344FD28E908866A22E799B44CA37478FEB8,com.playgendary.ktbremaster,7012,1981-01-01 01:01:02,2024-09-27 23:57:07.282962,100000000,2024-09-28T00:01:07.496115,"Kick the Buddy: Second Kick
1.14.1511",Playgendary Limited,23 Sept 2024
38C3D774CEE13FB2ABD0D9F27ACE4CFBAD19576DB11B457F23B77238EF289164,com.kidgame.supermarket,204,1981-01-01 01:01:02,2024-09-11 14:16:54.442695,50000000,2024-09-11T14:16:54.812018,"Supermarket: Shopping Games
4.0.4",Hippo Kids Games,3 Sept 2024
0FE0FD5C0F20319270DA926B9281286D9904A9AD549B4F64C75EA01FA95E7C86,com.venmo,4329,1981-01-01 01:01:02,2024-03-13 00:46:27.532539,50000000,2024-03-13T00:53:07.455280,"Venmo
10.36.0",Venmo,5 Mar 2024
39E33A023CF1725EBCB1170CC427D2CA6C52C78D323509EAAD29F4FAA567CC6E,com.beatronik.djstudiodemo,176,1981-01-01 01:01:02,2024-04-19 14:30:47.733758,50000000,2024-04-19T14:38:46.329802,"DJ Studio 5 - Music mixer
5.9.1",Beatronik,5 Jan 2024
255E79FD2C88B7FDE471E9ED4C8A9047857DCA6A8BBB12A153F6768BD62D8127,video.downloader.videodownloader,128,1981-01-01 01:01:02,2024-08-17 13:59:49.841851,100000000,2024-08-17T14:00:32.284361,"Video Downloader
2.2.8",InShot Inc.,19 Jul 2024
030EE3B6B4C891090865DE5C8B6AD68F29D48F62DAD49A49AF91D55AC89DF273,com.rvappstudios.math.kids.counting,262,1981-01-01 01:01:02,2024-11-22 04:25:49.870528,50000000,2024-11-22T04:25:51.170092,"Math Kids: Math Games For Kids
1.8.7",RV AppStudios,20 Nov 2024
76CE9C75E5B1830598C932FF10D3A0FFEC23EE087150712B615A044731C9C6BF,com.vive.riderleague,600,1981-01-01 01:01:02,2024-03-21 19:22:40.101032,50000000,2024-03-21T19:23:14.677898,"Race.io
600",Vive,15 Jan 2024
B6B17887DE79FA41AE9B043318EDE78952DC26338BC56DD7942889759A9082ED,com.lightricks.facetune.free,1101628,1981-01-01 01:01:02,2024-01-15 17:26:11.023255,50000000,2024-01-15T17:26:23.791753,"Facetune AI Photo/Video Editor
2.30.0.1-free",Lightricks Ltd.,11 Jan 2024
002A75B4D7876EC0B7ADB851792C0277F11B00F72CD75C446B93C37C10B21B86,com.mobirix.wspuzzle,24110600,1981-01-01 01:01:02,2024-11-22 07:37:35.24334,10000000,2024-11-22T07:49:28.325997,"Water Sort Quest
1.2.1",mobirix,11 Nov 2024
2786631B152D29B21D680A36942CE26D142FC4F1FB4FD677366C5F3CBF4DBE69,com.tinybytes.massivewarfare2,200378,1981-01-01 01:01:02,2024-03-01 15:49:17.924937,50000000,2024-03-01T15:49:56.447652,"Massive Warfare: Tanks PvP War
1.78.378",TinyBytes,1 Feb 2024
1ADAD9D566688904BF58B0ED9C1B4AC483B8481CA3FA6AFE73F7B9A968AC5A01,com.tp.pmu3d,51,1981-01-01 01:01:02,2024-04-26 19:45:07.155705,50000000,2024-04-26T19:45:09.751037,"Pick Me Up 3D: Taxi Game
1.41.0",Azur Interactive Games Limited,8 Apr 2024
0539F108EBE98B10E7D0D7AB678A04AE6BEAB1623C3EC9ADB0D45CFE7A759793,com.microsoft.bing,420604038,1981-01-01 01:01:02,2024-06-08 13:55:50.943563,50000000,2024-06-05T19:21:27.268501,"Bing: Chat with AI &amp; GPT-4
28.5.420604038",Microsoft Corporation,4 Jun 2024
BEE037BD66E753D237B521650F53B7C2F0E7A96D39FBF8F7A38C65BE91928198,com.music.ops.retroappdownload2,34,1981-01-01 01:01:02,2024-07-02 11:14:26.194307,50000000,2024-07-02T11:14:26.528446,"Download Music Mp3
34 18-06-2024",Bayzid Hossain Shaded,18 Jun 2024
0B874DB108CBB0779A166C4CD862A71B26267E1CD8BFA80B6FFE8AB069C953C7,com.alphainventor.filemanager,2103031,1981-01-01 01:01:02,2024-02-20 21:34:23.672684,100000000,2024-02-20T08:50:52.741722,"File Manager
3.3.1",File Manager Plus,14 Feb 2024
5828396A95468BDA59C97AFF61EEB8BCB6E9ACE1A4AAB53F277ADCB0C8F25DC6,com.mobileguru.candyfever.free,1171200,1981-01-01 01:01:02,2024-04-09 17:22:22.567313,50000000,2024-04-09T17:27:34.375689,"Candy Fever
11.7.1200",Mobileguru,3 Apr 2024
0ED855C01F44E99CEAC8C06016E8A4C67BC1C87F62B7545661324DB4B1278094,com.meitu.meiyancamera,12095,1981-01-01 01:01:02,2024-06-19 21:57:11.522471,50000000,2024-06-18T10:45:25.848712,"BeautyCam-AI Photo Editor
12.0.95",Meitu (China) Limited,13 Jun 2024
565A8A3657CAED9EA4C416F09E1BAAEDE6B1B2E6AD2E0DE280F0B0771676B337,com.budgestudios.googleplay.HotWheelsUnlimited,3544,1981-01-01 01:01:02,2024-12-10 13:49:59.719175,50000000,2024-12-10T13:50:04.747541,"Hot Wheels Unlimited
2024.6.0",Budge Studios,2 Dec 2024
89E7E7E4391B497ABE3B20E681F7453C39013A1C956F06FDF24A21EE740A9199,com.sbkgames.RacingLimits,1900,1981-01-01 01:01:02,2024-09-09 17:46:31.451803,50000000,2024-09-09T17:58:54.691941,"Racing Limits
1.9.0",Valvolex,19 Aug 2024
0E67C270364D7D11DF050B7F0D0F78646009AF638E572E6AD7D158EA66D31EAE,com.no.color,1384,1981-01-01 01:01:02,2024-03-17 07:33:02.725372,100000000,2024-03-17T07:36:54.520278,"No.Pix Color by Number &amp; Pixel
25.4.0.4",ideaFun - Pixel Art Coloring Games Color by Number,22 Feb 2024
0C1FD7460184D2D6818014D8B5C890A66EFC13CA5E5B573AEE24583B371DAED3,fc.admin.fcexpressadmin,1214,1981-01-01 01:01:02,2024-06-13 23:31:19.643672,50000000,2024-06-13T23:30:02.329807,"FirstCry India - Baby &amp; Kids
9.9.67",FirstCry.com,2 Jun 2024
37FE53455E104AC038D0DA4C695C9AE7C91474197D3640C9D6A8F7C70165A841,com.gameloft.android.ANMP.GloftM5HM,59320,1981-01-01 01:01:02,2024-03-30 02:55:04.960418,100000000,2024-03-01T02:23:41.961359,"Modern Combat 5: mobile FPS
5.9.3a",Gameloft SE,11 Feb 2024
01A152F7CB5390685E8C0751AD56E064F4ADD85983A9FCF19E0A6E0D9A190469,com.audible.application,154018,1981-01-01 01:01:02,2024-04-10 13:46:21.829318,100000000,2024-04-10T13:45:11.127633,"Audible: Audio Entertainment
3.73.0","Audible, Inc.",9 Apr 2024
03A36A5809C75C853900D812F6FCF9E3E96972BE41C1BA8A8766EA1C2BF305A2,com.instagram.android,374612685,1980-01-01 00:00:00,2024-08-30 13:42:16.998699,5000000000,2024-08-30T13:45:38.539912,"Instagram
346.1.0.46.104",Instagram,30 Aug 2024
533A8618F313D27B9D9412E6E16639B13A9FE2C45DECC814779A4EF229516DD0,com.appsomniacs.da2,323,1981-01-01 01:01:02,2024-08-03 23:04:00.046217,100000000,2024-07-28T07:22:06.544342,"Mini Militia - War.io
5.5.3",Miniclip.com,10 Jul 2024
39F169D1A59DEE54A2176828B02B8B4571A387F7218FE14996AB71E947315962,linkdesks.pop.bubblegames.bubbleshooter,25469,1981-01-01 01:01:02,2024-06-08 20:17:16.54918,50000000,2024-06-08T20:19:14.520245,"Bubble Shooter
6.5.1.33947",LinkDesks - Jewel Games Star,10 May 2024
013E1F2F83EA74ACE95944A682A86E97A8D923C07BA035889A58B9977D3A6FE8,com.teamviewer.quicksupport.market,1557525,1981-01-01 01:01:02,2024-08-30 11:25:24.889522,50000000,2024-08-30T11:25:54.292594,"TeamViewer QuickSupport
15.57.525",TeamViewer,22 Aug 2024
2CB51FFC68D2CA94835F327E1A18A6B08EC8D8A4661789F96359C52C82B9755F,com.google.android.apps.youtube.music,71852240,1981-01-01 01:01:02,2024-09-13 11:51:11.80005,1000000000,2024-09-12T21:53:12.010705,"YouTube Music
7.18.52",Google LLC,6 Sept 2024
6CFDFD058A42E307998868EF911C9951748E08A3C28050605A9372B402B3CB95,com.miui.cleaner,100673,1981-01-01 01:01:02,2024-05-30 09:54:51.615564,1000000000,2024-05-30T09:54:52.915863,"Cleaner
673.1.240325.release",Xiaomi Inc.,2 Apr 2024
56012B5AE38E195C947117021548C41DC965F080A14CBE559D4D55065C3B9EA0,com.kayac.level_up_number,22603,1981-01-01 01:01:02,2024-08-03 06:05:07.475608,50000000,2024-08-03T06:06:52.853870,"Number Master: Run and merge
2.2.6",KAYAC Inc.,27 Jun 2024
4297BC4043A006F2C8426A8746910B5FA70496186D07EAB512875279074B866D,com.google.android.apps.kids.familylinkhelper,1011489,1981-01-01 01:01:02,2024-10-23 12:53:22.612352,50000000,2024-10-23T13:06:57.730073,"Family Link parental controls
flh.release.1.107.0.M.665522135.trampoline",Google LLC,21 Aug 2024
06F0C708FF95CD4E1BDF13B55550B4BF501235D50D9E5E46C5472B5493ACD684,com.gtarcade.lod,296,2024-08-05 14:54:26,2024-08-28 12:41:31.427447,50000000,2024-08-28T12:42:21.906161,"Legacy of Discord-FuriousWings
2.8.24080514",Yoozoo (Hongkong),5 Aug 2024
928A564D75562C2AC8010AE1568D5E1EC7029E22E7A51DB3E4819C7CC42B026A,com.brainup.thinkoutside,66,1981-01-01 01:01:02,2024-03-23 05:51:57.286107,50000000,2024-03-23T06:15:28.133306,"Brain Up
1.1.1",Azura Global,25 Dec 2023
8523798EA158F61250F021997BCFA8D05A10E9BC7015BFE8306B952F66B672DD,com.generagames.soccerstarleaguesfootball,155,1981-01-01 01:01:02,2024-11-16 08:03:02.569926,50000000,2024-11-16T08:06:08.729764,"Soccer Star Top Leagues 25
2.30.0",Viva Games Studios,26 Sept 2024
128EAF4254F6725A59C0289F08C1083A9E8A8C25F67B31ED9500C12CA931E5A2,com.microsoft.office.powerpoint,2004005619,1981-01-01 01:01:02,2024-04-29 21:07:51.430434,1000000000,2024-04-29T21:07:52.697812,"Microsoft PowerPoint
16.0.17531.20088",Microsoft Corporation,24 Apr 2024
352AB28EE2A2026DF7298E4A20F6DF9B8154C9DD0493E0540AD5E86C9F544375,com.apple.movetoios,3032,1981-01-01 01:01:02,2024-08-08 22:18:31.32043,100000000,2024-08-08T22:18:46.214847,"Move to iOS
3.5.4",Apple,29 Jul 2024
9091BBED24647C78A6ACCAAD5DCFABFD96BC6A62CF9660A30FEB741D438C80CF,com.miniclip.railrush,61014209,1981-01-01 01:01:02,2024-01-24 20:36:06.634945,100000000,2024-01-24T20:36:32.654900,"Rail Rush
1.9.22",Miniclip.com,17 Jan 2024
30F86646B663D9ABD55580F16F685C0DE2CAC1F14B4BAA548D1B5D08D4C569A8,com.shape.change,1360,1981-01-01 01:01:02,2024-12-15 16:46:45.7759,100000000,2024-12-15T16:57:18.075018,"Jelly Shift - Obstacle Course
1.8.60",SayGames Ltd,9 Dec 2024
0982E11382A4E161E49B05E67CF3C679A6434AC59683F25AD6E0480A8773E38C,com.droid27.transparentclockweather,1084,1981-01-01 01:01:02,2024-03-19 21:01:40.789658,50000000,2024-03-19T21:10:35.962826,"Transparent clock and weather
6.79.3",MACHAPP Software Ltd,15 Mar 2024
02D102B5C704878601C439F4CB0C74E87C0A9CCA8D7857AB27770839F5AA9584,com.amazon.avod.thirdpartyclient,368001447,1981-01-01 01:01:02,2024-04-26 12:15:29.942894,500000000,2024-04-26T12:15:43.795780,"Amazon Prime Video
3.0.368.1447",Amazon Mobile LLC,22 Apr 2024
3852EE7F7A1E726CC43079597411CA98E5209DCB25A96060B160663AA653A530,com.suntv.sunnxt,200204,1981-01-01 01:01:02,2024-11-19 01:08:55.961731,50000000,2024-11-19T01:14:08.572442,"Sun NXT
4.0.161",Sun TV Network  Limited,11 Nov 2024
191B0BB116FDF1A2189556755E0CBAE331618ECA6CEC262962110A96389083A6,com.matteljv.uno,126061,1981-01-01 01:01:02,2024-03-29 14:17:25.435793,100000000,2024-03-29T14:21:00.805633,"UNO!™
1.12.6061",Mattel163 Limited,19 Mar 2024
1B6E24184DA4037FC42762196696E57FA74CAD6BCA8CD85DD159FC2ECAFBCE81,io.state.fight,154,1981-01-01 01:01:02,2024-03-31 08:06:23.835959,50000000,2024-03-27T13:01:35.657260,"State.io — Conquer the World
1.3.3",CASUAL AZUR GAMES,21 Mar 2024
35D9458C4B17EFC11F904DDE96D0CC594C9A75131F671637D18B1B5B665F22CF,com.riffsy.FBMGIFApp,366,1981-01-01 01:01:02,2024-05-02 09:46:57.311222,50000000,2024-05-02T09:48:11.475202,"GIF Keyboard by Tenor
2.1.76",Tenor Google,15 Apr 2024
128171AA8458352A83854DB35CB375840E822E3397D233AE094171F2BFDCD36F,com.teenpatti.hd.gold,77805,1980-01-01 00:00:00,2024-03-15 16:06:11.177268,100000000,2024-03-15T16:11:49.723023,"3Patti Rummy Poker Blackjack21
8.05",Moonfrog,27 Feb 2024
AD9817A1E418594B90EF0C36870A1206C429E4AE3E4C9F5A58FB02A874618FA4,com.spotify.lite,122274,1981-01-01 01:01:02,2024-09-04 20:13:00.920478,50000000,2024-08-31T15:21:01.451610,"Spotify Lite
1.9.0.72404",Spotify AB,20 Aug 2024
072CE5887C52261095F9290A5AB1E7FABE5C0E428925B1633910D667516F7D46,com.zillow.android.zillowmap,86575,1981-01-01 01:01:02,2024-11-16 04:33:51.133842,50000000,2024-11-16T04:37:43.198643,"Zillow: Homes For Sale &amp; Rent
15.43.0.86575",Zillow,7 Nov 2024
02B41DE814337AD1ABBC73BC43D0AD607B11971AC53C15998A18E599C0180F6E,com.opera.mini.native.beta,818071557,1981-01-01 01:01:02,2024-04-26 17:31:23.76285,50000000,2024-04-26T17:31:31.974462,"Opera Mini browser beta
81.0.2254.71557",Opera,17 Apr 2024
0CD5862299296DBFDD19365778059AF60D3702E2791B7EDAB738AB18C227A9D8,com.tms,639,2024-09-11 18:59:58,2024-10-09 18:09:13.655561,50000000,2024-10-09T18:11:35.333663,"T 멤버십
20.4.10",SKTelecom,11 Sept 2024
234DB1FD7FD479ACC0B6F765E215986F42829C8C70B7DA97EBDAE0E65BD1CB75,me.mycake,305100101,1981-01-01 01:01:02,2024-08-31 05:42:29.031787,100000000,2024-08-31T05:43:04.835375,"Cake - Learn English &amp; Korean
5.10.1",Cake Corp.,27 Aug 2024
3EDA5249D09DF3FDD9A0315B5E86EF7BADDF60E5ED95A1B8F4B02980F0CA66B6,com.ea.gp.pvzheroes,285,1981-01-01 01:01:02,2024-12-12 12:55:11.601964,50000000,2024-12-12T13:27:16.915654,"Plants vs. Zombies™ Heroes
1.60.79",ELECTRONIC ARTS,5 Dec 2024
083EBBE3E5C05E126532E5D0C97D7EF0E7EB0497BC7DB0CEC2B5FF6DC44F6437,com.motionvolt.flipdiving,10103820,1981-01-01 01:01:02,2024-07-01 17:07:44.199454,100000000,2024-07-01T17:05:10.219096,"Flip Diving
3.8.20",MotionVolt Games Ltd,19 Jun 2024
44772218ADA907A08D20F88FE49752BC80D57E2C590B44D1AF0234AAEC0FCA85,com.turborilla.bike.racing.madskillsmotocross3,13798,1981-01-01 01:01:02,2024-04-28 20:56:51.832217,50000000,2024-04-28T20:58:34.062615,"Mad Skills Motocross 3
2.11.1",Turborilla,25 Apr 2024
3E0ADE145C492F49C13FC19996B99BED72C5455F0F6055878699BD90C2C2FD5E,blockpuzzle.new1010.jewelgames.puzzlegames,179,1981-01-01 01:01:02,2024-07-04 13:24:38.233014,50000000,2024-07-04T13:26:02.537140,"Block Puzzle
1.17.9",Block Puzzle Jewel Games,27 Jun 2024
0BEDE4F8FCFE918887A19E543FD1B2A20DA21E0B04D0266C1324A0AE92FD350C,com.gamedevltd.modernstrike,429631,1981-01-01 01:01:02,2024-11-16 05:17:28.010811,100000000,2024-11-16T05:32:58.506465,"Modern Strike Online: PvP FPS
1.70.1",Azur Interactive Games Limited,10 Nov 2024
06AF6F54B42455BD0AAB6433EC77B5003CCD974B2704A053FA03139DFD175F57,com.submarineapps.mill,700684,1981-01-01 01:01:02,2024-07-04 07:58:15.822169,50000000,2024-07-04T08:08:14.042268,"Brain Quiz: Trivia Game
1.7.3.9",Quiz & Trivia Games by Submarine Apps,2 Jul 2024
725C87B6AAE8C54F0117E9F5D69D0361ACF1F4BC3FD7243C96E7AC762102810F,com.transsion.magicshow,73221,1981-01-01 01:01:02,2024-11-04 00:31:21.213188,500000000,2024-11-01T09:00:44.304618,"Visha-Video Player All Formats
4.3.2.2001",Visha Group,27 Sept 2024
574F924AF6DB9E18BA3C598BE1B289AB0CA34FFE85D96D2398A9A6F683E525CB,com.tfgame.criticalstrike,10122,1981-01-01 01:01:02,2024-03-04 11:49:54.435187,50000000,2024-03-04T11:49:47.740322,"Counter Terrorist Strike : CS
1.1.22",Gunfire Game,17 Jan 2024
17CEC017D00CCBF58D8E4B2D5AA3F4EF2CBB83CB53B27AFFDF0C067BF1B647F6,com.vivo.website,46700,1981-01-01 01:01:02,2024-11-04 05:30:16.12999,1000000000,2024-11-04T05:35:09.909805,"vivo Store
4.67.0.0",Vivo Website,23 Oct 2024
3CE87AC0FF02EE7312BE41F36749F340F85731BEB63A400CC1C3BC2E4979E934,com.wave.livewallpaper,641,1981-01-01 01:01:02,2024-06-16 05:12:10.763659,50000000,2024-06-16T05:16:16.722814,"Wave Live Wallpapers Maker 3D
6.7.41",Live Wallpapers by Wave Studio,28 May 2024
3E8FE114CE37F2763DEC82D40D63F0F37BC1971E3AEF6FF7B7DA02B47838E75F,com.enteriosoft.extremebalancer3,761,1981-01-01 01:01:02,2024-05-12 11:42:47.843216,50000000,2024-05-12T11:43:20.190341,"Extreme Balancer 3
76.1",Enteriosoft,20 Aug 2023
64597E2604252C0BE6AFA33999CCD955A0BCAF92716E711862DB768898F1EECD,com.playstrom.color.pages,35,1981-01-01 01:01:02,2024-08-25 11:01:42.150996,50000000,2024-08-25T11:02:20.153465,"Color Page ASMR
1.1.9",SayGames Ltd,14 Aug 2024
60FCE45FF1DFA7474A7C37CFB500E9845A3FC5748FA372E71A3EA9A28A4378DF,com.simppro.quran.offline,90,1981-01-01 01:01:02,2024-04-02 07:05:11.319167,50000000,2024-04-02T07:05:12.430685,"القرآن الكريم كامل بدون انترنت
9.0",simppro,1 Apr 2024
1C43BD9FCE8C316826DA4FC4AE68B545A95FD124F940E746E792915CD6BA80B9,com.ziraat.ziraatmobil,2012301527,1981-01-01 01:01:02,2024-04-07 02:54:14.641929,50000000,2024-04-07T02:59:20.385832,"Ziraat Mobile
2.6.7",T.C. Ziraat Bankası A.Ş.,21 Mar 2024
07D49B50E9D5B8130A03506695426F98E60C5DDCA5EEACCEAC1637BB31407604,com.mobilityware.spider,4671,1981-01-01 01:01:02,2024-10-28 23:22:28.454714,50000000,2024-10-28T23:25:55.219989,"Spider Solitaire: Card Games
7.4.0.4671",MobilityWare,21 Oct 2024
026728DA17441F05E0768C6B14DD89C6164E222DE58AD31B82645B5600719C96,fr.vinted,241700,1981-01-01 01:01:02,2024-04-29 17:24:28.325693,50000000,2024-04-29T17:25:22.568314,"Vinted: Buy &amp; sell second hand
24.17.0",Vinted,26 Apr 2024
1726A424B0CBDFD5B248DE737897BF7E359160E20E88049EB017FDDE24984BA6,com.reddit.frontpage,1391236,1981-01-01 01:01:02,2024-01-24 19:11:09.717773,100000000,2024-01-24T19:11:24.329597,"Reddit
2024.04.0",reddit Inc.,19 Jan 2024
02646A81E8EFE92D690310EEAA65A22EF69530487A084B0C074FC876F3EC7F61,com.inspiredsquare.jupiter,373,1981-01-01 01:01:02,2024-08-20 02:29:04.327057,50000000,2024-07-31T18:59:50.083579,"2248 - Number Games 2048
373",Inspired Square FZE,22 Jul 2024
42FD11A8E969A4C243E26F4FF89FFDE5008832D9226C00B21F053A11FC3C048D,com.hatsune.eagleee,10003407,1981-01-01 01:01:02,2024-12-12 17:00:25.67684,50000000,2024-12-12T17:02:12.573539,"Scooper News: News Around You
V10.3.407.GP",Transbyte App,27 Nov 2024
04825E79E1665428C3E09760079BB8CDFA1A1FEC3B3721562FA3E72E7A6EE391,br.com.tapps.vloggergoviral,302,1981-01-01 01:01:02,2024-10-29 01:52:39.034004,50000000,2024-10-29T01:55:29.995680,"Vlogger Go Viral: Tuber Life
2.43.59",Tapps Games,15 Oct 2024
10D95C475A07D949BA59CEE6397CF8FA67C74D986E90D7428E04316F1B7FD39F,de.sec.mobile,44800248,1981-01-01 01:01:02,2024-08-05 19:16:35.408229,50000000,2024-07-22T17:07:58.468416,"Lidl - Offers &amp; Leaflets
4.48.0(#248)",Lidl,16 Jul 2024
50F5271764CCDFBD653E2C0F23813E7D76DEFBCD43852A9CDC48563053C9C1C2,com.niksoftware.snapseed,1435392,2009-01-01 00:00:00,2024-05-25 00:19:22.551024,100000000,2024-05-25T00:19:23.707684,"Snapseed
2.22.0.633363672",Google LLC,15 May 2024
42DB3254DB0EECC54EA01E4C9F1585099410C302630F427CEA4B18C639A6D997,com.creative.sandbox.number.drawning.coloring,309,1981-01-01 01:01:02,2024-08-15 14:06:53.571132,50000000,2024-08-15T14:08:07.754679,"Color by Number ®: No.Draw
3.0.9",Creative APPS,20 Jun 2024
48FC3887AC9EBC327E64D49A33604B434B1F501FC39398688F6C35BFF179D2EB,com.srgstudios.inkinc,268,1981-01-01 01:01:02,2024-03-30 10:53:29.929543,50000000,2024-03-30T10:54:40.014461,"Ink Inc. - Tattoo Drawing
2.3.9",Lion Studios,12 Feb 2024
1D678256360E0C94953448191E8B00FFE519939E8E93129FFAF0CA504B2A6F6B,net.wargaming.wot.blitz,100700350,1981-01-01 01:01:02,2024-03-06 14:00:44.78734,100000000,2024-03-06T14:01:12.245475,"World of Tanks Blitz
10.7.0.350",Wargaming Group,22 Feb 2024
043A90E9AE42FBB5855C58FF33C4DC69A3F2E747F14B05819A60366605037DDE,com.yodo1.rodeo.safari,4600000,1981-01-01 01:01:02,2024-10-26 06:09:50.859953,50000000,2024-10-26T06:14:27.755920,"Rodeo Stampede: Sky Zoo Safari
4.6.0",Yodo1 Games,21 Oct 2024
1FFAC11CFED786B18E78EACE29B0AF750C811B9588C1B7878D383E6E28C9E441,com.outfit7.talkingnewsfree,280,1981-01-01 01:01:02,2024-04-05 08:37:04.215717,100000000,2024-03-15T01:58:07.396709,"Talking Tom &amp; Ben News
2.9.1.78",Outfit7 Limited,20 Feb 2024
05335541F9B042E02034400A6DD081FBAAFD51E8E77072EE9603EBE85D60BB9C,com.amazon.kindle,1285735411,1981-01-01 01:01:02,2024-03-29 03:32:55.214337,100000000,2024-03-29T03:52:33.384952,"Amazon Kindle
8.96.0.100(2.0.11021.0)",Amazon Mobile LLC,25 Mar 2024
05586078195A3B7A8CFD37452BF566EB36C7C695F0047F5AB25109F5C0D8AA73,in.swiggy.android,1211,1981-01-01 01:01:02,2024-03-30 04:34:47.532658,100000000,2024-03-30T04:43:06.384341,"Swiggy Food, Grocery &amp; Dineout
4.53.1",Swiggy,26 Mar 2024
0D5CCE2E773114EC96D0076001EFE3ED615291C4D90288A0848C350E48534CF4,com.axlebolt.standoff2,203412,1981-01-01 01:01:02,2024-11-16 06:10:20.057596,100000000,2024-11-16T06:11:19.916864,"Standoff 2
0.31.1",AXLEBOLT LTD,13 Nov 2024
7DE31DBDBDC88CFCDD5AC587BEBC01236BC5F3A50C7F4A1A6CE3F995825A2D9F,com.ht.mini.car.raceway.endless.drive,615,1981-01-01 01:01:02,2024-10-15 15:43:28.888405,100000000,2024-09-22T07:28:10.584859,"Mini Car Racing: Car Games 3D
6.0.15",GAMEXIS,16 Sept 2024
213645A558FB7A5B80002D3141888A6FEEB8A42191E53073FE88196C82E103FB,com.rvappstudios.jigsaw.puzzles.kids,217,1981-01-01 01:01:02,2024-12-06 10:51:17.916088,50000000,2024-12-06T10:52:20.353819,"Puzzle Kids: Jigsaw Puzzles
1.8.5",RV AppStudios,2 Dec 2024
14E8C012DF4559C1702BFD74A25AFAC65A250C4D2ED44FFCFBD829CD6EE3B6D6,com.balaji.alt,8059,1981-01-01 01:01:02,2024-08-25 12:23:25.08234,50000000,2024-08-25T12:24:53.144120,"ALTT : Web Series &amp; More
3.0.8.0.55",ALT Digital Media Entertainment Ltd,22 Aug 2024
0498BB476EE9B9767F071FD697D340979775CBAAD178220826504CFCADF88601,com.cyberlink.youcammakeup,62601,1981-01-01 01:01:02,2024-10-29 16:09:31.138089,100000000,2024-10-29T16:18:24.605603,"YouCam Makeup - Beauty Editor
6.26.0",Perfect Mobile Corp.,24 Oct 2024
1D95F346A18748D1B95ABA7477DA455E42ABA6A9B822F5524DFAC1BB2CADADF0,com.google.android.ims,31122871,2009-01-01 00:00:00,2024-01-16 21:19:26.618476,5000000000,2024-01-16T21:21:03.108631,"Carrier Services
carrierservices.android_20231106_00_RC02.phone",Google LLC,8 Jan 2024
013E550A95AAC64EBAA86EC354086C067025198684FC69AA806C3DA664E41764,com.etermax.preguntados.lite,874,1981-01-01 01:01:02,2024-04-18 23:21:48.186238,100000000,2024-04-18T23:37:44.782304,"Trivia Crack
3.261.0",etermax,15 Apr 2024
0CE3F48BDBF74A435922D1AC0169CDBFDD5414FECEC935A3105246A2118E3359,com.documentreader.documentapp.filereader,1017,1981-01-01 01:01:02,2024-05-29 20:17:53.759312,50000000,2024-05-29T20:19:17.524321,"All Document Reader and Viewer
2.7.20",TrustedOffice,9 May 2024
123C2686955277F93A859C9CF413AD5DB4B31C9FA5B2F019EA02E3A6E5BB8EB9,com.olzhas.carparking.multyplayer,200313,1981-01-01 01:01:02,2024-11-19 21:13:54.729576,100000000,2024-11-19T21:18:50.961531,"Car Parking Multiplayer
4.8.22.3",olzhass,24 Oct 2024
67ADE463066ACC8DF83E910C74E315C0A289565386303A6CEB2D0C4B233B9E21,com.playcreek.DeathWorm_Free,280,1981-01-01 01:01:02,2024-08-03 05:32:30.396111,50000000,2024-07-30T00:17:17.961486,"Death Worm™ - Alien Monster
2.0.080",PlayCreek Games,29 Jul 2024
04015BB0EC0E2135560C74DF8BF713AA80E69153838DBD30E0AF2AC604C40354,loseweight.weightloss.workout.fitness,82,1981-01-01 01:01:02,2024-05-06 13:06:21.971827,100000000,2024-05-06T13:06:57.840605,"Lose Weight in 30 Days
1.079.82.GP",Simple Design Ltd.,26 Apr 2024
1CB717C73C060BB787203D98806162E6F4A93AAB6CE3CCB9D2AA822D884B87B2,com.resultadosfutbol.mobile,23005307,1981-01-01 01:01:02,2024-04-01 20:20:22.043375,50000000,2024-03-28T03:23:36.821029,"BeSoccer - Football Live Score
5.5.0",BeSoccer Apps,26 Mar 2024
0077A2D21F631F692B79680054DE42B0FC105F914B7B4A8BAA57FAA56D644B9B,com.scoompa.facechanger,174,1981-01-01 01:01:02,2024-09-23 18:43:04.643405,50000000,2024-09-23T19:06:33.849100,"Face Changer
17.4",Scoompa,25 Feb 2024
0CBE20DEB4D272EC61FE499E96D64CAC56E263D67D4422D3EA4ECF2EC480024C,com.mmircil.cnb2,53047,1981-01-01 01:01:02,2024-12-12 07:26:41.824403,100000000,2024-12-12T07:40:15.430947,"Crafting and Building
2.7.21.28",GeneRe,22 Nov 2024
0F1251158B0582749EC9BB95AB3321AABE261A24386FB13C0951D66DA2A9A0BB,com.scores365,1338,1981-01-01 01:01:02,2024-04-28 19:35:23.25606,50000000,2024-04-28T19:36:40.479251,"365Scores: Live Scores &amp; News
13.3.8",365Scores LTD,21 Apr 2024
10C06176E8BA70FD7BC88CB868D17A4D812C115E5A92F2DA6A6C31DAC094FC17,com.google.android.gm,64641336,1981-01-01 01:01:02,2024-06-25 22:25:40.159425,10000000000,2024-06-25T22:30:54.598260,"Gmail
2024.06.09.641739254.Release",Google LLC,17 Jun 2024
2506B8832CF06DB90652F475CB398BFA675526A2763E3CF13BCBD79BF000A954,com.lenovo.serviceit,1014,1981-01-01 01:01:02,2024-09-06 11:09:06.481663,50000000,2024-09-06T11:10:08.885067,"Lenovo
10.1.4.0820",Lenovo Inc.,20 Aug 2024
16549D7ABA3469CB89B89DFD5009779E11CF757E0DAE119BE8BB38EE84FFD81C,com.bancomer.mbanking,118607,1981-01-01 01:01:02,2024-01-16 22:36:58.645686,50000000,2024-01-16T22:37:44.592237,"BBVA México
11.86.240109",BBVA,9 Jan 2024
063E4DE94F0BDF33BF953E762DDE5841A8E756DD60F3837F2F5F2508214F1D6D,co.brainly,605018701,1981-01-01 01:01:02,2024-04-01 02:10:38.579236,100000000,2024-04-01T02:45:35.113495,"Brainly-Scan &amp; Solve Study App
5.187.0",Brainly,27 Mar 2024
AD47D304D163656590DB6C40C361015E3252FDBBDDEEB0433AAC79E905333E2A,com.ansangha.drdriving,71,1981-01-01 01:01:02,2024-08-30 15:30:52.88495,500000000,2024-08-30T15:33:48.108153,"Dr. Driving
1.71",SUD Inc.,27 Aug 2024
01C52180564F6DF34F38F8504C3068DB2541524863E8C7E4D7682E34C2398EBF,com.instagram.barcelona,503023092,1980-01-01 00:00:00,2024-12-12 04:47:11.109639,100000000,2024-12-12T04:47:34.428814,"Threads
360.0.0.55.218",Instagram,9 Dec 2024
0CF0D1A0610FD048139465E824326F8548A52F5CAD10761978E53BFBE620C855,com.opera.app.news,119072803,1981-01-01 01:01:02,2024-06-28 10:14:48.332086,100000000,2024-06-28T10:14:19.104080,"Opera News: breaking &amp; local
11.9.2254.72803",Opera,20 Jun 2024
13FAC3AC68B52FEB0E5720D4536D84BB3DD62BA616553AD39368167CA49A496A,com.ea.game.starwarscapital_row,120,1980-01-01 00:00:00,2024-04-26 10:50:53.015006,50000000,2024-04-26T10:52:19.178097,"Star Wars™: Galaxy of Heroes
0.34.1519581",ELECTRONIC ARTS,19 Apr 2024
1690BAA7D365B04F018088609E29C0076153D57F18690431153998AB0F16BC14,com.maxgames.stickwarlegacy,2023005275,1981-01-01 01:01:02,2024-04-28 00:08:34.827023,100000000,2024-04-28T00:09:48.038314,"Stick War: Legacy
2023.5.275",Max Games Studios,25 Apr 2024
14951379299731AC815FC5001795AE9279D502FBAF8E41111FDBE21DAFC206C3,com.wsandroid.suite,619200539,1981-01-01 01:01:02,2024-10-16 10:33:19.307744,50000000,2024-10-16T10:40:06.248416,"McAfee Security: Antivirus VPN
8.8.0.539",McAfee LLC,3 Oct 2024
4EDC1AF77129C386D803006E5B774DCB36DE802B163132DF1AD9BB5154FB3A06,com.cocoplay.sweet.bakery,159,1981-01-01 01:01:02,2024-03-01 12:34:04.334398,100000000,2024-03-01T12:34:18.306073,"My Bakery Empire: Bake a Cake
1.5.9",Coco Play By TabTale,30 Jan 2024
0138FB8377BEDDC23DAA027745AB1E8053E69CB357851F9687CE480C1BE70CCA,com.google.android.apps.messaging,218565063,1981-01-01 01:01:02,2024-01-19 14:11:05.694046,5000000000,2024-01-19T14:11:09.944766,"Google Messages
messages.android_20240102_00_RC07.phone_dynamic",Google LLC,18 Jan 2024
37AE8E2115923367A4B96F52D730B8A58689CDFF2F5517C4989BB972F1DB7FE0,com.dancing.smash.hop.game.tiles.beat.piano.surfer,185,1981-01-01 01:01:02,2024-12-11 22:03:42.924968,50000000,2024-12-11T22:10:02.954707,"Cyber Surfer
5.7.1",BADSNOWBALL HONGKONG LIMITED,4 Dec 2024
0B4BE42BA6E4820ACF16C7AA20511E0F4C219761BAD79FB1DF91719E05F48E3A,com.careem.acma,241701,1981-01-01 01:01:02,2024-05-07 12:45:52.177588,50000000,2024-05-07T12:42:44.955504,"Careem – rides, food &amp; more
24.17",Careem,2 May 2024
8E3A7E256023FF77E19C2209C77D298C0307505CD24527943D5DEDC8C56F9B46,com.crazylabs.soap.cutting,3896,1981-01-01 01:01:02,2024-01-20 14:02:56.184562,50000000,2024-01-20T14:03:25.718735,"Soap Cutting - Satisfying ASMR
3.8.9.6",CrazyLabs LTD,15 Jan 2024
3803A303463029ADE48227149714FD2DE6909A606CBAAF28DB13C9AA61D23371,br.com.vivo,452241026,1981-01-01 01:01:02,2024-12-10 02:51:10.095634,100000000,2024-12-10T02:49:53.210999,"Vivo - Telefónica
24.10.26",VIVO S.A.,30 Oct 2024
0470882681482288DE5B3BB4E5D9D095A5C5D6F2FE6B87531DA2AE157D3834DC,com.blackout.word,1710,1981-01-01 01:01:02,2024-01-16 19:14:24.152736,50000000,2024-01-16T19:15:00.281831,"Word Search Quest: Word Puzzle
1.71",Blackout Lab,12 Jan 2024
1B3428E9CA8197F564D36F78577214AF2129DBD031D3E874407CECC13E098304,com.smokoko.race,2647,1981-01-01 01:01:02,2024-11-15 19:59:55.032701,50000000,2024-11-15T20:00:25.199577,"RACE: Rocket Arena Car Extreme
1.1.84",SMOKOKO LTD,6 Nov 2024
004A88CDF58C2A94C4CC339238DA5EA447A30925776C4C56392BB4064E338524,com.tier.app,40005431,1981-01-01 01:01:02,2024-07-09 01:15:21.134995,10000000,2024-07-09T01:41:39.329691,"TIER Electric scooters &amp; bikes
4.0.139",Tier Mobility SE,4 Jul 2024
099BB649146738ED525E3D1541A873E79AD3E52051EE745E1E716684CA8D3203,com.google.android.apps.wearables.maestro.companion,10159211,2009-01-01 00:00:00,2024-03-22 14:20:23.509243,50000000,2024-03-22T14:22:29.881656,"Google Pixel Buds
1.0.600995478",Google LLC,3 Mar 2024
450DC8507BBA0013AE54925B19791DE2014E98282E37EBB7217D29E4EC633516,com.herman.ringtone,3100300,1981-01-01 01:01:02,2024-09-15 21:34:30.791319,50000000,2024-09-15T21:37:40.989691,"Ringtone Maker:create ringtone
3.0.0",Big Bang Inc.,12 Aug 2024
0919088B9E1654122689E8615F89A915F6047AB497083C99B391215EE3E8DFAB,com.sinyee.babybus.princess,8700000,1981-01-01 01:01:02,2024-11-22 22:17:44.756805,50000000,2024-11-22T22:18:24.494421,"Little Panda Princess Dressup
8.70.00.00",BabyBus,15 Aug 2024
2DE9463FCCE1577A24F217F5CAE3CBD83A91824620308ADDA3CCA050512A29BA,candymanor.homedesign.match3,144,1981-01-01 01:01:02,2024-05-01 03:08:04.986425,100000000,2024-05-01T03:08:11.072230,"Candy Manor - Home Design
144",Tengame19,24 Apr 2024
5028261D58FCA89348FC3FB5AA880692DD1E0CE9A6142569F1E554C8A44DA8A4,com.julian.fastracing,17,1981-01-01 01:01:02,2024-09-06 07:37:28.094438,100000000,2024-09-06T08:11:00.122132,"Fast Racing 3D
2.5",Doodle Mobile Ltd.,15 Aug 2024
DB1EDBD570DB177F3816E7FC1D7CB72D10320E190AFC6AAEA79DB0E1DE95214B,com.easybrain.brain.test.easy.game,2350003,1981-01-01 01:01:02,2024-03-13 05:06:40.837787,50000000,2024-03-13T05:36:52.037388,"Easy Game - brain test
2.35.0",Easybrain,1 Mar 2024
CBB69109B142FCF488B52E8BF010B012CA1CBACEE37CB3FF17DEA03B87732AFF,com.tvc.drawstory,35,1981-01-01 01:01:02,2024-09-05 16:53:37.453276,50000000,2024-09-05T16:58:38.235884,"Draw It Story - DOP Puzzle
1.3.5","TVC Global., Ltd",20 Jul 2024
04C311627EF2237F0DC77BEC926968857CF24B17007DB6EE5E1DCDD941D2A981,com.tbegames.and.top_speed_racing,755014405,1981-01-01 01:01:02,2024-11-17 11:54:19.552184,50000000,2024-11-17T12:18:40.116984,"TopSpeed: Drag &amp; Fast Racing
1.44.05",T-Bull S A,25 Oct 2024
0091876703E862287E076E9B37629747CB6B6D39B28F9571AE471E003E2CA724,com.blockchainvault,89,1981-01-01 01:01:02,2024-08-06 21:12:54.802359,50000000,2024-08-06T21:14:20.289477,"Pi Network
1.38.0",SocialChain,12 Jul 2024
03AC3AA8A447A5F015E16D79B5AF77DF3A4232F3F4DA3A1873D9B16D6F38FB4B,air.com.playtika.slotomania,771120320,1981-01-01 01:01:02,2024-08-09 06:40:16.719559,50000000,2024-08-02T06:56:15.982559,"Slotomania™ Casino Slots Games
77.112.03",Playtika,30 Jul 2024
048E849E7B74952782611480DBE419EC2A7F4D8DDCC44F063F4036590CE9AF1E,net.mbc.shahid,4376,2024-05-01 07:53:12,2024-05-14 11:51:29.830802,100000000,2024-05-14T11:52:46.854822,"ﺷﺎﻫﺪ - Shahid
7.65.0",MBC Group,1 May 2024
02093E2EAD18B2B4492FB601E86CBD85A74614EFB68D829BB37619F45E715FC5,com.jazz.jazzworld,120,1981-01-01 01:01:02,2024-08-06 20:30:20.96712,50000000,2024-08-06T20:30:46.076475,"SIMOSA - Jazz World
3.0.5",Jazz Pakistan,12 Jul 2024
3BEBFFCBD4F6B83AA467B395C19F4D8316280D52AA0FF4090F78BF8AAF5D8F8E,com.jima.modern.tuktuk.auto.rickshaw.driving.game.simulator,77,1981-01-01 01:01:02,2024-12-08 10:09:07.381201,50000000,2024-12-08T10:09:26.710647,"Modern Tuk Tuk Auto Rickshaw
2.2.16",Jima Apps,16 Aug 2024
3B4F55C0EBCDAA4D441FEDCF370DB2071B4709AEFD6A56220CE92F353F2914D7,com.water.balls,114,1981-01-01 01:01:02,2024-01-25 12:55:32.21451,100000000,2024-01-25T12:56:07.310499,"Sand Balls - Puzzle Game
2.3.35",SayGames Ltd,22 Dec 2023
F6AD1E4E3336DDDBD216CA1E3E43292F17BDCB39CB93DC57032447FD8C0AEE42,com.freeshooting.specialforces.war3d,131,1981-01-01 01:01:02,2024-01-21 09:44:32.585114,50000000,2024-01-21T09:45:15.129021,"Special Ops: PvP Sniper Shooer
1.3.1",Fun Shooting Games - FPS,18 Jan 2024
85273AB50F4221A5C2B127C9589BDCA26C461FF11DB4057A10569BC9C70A2D9C,video.like.lite,40301,1981-01-01 01:01:02,2024-11-06 19:41:05.907563,100000000,2024-11-06T19:41:38.246104,"Likee Saya - Games&amp;Party
4.3.1",Likeme Pte. Ltd.,4 Nov 2024
36DB2F5FA3BD397C554F7B9A74136D064F3BC1FE636A9031FE649B75D563AD83,com.aurecas.stickmanzombieshooter,300572,1981-01-01 01:01:02,2024-05-11 12:12:59.602479,50000000,2024-05-11T12:12:51.878446,"Stick vs Zombies
1.5.42",Aurecas,3 May 2024
03827651E14738D7953B14F0FEF72F2386F4658122F72748B5058C85A224A38B,com.phonepe.app,24100404,1981-01-01 01:01:02,2024-10-22 19:56:55.069372,500000000,2024-10-22T20:10:40.125781,"PhonePe UPI, Payment, Recharge
24.10.04.0",PhonePe,17 Oct 2024
14459E8E550A03558C9DEB12F28A6EC205BACBA50B39D4F6CB5CDD1A796B784D,org.telegram.messenger,54692,1981-01-01 01:01:02,2024-11-20 01:08:18.622369,1000000000,2024-11-20T01:09:38.614807,"Telegram
11.4.2",Telegram FZ-LLC,18 Nov 2024
01CAF2FFB219A82B5FB7DD979945A1C4CB0021442C1221E84D5C26E28365B49A,com.miniclip.cricketleague,79,1981-01-01 01:01:02,2024-07-05 13:30:40.987711,100000000,2024-07-05T13:37:43.339511,"Cricket League
1.20.1",Miniclip.com,14 Jun 2024
1E1E762ED141383B6D25E2AF142B94C3A1DAAE63B24914E8068DB795661CBF90,com.search.music.mp3.musicplayer,74,1981-01-01 01:01:02,2024-01-18 20:03:49.707015,50000000,2024-01-18T20:04:27.801465,"Music player
74.1",creative & quality std,3 Jan 2024
18738F0A5D504E0E26AE9E727FB1DFF654E68C272A1BAB24CB9AA78E93EE1FAB,ai.photo.enhancer.photoclear,64,1981-01-01 01:01:02,2024-09-18 12:00:50.376053,50000000,2024-09-18T12:01:19.255835,"UpFoto - AI Photo Enhancer
1.2.6.64",AI Photo Team,9 Sept 2024
0FFEE0B971E10A03A1FCD5C20F1ED28018C77384BF087F56285CEE08BAFDB7B8,roll.unblock.ball.block.puzzle,76,1981-01-01 01:01:02,2024-11-21 09:59:36.948982,100000000,2024-11-21T10:07:36.755949,"Unblock Ball - Block Puzzle
76.0",Fun Free Fun,11 Nov 2024
045BFFA391CDFDF996EDB3B3D7327AC77BD5F6CE76A4AA295B2DCD72ACE94AEB,com.ChillyRoom.DungeonShooter,60612,1981-01-01 01:01:02,2024-10-17 15:40:52.506565,50000000,2024-10-17T15:43:41.908207,"Soul Knight
6.6.1",ChillyRoom,9 Oct 2024
4770E39C56F70514CD20FBFE95D7F957806D3E6F311C0279E939CC518D6B7B72,com.newstory.DrawHappyPolice,87,1981-01-01 01:01:02,2024-10-24 14:34:58.094594,50000000,2024-10-24T14:37:00.825225,"Draw Happy Police - Draw Games
0.7.0",New Story Inc.,22 Jul 2024
064C3358006B1E5D03DEEF7063F5C4886FB2841EF49C1E30769CC1D28B58CA65,com.tutotoons.app.sweetbabygirlcleanup5.free,700030207,1981-01-01 01:01:02,2024-08-31 16:05:44.934256,50000000,2024-08-31T16:05:59.307409,"Sweet Baby Girl Cleanup 5
7.0.30207",TutoTOONS,27 Aug 2024
4DE8D77B308EEB321033DEEE7C034B171ACEEFC4026AEC51EB4D99C1EE800DF8,com.CarXTech.highWay,231,1981-01-01 01:01:02,2024-08-02 23:47:46.512131,50000000,2024-08-02T17:13:38.736669,"CarX Highway Racing
1.75.3","CarX Technologies, LLC",15 Jul 2024
4734C27DB2C88A84E095493D442F485064BB674596176AD1BAB437BB48872AAF,slime.simulator.time.asmr,291,1981-01-01 01:01:02,2024-01-20 18:12:08.81256,50000000,2024-01-20T18:12:33.017142,"Slime Simulator ASMR DIY Games
2.91",Questzy,29 Dec 2023
1794342035FF64B298A4937A47C5C2F25682B12705EB3F69200D0B711F371B17,com.jctswbglsm.SwipeAway,1490001,1981-01-01 01:01:02,2024-09-12 06:34:24.162578,50000000,2024-09-12T06:41:17.669598,"Tap Away
149.0.1",Popcore Games,9 Sept 2024
0E59E2EFDACE00E1DAE6E7E0BE832177F2B59F420656928C212967EB99492C8C,com.orbital.brainiton,521,1981-01-01 01:01:02,2024-03-05 13:46:48.306301,50000000,2024-03-05T13:49:09.436322,"Brain It On! - Physics Puzzles
1.6.307",Orbital Nine Games,9 Feb 2024
4C52911ADE7284B46F9D28C1631EC24B200A12D300D36563C71A8D029D5676D1,com.ForgeGames.SpecialForcesGroup2,165,1981-01-01 01:01:02,2024-11-04 14:16:40.686203,100000000,2024-11-04T14:22:33.688260,"Special Forces Group 2
4.21",ForgeGames Mobile,25 Oct 2024
0C94B14D00F974B97A533406658B07D33ABC51286F0CDA5E3CEF40F631CAA946,com.kvadgroup.photostudio,2597,1981-01-01 01:01:02,2024-05-05 10:34:13.424024,50000000,2024-05-05T10:34:29.724522,"Photo Studio
2.7.3.2597",KVADGroup App Studio,1 May 2024
98DACA24C629FF53E70ED1C7D0466A44AADEC64BA597126733B7ED129EF9ECFD,com.michatapp.im,8951,1981-01-01 01:01:02,2024-09-06 00:42:32.941155,100000000,2024-09-06T01:02:18.564295,"MiChat - Chat, Make Friends
1.4.446",MICHAT PTE. LIMITED,29 Aug 2024
F2BB2A606B2955D07AF558350BEFB5D600DCB6473BD9EC649AAE2B0A440B9517,com.miui.huanji,43703,1981-01-01 01:01:02,2024-11-30 12:26:05.798578,100000000,2024-11-30T12:23:30.552713,"Mi Mover
4.3.7.3",Xiaomi Inc.,21 Oct 2024
08617424880CECEEC378097AD87FCFF00F8F523FFBBD2B27D210B9A96C5D38B5,com.outfit7.mytalkingtomfriends,1100,1981-01-01 01:01:02,2024-05-03 21:32:37.487763,500000000,2024-05-03T21:39:23.933524,"My Talking Tom Friends
3.5.0.11517",Outfit7 Limited,29 Apr 2024
1B0CC387CDF934BB9BEEE29EAAC8081E7A8990634CAAA5DC91E25472665FD208,videoplayer.videodownloader.downloader,55,1981-01-01 01:01:02,2024-07-02 14:13:17.879004,100000000,2024-07-02T14:14:43.400547,"All Video Downloader &amp; Player
1.5.5",QR Code Scanner.,27 Jun 2024
C244CFA6595E23AC85952BF347CFF96C5D6C0A146693C7F590AD0F7FA970D8DD,eu.inlogic.footballcup2018.gplay,158,1981-01-01 01:01:02,2024-02-20 21:08:34.393114,100000000,2024-02-19T02:17:42.676038,"Football Cup 2024: Soccer Game
1.22.2",INLOGIC SPORTS - football tennis golf soccer,7 Feb 2024
1195075A163F71F0486F0DC8BD28AC8CF7DA89DE897DBAF66D0B011C53882165,com.doubletapsoftware.basketballbattle,2042201,1981-01-01 01:01:02,2024-12-12 03:42:55.206619,50000000,2024-12-12T03:49:48.557847,"Basketball Battle
2.4.22",DoubleTap Software,2 Dec 2024
08E7DAB2C08E6A7E14FE87B2DBBE43451829563946E453F20F29CDF0CC25E987,com.sbi.lotusintouch,1239205,2024-03-23 17:11:14,2024-03-31 21:11:33.443033,100000000,2024-03-27T12:40:49.103279,"YONO SBI: Banking &amp; Lifestyle
1.23.92",State Bank of India,23 Mar 2024
18AE2702C59967747DFC9210449EBFB047CC87CF4E2E9C84A559F7E1968CF3EE,net.mobigame.zombietsunami,207,1981-01-01 01:01:02,2024-12-01 01:10:18.419533,500000000,2024-12-01T01:12:53.235817,"Zombie Tsunami
4.5.138",Mobigame SAS,20 Nov 2024
0E1553B8E00994A49B6D21FA3C219B003864EEDDC298B13218676763B2212A01,com.pixel.gun3d,413277,2024-07-25 10:08:22,2024-08-03 12:00:16.131071,100000000,2024-07-27T11:30:16.477745,"Pixel Gun 3D - Battle Royale
24.6.7",Pixel Gun 3D,25 Jul 2024
020D4D60965CCAF549A707677586EFBA0C8B5BDC81B6B739AE9746DEF13E0FFB,com.tencent.qqlivei18n,14570,1981-01-01 01:01:02,2024-12-14 02:55:39.895667,100000000,2024-12-14T03:07:48.580463,"WeTV: Asian &amp; Local Drama
5.19.0.14570",Image Future,3 Dec 2024
0D1F7474D00872FCDACB5DEA89F24C221DC4424FED79E11723635E962B58E0F6,hr.podlanica,155,1981-01-01 01:01:02,2024-12-11 13:31:40.782232,50000000,2024-12-11T13:36:58.509742,"Music Volume EQ - Equalizer
7.2",Dub Studio Productions,18 Nov 2024
83DDB31B67AEB121CA06386D6C6BDE1BC3F66E4BA21D20D68A86BA2AD08C62EF,goldenshorestechnologies.brightestflashlight.free,36,1981-01-01 01:01:02,2024-08-31 01:43:38.281397,50000000,2024-08-31T01:54:29.396641,"Brightest Flashlight ®
2.6.8","GoldenShores Technologies, LLC",16 Jul 2024
178221F78905E7AB07ABAF07BB76EF566928900AC255B1D5921397F7AE335736,com.google.android.apps.magazines,2022199400,1981-01-01 01:01:02,2024-12-03 06:52:45.050807,1000000000,2024-12-03T07:04:33.178168,"Google News – Daily Headlines
5.120.0.696279761",Google LLC,19 Nov 2024
082B991E3130481354F783CFE40D6934FB23482642C2732742666CA9F05F48A8,com.samsung.android.lool,1370300000,2009-01-01 00:00:00,2024-03-05 12:03:50.553926,1000000000,2024-03-05T12:03:44.815079,"Device Care
13.7.03.0","Samsung Electronics Co.,  Ltd.",29 Nov 2023
0D3EE0C1CE4FC58B0928E586C0176F016B1DF2643BF532F371DC9EE3BDF1D82A,com.baloota.dumpster,418,1981-01-01 01:01:02,2024-11-17 13:32:39.234345,50000000,2024-11-17T13:39:42.702601,"Dumpster: Photo/Video Recovery
3.25.418.5382",Baloota,2 Sept 2024
4472EA05C7ECE0D4E905789EE9F95E95E7BF5BBFC94D8653A68BB87113419CA4,com.maps.voice.navigation.traffic.gps.location.route.driving.directions,299,1981-01-01 01:01:02,2024-05-03 11:00:19.670849,50000000,2024-05-03T11:00:47.267294,"GPS, Maps, Voice Navigation
12.59",AppStar Studios,2 May 2024
0C4177C0868F943E16EFF8B6BEC0B5BA8352EEE7692D330AF0A761DA4F58B866,com.camerasideas.instashot,1439,1981-01-01 01:01:02,2024-03-01 07:56:53.419098,500000000,2024-03-01T07:56:53.999963,"InShot - Video Editor &amp; Maker
2.016.1439",InShot Video Editor,4 Feb 2024
0848C8FD8E4988D0107BDDF177AE63CC45C004EE16644DDFBC058D05BEF7EC26,com.tinyco.potter,5090700,1981-01-01 01:01:02,2024-07-14 02:44:11.052001,50000000,2024-07-14T02:57:43.667460,"Harry Potter: Hogwarts Mystery
5.9.7","Jam City, Inc.",5 Jul 2024
13CCC1CE98A4FC0B61494F8DE402CD288D858CA22782085A94FCB22554F31B8A,com.c6bank.app,85021,1981-01-01 01:01:02,2024-06-29 11:37:12.766492,50000000,2024-06-25T19:15:04.031666,"C6 Bank: Cartão, Conta e Mais!
2.117.0",C6 Bank,7 Jun 2024
A02AD46A17B75B472AE19FC50AAB66210264DFFF7662897E54C0D18338412787,com.axis.net,365,1981-01-01 01:01:02,2024-09-20 19:52:25.999022,50000000,2024-09-20T19:50:40.513358,"AXISnet Cek &amp; Beli Kuota Data
9.13.0",AXIS by XL Axiata,9 Sept 2024
35FCE233EE0E8942FA87E51990D2AB255F43F4656E216BF8F72B1E7092257EAC,com.outfit7.mytalkinghank,550,1981-01-01 01:01:02,2024-03-15 16:48:30.017194,100000000,2024-03-15T16:56:16.677297,"My Talking Hank
2.9.0.2201",Outfit7 Limited,8 Mar 2024
00A652CB4099BAFAA21853B4859C0A618C23C6244450D9CA71C77017298F259D,screenrecorder.recorder.editor,192,1981-01-01 01:01:02,2024-04-08 17:14:18.811878,100000000,2024-04-08T17:24:47.431523,"Screen Recorder Video Recorder
7.1.5.2",VIDEOSHOW Video Editor & Maker & AI Chat Generator,2 Apr 2024
0639064ADB87143D8490F3546258DBB9BBC95D292A4173DE37BB5A906E2A77C2,com.gjg.colorfill3d,200072,1981-01-01 01:01:02,2024-08-24 05:27:12.66979,100000000,2024-07-16T21:00:07.638702,"Color Fill 3D
2.2.1",CASUAL AZUR GAMES,27 Apr 2024
1B6F1D1CC84AD714E69F724F5EF3833EA11127E7C783ACF19F58C95B10CAA54F,com.sega.sonic1px,223,1981-01-01 01:01:02,2024-08-12 13:32:44.008023,50000000,2024-08-12T13:33:11.684210,"Sonic the Hedgehog Classic
3.13.1",SEGA,6 Jun 2024
0021B370779802595A44F97F70B930C39E660267A1709578BF0E4F812647F80B,com.bgg.jump,861,1981-01-01 01:01:02,2024-04-08 02:09:56.40719,100000000,2024-04-08T02:12:49.390922,"Project Makeover
2.86.1","Magic Tavern, Inc.",3 Apr 2024
0E1B44793C0B8B90326D22FEEA44F98BD81EBEEF28AC77EABEEAB1600408996F,com.sinyee.babybus.policemen,8690603,1981-01-01 01:01:02,2024-06-06 23:33:43.324516,100000000,2024-06-06T23:34:25.652504,"Little Panda Policeman
8.69.06.03",BabyBus,4 Jun 2024
B6DCFA79909B936CCFAAC82370F44EA06C90C8D814C69A9B934D5D8494CCE7D8,com.dressup.fashionshow.leftright,17,1981-01-01 01:01:02,2024-12-13 21:33:13.231876,50000000,2024-12-13T21:43:16.359708,"Left or right: Magic Dress up
1.6",ABI Games Studio,6 Dec 2024
D892216F93C03BAB594E1BB5BBC65FF9FE28C7DB371D760F939B0EB98A93807E,com.outfit7.gingersbirthdayfree,510,1981-01-01 01:01:02,2024-04-05 14:24:28.897952,100000000,2024-04-05T14:33:57.499633,"Talking Ginger 2
3.3.6.137",Outfit7 Limited,29 Mar 2024
03B6E53EF3084C7E78D3DEA9E2F8FA495BEAD1F619459FC6061FD0ED328AD8F9,com.tripledot.triple.tile.match.pair.game.three.master.object,2507,1981-01-01 01:01:02,2024-10-19 18:53:57.194651,50000000,2024-10-19T18:54:16.357604,"Triple Tile: Match Puzzle Game
2.59.00",Tripledot Studios Limited,20 Sept 2024
77696DB12141BE3D3B4C2E4B673F026FAFA67B06A702BF8414C3527AC015A1C7,com.ibragunduz.applockpro,52000,1981-01-01 01:01:02,2024-08-30 11:23:36.631112,100000000,2024-08-30T11:24:08.380178,"Applock Pro - App Lock &amp; Guard
5.2.0",Eywin Apps,26 Aug 2024
0897CD66D07316DFACF56829EF7F86F0A5BA078558E8D0FA636D967D14DFE246,com.maroieqrwlk.unpin,2150001,1981-01-01 01:01:02,2024-09-08 14:57:58.672338,100000000,2024-09-08T14:59:36.041828,"Pull the Pin
215.0.1",Popcore Games,4 Sept 2024
00D3125830D2E22F06FB180F0414186C0532B05B496E0F30D55A548E0C70BA1D,com.snowcorp.epik,164,1981-01-01 01:01:02,2024-06-26 08:03:40.45373,50000000,2024-06-26T07:58:16.746732,"EPIK - AI Photo &amp; Video Editor
5.0.10",SNOW Corporation,25 Jun 2024
2236DBA23DB47B15A35977EEAEBAEBFA5DB192F2306B097624406A9C04022F6C,com.sinyee.babybus.drinks,8680003,1981-01-01 01:01:02,2024-03-30 00:48:55.802494,50000000,2024-03-30T00:52:55.767165,"Baby Panda’s Ice Cream Shop
8.68.00.03",BabyBus,20 Feb 2024
BD26E5CFB62A1B8144500B1C577B044F2F15E31F58D6BA65C99E255EDBEF879E,com.aa.generaladaptiveapps,517,1981-01-01 01:01:02,2024-03-13 13:15:55.847713,50000000,2024-03-13T13:18:07.758140,"aa
5.1.1",General Adaptive Apps Pty Ltd,10 Mar 2024
0599CCBA6A63E6D1C4328718421405ADCC04A402A3A3B5180D8F6EC07BBC100B,com.aldagames.zombieshooter,123,1981-01-01 01:01:02,2024-04-09 03:22:41.85237,50000000,2024-04-09T03:42:59.060094,"The Walking Zombie 2: Shooter
3.16.1",Alda Games,5 Apr 2024
02AEA749AAAE72CC99DAD0C9E24B4371F273F5F5C04A15932D867C7AA847F46C,com.masomo.headball2,158622,1981-01-01 01:01:02,2024-05-31 14:51:55.203225,100000000,2024-05-31T14:53:04.386832,"Head Ball 2 - Online Football
1.586",Masomo Gaming,29 May 2024
09765F196BFA1ECB4A1A4DEAD4ADF295AF9D58DD5A57A48EF27D282D2D3CA090,com.word.puzzle.game.connect,2850,1981-01-01 01:01:02,2024-08-24 08:29:21.981008,50000000,2024-08-24T08:49:09.026149,"Word Link
2.8.5",Worzzle Games,15 Aug 2024
007369C5426B651F18DDBED741D0A9371881C09F80A454CF9DA4136BF513DACE,com.dd.doordash,15188069,1981-01-01 01:01:02,2024-10-26 12:49:25.961289,50000000,2024-10-26T12:57:14.759922,"DoorDash - Food Delivery
15.188.6",DoorDash,17 Oct 2024
34497F2D6EF01534FA49DA44476CC742A50964AE2950C2A9E672E13FE0C1F247,com.hungama.myplay.activity,538,1981-01-01 01:01:02,2024-01-29 09:24:14.944768,50000000,2024-01-29T09:24:09.377871,"Hungama: Movies Music Podcasts
6.3.8",Hungama Digital Media Entertainment Pvt. Ltd.,18 Dec 2023
E56849A60D4A241BFCF6C92E5B6C81DE84D9D2340F48702BB15F388736578C7B,com.dvloper.grannychaptertwo,20,1981-01-01 01:01:02,2024-09-02 22:49:35.309087,100000000,2024-09-02T22:55:36.006270,"Granny: Chapter Two
1.2.2",DVloper,30 Jul 2024
064C790569B7498BBFB091C1EAF9090D68C18D4E7F63F29C32028770A0C461B4,com.ohmgames.smashthemall,1044002,1981-01-01 01:01:02,2024-05-29 13:47:45.644043,50000000,2024-05-29T13:56:27.190185,"Push&#39;em all
1.44",VOODOO,22 May 2024
5E6D13640D1CDCEE7856474C963E934AA7F8D9850E66762E9A428710805B0000,mobi.gameguru.slapkings,9956,1981-01-01 01:01:02,2024-08-30 08:36:31.226775,100000000,2024-08-30T08:32:46.515776,"Slap Kings
1.9.0",Lion Studios,7 Mar 2024
23236A1F6CE1208BC927A5E84A87E09C2A2D97964D8C785E7FA54CAD983ABF4C,games.onebutton.golfbattle,173,1981-01-01 01:01:02,2024-11-20 17:18:43.595515,50000000,2024-11-20T17:17:49.356466,"Golf Battle
2.11.0",Miniclip.com,14 Nov 2024
6ED7F5179F0294BFBA8B03E9987BDE23FBF5471C188F15C721C068DD17CFBDF6,com.gpsmapcamera.geotagginglocationonphoto,80,1981-01-01 01:01:02,2024-08-26 15:55:25.97925,50000000,2024-08-26T15:54:52.062586,"GPS Map Camera
1.5.6",GPS Map Camera,13 Aug 2024
15300747769AC6E6BE8CBF36F5825AFEA61EE4C6E873509946A20F6C639DEA3E,com.snapwork.hdfc,181,2024-10-21 10:03:38,2024-11-15 22:07:26.523843,50000000,2024-11-15T22:14:05.577677,"HDFC Bank MobileBanking App
11.2.4",HDFC Bank,22 Oct 2024
360D9F28A7E6D48E2C569E9EB3B30D8512BAC7CD0D58FDBDFD3F5EACF2698574,com.ketchapp.knifehit,54,1981-01-01 01:01:02,2024-09-03 13:21:00.811198,100000000,2024-09-03T13:22:13.497762,"Knife Hit
1.8.23",Ketchapp,22 Aug 2024
7A11FEAAEB3A3EE7B380B53AE3282855E1CCCA47CCB4219920676938CCA13214,com.sec.android.app.sbrowser,1250041502,2009-01-01 00:00:00,2024-04-29 22:19:30.755318,1000000000,2024-04-29T22:19:31.761909,"Samsung Internet Browser
25.0.0.41","Samsung Electronics Co.,  Ltd.",23 Apr 2024
ECB8C9E8DA28999BCAEC8EA797B554350A36605A69B6C5A2943092DEF77762A1,com.anydesk.anydeskandroid,70200,1981-01-01 01:01:02,2024-11-25 12:00:31.31236,50000000,2024-11-25T12:00:59.658389,"AnyDesk Remote Desktop
7.2.0",AnyDesk Software GmbH,19 Nov 2024
48F918DE1C926F2A0757BAD7E18C0D4F2B545275AD833DD6946757CD31EF725F,com.transsion.phonemaster,6683,1981-01-01 01:01:02,2024-01-18 12:37:35.551532,500000000,2024-01-18T12:38:14.554123,"Phone Master–Junk Clean Master
5.8.1.00005",TRANSSION Developer,29 Dec 2023
074BE3644D34BDA329C6CED1E2C2E3B9875823030C6E22B83D87766A36EBFFD0,com.lilithgame.roc.gp,1008019,1981-01-01 01:01:02,2024-03-26 22:15:28.352892,50000000,2024-03-26T22:18:01.677380,"Rise of Kingdoms: Lost Crusade
1.0.80.19",LilithGames,16 Mar 2024
1201920374CA1B2802D4B1D4A796C7F65E3AB8AE9138DA5E0845A59DF5B64970,com.kiragames.unblockmefree,204042,1981-01-01 01:01:02,2024-04-17 16:29:31.05735,50000000,2024-04-17T16:34:53.139819,"Unblock Me
2.4.2","Kiragames Co., Ltd.",3 Apr 2024
0EB1F083F58664190052CBFB8B0F9FA82E84CFE26DA6DB3AA692147DCA25D30A,com.game.colorroll3d,200231,1981-01-01 01:01:02,2024-03-26 01:42:18.536295,100000000,2024-03-26T01:48:22.824051,"Color Roll 3D
2.2.1",CASUAL AZUR GAMES,13 Mar 2024
007E889509F566500A60F5FA461113FB085779A4EBC0DB983864CAF2AB0DDDEE,com.google.android.apps.kids.familylink,768799,1981-01-01 01:01:02,2024-05-07 22:51:15.912811,100000000,2024-05-07T23:33:39.888493,"Google Family Link
2.27.0.E.627363954",Google LLC,23 Apr 2024
3388021F603A9BCC6BA7D55E6705AD3A013DE48B23AF1371DE99FFDB49FC9AAA,qrcodereader.barcodescanner.scan.qrscanner,54,1981-01-01 01:01:02,2024-11-15 09:13:57.190557,50000000,2024-11-15T09:13:36.703256,"QR Scanner: Barcode Scanner
2.6.5",Simple Design Ltd.,27 Sept 2024
4D015D73FF2B998FEA1686FA358911F317A8DFBA70AF51C0F0CD74FE70DB347C,com.dimcoms.checkers,112,1981-01-01 01:01:02,2024-03-01 10:16:53.025381,100000000,2024-03-01T10:17:32.136718,"Draughts
4.4.8",English Checkers,25 Feb 2024
029A8A7333180AC7FB5391FFB8DAF36040141FCB0141F0EA5799D6DBA6E47A6E,women.workout.female.fitness,93,1981-01-01 01:01:02,2024-10-11 23:52:39.586866,50000000,2024-10-12T00:29:56.348517,"Workout for Women: Fit at Home
1.8.6",Leap Fitness Group,18 Sept 2024
4BF8FEC53EB33A7D1B5C415650F83B975EF450A26D76667AF1DA837610447A12,com.outfit7.mytalkingtom2,1520,1981-01-01 01:01:02,2024-08-23 13:13:25.449073,500000000,2024-08-23T13:14:03.030884,"My Talking Tom 2
4.8.1.9208",Outfit7 Limited,16 Aug 2024
508048D4C9E0CEA872DC8D52BACEAF817840CDAF2C4CCED2D08BD6C3F401DBB1,com.apalon.weatherlive.free,349,1981-01-01 01:01:02,2024-09-02 11:43:42.124474,50000000,2024-09-02T11:44:47.387537,"Weather Live° - Forecast
7.8.5",Mobile Heroes,26 Aug 2024
15E5A12C12BC11213B8AB6BFD66824283C442F9E0013F1FD1ED735DA586CA403,beatmaker.edm.musicgames.PianoGames,175,1981-01-01 01:01:02,2024-09-21 03:21:38.779429,100000000,2024-09-21T03:23:30.912375,"Piano Fire: Edm Music &amp; Piano
1.0.175",Adaric Music,18 Sept 2024
0BAD38B558DA6A4DBE60322B934DA946441C66125B43A114E1EE78E6A257C75B,com.billiards.shooting.ball.pool,157,1981-01-01 01:01:02,2024-05-11 13:15:19.222124,100000000,2024-05-11T13:16:14.311910,"Shooting Ball - Billiards
1.0.157",7788`s,10 May 2024
5F3C5BE0AC3A1EE6DBF52E29C6743D51A36642A98D5D0EF3DFA4469B413A9ECD,com.craftsman.go,136,1981-01-01 01:01:02,2024-10-21 19:57:55.132342,100000000,2024-10-21T20:02:52.123509,"Craftsman: Building Craft
1.36",StarGame12,16 Oct 2024
93B99376921FDA7DCC9226E0470A5A219EB9ED59159E014526B04EE337806A8B,com.wingsmob.bluepiano,117,1981-01-01 01:01:02,2024-03-15 12:39:48.699885,50000000,2024-03-15T12:51:00.984034,"Catch Tiles: Piano Game
2.1.9",WingsMob,23 Feb 2024
0057E8D9DC274875B3E90E028695BCA6B768B943CDAEAB8A4F0FD3A990C245F2,com.sinyee.babybus.world,8393750,1981-01-01 01:01:02,2024-04-27 19:05:06.820278,100000000,2024-04-27T19:05:20.676225,"Baby Panda World: Kids Games
8.39.37.50",BabyBus,11 Apr 2024
4B46258BE8B3BE3F520596F38B8DFCBCFA031D95A2D6DA8BB62A3667716E92F8,com.transsion.magazineservice,722072,1981-01-01 01:01:02,2024-04-08 17:25:30.295796,50000000,2024-04-08T17:24:47.548081,"Magazine Lockscreen
10.1.1.031",Transsion Holdings,5 Mar 2024
6E9920D9D820EEB7A9F1161736C51437218F0A5D4C3C5FE419A80139091769D0,com.media.music.mp3.musicplayer,149,1981-01-01 01:01:02,2024-01-18 09:46:20.692405,100000000,2024-01-18T09:47:33.133381,"Music player
149.01",recorder & smart apps,9 Jan 2024
6F676CCB06AA32F6D8B65A20E89A09BB57E5A4581A362DAFFF3E4DD10BE47FFF,com.wildlifestudios.jet.airplane.games.sky.warriors,550,1981-01-01 01:01:02,2024-12-02 18:23:43.394494,50000000,2024-12-02T18:36:39.673478,"Sky Warriors: Airplane Games
4.21.0",Wildlife Studios,22 Nov 2024
1C11B45AC5C0EE8D2017D5F4F69A73D9F04DCFD8E1E8220B70B2093FC3257871,com.je.supersus,151140303,1981-01-01 01:01:02,2024-03-18 15:22:05.418872,50000000,2024-03-18T15:33:45.426103,"Super Sus -Who Is The Impostor
1.51.14.033",PIProductions,14 Mar 2024
064A5BC8375E04BE204D8494BA621154677D4C91FCD08DBF3A8FE8CDF7F6A043,com.security.xvpn.z35kb,4303,1981-01-01 01:01:02,2024-08-03 01:37:14.966847,50000000,2024-08-03T01:38:34.267088,"X-VPN - Private Browser VPN
203.5",Free Connected Limited.,29 Jul 2024
49214090AF92A01C42C273506029CF51307B1D679ED8A7BDB87C99CF951D5FB8,com.gameloft.android.ANMP.GloftA8HM,79111,1981-01-01 01:01:02,2024-09-12 20:16:52.045667,100000000,2024-08-23T15:08:28.215941,"Asphalt 8 - Car Racing Game
7.9.1a",Gameloft SE,22 Aug 2024
27E763C3040A5FF1909FF46EFBC63790380C726AFF83C63B72A51C63ECF453EC,com.isysway.free.alquran,148,1981-01-01 01:01:02,2024-12-01 03:46:30.058116,50000000,2024-12-01T04:32:14.448018,"Al-Quran (Pro)
4.8.4",ISYSWAY,23 Sept 2024
15678EA05A10A03584DAF85780BADDF3AE304A8320971D37FF4FFB5D27D3AA59,me.lyft.android,1716966787,1981-01-01 01:01:02,2024-06-09 04:12:48.742846,50000000,2024-06-09T04:13:25.288253,"Lyft
15.61.3.1716966787","Lyft, Inc.",29 May 2024
073104560B890272E33098F32EA813624EA509CBFE0B8674205FD81C5A878BCD,com.playstrom.dop3,77,1981-01-01 01:01:02,2024-07-05 10:33:06.208536,50000000,2024-07-05T10:38:24.535344,"DOP 3: Displace One Part
1.1.21",SayGames Ltd,25 Jun 2024
139A28E190A3FFEAB459333F0AA5A64B6A1C38026ABE13D6E3A0D168CAFD69FB,cast.video.screenmirroring.casttotv,238100,1981-01-01 01:01:02,2024-11-18 00:58:58.319694,50000000,2024-11-18T00:58:40.651659,"Cast to TV, Chromecast &amp; Roku
2.3.8.1",InShot Inc.,1 Nov 2024
B70422FE4D9EC10306E47043D651A22BD4284138D80C71D90278356587138B7A,com.hazar.fps,146,1981-01-01 01:01:02,2024-12-12 13:21:57.635449,50000000,2024-12-12T13:28:25.025713,"Special Ops: FPS PVP Gun Games
3.46",Hazmob,26 Sept 2024
095326F857B805DEF7B85498BA7FE837B87915A31503FC0EE2E9315C9A66B853,com.nhn.android.band,26000219,1981-01-01 01:01:02,2024-10-20 21:06:53.76812,50000000,2024-10-20T21:14:06.840052,"BAND - App for all groups
19.0.5",NAVER Corp.,16 Oct 2024
1BE9F5F3E6D6122DA12A3A1E66340777DE4077C71FAB6B9A056D19B5F386C1DA,com.mmm.trebelmusic,1486,1981-01-01 01:01:02,2024-11-19 14:51:09.629075,50000000,2024-11-19T14:52:22.146742,"TREBEL: Music, MP3 &amp; Podcasts
6.4.2","M&M Media, Inc.",1 Nov 2024
2DA812AA7F8719C9596FDB1DA6F248064701C8ABE30FDFD59CE269C6CDCC7452,pedometer.steptracker.calorieburner.stepcounter,129,1981-01-01 01:01:02,2024-09-14 22:21:53.250986,50000000,2024-09-14T22:30:50.428733,"Step Counter – Pedometer
1.4.8",Leap Fitness Group,26 Aug 2024
075B34F81828EAF095EE7F9AE622454D423DC8A1A2F71966898E2D4939A15E46,com.nomonkeys.ballblast,2901,1981-01-01 01:01:02,2024-06-09 18:37:19.12969,50000000,2024-06-09T18:37:20.273996,"Ball Blast Cannon blitz mania
3.2.1",VOODOO,25 May 2024
504B5288CF9B4ECF2A2047659FF48F3765BA862703E6CCAC614F79C39E865166,com.handycloset.android.eraser,32,1981-01-01 01:01:02,2024-08-20 15:12:58.411235,100000000,2024-08-20T15:14:40.736985,"Background Eraser
4.5.0",handyCloset Inc.,15 Jul 2024
026D432A83CC11DC5071B46851659338D0EA30F8C6D2527D1D0B9E6569E4DC4D,com.linkedin.android,185401,1981-01-01 01:01:02,2024-06-06 08:32:23.10282,1000000000,2024-06-05T19:30:56.466495,"LinkedIn: Jobs &amp; Business News
4.1.946.1",LinkedIn,1 Jun 2024
0F3D25B73B3956A3E029532038107D5B95FE4ABE0959302CABB8B2FF66E1BCD9,com.arcsoft.perfect365,3357,1981-01-01 01:01:02,2024-10-21 15:32:21.707732,50000000,2024-10-21T15:32:37.509276,"Perfect365 Makeup Photo Editor
9.65.14","Perfect365, Inc.",26 Sept 2024
3EE0B5A797F4454652D881680040F747DAE18E5E1B36FEDA27B5B233A7C9490C,id.co.bri.brimo,652590,1981-01-01 01:01:02,2024-04-09 02:41:46.804264,50000000,2024-04-09T02:44:09.625867,"BRImo BRI
2.59.0",PT Bank Rakyat Indonesia (Persero) Tbk.,2 Apr 2024
0A487811ADF3533B0D8219E9C9E7B97244B5F34D2F935C3F3E921689E38F2CF0,kik.android,80000883,1981-01-01 01:01:02,2024-08-23 17:57:34.863805,100000000,2024-08-23T17:57:37.286855,"Kik — Messaging &amp; Chat App
15.68.3.31304",MediaLab AI - Kik,13 Aug 2024
6199E20AA956886CB6DE5EC52B6CE90009EED876AB3B4837F7AAEE8A30A9DD4A,com.mobirix.zombieking,80,1981-01-01 01:01:02,2024-03-27 17:55:10.415676,50000000,2024-03-27T18:13:22.447281,"Zombie Hunter King
1.0.52",mobirix,19 Dec 2023
69426BBCD256F369CF434165AAEDCF19AA79643E1E0C0329CA7CF9A50517B8D5,br.gov.caixa.fgts.trabalhador,1920322206,1981-01-01 01:01:02,2024-06-08 13:51:10.143199,100000000,2024-06-03T18:42:29.379240,"FGTS
4.0.2",Caixa Econômica Federal,20 May 2024
31AD985AC0A14D9D8705EEDF952CAA7CE40F2054D7F5AAC5685CE371EE1797DB,com.google.android.apps.dynamite,5392732,1981-01-01 01:01:02,2024-08-08 20:43:30.898117,50000000,2024-08-08T20:44:28.116264,"Google Chat
2024.08.04.659361181.Release",Google LLC,7 Aug 2024
04B0BFC5F23BF816C7A1A79F4EFD01B2A5D3BFC05919D8CB3D81D10A61A54191,jp.naver.linecamera.android,182,1981-01-01 01:01:02,2024-09-13 01:20:53.683107,100000000,2024-09-13T01:34:11.635445,"LINE Camera - Photo editor
16.0.3",SNOW Corporation,12 Sept 2024
02125067CBF9C2BD70B4877379132754C24E4D80099FB0D69E94056366B8AE01,com.sofascore.results,240703015,1981-01-01 01:01:02,2024-08-04 16:24:48.873123,50000000,2024-07-29T18:31:40.213346,"Sofascore - Live sports scores
24.07.03",Sofascore,22 Jul 2024
0FB3746ED59AAEEA38FD3EFBBB9052301D04985CCDEFF409B030744ABE2792D5,com.tiramisu.driftmax2,258,1981-01-01 01:01:02,2024-07-06 14:09:31.115599,100000000,2024-07-06T14:11:13.192533,"Drift Max Pro Car Racing Game
2.5.58",Tiramisu,25 Jun 2024
10AC6242F0F8ED56B0A3E47A27EB1D0666DAE8B2E469BB5EBC4366424987E847,com.geishatokyo.snowballio,14138,1981-01-01 01:01:02,2024-06-13 08:26:48.321984,50000000,2024-06-13T08:26:51.563137,"Snowball.io
2.1.13","Geisha Tokyo, Inc.",28 May 2024
1D130480DB3B1720E2603BBD622C199623428D1795F768DCFD5FF952A4703269,com.piano.tiles.music.game.circles.dancing.beat.magictiles,62,1981-01-01 01:01:02,2024-04-04 09:43:11.774103,50000000,2024-04-04T09:56:11.666798,"Piano Star: Tap Music Tiles
1.5.8",TINYMAX HONGKONG LIMITED,29 Mar 2024
0CFD8917E2429141AF51376F3C4F7E772E5EA2481158DF8A68CB5DF053F5A6E6,games.vaveda.militaryoverturn,753,1981-01-01 01:01:02,2024-11-20 02:50:05.624254,50000000,2024-11-20T02:51:50.686972,"Tower War - Tactical Conquest
1.23.5",SayGames Ltd,19 Nov 2024
015319ECC4EC1E42FDF3A68F754ED6750D967DE4EFAA7A04A2D09725C6FD9F00,com.popcore.makesandwich,1560001,1981-01-01 01:01:02,2024-03-29 15:12:23.971879,50000000,2024-03-29T15:38:16.414288,"Sandwich!
156.0.1",Popcore Games,15 Mar 2024
0824775731A4E9F896BB8466B16F4F1F451C2B5E168A30C018A2B7C0944DA4A3,com.portonics.mygp,413,1981-01-01 01:01:02,2024-09-16 12:32:10.314104,50000000,2024-09-16T12:32:29.425040,"MyGP - Offer, Recharge, Sports
5.11.1",Grameenphone Limited,12 Sept 2024
324291E1CD42845034910EBC65F861D7F68E4B415C26FC99D216886ED21DF36D,com.football.soccer.league,133,1981-01-01 01:01:02,2024-11-21 19:00:27.186999,100000000,2024-11-21T19:00:31.666522,"Football League 2024
0.1.33",MOBILE SOCCER,18 Nov 2024
C89A053FC4FDCFBD5ADE7E05D45B73A0CAA2D79BD685802CEA1BD14B390BAF2A,com.sec.android.easyMover,376001130,2009-01-01 00:00:00,2024-10-15 16:22:43.5497,1000000000,2024-10-15T16:43:16.547824,"Samsung Smart Switch Mobile
3.7.60.1","Samsung Electronics Co.,  Ltd.",29 Sept 2024
A9200F4F1DAEC2993BBD8DC3ACB9CF8934E560B922861210CAB9C4B6C2BF7E31,th.co.truemoney.wallet,1084,1981-01-01 01:01:02,2024-09-25 11:05:51.680593,50000000,2024-09-25T11:23:32.499403,"TrueMoney
5.59.2",True Money Co. Ltd.,10 Sept 2024
16ACA32CE59342B3B4B7551BDC2E74E9B1343FD69396C8A3FD0BCC4F67721F71,br.gov.serpro.cnhe,2368508,1981-01-01 01:01:02,2024-11-14 15:55:19.695485,50000000,2024-11-14T16:00:32.995390,"Carteira Digital de Trânsito
6.10.3",Serviços e Informações do Brasil,30 Oct 2024
20473D645A550FF74E483FFE3DF3AEC6F03917BC7EF3B1ADB90FE6D89B1F3331,com.candyroom.clubcraft,1007955,1981-01-01 01:01:02,2024-05-05 12:14:34.261925,100000000,2024-05-05T12:15:38.512197,"School Party Craft
1.7.955",Candy Room Games & RabbitCo,26 Apr 2024
53AD2B639F27804A530895278724B4E1CEAF06753C9331FE67D7DA2303D728E6,com.minibuu.princessphone,200091,1981-01-01 01:01:02,2024-04-17 14:27:03.799231,50000000,2024-04-17T14:27:06.460158,"Baby Princess Phone
2.3.1",Minibuu,19 Jan 2024
06ABC218E799D8A901FC855E01AC1972F0DC5EED844C09D88E64490D72260ECE,com.frenzygames.fgs.shooting.anti.terrorism.combat.mission,300037,1981-01-01 01:01:02,2024-05-25 01:20:27.53446,50000000,2024-05-25T01:20:27.994275,"Anti Terrorist Shooting Game
14.6",Frenzy Games Studio,9 May 2024
11DD2E6791CFE56162AFD3A601BF3DF8CB4702777CC20BFA918807EDA2CE654A,com.mt.mtxx.mtxx,101705,1981-01-01 01:01:02,2024-08-30 16:21:25.55921,100000000,2024-08-30T16:26:00.551528,"Meitu-Photo Editor &amp; AI Art
10.17.5",Meitu (China) Limited,28 Aug 2024
7BD5E0CED09A574BB2AD245CF3203958E1BA4F2A44AC7D3A0E219E63A3AB7272,com.YovoGames.babycare,85,1981-01-01 01:01:02,2024-01-25 10:47:52.497863,50000000,2024-01-25T10:49:16.026990,"Baby care : baby games
1.8.5",YovoGames,18 Jan 2024
0F8563D7C0205E23156C04066A5C349769D029EA0B15662C6C2F943294DBCD00,com.bt.bms,16411,1981-01-01 01:01:02,2024-10-20 04:56:04.264588,100000000,2024-10-20T04:57:29.798992,"BookMyShow | Movies &amp; Events
16.4.1",Bigtree Entertainment Pvt. Ltd.,30 Sept 2024
2861B40D9AA76588BBE382D2C247FCC82D5A776658349D03E72AECECA49EF0C0,com.ixigo.train.ixitrain,1918,1981-01-01 01:01:02,2024-05-27 04:27:25.989067,100000000,2024-05-16T12:07:23.456244,"ixigo Trains: Ticket Booking
7.0.4.1","ixigo - IRCTC Authorised Partner, Flight Tickets",11 May 2024
1AA58BF51BA9B21856D458120A459D0DF4B54ABE7B3E713014F3EBAA2FE2430B,com.tencent.ig,19125,2024-08-31 00:07:24,2024-09-11 11:37:43.126133,500000000,2024-09-11T11:38:12.379200,"PUBG MOBILE
3.4.0",Level Infinite,1 Sept 2024
00FB2DFD967CAA53A93C48E50B32295BE6ED10C9B624A5689660E2DE32218812,com.splendapps.voicerec,131,1981-01-01 01:01:02,2024-03-01 17:18:17.859079,100000000,2024-03-01T17:18:54.171802,"Voice Recorder
3.27",Splend Apps,8 Jan 2024
3EDFE6AC619AE022549891E1149AAC4F05AE439B22B2AB7A4AE08EAC8C5F8A0F,com.star.union.planetant,1727066608,1981-01-01 01:01:02,2024-09-24 12:46:41.628489,50000000,2024-09-24T12:47:22.733385,"The Ants: Underground Kingdom
3.51.0",StarUnion,23 Sept 2024
028E2906D7D5CA4EC58FBD5589528F56A77CCBBDC854AD2E70DF2A5973FC1C45,com.bigwinepot.nwdn.international,202389694,1981-01-01 01:01:02,2024-06-07 17:42:15.321075,100000000,2024-06-07T17:43:06.156394,"Remini - AI Photo Enhancer
3.7.653.202389694",Bending Spoons,4 Jun 2024
0919D246808820B449565A43DE12E5C296C6E4706633FD30636481F066E8377E,org.thoughtcrime.securesms,145100,1981-01-01 01:01:02,2024-08-30 10:50:04.269449,100000000,2024-08-30T10:50:35.956857,"Signal - Private Messenger
7.15.4",Signal Foundation,27 Aug 2024
1CE0A9950BF3A01A338D9C36BE0FD1473534FAF1254328F999EDA1BD531ACC37,com.train.taxi,369,1981-01-01 01:01:02,2024-03-22 15:29:46.721161,50000000,2024-03-22T16:16:01.131255,"Train Taxi
1.4.30",SayGames Ltd,29 Dec 2023
273B0A9AC5A9F864ECD79BBCFF6F751737D81A8749EC65B7824FC07B50842071,at.nerbrothers.SuperJump,253000,1981-01-01 01:01:02,2024-04-05 05:54:22.929584,100000000,2024-04-05T05:59:02.858460,"Lep&#39;s World
5.5.3",nerByte GmbH,31 Oct 2023
0CD11CC01A8492DBB81D43366FE89A0B7888357CCDD01D3D219B603E52C1B10A,com.fungames.blockcraft,1434,1981-01-01 01:01:02,2024-09-01 15:34:32.705103,100000000,2024-09-01T15:43:41.652254,"Block Craft 3D：Building Game
2.18.19",Wildlife Studios,29 Aug 2024
14935E6E3DB4A3CB2E3F3E02A3B30C0ACA66FF01A3189C430649DA1C663D4FC9,com.joytunes.simplypiano,5163,1981-01-01 01:01:02,2024-05-29 21:49:25.353564,50000000,2024-05-29T21:50:33.597663,"Simply Piano: Learn Piano Fast
7.25.2",Simply Ltd,28 May 2024
0D465A7B710621B4381A5E7EAABFC68AE0193A1B50F686371C451CB202CC3C65,jp.ne.ibis.ibispaintx.app,1202020066,1981-01-01 01:01:02,2024-09-09 23:54:46.107478,100000000,2024-09-09T23:54:05.396775,"ibis Paint X
12.2.2",ibis inc.,9 Sept 2024
055186E8653C851FD2C5F4CB823BEDA3A8293A169B5B03BEDB82E84645B7B169,com.google.android.apps.docs.editors.docs,220632166,1981-01-01 01:01:02,2024-12-03 23:27:33.761481,1000000000,2024-12-03T23:42:18.610751,"Google Docs
1.24.462.01.90",Google LLC,25 Nov 2024
05CA2E6A8931F42A8FE68FCA6A6D9DE0A60E02A74F86CBDF12160BDAD664C2AB,com.google.android.apps.nbu.files,954655,1981-01-01 01:01:02,2024-08-09 06:42:16.487725,1000000000,2024-08-09T07:15:42.869312,"Files by Google
1.4374.656266854.0-release",Google LLC,29 Jul 2024
127D4FD7E4D118B506E7D09688624BD9636788F2484E956FFE3EE9D1EEC834C9,com.xiaomi.smarthome,79054,1981-01-01 01:01:02,2024-10-16 09:30:41.396922,50000000,2024-10-16T09:35:44.256129,"Xiaomi Home
9.9.700","Beijing Xiaomi Mobile Software Co.,Ltd",19 Sept 2024
608D15B1BB560FFD5AF968883D4F2E7D402FDE3148ECADED86E96ED5D0B6CC7E,com.internet.speed.meter.lite,53,1981-01-01 01:01:02,2024-03-05 16:11:24.810242,50000000,2024-03-05T16:13:33.984931,"Internet Speed Meter Lite
1.6.6-lite",DynamicApps,18 Sept 2023
1E03D265BFF511E56E6D1E417B8A4C35022E6C9608ABB491B96D355713B59EC6,com.unicostudio.braintest2new,237,1981-01-01 01:01:02,2024-10-08 00:38:21.508153,100000000,2024-10-08T00:39:46.773257,"Brain Test 2: Tricky Stories
1.20.17",Unico Studio,16 Sept 2024
0D6BC1EBD01C6DCA5745339E4DB870F7A9B72F8B1AB444F4763251DF4B303B01,ru.yandex.yandexnavi,737597280,1981-01-01 01:01:02,2024-11-29 05:04:34.028237,100000000,2024-11-29T05:26:54.264181,"Yandex Navigator
21.4.0",Direct Cursus Computer Systems Trading LLC,15 Nov 2024
18307FC16A76694A0AFAB72EC872252544979A0211B29CA81A13D2EDCB8CF904,com.unicostudio.braintest,2767,1981-01-01 01:01:02,2024-09-07 18:06:50.155858,100000000,2024-09-07T18:06:52.554980,"Brain Test: Tricky Puzzles
2.753.2",Unico Studio,27 Aug 2024
79605660B2CC7C42B3DFA3BB96A7C4C49D13A93955D4EFD65568BCD3BA97A3ED,com.memeandsticker.textsticker,1300642,1981-01-01 01:01:02,2024-03-09 09:31:48.764408,50000000,2024-03-09T09:38:45.360552,"TextSticker for WAStickerApps
3.6.48.1",MEME Studio,17 Feb 2024
00869F24C74FC10A273D082CA60123A4C0B293268B1D8B26A29E2C11D78A96C7,com.ea.gp.fifamobile,40232,1981-01-01 01:01:02,2024-09-24 10:49:20.026821,500000000,2024-09-24T10:49:20.685342,"EA SPORTS FC™ Mobile Football
23.0.01",ELECTRONIC ARTS,13 Sept 2024
6DFBE286A073BD9973370B2CD41429ED11C0C6B350EA261008BDC463B0831642,com.tools.control.center.simplecontrol,113,1981-01-01 01:01:02,2024-10-20 22:10:17.014702,50000000,2024-10-20T22:11:55.561243,"Control Center Simple
1.1.3",TD Application,19 Sept 2024
FE1AEAB44959CD64E46F4BDEE4272D3B025FC306B3F73E12FFA0927ACD509732,com.storymatrix.drama,281,1981-01-01 01:01:02,2024-12-13 16:44:22.733247,50000000,2024-12-13T16:43:20.567866,"DramaBox - Stream Drama Shorts
2.8.1",STORYMATRIX,2 Dec 2024
0F9136E9671C66B18A856BB511BF9E3DBA0507B78DE5B6852460D0AB9678FC8D,pk.com.telenor.phoenix,474,1981-01-01 01:01:02,2024-08-30 19:00:27.898864,50000000,2024-08-30T19:03:26.154983,"easypaisa - Payments Made Easy
2.9.66",Telenor Microfinance Bank Limited,21 Aug 2024
0E5896094872EC0FEE53B590CF54B991E4C5DA6C214C373A5D6DD7826EB24E41,com.nintendo.zara,23702,2024-07-26 10:27:26,2024-08-05 21:25:22.899028,100000000,2024-08-05T21:25:34.847237,"Super Mario Run
3.2.3","Nintendo Co., Ltd.",25 Jul 2024
0CDE11C43AF4BF4872D9C6316F891BB502A9433A07C5AE305EF37E735A39CF83,com.amazon.mp3,524060110,1981-01-01 01:01:02,2024-04-19 17:14:45.135099,100000000,2024-04-19T17:10:11.325686,"Amazon Music: Songs &amp; Podcasts
24.6.1",Amazon Mobile LLC,15 Apr 2024
0A447221080F932BE67813D90E54BE34B67B9D949916CC87B2E58D994B054BA9,com.domobile.applockwatcher,2024051501,1981-01-01 01:01:02,2024-05-29 20:01:31.748717,100000000,2024-05-26T10:37:40.787558,"AppLock
5.9.3",DoMobile Lab,16 May 2024
0D3DC2EE0FC179F1A0BC6AF0C61A5BAC72CC11A87D067EA4DA8AC0C38F686110,ru.mw,214562,1981-01-01 01:01:02,2024-01-25 14:34:20.190201,50000000,2024-01-25T14:35:34.761860,"QIWI Wallet
4.56.0",QIWI Bank JSC,18 Jan 2024
E19EC6E662FABC0F606CC1E12BFE6B93506727474A6EBEC1C2ECFC6BCD39F19E,com.dancing.smash.hop.game.tiles.circles.beat.piano.beatracing,156,1981-01-01 01:01:02,2024-08-30 14:58:07.10771,50000000,2024-08-30T15:01:03.261215,"Beat Racing
2.3.2",BADSNOWBALL HONGKONG LIMITED,21 Aug 2024
027E0C88F38B0B892E49CF80ACC2F33DABD2D6AC904179EC4422A12D7E45DE3B,com.habby.archero,1556,1981-01-01 01:01:02,2024-08-17 17:09:30.629803,50000000,2024-08-17T17:10:41.486682,"Archero
6.1.2",Habby,12 Aug 2024
1654309F1AD2EA8BFEBFC9218B2B37C46753B165D8CC49FB210FE14C38B194F5,com.mobisystems.msdict.embedded.wireless.oxford.dictionaryofenglish,1122,1981-01-01 01:01:02,2024-08-07 18:48:58.430329,50000000,2024-08-07T18:49:31.195107,"Oxford Dictionary
15.6.1122",MobiSystems,6 Aug 2024
4371AB25C1CE9D575D48BFF63D061110DE4D8B5EE7279D8A0004DE60145E39B7,com.oppo.music,100901071,1981-01-01 01:01:02,2024-09-19 11:34:05.858996,100000000,2024-09-19T11:34:16.675889,"Music
58.9.1.71_5efc277_240830",AllSaints Music - OPPO,3 Sept 2024
3E326696946E9E195A20EA42298B130CA5A45A532606ED47DDC16CC74CF8026C,com.funbase.xradio,400209,1981-01-01 01:01:02,2024-03-16 21:22:22.097348,100000000,2024-03-16T21:22:28.175246,"WOW FM - Radios &amp; Podcasts
4.2.0.9",Transsion Holdings,22 Jan 2024
2E1577DA77303E07B797BF2CE2CFA7F207F97D70F07BD6D439E22B8BF6620991,com.YovoGames.hair,43,1981-01-01 01:01:02,2024-08-18 14:19:04.974921,100000000,2024-08-18T14:20:05.096273,"Hair saloon - Spa salon
1.4.3",YovoGames,12 Jul 2024
01E31A639202BE9B8367E99186AB9F5808A679BBED1994672C8A5FC849FA4AA8,com.superking.parchisi.star,340,1981-01-01 01:01:02,2024-08-02 22:43:54.606761,100000000,2024-08-02T22:43:48.846725,"Parchisi STAR Online
1.206.2",Gameberry Labs,22 Jul 2024
27617CE774F75A8981A66B0A32B0C39A6648AC6B81ED2BC0522768C611360027,com.imo.android.imoimlite,2872,1981-01-01 01:01:02,2024-04-03 05:28:10.32114,50000000,2024-04-03T06:02:03.507441,"imo Lite -video calls and chat
9.8.000000016887",imo.im,25 Mar 2024
0E670BE5F518342233CAEFEC145D51AA5368581CA821811669A2BCE98BCF6625,com.symantec.mobilesecurity,240327902,1981-01-01 01:01:02,2024-03-29 22:13:51.093196,50000000,2024-03-29T22:16:28.308546,"Norton360: Virus Scanner &amp; VPN
5.83.1.240327902",NortonMobile,26 Mar 2024
09D4F24D7E01AD46E9D70EC9916CA1F232D200ACA71962B7F3DF83A0731B921D,vh.one,335505,1981-01-01 01:01:02,2024-06-17 10:53:13.750298,50000000,2024-06-17T10:59:30.423490,"I, The One — Fun Fighting Game
3.55.05",CASUAL AZUR GAMES,11 Jun 2024
4901E94751B28757A2513EDD4DDC3010C3283B1B63E331AB58D7C8840AC356C8,com.lf.frontline.elite.war.free.apps,224,1981-01-01 01:01:02,2024-02-29 15:51:08.754601,50000000,2024-02-29T15:51:03.263153,"Gun Games 3D:Gun Shooting Game
1.21.1",CupTie Fun Games,15 Jan 2024
9D72321C907A10B9E207D05B679C85CFBAFC9859118A612D9A29C6CBCD9A1C29,com.phantom.paperboy,224,1981-01-01 01:01:02,2024-12-09 17:36:44.464147,50000000,2024-12-09T17:37:38.253136,"Paper Boy Race: Run games
1.33.2",Freeplay Inc,17 Oct 2024
9E1D4625C61B5729834EDE51E75379A903D5E89C7499D26CCE4191230F9F6721,com.quarterborrowresult.customer,136,1981-01-01 01:01:02,2024-09-18 18:59:01.190256,50000000,2024-09-18T19:04:07.352279,"Puzzle Game
136.0",Mahjong solitaire mahjongg,12 Sept 2024
37D85903CFDE200429F0CD7B6A1605ABFD6144A448ADD40E587F10403A2E4B4B,com.orbitalknight.ridiculousfreekick,1600218009,1981-01-01 01:01:02,2024-12-14 01:19:19.172032,50000000,2024-12-14T01:41:56.529590,"Crazy Kick!
2.18.9",VOODOO,28 Nov 2024
404E5FDC8DFCF61E543B3B1FBF22B5925035C80366F56C04768DF21BB3698F2F,com.microsoft.windowsintune.companyportal,7083970,2024-11-19 12:22:24,2024-11-28 15:25:27.617019,50000000,2024-11-28T15:45:44.999828,"Intune Company Portal
5.0.6436.0",Microsoft Corporation,19 Nov 2024
42A26D9270062EB4AF01E1A7BE28E777C691078560435D219C740676E6A77432,com.zhiliao.musically.livewallpaper,314,1981-01-01 01:01:02,2024-11-14 09:32:36.621172,100000000,2024-11-14T09:32:30.130453,"TickTock-TikTok Live Wallpaper
31.4",TikTok Pte. Ltd.,4 Nov 2024
1F43FE8DC89B4D119C50BF98C628BD4D7E62272040C3CD8FA0F96C78750780F7,com.tilemaster.puzzle.block.match,24030820,1981-01-01 01:01:02,2024-03-28 11:16:26.08238,100000000,2024-03-28T11:17:21.676348,"Tile Master® - Triple Match
2.7.35",Higgs Studio,8 Mar 2024
9CC6313D2B3F24CB839ECFC56DA2269E402E1492967614F632A3104502089590,com.google.android.apps.googleassistant,60,2009-01-01 00:00:00,2024-03-10 03:27:01.241062,1000000000,2024-03-10T03:43:24.720593,"Google Assistant
0.1.601924805",Google LLC,30 Jan 2024
26A348F5C51EFCDE9DCC0AA22992BC73DEAD12055ACD2B2230020B7D4FDD05C4,com.zuuks.bus.simulator.ultimate,220,1981-01-01 01:01:02,2024-11-22 13:39:19.619122,100000000,2024-11-22T13:51:25.403444,"Bus Simulator : Ultimate
2.2.0",Zuuks Games,10 Oct 2024
05B62AF0873005315925682F0809D08C4710A35292D8AE29B374769F376F031A,com.yalla.yallagames,1030918,1981-01-01 01:01:02,2024-03-21 11:07:14.83098,100000000,2024-03-21T11:01:42.509190,"Yalla Ludo - Ludo&amp;Domino
1.3.9.2",Aviva Sun,4 Mar 2024
1451DBA7595279EFD859DA199B5ACB39264FCF875AF90818262F8D61194E8743,com.melesta.coffeeshop,100674,1981-01-01 01:01:02,2024-09-17 13:19:07.466576,100000000,2024-09-17T13:29:27.912358,"My Cafe — Restaurant &amp; Cooking
2024.9.1.3",Melsoft Games Ltd,14 Sept 2024
18197E1AF9C5F3E6970D82AAC950331D3DE9610CC1F451962E939F0BC438B7BD,com.ivy.galaxyshooting.sky,417,1981-01-01 01:01:02,2024-05-31 19:49:05.444405,50000000,2024-05-31T19:51:22.981610,"Galaxy sky shooting
4.9.6",IVYGAMES,7 May 2024
73FE3EC415D73FFFA37DBB29275C9AC3FF23B5242EC8A3545CD7B7A5F8853994,com.iexceed.appzillon.ippbMB,81,1981-01-01 01:01:02,2024-10-22 01:31:07.625513,50000000,2024-10-22T01:42:10.315446,"IPPB Mobile Banking
1.24.14.3",India Post Payments Bank Ltd,26 Sept 2024
D3A2D1A8D633541BF3EB26137245CC94DBE245FA9A0C6F1411CE3C465FCFE181,org.nanobit.hollywood,1374,1981-01-01 01:01:02,2024-05-02 11:49:13.964478,50000000,2024-05-02T11:49:14.412904,"Hollywood Story®: Fashion Star
12.0",NANOBIT,23 Apr 2024
17345559BF4951CD591D3858B2A685A6A260A17FB4AE08A2E3076E5FF39E652A,com.google.android.tts,210471661,1981-01-01 01:01:02,2024-03-18 14:10:08.600818,10000000000,2024-03-18T14:20:04.105836,"Speech Recognition &amp; Synthesis
googletts.google-speech-apk_20240219.01_p0.608345967",Google LLC,6 Mar 2024
08FF6B0C89723BEC545A30335821A3A2E179759684F10456F94D023F4606EC41,com.kayac.balloon_crusher,1211,1981-01-01 01:01:02,2024-04-04 09:06:36.683233,50000000,2024-04-04T09:13:21.296012,"Balloon Crusher: Shoot’em all
1.2.1",KAYAC Inc.,15 Jan 2024
48C1A0C2710E742BBFC7045EB91051896F818963502B3B6F551DFFDAE85F1E21,com.supercell.clashofclans,160386015,1981-01-01 01:01:02,2024-08-05 21:23:47.247622,500000000,2024-07-05T11:06:05.994470,"Clash of Clans
16.386.14",Supercell,4 Jul 2024
11B954EE9818CE843B9CB3D410FB9C16298E54DA5735011EB2CDD4E97948209C,flipboard.app,5444,1981-01-01 01:01:02,2024-04-20 02:50:47.019716,500000000,2024-04-20T03:09:00.698768,"Flipboard: The Social Magazine
4.3.25",Flipboard,19 Apr 2024
361C423643DB6ABF034B5B5616F191FE3EEA742B345BD2CA2119B6E565D6201A,com.easybrain.find.the.difference,32003001,1981-01-01 01:01:02,2024-11-16 04:20:16.555728,50000000,2024-11-16T04:28:00.946402,"Differences - spot &amp; find them
3.20.3",Easybrain,31 Oct 2024
0E8A8338B0EAC6A50ED139742DACCA7F27707F209C8954888FF75A5CC09369E6,com.sinyee.babybus.garden,8680003,1981-01-01 01:01:02,2024-04-17 02:27:52.802045,50000000,2024-04-17T02:25:55.444954,"Little Panda&#39;s Farm
8.68.00.03",BabyBus,12 Apr 2024
148F6CDF1EEDD97F1146DC181AE456756F7475CFDB131BACCB7613FF1DA66A55,com.dream_studio.animalringtones,115,1981-01-01 01:01:02,2024-04-27 23:19:14.867947,50000000,2024-04-27T23:19:31.653687,"Animals Ringtones
18.1",Dream_Studio,26 Apr 2024
0A873373ADDA7717CD763829C5C8BA0D754D39DDA5F2C5FFA9532D355C2A8D28,com.amazon.dee.app,942119113,1981-01-01 01:01:02,2024-06-14 12:58:40.638528,100000000,2024-06-14T12:58:44.210648,"Amazon Alexa
2.2.572499.0",Amazon Mobile LLC,12 Jun 2024
051F33FD440249A4FB9599E8634FAF250F0EDCCEDE07F70BC3137F18E3F86F4F,com.lidl.eci.lidlplus,1470406152,1981-01-01 01:01:02,2024-08-29 13:21:36.918706,50000000,2024-08-29T13:22:50.602904,"Lidl Plus
16.11.3",Lidl,28 Aug 2024
BBAC6D98CBCADC4DF9D446A86A36B38E27C9CCACFF1ECC91F8D8427D6873A211,jp.konami.pesam,308030001,1981-01-01 01:01:02,2024-01-25 09:09:14.355643,100000000,2024-01-25T09:09:30.839448,"eFootball™ 2024
8.3.0",KONAMI,22 Jan 2024
1FE1C16AF7D0F6539F423D7D851637664AECC3EF6D7EE0C918BC75EDA779C829,air.com.goodgamestudios.empirefourkingdoms,4072041,2024-03-22 16:39:26,2024-03-29 08:18:52.800003,50000000,2024-03-29T08:18:56.067142,"Empire: Four Kingdoms
4.72.41",Goodgame Studios,22 Mar 2024
266A317145AB979168FA10E8BC170B8F78689BE695FFBA96025AC2C2B4D4E6EC,air.com.hypah.io.slither,2003001,1981-01-01 01:01:02,2024-10-22 03:15:06.868281,500000000,2024-10-22T03:18:04.893229,"slither.io
2.3.1",Lowtech Studios,19 Oct 2024
1243622A08E75D2752649F27F4461AE2EA98F0799E02F11E3304C117F27FE04E,com.radio.fmradio,645,1981-01-01 01:01:02,2024-03-17 10:51:14.940201,50000000,2024-03-17T11:00:12.756866,"Radio FM Online
17.8.6",RadioFM,4 Mar 2024
C6E1C49E693AAFAFE6ED1F369857A5FCAEBDDA34BD7296A18DF69BD9CBD72B48,com.keplerians.icescream3,45,1981-01-01 01:01:02,2024-08-30 15:16:36.171103,50000000,2024-08-30T15:16:36.879069,"Ice Scream 3
1.3.0",Keplerians Horror Games,14 Aug 2024
09037990CC794CD02BDB98296A32476B24DBE0CA241686E7A74D5064BFC4E242,com.digitalchemy.calculator.freedecimal,20701040,1981-01-01 01:01:02,2024-09-08 09:57:50.002092,50000000,2024-09-08T10:00:28.984322,"Calculator Plus with History
7.1.4","Digitalchemy, LLC",2 Sept 2024
00288BFEAB006076953D21DB89EC9C73F7BE4A7169E39262DC1CC0FA3E4D2D45,com.free.vpn.super.hotspot.open,13800,1981-01-01 01:01:02,2024-05-02 10:36:45.945158,100000000,2024-05-02T10:38:01.474087,"VPN - Super Unlimited Proxy
1.38.0",VPN Super Inc,22 Apr 2024
089F489B798502BC4EDD9A1DB035E2D8B2FB7737358FAD07B00FC45147DA178A,com.nvt.cs,17270,1981-01-01 01:01:02,2024-09-18 11:23:32.859407,50000000,2024-09-18T11:24:31.615129,"Minha Claro Móvel
17.27.0",Claro Brasil,17 Sept 2024
0276770FDE220B82FF690C6E93C3042CE4392D6DD508FF614314D222CD6CE47F,com.grammarly.android.keyboard,20048896,1981-01-01 01:01:02,2024-10-22 06:06:16.344852,50000000,2024-10-22T06:09:56.201629,"Grammarly-AI Writing Assistant
2.67.48896","Grammarly, Inc.",9 Oct 2024
B6D4D69C0B2E77A5103295A6B0A0DD88C5AB432486C87C0A5D59A6F02460ECDF,com.ezt.pdfreader.pdfviewer,73,1981-01-01 01:01:02,2024-11-21 15:54:26.967203,100000000,2024-11-21T15:56:42.030609,"PDF Reader – PDF Viewer
1.7.2",EZTech Apps,14 Nov 2024
013F4539BC25D91DC8A128D52C301B8799552BB4DA07D7B2ACFB8EB05A580A55,ru.rostel,7098,1981-01-01 01:01:02,2024-09-13 13:26:42.094744,100000000,2024-09-13T13:26:29.171361,"Госуслуги
19.3.0.7098-gms",Минцифры России,11 Sept 2024
041B89BF37605831A491DA43C441323EE91FB595F37F2D100D9C3CB6BDF3A671,com.picsart.studio,993824705,1981-01-01 01:01:02,2024-04-26 15:13:17.984412,1000000000,2024-04-26T15:14:23.354989,"Picsart AI Photo Editor, Video
24.7.5","PicsArt, Inc.",18 Apr 2024
125331C8D6BDD5536C750DBFCB9769AE04B9CDC3C08DA2652C42A0F518B7D1E8,br.com.brainweb.ifood,321001005,1981-01-01 01:01:02,2024-03-22 11:13:22.750873,100000000,2024-03-22T11:13:26.682295,"iFood comida e mercado em casa
10.10.0",iFood Delivery de Comida e Mercado,15 Mar 2024
47264405997936A11D817104C05DA5C876239093368853408CE480D8061AD6A1,com.superwings.jettrun,93,1981-01-01 01:01:02,2024-03-19 02:17:42.86032,50000000,2024-03-19T02:17:58.897004,"Super Wings : Jett Run
4.1.0",JoyMore GAME,11 Mar 2024
C8448A9BACED65E8406711BBFB6151951F3E0C929D1ACCF8B548C693DC792F8F,com.mobirix.zombiefire,240726,1981-01-01 01:01:02,2024-09-05 16:01:31.695527,50000000,2024-09-05T16:04:30.945085,"Zombie Fire
1.4.4",mobirix,25 Jul 2024
0625263927206B18237EBB32C5A52163A31EB7D0A14297755ADE7B77A850A6F6,org.telegram.plus,21330,1981-01-01 01:01:02,2024-12-14 16:58:33.746042,50000000,2024-12-14T16:58:36.843728,"Plus Messenger
11.4.2.1",rafalense,4 Dec 2024
C495F956AEA5FA9F11316612AC9B6E3C68D167EE7FF222E770D186E0EBC28025,com.yx.boxinghero,117,1981-01-01 01:01:02,2024-09-01 20:00:33.315036,50000000,2024-09-01T20:00:35.530610,"Punch Boxing 3D
1.1.7",CanaryDroid,20 Aug 2024
064D1F609E8FF5C818CAD9C9D47FE6A80C8F2033029FACDDDC2EB827BB9CC5AF,com.fatsecret.android,726,1981-01-01 01:01:02,2024-11-29 14:00:26.128031,50000000,2024-11-29T14:00:29.086820,"Calorie Counter by fatsecret
9.38.2.5",fatsecret,18 Nov 2024
15A158C615029198040801FAC9027E92565B74882234EA21A2F1157D0B296C0E,com.kii.safe,5412,1981-01-01 01:01:02,2024-03-02 16:10:10.471407,50000000,2024-03-02T16:10:05.797603,"Private Photo Vault - Keepsafe
12.10.0",Keepsafe,27 Feb 2024
011F87C1A2F160F3ECC1C225CADE1C5058DDD24EA24E80F2D4067945E014CA94,com.fusee.MergeMaster,3045000,1981-01-01 01:01:02,2024-09-07 00:00:11.756512,100000000,2024-09-07T00:01:49.795979,"Merge Master: Dinosaur Monster
3.45.0",Homa,25 Jul 2024
538A9A356F21C855C53616F81DE5326FC742810072D0744CD629E6DE73709B25,com.ecareme.asuswebstorage,567,1981-01-01 01:01:02,2024-06-08 22:47:24.778297,100000000,2024-06-08T22:47:19.725523,"ASUS WebStorage - Cloud Drive
3.16.4.11",ASUS Cloud Corporation,13 May 2024
003623F2A744A1E085E96E3B60D5D3FE586BB15C6825D6C85A8FF0F212628B9F,com.vkontakte.android,18867,1981-01-01 01:01:02,2024-01-29 09:41:04.011912,100000000,2024-01-29T09:41:05.117335,"VK: music, video, messenger
8.64",VK.com,25 Jan 2024
1AE8B726AA8B9F2D3A8FF358DABBD44CC24F0AC7D65A56FFC8047450F2E5E9A7,com.gameswing.offroad.oiltankertransport.truckdriving.simulator.game,75,1981-01-01 01:01:02,2024-08-05 21:14:08.017436,100000000,2024-08-05T21:26:23.339240,"Truck Simulator - Truck Games
6.6.0",Games Wing,20 Apr 2024
262A4864EE9091986CA41784BB1BB37A5BE154894E780F7540DFC06006F535C8,com.pixonic.wwr,202624,1981-01-01 01:01:02,2024-01-18 10:12:08.378107,100000000,2024-01-18T10:12:56.010442,"War Robots Multiplayer Battles
9.7.0",MY.GAMES B.V.,16 Jan 2024
093079BBA19A754A91EDB9D652B97FEDB3FF4B4B1332DD4B7A25B1EE43CAD406,com.sygic.aura,231240002,1981-01-01 01:01:02,2024-02-29 22:55:21.507098,50000000,2024-02-29T22:55:56.776325,"Sygic GPS Navigation &amp; Maps
24.0.2-2287",Sygic.,22 Feb 2024
0F242D94E189CDBA852A285790074FA9B92A8A01AA461873DE9B4D0E0CBEB6BD,jp.konami.duellinks,153,1981-01-01 01:01:02,2024-08-26 14:40:46.696077,50000000,2024-08-26T14:42:06.181587,"Yu-Gi-Oh! Duel Links
8.11.0",KONAMI,18 Aug 2024
1479137B275A81AEBFBA8934E390AFD1DA3E3D90BDBF09286BF8DA2E3E0D92E1,com.teacapps.barcodescanner,192,1981-01-01 01:01:02,2024-10-27 22:55:57.98875,100000000,2024-10-27T22:57:13.815155,"QR &amp; Barcode Reader
3.2.2-L",TeaCapps,25 Oct 2024
2232A19C47039DE5E634D38C3A1477C77E575D70FF62272026122FFB28D65930,com.popularapp.periodcalendar,316,1981-01-01 01:01:02,2024-09-13 14:19:15.344764,100000000,2024-09-13T14:19:50.630151,"Period Tracker Period Calendar
1.76.316.GP",Simple Design Ltd.,9 Sept 2024
0597EEB746A315F718D0E8EFF48914BC2F11F5D4C7D28DFBA546644C9998484A,com.adobe.lrmobile,711001001,1981-01-01 01:01:02,2024-12-15 08:26:20.723302,100000000,2024-12-15T08:33:01.725686,"Lightroom Photo &amp; Video Editor
10.1.0",Adobe,12 Dec 2024
1815431969BF3A57B7AF5AAA0F1AA8650557ACFF09962DDC08AAC625AD42F8DB,vinkle.video.editor,10881,1981-01-01 01:01:02,2024-05-12 10:03:59.787882,100000000,2024-05-12T10:04:17.249904,"Beat.ly - MV &amp; AI art Maker
2.45.10881",Beat.ly music video maker with effects,7 May 2024
E31ABE6F42386201AEBDB5AA2E22C86748A37E8FB9553798356B75C63633EA9D,face.cartoon.picture.editor.emoji,79,1981-01-01 01:01:02,2024-03-29 14:10:46.199898,50000000,2024-03-29T14:22:45.909310,"Avatoon® - Avatar Maker
1.7.3",IdeaLabs.,29 Feb 2024
07D063210B69AC71C769571F19927D60B97B0B32156F17571E665D34B2F9F432,com.igg.android.doomsdaylastsurvivors,75033,1981-01-01 01:01:02,2024-08-02 21:29:18.657736,50000000,2024-07-27T02:02:12.446201,"Doomsday: Last Survivors
1.32.5",IGG.COM,18 Jul 2024
2254319F73012C19414FA2EFBF7A02153AF6896326B8AB4E0135ED647787D2D1,com.combineinc.streetracing.driftthreeD,656,1981-01-01 01:01:02,2024-06-09 01:17:56.797291,100000000,2024-06-09T01:18:58.380302,"Street Racing 3D
7.4.6",Ivy,22 Apr 2024
3C3A14B2E34DE19F62447347DF10651943C3A98F4F9FC7F65EE4485CF6F208FB,com.cv.docscanner,70164,1981-01-01 01:01:02,2024-01-29 09:15:39.565339,50000000,2024-01-29T09:16:25.711048,"Document Scanner - PDF Creator
6.7.34",Lufick,23 Jan 2024
0E67B292E21A01C20F05B94C5C65CE181B75BF6DF9B06CF3D8C488D076EA08AB,com.microsoft.xboxone.smartglass,326416769,1981-01-01 01:01:02,2024-11-13 15:47:59.809631,100000000,2024-11-13T16:30:18.697281,"Xbox
2411.1.1",Microsoft Corporation,4 Nov 2024
59330850B42C5B9F5F02F8C58C6E5429C5D132CF12EE9440CB94E646096ED3FB,com.superbox.aos.fire2048,22100,1981-01-01 01:01:02,2024-01-15 17:56:05.315451,50000000,2024-01-15T17:56:54.431798,"Drop The Number™ : Merge Game
2.2.1",SUPERBOX Inc,10 Jan 2024
361E6F796CBFEC5842CBDB7A7EFA94229C964B6CBF8C5E70F188F63C9A82DE47,com.wbd.stream,35350760,1981-01-01 01:01:02,2024-09-27 12:55:16.6323,50000000,2024-09-27T13:04:24.992609,"Max: Stream HBO, TV, &amp; Movies
4.10.0.46","WarnerMedia Global Digital Services, LLC",18 Sept 2024
23F0327C8693D93DDD7EF21DA82160BBB774A561BBF363F5671B6397962AF161,com.pixign.smart.puzzles,726,1981-01-01 01:01:02,2024-01-16 16:32:48.912728,50000000,2024-01-16T16:33:08.257553,"Smart Puzzles Collection
2.7.1",App Holdings,18 Dec 2023
337FCA3A6AF1615A9B1C50330BE6850B165C687CC3B30BC7F86E93169C53FF60,com.rollic.tanglemaster3D,383,1981-01-01 01:01:02,2024-03-16 15:56:49.308378,100000000,2024-03-16T15:56:52.275671,"Tangle Master 3D
42.15.1",Zynga,5 Feb 2024
0860C461341E05860CEFE4A015FF9979F1279BF296D4BB418DBF75723A96FACE,com.mobikwik_new,1974,1981-01-01 01:01:02,2024-05-14 06:19:36.848235,50000000,2024-05-14T06:30:35.510470,"MobiKwik: BHIM UPI &amp; Wallet
23.9.0",One MobiKwik Systems Limited,7 May 2024
DC6CABBB85065D88413342BC8DF67BD05D3681CB3EB4CCC27B07200A0B32DEC5,com.samsung.android.oneconnect,182128010,2009-01-01 00:00:00,2024-10-31 07:39:24.836504,1000000000,2024-10-31T07:43:35.776551,"SmartThings
1.8.21.28","Samsung Electronics Co.,  Ltd.",21 Oct 2024
06C103A056481CD5640A4E899103C219FF69829B59C5C7C436248178BF53BD03,com.playrix.township,1019010,1981-01-01 01:01:02,2024-05-29 01:21:24.034813,100000000,2024-05-29T01:22:40.282525,"Township
19.0.1",Playrix,20 May 2024
60DEAA153E25E9BF6DF2F19395AF0FEC3B18DFA1D4952F0FA355F2B7A77E1BEE,com.atpc,20240405,1981-01-01 01:01:02,2024-04-14 12:42:33.025016,100000000,2024-04-14T12:42:34.601162,"MP3 Downloader - Music Player
20240405",Super Music Player Downloader,10 Apr 2024
05C7AE08876955BA1E3E50390CAE31F281934DB7BCCD981DFC6897EC6C203088,com.linecorp.b612.android,91130111,1981-01-01 01:01:02,2024-04-15 12:51:08.744526,500000000,2024-04-15T12:57:34.734938,"B612 Camera&amp;Photo/Video Editor
13.1.11",SNOW Corporation,14 Apr 2024
34FE57A43567E63B363F73AF4E135B90DEE8C10A9E92F2FEC6B61F7B2C80BC8C,com.budgestudios.StrawberryShortcakeBakeShare,2803,1980-01-01 00:00:00,2024-03-29 00:12:23.973878,50000000,2024-03-29T00:13:13.762856,"Strawberry Shortcake Bake Shop
2024.1.0",Budge Studios,25 Mar 2024
21375E0F8E90CB82A3A9D8CEEDA7D5D53DA43CF7ED7551C0EA39F518E5583CCC,com.weloadin.dessertdiy,2521,1981-01-01 01:01:02,2024-08-23 14:10:03.511879,50000000,2024-08-23T14:10:47.817250,"Dessert DIY
2.5.2.1",CrazyLabs LTD,26 Jul 2024
12DD0E8797523E9F436963AB83DAA29C067CDCCE4A3A45377900159AAB3D11F4,cz.gdmt.AnnelidsDemo,656582,1981-01-01 01:01:02,2024-10-28 02:36:01.871927,50000000,2024-10-28T02:58:19.390470,"Annelids: Online battle
1.119.4",Michal Srb,11 Oct 2024
66DC0175C3461C9973DA30EC8CF2A58AD409C6FBC880C3A9CC50136C6B45D4C8,com.fundrivegames.mega.ramp.ultimate.cars.stunts.impossibletracks,29,1981-01-01 01:01:02,2024-05-29 01:43:41.160589,50000000,2024-05-29T01:43:00.196276,"Ramp Car Games: GT Car Stunts
3.5",Fun Drive Games,18 Mar 2024
0687E615A51A5099D1DB60A5BCB81208F934471CDA5E5B29B5F3217C314DD3B6,com.EvilChaotic.ModernWarplanes,303264,1981-01-01 01:01:02,2024-09-13 14:58:25.415767,50000000,2024-09-13T14:59:31.084050,"Modern Warplanes: PvP Warfare
1.20.2",ForgeGames Mobile,9 Sept 2024
2F6EB6D3FBA157A6A4252572DF7CB5FAD81748AE17F3C991B406C43D9E131DE2,com.playgendary.partymasters,572,1981-01-01 01:01:02,2024-09-12 14:50:27.381908,50000000,2024-09-12T15:00:45.708515,"Partymasters - Fun Idle Game
1.5.0",CASUAL AZUR GAMES,23 Aug 2024
8C65943098D3A23B4B760C7AE91753378DF05D8F0FDE9F3BE6DE965D6477BBCE,com.paurau.SlowMoRun,630,1981-01-01 01:01:02,2024-09-13 22:34:57.154284,50000000,2024-09-13T22:52:40.952966,"Slow Mo Run
6.3",Supersonic Studios LTD,7 Aug 2024
575622F0FDCEFD6389FC76E0323DBE716E11FD51EACF112ED2A107589F690F3C,com.pd.vehiclemasters,375,1981-01-01 01:01:02,2024-11-17 21:40:10.45567,50000000,2024-11-17T21:40:13.620197,"Vehicle Masters
1.0.34",SayGames Ltd,2 Nov 2024
7B8666B523E657088BDAB5FC3DF8FF2ACD53195F67EE425CF14A065FBDB13962,com.pianokeyboard.learnpiano.playmusic.instrument,118,1981-01-01 01:01:02,2024-10-30 21:11:49.710589,50000000,2024-10-30T21:11:52.996445,"Learn Piano - Real Keyboard
3.1.8",WorkPlay Space,22 Oct 2024
10277FC9BB21C40B03343678F4EC4C1682DDFD631EA246B4C115F51F175EF222,in.AajTak.headlines,3850687,1981-01-01 01:01:02,2024-09-21 07:53:12.890661,100000000,2024-09-21T07:57:31.247084,"Hindi News:Aaj Tak Live TV App
9.95.54",TV Today Network Limited,28 Aug 2024
16C148CE0B2B7343280AA71B91FE13AE2E5FFB780301E5B033A762B637CF6D1F,com.blendergame.smash,185,1981-01-01 01:01:02,2024-03-21 23:26:12.25631,100000000,2024-03-21T23:44:21.828768,"Blend It 3D
1.3.58",SayGames Ltd,1 Feb 2024
14CE538ADF9C9B9AE00449F71B4F256B3D948562E3AE52B97625DF5193817A4C,com.gameswing.impossiblecarstunts.monstertrucks.cardriving.simulator,105,1981-01-01 01:01:02,2024-09-06 10:54:12.996252,50000000,2024-09-06T10:51:10.844746,"Ramp Car Racing - Car Games 3D
1.0.5",Games Wing,28 Aug 2024
0A58C0DBB79E2C9F59EA6FE900EC743BA08BEE34B281E8E8413813DB7CA66CBE,com.vodafone.selfservis,24701,1981-01-01 01:01:02,2024-06-03 09:23:38.004052,50000000,2024-06-03T09:30:32.350761,"Vodafone Yanımda
18.2.2",Vodafone Holding,25 May 2024
2250DB30E2B0A7A37551DEB61F2FD28E245986A17571A389B2256D4B50795376,com.goodev.volume.booster,79,1981-01-01 01:01:02,2024-12-13 08:19:10.469683,50000000,2024-12-13T08:19:37.059272,"Volume Booster GOODEV
7.9",GOODEV,28 Nov 2024
59302C0851CAA520AAFA77BDF77E8AE77E6C99937A4715C10A7008B8AF9F1563,com.VectorUpGames.TallManRun,77,1981-01-01 01:01:02,2024-06-28 20:21:45.502199,100000000,2024-06-28T20:23:59.859732,"Tall Man Run
1.77",Supersonic Studios LTD,27 Jun 2024
123A862755D07C4F787E473C2438E8DF8ED1B2A47431C5720951C775FA5769CF,com.gameloft.android.ANMP.GloftDMHM,990208,1981-01-01 01:01:02,2024-03-30 05:51:02.801166,500000000,2024-03-26T13:03:42.796171,"Minion Rush: Running Game
9.9.0g",Gameloft SE,20 Mar 2024
188B744727973091D00A47171C5FE2DB487B8228A68C03D80161F2C067B4F103,com.vlv.aravali,40702,1981-01-01 01:01:02,2024-10-26 12:32:11.850001,50000000,2024-10-26T12:36:12.768658,"Kuku FM: Audio Series
4.7.2",Kuku FM,16 Oct 2024
0F1801BAB908C4923DC3FC16932FE35C1CD34C4667B53917C18EBC7D278B96EE,com.overlook.android.fing,120601003,1981-01-01 01:01:02,2024-03-01 08:46:53.280548,50000000,2024-03-01T08:48:04.877991,"Fing - Network Tools
12.6.1",Fing Limited,26 Jan 2024
0C16C0C3BBF98C6A4A362217C5E63133BE28DA81EF82AA3FDC6607434457313F,com.msf.angelmobile,1151,1981-01-01 01:01:02,2024-07-02 10:23:56.682861,50000000,2024-07-02T10:24:13.088307,"Angel One: Stocks, Mutual Fund
48.13.0","Angel One - Stock Market, Demat Account & IPO",28 Jun 2024
2B6CBF97EAA80D8999E40F564422D27AEBA67D00217D9EE90624721EDC2801F0,com.hp.printercontrol,4770,1981-01-01 01:01:02,2024-08-02 22:16:58.997708,100000000,2024-08-02T22:17:39.949234,"HP Smart
17.20.0.4770",HP Inc.,27 Jun 2024
01E9E1FE4824E52658172259B344CE061628979BA222353E8117EC4A97362863,mytown.police,2073,1981-01-01 01:01:02,2024-09-03 03:59:26.717943,50000000,2024-09-03T04:08:06.178944,"My Town: Police Games for kids
7.01.00",My Town Games Ltd,19 Aug 2024
013B433AB46F55C0CF7CDBC75D7B231E173CB4C6A186CCE8E3783D5341E82A5E,com.topwar.gp,19224720,1981-01-01 01:01:02,2024-04-01 06:47:28.905809,50000000,2024-04-01T07:20:29.913570,"Top War: Battle Game
1.454.2",RiverGame,30 Mar 2024
0F62927DBC0C3340A215B13D3D72D513CCB9D51D5742CAF1ABFA2F7677703D63,com.chrome.beta,642200331,1981-01-01 01:01:02,2024-04-18 01:10:02.893222,50000000,2024-04-18T01:10:04.049272,"Chrome Beta
125.0.6422.3",Google LLC,17 Apr 2024
5991A6861329CE6B388828CB38157D1299183340F8242916164B20A6763F9845,com.skgames.trafficracer,370,1981-01-01 01:01:02,2024-04-03 04:42:17.623313,100000000,2024-04-03T05:02:45.359697,"Traffic Racer
3.7",skgames,9 Feb 2024
3319221F26CFF00640899ABF4DBA4EA36320DE2538B26BE9E04BFCD3DCCA2C41,com.bKash.customerapp,39008452,1981-01-01 01:01:02,2024-03-16 20:36:47.08465,50000000,2024-03-16T20:36:48.464365,"bKash
5.9.6",bKash Limited,13 Mar 2024
111EC6E217BC5D161C98366E51FA9E941836EC95989FE4E4951ED3F956781E24,com.appadvisory.drawclimber,345,1981-01-01 01:01:02,2024-09-01 06:29:23.842003,100000000,2024-06-28T05:56:20.294330,"Draw Climber
1.16.07",VOODOO,21 May 2024
AD7D19D3BC362B4B8BC7AD1B33328AE5EA9B9297A6C35707754DA0C1363548F7,com.princess.coloring,1876,1981-01-01 01:01:02,2024-06-21 00:03:57.627679,50000000,2024-06-21T00:04:34.221434,"Princess Coloring Game
18.7.6",Coloring Games,28 May 2024
02BED9F7E38A281A041E411950D13E4DF9FD084D0EE32D03BF7E8E48A8B7043F,br.com.rodrigokolb.realguitar,223,1981-01-01 01:01:02,2024-05-16 03:12:55.252834,50000000,2024-05-16T03:13:45.347863,"Real Guitar: lessons &amp; chords
8.26.6",Kolb Apps,8 May 2024
0618F2564C0607108CFA9BA22599C0661A1D5DD42258BC37FE953A45C7545B86,media.music.musicplayer,737,1981-01-01 01:01:02,2024-03-13 13:26:34.198774,100000000,2024-03-13T13:46:02.371559,"Music Player - Audio Player
7.3.7",Mobile_V5,6 Mar 2024
970AB50BB14128BAF29ACAD4223E727DCC95A6F7555676510A9069BB449CA60D,tools.photo.hd.camera,84,1981-01-01 01:01:02,2024-01-24 10:50:19.217962,50000000,2024-01-24T10:50:21.787493,"HD Camera
1.14.10",KX Camera Team,10 Jan 2024
036C116B2290A77E11513F0DEA6FC39275FC56408CE194BFDA8DA85EDD84FE07,com.secondarm.taptapdash,2031,1981-01-01 01:01:02,2024-07-15 21:14:05.008988,50000000,2024-06-27T06:16:20.855544,"Tap Tap Dash
2.031",JOX Development LLC,19 Jun 2024
2641228E61F6D97EA1DBC4031D3A6F5CA738E2CAC645B316067294C5B416529C,com.adidas.app,53711498,1981-01-01 01:01:02,2024-05-30 11:35:03.858806,50000000,2024-05-30T11:37:30.755675,"adidas: Sneakers &amp; Clothing
5.37.0",adidas,28 May 2024
2674BBC185F77DAC434A15D7B3893BDD4196A669978736F55BE3DE1C6CF259D1,musicplayer.musicapps.music.mp3player,157,1981-01-01 01:01:02,2024-10-31 10:01:57.755067,100000000,2024-10-31T10:08:29.205319,"Music Player: Play Music
3.2.1.157",InShot Inc.,21 Oct 2024
0C7DFCF3C974495DB6B987E99CAD37A2DBA6B8825702B7730F80ADA23D2707EA,com.linkdesks.iBubble,1121,1981-01-01 01:01:02,2024-06-11 22:21:09.732295,50000000,2024-06-11T22:22:37.341395,"Bubble Shooter Legend
2.82.1",Bubble Joy,5 Jun 2024
28EDA532484297743FCBB1C5D31483451B2CECD5CD2987CA8D60BCF6F1893A97,io.voodoo.holeio,11821,1981-01-01 01:01:02,2024-06-10 22:15:57.265163,100000000,2024-06-10T22:19:23.644315,"Hole.io
2.11.0",VOODOO,30 May 2024
279297360A5D4AC9F539BA3CB3AFF5F2A95CB2F78C8B3244AEA7CCCE9BE2BB7D,com.google.android.inputmethod.latin,145588606,1981-01-01 01:01:02,2024-07-22 14:39:04.864135,5000000000,2024-07-22T14:39:18.341870,"Gboard – the Google Keyboard
14.3.10.637860732-release-arm64-v8a",Google LLC,8 Jul 2024
23BCD09C1DC56238306A03A9EBCF7901349460D5DE371FAE7BD3393F19DDFBB3,com.gameloft.android.ANMP.GloftGGHM,69120,1981-01-01 01:01:02,2024-04-06 06:24:49.963869,100000000,2024-04-06T06:44:13.357448,"Gangstar Vegas: World of Crime
6.9.1a",Gameloft SE,20 Mar 2024
1CBBC7E7E4283AF970F0814DA74F388824C0C1A73B76C7295EB823DEFDC613DF,com.rvappstudios.baby.games.piano.phone.kids,226,1981-01-01 01:01:02,2024-08-15 13:53:40.627834,50000000,2024-08-15T13:53:47.319836,"Baby Games: Piano &amp; Baby Phone
1.7.0",RV AppStudios,13 Aug 2024
5516413CEAFA0E68975611FBC70D45E40CFB4198383DCC0FF29B1C2CF170689B,tr.com.apps.fashion.battle,12600,1981-01-01 01:01:02,2024-05-20 18:24:45.351588,50000000,2024-05-20T18:26:05.550917,"Fashion Battle - Dress up game
1.26.00",Apps Mobile Games,25 Apr 2024
19329839ADEE97198BCC7F65B892DFFC68664AE2F323174E73EAE070E5706853,com.google.android.apps.work.clouddpc,10084500,1981-01-01 01:01:02,2024-05-27 11:19:07.930242,50000000,2024-05-27T11:20:27.584328,"Android Device Policy
108.31.1 (10084500)",Google LLC,9 May 2024
11C910EED2880D4081E89B2BB043D3F8AFF17BAFB89C0966F0F158EDFC4FB3C3,com.imo.android.imoimhd,24102068,1981-01-01 01:01:02,2024-11-25 10:04:08.817527,100000000,2024-11-25T10:05:26.546741,"imo HD - Video Calls and Chats
2024.10.2058",imo.im,15 Nov 2024
0615405F928D5F5C3554C6A2ACE8CB6E1ED5BFA1A57A8C19E94EB6F781C072B9,com.touchtype.swiftkey,1232142656,1981-01-01 01:01:02,2024-11-23 01:40:12.424155,1000000000,2024-11-23T01:44:01.862804,"Microsoft SwiftKey AI Keyboard
9.10.49.20",SwiftKey,11 Nov 2024
11977DE140C1A49398033F73B03AE33BC7756F524480ED1EEB105222BAED3BB2,com.fungames.battletanksbeta,18942,1981-01-01 01:01:02,2024-09-04 04:52:46.311089,100000000,2024-09-04T04:59:34.364159,"War Machines：Tanks Battle Game
8.42.1",Wildlife Studios,3 Sept 2024
68A07D7436D0ADAD4644AB7A0A23707F184D168782F9E20C1CE027B782DC90C0,com.dash.dancing.smash.game.tiles.circles.beat.piano.rhythm.hop,295,1981-01-01 01:01:02,2024-10-15 10:23:40.564567,50000000,2024-10-15T10:23:43.185548,"Magic Hop
2.9.5",BADSNOWBALL HONGKONG LIMITED,27 Sept 2024
80E2581DB686F2A600B272B74D69FC9C05446FA99B589EF48A51A4AD2F85EE1F,br.com.bb.android,4163,1981-01-01 01:01:02,2024-08-30 11:05:45.146195,100000000,2024-08-30T11:07:05.381521,"Banco do Brasil: Conta Digital
9.30.0.3",Banco do Brasil SA,21 Aug 2024
0AA41F5CDCB58E8632E40A22EE385EC4E155A5362ED34F39BBF60D9ECD69222D,ru.yandex.music,24024071,1981-01-01 01:01:02,2024-01-17 11:01:28.066125,50000000,2024-01-17T11:02:21.362017,"Yandex Music, Books &amp; Podcasts
2024.01.2 #28gpr",Direct Cursus Computer Systems Trading LLC,10 Jan 2024
29DC6EABB34D258A4710EAAD5CCDBD22CD551152C0D9F8AC2D0841E03B45F224,bubble.shoot.fruit.splash.game2,82,1980-01-01 00:00:00,2024-03-30 11:48:24.063204,50000000,2024-03-30T11:45:03.195855,"Shoot Bubble - Fruit Splash
82.0",4 GAME STUDIO,24 Mar 2024
2E33D7A566A6EAFDA6F13B1AAAA8E7C082729601384209197D4BC0F09E907166,com.RedLineGames.Game49,101,1981-01-01 01:01:02,2024-04-02 10:27:08.701826,100000000,2024-03-29T21:49:55.694405,"Ice Cream Inc.
1.2.0",TapNation,15 Mar 2024
0560B5AECADF182400E337F14496ACFD57821401D3D2E17039724BB38BEBEE14,com.runtastic.android,2024032971,1981-01-01 01:01:02,2024-04-11 22:27:41.305517,50000000,2024-04-11T22:29:33.400159,"adidas Running: Run &amp; Work Out
13.32",Adidas Runtastic,29 Mar 2024
98E94DF344DDA6F12369EEC87C0B1BCFAF00A160004A515DDDD4BB12078EE207,org.ppsspp.ppsspp,118010000,1981-01-01 01:01:02,2024-11-06 09:56:11.541883,100000000,2024-11-06T09:55:48.851484,"PPSSPP - PSP emulator
1.18.1",Henrik Rydgård,4 Nov 2024
155EDBF07D5B535F3ADCD2E5B66145A2949E3AA8F1D44C7F65C60FCE79E6E527,com.Born2Play.StackyDash,117,1981-01-01 01:01:02,2024-07-05 17:41:22.233583,100000000,2024-07-05T17:43:20.265073,"Stacky Dash
4.8.8",Supersonic Studios LTD,30 Jun 2024
20E6B9491B4546EE0C7A642FBB00BD550BCC05D5F35EE03478B201EFCF422807,com.ea.game.simcitymobile_row,1056002,1981-01-01 01:01:02,2024-07-24 15:02:06.181546,100000000,2024-07-24T15:02:33.142995,"SimCity BuildIt
1.56.2.127338",ELECTRONIC ARTS,11 Jul 2024
1A59861ACD14AD2073EAECDBAAF8ACC355DDC33178BA07C65A5A672D63D03C39,com.fgol.HungrySharkEvolution,10177,1981-01-01 01:01:02,2024-01-09 08:47:32.578788,500000000,2024-01-09T08:48:10.844462,"Hungry Shark Evolution
10.7.0",Ubisoft Entertainment,5 Dec 2023
0125E0A6EB45FA60B53E441CD546B4399DB4523714294E2680E441275E23F67F,com.YovoGames.dentist,51,1981-01-01 01:01:02,2024-04-19 08:20:55.556972,100000000,2024-04-19T08:29:00.897432,"Children&#39;s doctor : dentist
1.5.1",YovoGames,8 Apr 2024
0FA58B1AFDD64B2B0763063DB10B75CCE0DF0A0AC119ADE9FFD263A3B5C4A7AB,com.musicplayer.player.mp3player.white,90000456,1981-01-01 01:01:02,2024-03-25 22:22:46.600359,100000000,2024-03-25T22:30:10.543796,"Music Player
4.5.6",mytechnosound,14 Mar 2024
670AE140185952D29306162BF5228E8A1A7D3F2D6ECDFF47C4854F587C56749D,com.globo.globotv,999932,1981-01-01 01:01:02,2024-11-15 07:14:19.325729,100000000,2024-11-15T07:32:35.094588,"Globoplay: Assistir Online
3.450.0",Globo Comunicação e Participações S.A.,12 Nov 2024
17276DA9A139BB3AB3D6AAF281D5B073B55F9AFD0F66C8EF81DD748280889AAD,com.keplerians.evilnun,300372,1981-01-01 01:01:02,2024-04-01 16:31:01.802299,50000000,2024-04-01T16:34:59.147766,"Evil Nun: Horror in the School
1.8.9",Keplerians Horror Games,25 Mar 2024
5362871FDEF834A1187D2394D359CF173D21D243CA1CD4E332C14370B2F4DB29,com.survival.squid.impostor,231,1981-01-01 01:01:02,2024-04-13 20:21:33.042815,50000000,2024-04-13T20:51:29.477220,"Survival 456 But It&#39;s Impostor
1.8.4",Great Arcade Games,16 Feb 2024
0F4EFA100656285604AB08F260F62AFA05A87B966F2FEADD75D26E270474C4CB,com.ismaker.android.simsimi,830,1981-01-01 01:01:02,2024-09-21 09:01:54.674767,100000000,2024-09-21T09:04:35.356399,"SimSimi
8.7.9",SimSimi Inc.,19 Sept 2024
31E810DE3838326AB66B4A9CD0546CEA3466A056075F7D27172C9E1EA8889BE3,homeworkout.homeworkouts.noequipment,106,1981-01-01 01:01:02,2024-10-29 21:43:20.021835,100000000,2024-10-29T21:48:03.268890,"Home Workout - No Equipment
1.3.9",Leap Fitness Group,8 Oct 2024
16D3F74DE8CBEA9E37152DA2CD9DFC23AA93C8B54D887C2324FCD16336D34241,com.lszenlamzr.parkingjam,2010001,1981-01-01 01:01:02,2024-07-15 12:56:17.063534,100000000,2024-06-26T18:59:15.801178,"Parking Jam 3D
201.0.1",Popcore Games,23 May 2024
82B7A919426BC4D72F99D693AC868D21B6E77D1570BB0F8BEFC25DDDF04B05EC,com.music.game.dancing.hair.beat.race,78,1981-01-01 01:01:02,2024-04-14 02:04:55.058718,50000000,2024-04-14T02:12:00.146899,"Dancing Hair
1.0.77",TINYMAX HONGKONG LIMITED,1 Apr 2024
1A2187C5CD3957B72EBD6D29A21686CC7CEF7126F3A9ACBBBBD488DDA7B5A28B,com.gismart.realpianofree,696,1981-01-01 01:01:02,2024-03-17 22:07:52.372215,100000000,2024-03-17T22:11:41.248535,"Piano - Music Keyboard &amp; Tiles
1.72",Gismart,12 Feb 2024
296E2495834872BFF9D51F38C6C947163DF7FA9833ADA66CC7787196BA27417F,com.king.farmheroessaga,330872,1981-01-01 01:01:02,2024-04-04 19:28:07.723329,100000000,2024-04-04T19:28:12.548942,"Farm Heroes Saga
6.36.15",King,2 Apr 2024
022B712D0BF0EAE423782BA0C926AC5548D0F3071FD8E4E29B461027AC52C330,com.booking,26741,1981-01-01 01:01:02,2024-09-16 16:20:21.23209,500000000,2024-09-16T16:21:39.873780,"Booking.com: Hotels and more
49.8",Booking.com Hotels & Vacation Rentals,12 Sept 2024
6E3AA19FA921461EFE7729994D5FC942E1F25E78844AB2F6FB67533909C67C37,com.mobiletranstorapps.all.languages.translator.free.voice.translation,154,1981-01-01 01:01:02,2024-09-14 16:30:38.062482,50000000,2024-09-14T16:31:42.702588,"Translate: Language Translator
1.1.5.4",HyperSoft AI - Apps Lab,10 Sept 2024
31402F9C45BA48F28E732E90D62F5A5F93DE6C5F291A630DB55A77B9F6DADFA7,com.heytap.music,100901064,1981-01-01 01:01:02,2024-08-30 16:45:56.28115,500000000,2024-08-30T16:52:52.628829,"Music
48.9.1.64_3af0de3_240816",AllSaints Music - OPPO,16 Aug 2024
2299530793B43123D2C396B83FB726C61952BD467053FE08BBEC20D03F0F9788,com.CharityRun.game,2390000,1981-01-01 01:01:02,2024-03-25 18:12:15.844942,50000000,2024-03-25T18:36:56.643568,"Destiny Run
2.3.9",VOODOO,7 Feb 2024
023DFBC95DA88961AE2F60E08BA8FEEB7BDF4990E90BDD033C911BCEB1450141,com.fundevs.app.mediaconverter,288,1981-01-01 01:01:02,2024-08-20 15:02:52.721728,100000000,2024-08-20T15:04:43.679019,"Video MP3 Converter
2.6.9",FunDevs LLC,12 Aug 2024
1BD6963FEC77FF355EA00209E94B8D2FBCAF1476FF6907DB2AA9DF81D4C463F0,com.neuralprisma,7000615,1981-01-01 01:01:02,2024-05-09 10:20:01.952294,50000000,2024-05-09T10:21:26.731707,"Prisma Art Effect Photo Editor
4.6.1.615","Prisma Labs, Inc.",2 May 2024
1E179A2CC4EB7CEB15C114A80D46C0978DA267DEF978B4263D889E0F37BD3ED2,com.PepiPlay.PepiShopping,217,1981-01-01 01:01:02,2024-11-26 10:11:21.773823,50000000,2024-11-26T10:12:29.737169,"Pepi Super Stores: Fun &amp; Games
1.12.4",Pepi Play,4 Nov 2024
31E89D1A549B66D66BB485B17475F399CA6F5C0826DC94504865CEFFAA7CC939,com.orange.coloring.learn.kids,188,1981-01-01 01:01:02,2024-08-30 10:39:04.962426,100000000,2024-08-30T10:33:43.183799,"Coloring &amp; Learn
1.188",Orange Studios Games,28 Aug 2024
71506969B290EDB4D4FDE18174A075B37ADABF4DF288FB37C19B365A7BED1F7E,software.simplicial.nebulous,1301,1981-01-01 01:01:02,2024-08-29 16:14:46.059861,50000000,2024-08-29T16:15:01.012529,"Nebulous.io
8.0.6.1","Simplicial Software, LLC",20 Aug 2024
00E5155C4F63502AC1C26037F306F8E8F6ABB92053D9028BBE2E2902AC433330,com.offline.bible,377,1981-01-01 01:01:02,2024-03-29 07:28:46.396471,50000000,2024-03-29T07:29:06.261510,"Bible Offline-KJV Holy Bible
5.7.0",Bíblia Offline,27 Mar 2024
6E90057DFE383DD13895CCB05FF436D561EAD803C0CA8D4FB078DDF0D9092E5E,com.cocoplay.stylist.girl,124,1981-01-01 01:01:02,2024-01-09 15:27:24.785551,50000000,2024-01-09T15:28:08.480997,"Stylist Girl: Make Me Fabulous
1.2.4",Coco Play By TabTale,25 Dec 2023
22A955634121834798A8179C06C56499E9EB4B811F51DA2B24772B90D5E10895,cn.wps.moffice_i18n,1487,1981-01-01 01:01:02,2024-01-15 18:06:14.972395,50000000,2024-01-15T18:07:17.755603,"WPS Office Lite
18.6.1",WPS SOFTWARE PTE. LTD.,15 Jan 2024
A13A00029E30DB76B5CDD69EEBA9F6875C2C01354EFA67C438E9671A98F44ADB,com.horus.beach.head,410,1981-01-01 01:01:02,2024-11-23 03:35:05.52158,100000000,2024-11-23T03:42:10.704806,"World War: Fight For Freedom
0.1.9.0",Horus Entertainment,4 Oct 2024
12086E87EDB5B6E58351C05019AB1CB894E323C376C95752A260F06DF2FF2ABB,com.google.android.apps.docs,213531168,1981-01-01 01:01:02,2024-03-25 07:43:16.053367,10000000000,2024-03-25T07:41:39.073168,"Google Drive
2.24.107.3.all.alldpi",Google LLC,20 Mar 2024
25CBF63816720EB6A4E9B06A9512084350880AE3A0E5943DB0883849BE4C0F68,com.gameswing.impossible.formula.car.stunts.gt.mega.ramp.games,78,1981-01-01 01:01:02,2024-04-04 06:03:17.294291,50000000,2024-04-04T16:54:47.669132,"Formula Car Racing - Mega Ramp
1.7.7",Games Wing,3 Apr 2024
4E833DABDFA40C44C22569ED6022207333CB6940A9352FF19C566E5A2E3AC119,com.zm.watersort,2532,1981-01-01 01:01:02,2024-09-01 19:39:13.641172,50000000,2024-09-01T19:43:47.545807,"Get Colour - Water Sort Puzzle
5.7.5",ZephyrMobile,23 Aug 2024
8EF7F81DE8F21869E6DF3868AA9F6C1C955C073B52C344BEB7D2DB20DC981227,com.match3blaster.DropStackBallFall,92,1981-01-01 01:01:02,2024-11-26 13:25:45.95316,100000000,2024-11-26T13:25:46.219424,"Drop Stack Ball - Helix Crash
5.2",Tazkan Games,25 Nov 2024
2C72CFB030E9DDE204D4DDD3E754D2C2E1FB6F7F99A5D386775D8372A88029B2,com.swifthawk.picku.free,298,1981-01-01 01:01:02,2024-03-25 06:37:20.274996,50000000,2024-03-25T06:39:35.039472,"PickU: Photo Editor &amp; Cutout
3.9.24",PickU Corp,18 Mar 2024
12DFAE9A367DBA2A9C0F2A1175F7D3A3D57FF8B2C34E5C2423B2B384F3762BC8,com.tpvapps.simpledrumsrock,81,1981-01-01 01:01:02,2024-01-20 14:47:05.39903,50000000,2024-01-20T14:48:03.990445,"Simple Drums Rock - Drum Set
1.8.0",TPVapps,9 Jan 2024
05A8E5F4C6F0A18C379C437006C03EED9E455ED99A1D8ECE01552CEC4D065149,net.wooga.junes_journey_hidden_object_mystery_game,3200310,1981-01-01 01:01:02,2024-09-16 15:57:42.409649,50000000,2024-09-16T15:58:02.541512,"June&#39;s Journey - Hidden Object
3.20.3",Wooga,13 Sept 2024
4CDB90989148797A9411B9FE9F796A13CB3E859653E3016D4AE6A5540A66D16D,bloodpressure.bloodpressureapp.bloodpressuretracker,67,1981-01-01 01:01:02,2024-08-03 23:08:55.907762,50000000,2024-08-03T23:10:13.476935,"Blood Pressure App
1.7.4",QR Code Scanner.,17 Jul 2024
4C056AD1B155ED1B8E3679CD0539AF6CB9F8318928C992D5660CCD7C0281F361,com.jumia.android,304,1981-01-01 01:01:02,2024-09-06 22:42:40.871804,100000000,2024-09-06T22:52:16.732736,"JUMIA Online Shopping
16.1.0",JUMIA,28 Aug 2024
4DCE7F763178BA6E21D60C23151BCB4EE5FA466F0429578689CB245701D20C47,com.knights.bikesstunt.motomaster,184,1981-01-01 01:01:02,2024-12-11 10:17:15.376095,100000000,2024-12-11T10:30:26.607275,"Bike Stunt 3D: Motorbike Game
3.184",GAMEXIS,22 Oct 2024
9EC17FB457049D613904E589DA2E834131FFAB640EFB95DE515A36CC9F9F377E,com.fyxtech.muslim,82,1981-01-01 01:01:02,2024-11-20 15:51:06.999739,50000000,2024-11-20T15:57:42.920480,"WeMuslim: Athan, Qibla&amp;Quran
2.4.2",Metaverse Technology FZ-LLC,4 Nov 2024
2009713D3E934E7F3E9B53B6A802EE2F978EB911F6FE4B57BD70650F65506450,com.avast.android.cleaner,800010641,1981-01-01 01:01:02,2024-04-02 13:28:00.27084,50000000,2024-04-02T13:32:22.740830,"Avast Cleanup – Phone Cleaner
24.06.0",Avast Software,23 Mar 2024
71461DFDEDBA5B7589394C97BF71704E6DE3497D7C6D5EEEAFBC83554304F25B,com.weather.Weather,1069010149,1981-01-01 01:01:02,2024-02-29 14:18:01.29285,100000000,2024-02-29T14:17:50.592364,"Weather: Forecast &amp; Radar Maps
10.69.1",The Weather Channel,6 Feb 2024
37D53DD6420128D98033AC650D29D07680B77A7E802F255553999B5457217ECE,com.sandboxol.indiegame.bedwar,10171,1981-01-01 01:01:02,2024-11-16 04:00:14.859578,100000000,2024-11-16T04:04:44.573275,"Bed Wars Lite
1.9.50.1",Blockman GO studio,6 Nov 2024
634FD7ABC4D991B1EEF1897E78FC4A950DA06BE11CF218801B464F87EDC5F395,com.techlogix.mobilinkcustomer,9066,1981-01-01 01:01:02,2024-06-29 16:20:45.177947,50000000,2024-06-24T12:06:47.971426,"JazzCash - Your Mobile Account
9.0.66",Jazz Pakistan - Official,7 Jun 2024
1543813DC5911E7ACD00E49D9AD60F6B926B100FA84C98488C1E6CE85A202361,com.bubadu.bubbu,126,1981-01-01 01:01:02,2024-10-26 13:37:04.948459,100000000,2024-10-26T14:11:35.089272,"Bubbu – My Virtual Pet Cat
1.126",Bubadu,4 Oct 2024
0EAEA1C46A36758483E355BA380718EFBC9FA1EBFD25DBBA9F122CF1B71BA840,com.sgiggle.production,1710954266,1981-01-01 01:01:02,2024-03-25 12:47:35.690828,100000000,2024-03-25T12:57:05.961207,"Tango-Live Stream &amp; Video Chat
8.52.1710954057",Tango,20 Mar 2024
0D96BB43D366C847300DD414A2CC43E2161BADE4090F2718C732F71FFECE2B94,com.bitmango.go.blockhexapuzzle,438,1981-01-01 01:01:02,2024-05-08 13:12:51.005552,50000000,2024-05-08T13:13:14.835173,"Block! Hexa Puzzle™
24.0502.00",BitMango,2 May 2024
0A382F693379213EF0C163A16649ED86E641E1C26CFAE9265456DC92525ABAFE,com.apusapps.launcher,625,1980-01-01 00:00:00,2024-08-31 12:26:13.732487,100000000,2024-08-31T12:26:16.838212,"APUS System: Theme Launcher
3.19.0",APUS Group,22 May 2024
000A1F2D500ED9BBC4F364A101D2D7975695707928489963E172B5D71C5AB3A7,com.perblue.disneyheroes,5544629,1981-01-01 01:01:02,2024-05-25 01:51:52.389729,10000000,2024-05-25T01:52:41.088732,"Disney Heroes: Battle Mode
6.0.1",PerBlue Entertainment,10 May 2024
1D5A9E0E4D1AEEA21BF2FA92C8E83A5DE7D4EDB6A6018B11C7663C3BDDE7DA94,com.jura.motor.stunt.master,69,1981-01-01 01:01:02,2024-05-22 16:57:49.618954,50000000,2024-05-22T16:57:51.679548,"GT Moto Stunt 3D: Driving Game
1.69",Zego Studio,21 May 2024
044BEC2FD50BB8672425B99BB04760F113CA97070AA3C76A53FE0BE12B736774,com.sinyee.babybus.bakery,8700401,1981-01-01 01:01:02,2024-09-08 16:04:41.359086,50000000,2024-09-08T16:09:57.314424,"Little Panda&#39;s Cake Shop
8.70.04.01",BabyBus,21 Aug 2024
04F892C4ACD9850334A079BC01F465910B216309EC68165E0E23A597D61CA829,com.constructor.games,128,1981-01-01 01:01:02,2024-09-14 14:59:16.446283,50000000,2024-09-14T15:00:35.212398,"Construction Set
1.5.9",SayGames Ltd,2 Sept 2024
FE2D39B9299A82CC2F25AA7A934F7069C5A32AB696D5FD9CA797E859667B626E,io.mrarm.mctoolbox,157,1981-01-01 01:01:02,2024-09-24 05:55:13.589271,50000000,2024-09-24T05:59:47.014759,"Toolbox for Minecraft: PE
5.4.58",Toolbox for Minecraft,16 May 2024
26D4FF6A7DF23434097A33BEFA68C277F77C4AF2A36B5906FD8FA5ED70D1E2B7,com.socialnmobile.dictapps.notepad.color.note,15000,1981-01-01 01:01:02,2024-04-04 03:06:23.518682,100000000,2024-04-04T03:08:52.139747,"ColorNote Notepad Notes To do
4.5.0",Notes,29 Mar 2024
006870EC35BD19BAC8811670995B0DE333FF7EE0BB4B29C6A8A7D9E07FFEF8F7,com.amazon.mShop.android.shopping,1241278011,1981-01-01 01:01:02,2024-08-23 14:38:20.472726,500000000,2024-08-23T14:38:54.823741,"Amazon Shopping
28.16.0.100",Amazon Mobile LLC,15 Aug 2024
6610F4AEF9670353101800964D63F032F5F4F2428737EB6A7C1E36B82E985A0E,com.outfit7.talkingben,450,1981-01-01 01:01:02,2024-03-30 14:15:02.621081,100000000,2024-03-18T02:45:48.236048,"Talking Ben the Dog
4.3.3.135",Outfit7 Limited,12 Mar 2024
052B8C5AE5BC678E06F5F9240607CCF9F60066A5450ED4BB7BA5B508F983A91E,cn.danatech.xingseus,351,1981-01-01 01:01:02,2024-08-13 15:58:40.019957,50000000,2024-08-13T15:59:08.544711,"PictureThis - Plant Identifier
4.2.2",Glority Global Group Ltd.,6 Aug 2024
42305A15F0B625FD1C30D6A4246F8EF0E2F204C16DEA7444B928CCA3655E53A6,com.crazylabs.foot.doctor,1697,1981-01-01 01:01:02,2024-04-01 14:26:06.142496,50000000,2024-04-01T14:35:06.454916,"Foot Clinic - ASMR Feet Care
1.6.9.7",CrazyLabs LTD,22 Mar 2024
6BEBF5ABCF4FFDF63A793321614D69E62A792B49D37129253DBEA2B46AB0F7AD,com.motionvolt.flipbounce,10103050,1981-01-01 01:01:02,2024-06-28 11:01:19.970968,50000000,2024-06-28T11:02:41.393137,"Flip Master
3.0.50",MotionVolt Games Ltd,19 Jun 2024
AD3BDA6F14CD2B38C1FE3918411B105B9887288212EA233016B10368F327C4BE,com.skisosoft.pts,317,1981-01-01 01:01:02,2024-03-31 22:45:06.856627,50000000,2024-03-31T22:48:45.857204,"Public Transport Simulator
1.36.2",SkisoSoft,8 Jan 2024
3E41A8010D55BDDDB97AD5053DAB1F8E8C5FE7B74BC3131FBECDF10DE7D23896,com.youthhr.phonto,157,1981-01-01 01:01:02,2024-09-15 17:24:56.057304,50000000,2024-09-15T17:24:57.355809,"Phonto - Text on Photos
1.7.114",youthhr,12 Sept 2024
3A419BA4313C2067DC01487A90DBDF955A814C4846AD81BFD8A140EA4C55CE1F,br.com.intermedium,135835,1981-01-01 01:01:02,2024-08-03 20:30:53.476279,50000000,2024-08-03T20:33:56.251495,"Inter: Conta, Cartão e Pix
13.3.3",Banco Inter SA,22 Jul 2024
166B0AFED63D0D6833AFC7241A15433EC08EF09FB540C8CE61A9233F75124C6B,com.ttech.android.onlineislem,190304,1981-01-01 01:01:02,2024-06-15 10:49:26.608158,50000000,2024-06-15T10:47:39.937896,"Turkcell
19.3.4",Turkcell İletişim Hizmetleri A.Ş,11 Jun 2024
008DFA47FD8E8E7A5BD6AAAC97601C90EA023C6AD1E1346B73DFCDB5CB3B16AD,net.peakgames.toonblast,113254,1981-01-01 01:01:02,2024-05-13 12:19:26.330857,100000000,2024-05-13T12:20:33.992403,"Toon Blast
13254",Peak,9 May 2024
04B6B2CCF4F129328B5A839FFC2C1DCD34C2C39CBA205ABDB652632A195551BD,com.smallgiantgames.empires,22306,1981-01-01 01:01:02,2024-06-29 22:29:32.749594,50000000,2024-06-29T22:29:37.720802,"Empires &amp; Puzzles: Match-3 RPG
68.0.2",Small Giant Games,26 Jun 2024
18FA77F8F14B23D91C7873BA06842D6D35F207AF9A4931D8D326B7F1F12D7FE1,com.h8games.helixjump,500449,1981-01-01 01:01:02,2024-06-09 01:31:59.737781,100000000,2024-06-09T01:31:42.371758,"Helix Jump
5.6.4",VOODOO,1 Apr 2024
0047B206C8B60CDB5A47470EC39D897B8B700AB7B12FDD56B2287D5283FFD238,jp.co.dwango.HcgVOL005DrawColiseum,240729482,1981-01-01 01:01:02,2024-09-09 23:49:29.013032,10000000,2024-09-09T23:40:23.870899,"Draw Coliseum
0.74",株式会社ドワンゴ,31 Jul 2024
10D2F4E104360CC07A422FADDE424A4EFA6092711E50F43BCF0A89B77B074A74,com.ufotosoft.justshot,100946,1981-01-01 01:01:02,2024-08-19 16:56:11.315216,100000000,2024-08-19T16:57:34.295703,"Sweet Snap: Live Face sticker
5.1.100946",Mivo studio,3 Jun 2024
D24B2740437D75D1B79E6EF74F335125CB1C07F91813A588B1475D4B9E62755D,com.nttdocomo.android.dmenu2,2596,2024-10-08 16:09:40,2024-12-12 17:15:27.28907,50000000,2024-12-12T17:18:19.235561,"ｄメニュー
5.9.6",NTT DOCOMO,10 Oct 2024
50DF82BF2EC2F750F9DA1AA0E005A371611D15E3A5EAFE430FCD8D42105B3BD9,musicplayer.playmusic.audioplayer,35,1981-01-01 01:01:02,2024-09-18 14:33:13.93901,100000000,2024-09-18T14:32:39.926208,"Music Player, MP3 Player
1.11.0",Hitchhike Tech,13 Sept 2024
F2D0A41ACD8717AE200232AA98B226B79861585D61AE95A9F848381579945E05,com.touchtao.soccerkinggoogle,116,1981-01-01 01:01:02,2024-05-06 11:51:27.523707,100000000,2024-05-06T12:18:27.521214,"World Football League
1.9.9.9.8",mobirix,17 Apr 2024
07057D8BBB52CAB16A16C4FBBF7D18EBD68780FA8E2C5145CA361AE748D491D8,com.dramaton.slime,1101,1981-01-01 01:01:02,2024-04-07 13:28:54.630749,100000000,2024-04-07T13:28:56.573774,"Super Slime Simulator: DIY Art
11.01",Dramaton,31 Mar 2024
0D7DDBC35AAAD7DA624D69599972DA9A962437D31EDE9F3339306C3D63EAA06F,com.lima.doodlejump,3920079,1981-01-01 01:01:02,2024-07-01 17:25:21.746813,50000000,2024-07-01T17:25:44.026796,"Doodle Jump
3.11.31",Lima Sky LLC,28 Jun 2024
077CFC65EF7EA358752A5E7E91065FD51D235414AF35A2A27815257D623F024A,com.brave.browser,426411324,1981-01-01 01:01:02,2024-03-30 01:11:03.682206,100000000,2024-03-30T00:01:48.458411,"Brave Private Web Browser, VPN
1.64.113",Brave Software,26 Mar 2024
07D228B97CA4768C41BED1C9E750C08ED8D7E81F02EC125B9207330C0D95A90E,com.sinyee.babybus.market,8706900,1981-01-01 01:01:02,2024-09-22 19:21:53.335361,50000000,2024-09-22T19:43:33.305132,"Little Panda&#39;s Game: My World
8.70.69.00",BabyBus,20 Sept 2024
1F4D3BDAAA675DCE75F97FAA5676D854029D880339EE0F181E9342F89AD95871,com.mamara.bakery,8700700,1981-01-01 01:01:02,2024-08-03 01:23:05.712221,50000000,2024-08-03T01:24:30.494014,"Little Panda: Sweet Bakery
8.70.07.00",BabyBus,31 Jul 2024
1E7712F410B23345CA974E6515C5FD455995B375C0A287EB4E3397B6CCCF541D,com.gamma.scan,175,1981-01-01 01:01:02,2024-11-21 08:03:06.81707,500000000,2024-11-21T08:11:04.515955,"QR Code Scanner
2.2.61",Gamma Play,5 Nov 2024
2CC29685F9BC9DD039055A1D16A20105B0C1A35C7588C0D65F88BD1879EFDAAB,com.speedy.vpn,20204,1981-01-01 01:01:02,2024-09-01 15:24:17.804362,50000000,2024-09-01T15:26:05.671414,"Speedy Quark VPN - VPN Master
2.2.4",VPN - Fast Master Proxy Inc.,19 Jul 2024
1C0B244C6C72A396BF75EF3A9951DDCAD5D8BFCFDDC00CAC9DC3654CDA77A19A,com.linkdesks.bubblegames.bubbleshooter,1120,1981-01-01 01:01:02,2024-05-02 11:57:36.54123,50000000,2024-05-02T11:58:01.127006,"Bubble Shooter Genies
2.56.0",PUZZLEJOY,29 Apr 2024
0F321B1C03E24BC35FA59A946854F342576D320DB422630FF095D337214B1003,com.mindy.grap1,9002754,1981-01-01 01:01:02,2024-06-28 20:50:08.218864,100000000,2024-06-28T21:43:51.714197,"Stickman Hook
9.4.85",Madbox,14 Jun 2024
A0967947130B14499ABCBF9E5E4BB363B3D5E1B0DA40D4644B6FA77A0B7094B5,com.crazy.block.robo.monster.cliffs.craft,321906,1981-01-01 01:01:02,2024-04-27 23:48:03.158337,100000000,2024-04-27T23:49:14.173263,"Block Crazy Robo World
321906",Craft Trending Studio,25 Apr 2024
875266D65F3CBB37149223C803CA65AEED604336C58F4178ED9A69B56580DB92,nic.goi.aarogyasetu,1073,1981-01-01 01:01:02,2024-05-13 10:39:46.789043,100000000,2024-05-13T10:40:50.336296,"Aarogya Setu
2.2.5",National Informatics Centre.,30 Apr 2024
240C678AC9E683218CE2E32046E47AF2BAA8FB465A0E3607FAEFD9F9E3B463A1,com.dewmobile.kuaiya.play,477,1981-01-01 01:01:02,2024-05-20 05:00:11.733268,100000000,2024-05-20T04:58:24.861191,"Zapya - File Transfer, Share
6.5.8.2 (US)","Dewmobile, Inc.",26 Apr 2024
224BBC864EA4612C125DF344DD7B268CFB2ABFBF8E17CBF1F097BD57164D8996,com.askfm,2904,1981-01-01 01:01:02,2024-05-07 11:48:00.097552,50000000,2024-05-07T11:49:16.289683,"ASKfm: Ask &amp; Chat Anonymously
4.93.1",Ask.FM,23 Apr 2024
2B6E9620A1CC8D3BF60E1051C5873763BE70E7A4E1C612A974DDA2489FA213B8,com.tohsoft.arashi.ninja.shadow,81,1981-01-01 01:01:02,2024-08-31 18:45:41.510245,50000000,2024-07-30T15:33:47.191997,"Ninja warrior: legend of adven
1.81.1",TOH Games,24 Jul 2024
1E955346A891843F59755A5FDC7A5D0BBB264D0F8D0508824D915514D3567C1A,com.apps2us.slither.slink.io,2005026,1981-01-01 01:01:02,2024-08-28 12:50:30.46201,50000000,2024-08-28T12:51:45.146858,"Slink.io - Snake Games
2.5.26",Apps2US Studios,24 Aug 2024
097786D941B47787AB1A740DB036A10A059B1B2479AF428E83AD4CD91B287448,com.tplink.tether,308,1981-01-01 01:01:02,2024-01-20 15:14:45.639131,50000000,2024-01-20T15:18:07.916485,"TP-Link Tether
4.4.4",TP-LINK GLOBAL INC.,11 Jan 2024
8106A48FE0270B2942B00AA34175EEBDB8C8801734D18A4EC90890CA4381F03E,com.snowcorp.vita,30112,1981-01-01 01:01:02,2024-06-12 01:44:35.156702,100000000,2024-06-12T02:24:28.324552,"VITA - Video Editor &amp; Maker
302.0.8",SNOW Corporation,7 Jun 2024
19C92CBE4D7C5EDF67D1E175DC64ADC88C8FA132E54D5185E4679E00EDA5738B,ru.zdevs.zarchiver,101035,1981-01-01 01:01:02,2024-06-28 16:53:46.575688,100000000,2024-06-28T17:02:14.446564,"ZArchiver
1.0.10",ZDevs,24 Jun 2024
150BB44A47CF0E6736A5372290A87386D961DF981CF53CD677668E1462647BF9,io.teslatech.callbreak,3286,1981-01-01 01:01:02,2024-12-10 23:13:23.839765,100000000,2024-11-24T03:23:11.793083,"Callbreak.com - Card game
1.13.7",Teslatech,12 Nov 2024
58F6F728D12812B59093438C518E83C399F2C7A7E2A90271499BE59DA135F5B7,com.crazylabs.hair.dye.challenge,1922,1981-01-01 01:01:02,2024-04-21 02:17:16.263774,50000000,2024-04-21T02:33:03.180292,"Hair Dye
1.9.2.2",CrazyLabs LTD,5 Apr 2024
047B8184ECCF9EA319E05A6710BF3ADED1282F89145EA97B570EF25616BCCFEA,com.taxis99,1106430404,1981-01-01 01:01:02,2024-08-07 01:44:41.084145,100000000,2024-08-07T01:54:35.538207,"99 - Private Driver and Taxi
6.43.4",99 Tecnologia LTDA,15 Jul 2024
2711B80A2243A8218756160DCE77073A864E7BCF51D6E0AC0804F88E55A124C3,com.gogii.textplus,81301365,1981-01-01 01:01:02,2024-12-15 14:17:07.267553,50000000,2024-12-15T14:32:49.526197,"textPlus: Text Message + Call
8.1.3",textPlus,4 Dec 2024
0C8A01E43B951B673871040523C19ABCAFDBF30DA0D2E09EBED1022702CA0391,com.playgendary.kickthebuddy,7129,1981-01-01 01:01:02,2024-11-19 11:30:30.752022,100000000,2024-11-19T11:45:34.681522,"Kick the Buddy－Fun Action Game
2.9.9",Playgendary Limited,8 Nov 2024
002263FB2AA5AD3759C4625558ADA7D81771EC4F9D722B9FE2A010E047D1FB86,com.wordgame.words.connect,156,1981-01-01 01:01:02,2024-06-08 12:51:25.457677,50000000,2024-06-08T12:53:10.212467,"Word Connect
7.606.423",ZenLife Games Ltd,6 Jun 2024
3398EE762623124192A8109D12CC150DA659AE2FAFBDDCCB80EC8AE1048245D2,com.sec.penup,391531000,2009-01-01 00:00:00,2024-04-18 21:32:51.931117,100000000,2024-04-18T21:34:19.619089,"PENUP – Drawing-sharing SNS
3.9.15.31","Samsung Electronics Co.,  Ltd.",15 Apr 2024
0537DC82F2E7B0E6CABC0502F989D8C41491B52A4749ED99B6582005825B2535,com.differencetenderwhite.skirt,83,1981-01-01 01:01:02,2024-03-29 11:09:32.267131,100000000,2024-03-29T11:10:08.536647,"Block Puzzle Jewel
83.0",hua weiwei,20 Mar 2024
181E0D4B5CB1AC4EA217F898D4F7D77B44A12AA09DDF6FDB5FEF886821734041,com.lemon.lvoverseas,13200600,1981-01-01 01:01:02,2024-11-19 10:46:52.859193,1000000000,2024-11-19T10:49:15.914909,"CapCut - Video Editor
13.2.0",Bytedance Pte. Ltd.,15 Nov 2024
0DFCA147BECE31D3D2BDF4BA00A933CD295D6B430F37E3908527B59903724184,com.fanatee.cody,347,1981-01-01 01:01:02,2024-10-07 20:37:34.641963,100000000,2024-10-07T20:45:12.402445,"CodyCross: Crossword
1.88.0","Fanatee, Inc.",18 Sept 2024
08ACFB9C7BE84A23DE4FB83706D56F8EFD4907FB93FFD4E8D07EDC5BE67FEE1E,menloseweight.loseweightappformen.weightlossformen,76,1981-01-01 01:01:02,2024-07-03 11:21:56.298968,100000000,2024-07-03T11:23:02.025207,"Lose Weight App for Men
2.4.0",Leap Fitness Group,28 Jun 2024
2F2F9F64B439FBA38CE234914F8669924ED3F1D9C8BBF1422F58E84128797BB7,com.fa.gym.fighting.game,200177,1981-01-01 01:01:02,2024-11-14 19:22:28.95435,100000000,2024-11-14T19:31:58.275390,"Gym Heros: Fighting Game
1.17.7",Fighting Arena,16 Oct 2024
0ED0E0185AB2F87B693A8C36A753BDDB7C2151163E794480EFD0240768528938,com.kid58.lianyong.princessIII,8690000,1981-01-01 01:01:02,2024-06-08 22:21:42.301307,50000000,2024-05-23T13:53:15.256190,"Little Panda: Princess Salon
8.69.00.00",BabyBus,13 May 2024
3D5C34DD7EB06F49E97040462C12499DE7B3B32AC6AC155602D628535CA04F63,com.robtopx.geometrydashsubzero,5,1981-01-01 01:01:02,2024-04-10 23:38:22.184651,100000000,2024-04-10T23:46:25.334451,"Geometry Dash SubZero
2.2.14",RobTop Games,9 Apr 2024
1A49CCE1C8633F6791D89487D3FF5D2D09FBA8F19926ACA40B2CCA27DB08EF6D,com.tap4fun.ape.gplay,35064,1981-01-01 01:01:02,2024-11-28 03:42:58.056379,50000000,2024-11-28T04:01:42.081237,"Age of Apes
0.70.0",Tap4fun (Hong Kong) Limited,22 Nov 2024
3F3EC7B77FA8A19F5F796A293508A421C7A0C494C38E31F22F5324223B8562BA,com.famousbluemedia.yokee,6007002,1981-01-01 01:01:02,2024-03-01 12:51:38.662104,50000000,2024-03-01T12:52:34.641721,"Karaoke - Sing Unlimited Songs
6.7.002",Yokee™,11 Jan 2024
07407A311126C648BECC66DBEDDB7DFDF763116FD64EF6A166EC11C314104B61,com.amanotes.beathopper,24031915,1981-01-01 01:01:02,2024-03-22 01:05:54.230571,500000000,2024-03-22T01:14:27.640395,"Tiles Hop: EDM Rush!
6.5.3",AMANOTES PTE LTD,19 Mar 2024
00D638EC580B7DE00356916097346536B8AA20ED460F0FD92E035ACFC338DDB7,com.grabtaxi.passenger,52980000,1981-01-01 01:01:02,2024-03-21 13:01:47.296998,100000000,2024-03-21T13:09:01.105656,"Grab - Taxi &amp; Food Delivery
5.298.0",Grab Holdings,18 Mar 2024
71A1AD3D519E02572CE893BAEE24E008278DFE644380D83A94D6AECA38963453,com.yolostudio.theimpostor,60,1981-01-01 01:01:02,2024-11-20 15:01:51.3095,50000000,2024-11-20T15:12:45.910334,"Red Imposter
1.4.6",ABI Games Studio,1 Nov 2024
0CB6C6A4A06CBC2B022928FCFB55034AC0F8AD01EEF14D2415C6F9847541A8AC,bubble.shoot.bubbles.game.saga.world,88,1980-01-01 00:00:00,2024-04-20 06:14:19.183033,100000000,2024-04-20T06:14:22.283186,"Bubble Shooter
88.0",Bubble Shooter スタジオ,24 Mar 2024
0F72C8F16006290C4BD8A8A9860BFAB8FD6F0A64757A67E9C598EF6EA292FFAE,com.gokids.tbdoll,24001002,1981-01-01 01:01:02,2024-04-03 00:56:14.058066,50000000,2024-04-03T01:20:32.584164,"Fashion Dress up girls games
24.1.2",GoKids! publishing,1 Apr 2024
15DD267A50DE9ACCFF5F8C1CAA3784AEC0B27529F4A66CEA127E427CACA948F2,com.hm.goe,213,1981-01-01 01:01:02,2024-04-09 16:36:09.175599,50000000,2024-04-09T16:39:43.297973,"H&amp;M - we love fashion
24.13.0",H&M,26 Mar 2024
5DCE0471D46D04DB64CAEB45CD0F1953E3BCBA1AD162E691512E2C37AB3505EC,com.sinyee.babybus.village,8700701,1981-01-01 01:01:02,2024-10-27 10:37:43.14495,50000000,2024-10-27T11:23:14.871341,"Little Panda’s Dream Town
8.70.07.01",BabyBus,15 Oct 2024
000B749B544B26A464A5FBD05734E17C63BBBEEFD57B9C693220767048E11879,com.yelp.android,28244612,1981-01-01 01:01:02,2024-11-20 06:43:18.632484,50000000,2024-11-20T06:43:21.306265,"Yelp
24.46.0-28244612","Yelp, Inc",12 Nov 2024
0D5951997BF35A7430FD169A69D429E478261EF5427837351AF3C96FE3FE23A6,com.simejikeyboard,909,1981-01-01 01:01:02,2024-09-16 17:08:39.748404,100000000,2024-09-16T17:28:13.510885,"Facemoji:Emoji Keyboard&amp;ASK AI
3.4.1.2",EKATOX APPS,6 Sept 2024
E41F2958955F81FF2B2B86FF0427A65F97E4C8FD44C3C400FD7148D853F32718,com.samsung.android.app.watchmanager,2124061361,2009-01-01 00:00:00,2024-06-19 23:02:47.880325,500000000,2024-06-19T23:03:24.881036,"Galaxy Wearable (Samsung Gear)
2.2.59.24061361","Samsung Electronics Co.,  Ltd.",13 Jun 2024
23075DB4859737538419FE24AE66DAC7035388695134A6936EAC048034EF8465,com.devexpert.weather,255,1981-01-01 01:01:02,2024-07-12 11:53:01.873262,50000000,2024-07-12T12:04:09.311907,"Weather &amp; Clock Widget
6.5.3.6",Interactive Saudi Arabia,8 Jul 2024
0F89771259DBA758077D920C9269761CBCE5036A6FD50C9334FDF5F666F1E2EA,com.kwai.video,534504,1981-01-01 01:01:02,2024-03-22 12:25:56.244624,500000000,2024-03-22T12:58:39.132463,"Kwai - download &amp; share video
10.2.20.534504",Joyo Technology Pte Ltd,18 Mar 2024
162CE7D202292BE734B86655E93924ED2DA01D118C243C3ED97851A62E396D15,loseweightapp.loseweightappforwomen.womenworkoutathome,69,1981-01-01 01:01:02,2024-03-23 00:29:33.468126,100000000,2024-03-23T00:30:31.645731,"Lose Weight App for Women
2.0.16",Leap Fitness Group,7 Mar 2024
A776FD5FDD922709A5AF9863D5F123BED64705696581076909344EDBA01B95B4,videoeditor.videomaker.videoeditorforyoutube,165,1981-01-01 01:01:02,2024-08-31 13:45:12.396414,100000000,2024-08-31T13:46:29.983540,"Video Editor - Video.Guru
1.545.165",InShot Video Editor,28 Aug 2024
07D2DBB7C85D11437798D9A8A56CD92DFC629D67D3A9D1A737BC9E597EB03BA0,com.speedymovil.wire,1313,1981-01-01 01:01:02,2024-04-12 15:38:19.884643,100000000,2024-04-12T15:50:40.873757,"Mi Telcel
13.4.1","Telcel, Radiomovil Dipsa S.A. de C.V.",4 Apr 2024
23539FCE1924B6AB65E06594072CFBDC27889C29222D357A2D1A5B60667B23B4,com.byv.TheCatapult2,138,1981-01-01 01:01:02,2024-09-02 12:12:51.760626,50000000,2024-09-02T12:14:05.453008,"Catapult 2: Siege throwing hit
7.3.0",BYV,6 Aug 2024
C65228E9A34F023F9921DF3C971F0C50CE9CED74AEC50B169F990F400361CA92,com.xplay.pop_antistress_simulator,10322,1981-01-01 01:01:02,2024-12-11 00:10:37.160078,50000000,2024-12-11T00:16:50.642208,"Antistress stress toy game
5.3.22",XGAME STUDIO,25 Nov 2024
3952FB31B83D070D605797A230F236ED1B584A9547C3071AAB5EA14590D62C88,com.outfit7.herodash,830,1981-01-01 01:01:02,2024-03-22 21:29:43.201107,100000000,2024-03-22T21:35:40.269043,"Talking Tom Hero Dash
4.6.0.6062",Outfit7 Limited,7 Mar 2024
069A7D691DE246AF436CD8AF3DE652231E91D92A4FF670CB9AC1F78693E86722,com.clean.road,262,1981-01-01 01:01:02,2024-09-15 15:00:38.196725,50000000,2024-09-15T15:02:09.263805,"Clean Road
1.6.54",SayGames Ltd,14 Jun 2024
29875BD6B6B9433A374B52D9AB9CE3BC63F197C736B181A5342C0BAB429B9F42,com.imangi.templerun2,503,1981-01-01 01:01:02,2024-09-21 18:18:42.801945,1000000000,2024-09-21T18:24:08.679858,"Temple Run 2
1.114.1",Imangi Studios,17 Sept 2024
1ACC1693A93BCEC52844D28935D71EC7229326DF4F42B50E4E58FA5388537538,com.amelosinteractive.snake,936,1981-01-01 01:01:02,2024-03-30 10:46:32.818648,100000000,2024-03-15T18:37:48.465306,"Snake.io - Fun Snake .io Games
2.0.62",Kooapps Games | Fun Arcade and Casual Action Games,13 Mar 2024
0A6AA62C56712E5980E89D5616B9D9AC666C3B3CF8C9D7B18CD21BBC42BA428F,com.sgs.antiterrorism.counterattack.commandomissiongame,100,1981-01-01 01:01:02,2024-08-27 08:42:48.77702,100000000,2024-08-27T09:13:22.551508,"FPS Commando Secret Mission
10.9",Hazel Mobile Games,7 Aug 2024
092632CDB6C61DCD3D24CFFCC49CB7671816B3E51528D9786104F7ED5D16C852,com.bandlab.bandlab,10680300,1981-01-01 01:01:02,2024-03-22 17:21:45.266468,50000000,2024-03-22T17:22:51.102476,"BandLab – Music Making Studio
10.68.3",BandLab Technologies,21 Mar 2024
190EF07583AF1AFC8E2B873B86C99F786CA0290F7BF3DE1EB76EEE9BBD8CC81E,com.sidheinteractive.sif.DR,3625,1981-01-01 01:01:02,2024-08-30 11:21:19.930262,50000000,2024-08-30T11:22:18.815871,"Into the Dead
2.8.3",PIKPOK,21 Aug 2024
945D43A0828B3EDB9FB0A62F5BC37C3B6866A3ECBCD216A827FAE06848156A72,com.supercell.hayday,1878,1981-01-01 01:01:02,2024-04-26 15:30:04.244716,100000000,2024-04-26T15:31:02.951293,"Hay Day
1.61.271",Supercell,25 Apr 2024
1F501BFCD3B0DBC65192BF304873BB0F36B532E7BA94920DD510D58C151981C6,free.vpn.unblock.proxy.vpn.master.pro,2024102411,1981-01-01 01:01:02,2024-10-24 13:27:06.780205,100000000,2024-10-24T13:33:39.851741,"VPN Proxy Master - Safer Vpn
2.5.7.1",LEMON CLOVE PTE. LIMITED,23 Oct 2024
15CED530E07B7AC7C0A38F1E9B4541B470CE70AE7EDEDE06D43887E2B9B0C5A5,com.firsttouchgames.dls7,94,1981-01-01 01:01:02,2024-01-15 21:45:59.146049,100000000,2024-01-15T21:45:56.414535,"Dream League Soccer 2024
11.070",First Touch Games Ltd.,11 Jan 2024
0F9AFD84BE15904F37E86E7D9C55F3F0F7CF609E5FEBADAD8EE185F052AB7A2F,in.mohalla.sharechat,242706,1981-01-01 01:01:02,2024-09-04 04:27:39.855049,500000000,2024-09-04T04:43:52.460035,"ShareChat Trends Videos &amp; Live
2024.27.6",ShareChat,2 Sept 2024
B912A9CC06272B001FFDE6D2FAEC9C159B1130D1FDAEFD841FB21D927BEA667B,com.dancing.smash.hop.game.tiles.circles.beat.paino,196,1981-01-01 01:01:02,2024-05-04 10:08:38.129503,100000000,2024-05-04T10:08:58.816836,"Smash Colors
1.1.22",BADSNOWBALL HONGKONG LIMITED,28 Apr 2024
66458BEE61894DCA6821CB2F1F939514FB46660289AACB8622069E52F93ECB95,com.weieyu.yalla,3303,1981-01-01 01:01:02,2024-05-21 13:08:22.085728,100000000,2024-05-21T13:14:01.867148,"Yalla - Group Voice Chat Rooms
2.26.1.1",Yalla Technology FZ-LLC,8 May 2024
1CCA28A17C3904D18F0C156C0994065DDD76CE79A27CFF7AD4FBCD72701EAD10,free.vpn.unblock.proxy.turbovpn.lite,2024081301,1981-01-01 01:01:02,2024-09-09 15:48:39.380077,50000000,2024-09-09T15:49:25.082400,"Turbo VPN Lite - VPN Proxy
1.3.5.1",Innovative Connecting,13 Aug 2024
4568B5FCD0C7856C4F6DA1BD31091A32A818B9C1E5689BCBBB0097869EC2555A,com.moon.craft.buildingcraft,182,1981-01-01 01:01:02,2024-03-21 04:12:41.378987,50000000,2024-03-21T04:16:21.118651,"MiniCraft: Blocky Craft 2023
4.0.39",XGame Global,5 Feb 2024
7C40488619688345E3B5AD9ED6ECA17FEF44028EA7B01ED380EBF6B54C0B1A64,net.wyvernware.whosthealien,157,1981-01-01 01:01:02,2024-05-30 04:29:30.840019,100000000,2024-05-30T04:33:36.239680,"Find the Alien
2.6.18",MOONEE PUBLISHING LTD,23 May 2024
773B1B81708415AB464C5691D48D8CA361C27AFD3E417A5E23A09778A0E5F53F,com.ohmgames.cheatandrun,1036002,1981-01-01 01:01:02,2024-01-21 13:50:00.571144,50000000,2024-01-21T13:50:39.199294,"Shortcut Run
1.36",VOODOO,28 Dec 2023
0F5CFE667357115641497368FA422248E66125D7E707D14524BBF4F9A76D8003,ru.auto.ara,96521,1981-01-01 01:01:02,2024-09-27 19:45:49.081813,50000000,2024-09-27T19:52:44.847902,"Авто.ру: купить и продать авто
12.35.0",Direct Cursus Computer Systems Trading LLC,3 Sept 2024
004E8B180B5341F25A14C73DA4AA9AD8CF5DB798221C7437060CAE5C38C0D6C2,jp.co.yahoo.android.news,283,1981-01-01 01:01:02,2024-09-08 07:45:03.804504,10000000,2024-09-08T07:44:02.954832,"Yahoo!ニュース　最新情報を速報　防災・天気・コメントも
2.74.0",Yahoo! JAPAN (LY Corporation),23 Aug 2024
0308EEDBF8DDFE6783D1ADE4AC6E6441F8B42C4D502913292B22E784DF98EF5E,com.teamviewer.teamviewer.market.mobile,1560606,1981-01-01 01:01:02,2024-11-27 05:34:55.613037,50000000,2024-11-27T05:46:13.535979,"TeamViewer Remote Control
15.60.606",TeamViewer,25 Nov 2024
17B72AAF3BB8DA18440BD9AD82BC94803CD41356E87362972C48071851E6E6EF,com.magmamobile.game.Burger,26,2021-04-03 08:41:38,2024-09-15 14:22:36.785988,50000000,2024-09-15T14:27:30.669109,"Burger
1.0.24",Magma Mobile,2 Apr 2021
32D411829BEE226A377F9B1565944B14E4073FC2FA777B4D2B6B5FB31EA41762,all.video.downloader.allvideodownloader,46,1981-01-01 01:01:02,2024-09-06 16:19:22.860597,100000000,2024-09-06T16:19:43.861168,"All Video Downloader 2019
1.4.6",InShot Inc.,16 Jul 2024
0BAFD259591C9E5E56334751590289001D744C1FBDD5AC9590DD5132A9DCBCD6,com.fusionmedia.investing,1547,1981-01-01 01:01:02,2024-09-10 15:53:05.717691,50000000,2024-09-10T15:55:43.690939,"Investing.com: Stock Market
6.31",INVESTING.com,2 Sept 2024
94A725EC2447EE6289ABCA194B85CF4ADBD812325898731E095886AE0D70CF77,com.free.unlimited.lemon.vpn,53007,1981-01-01 01:01:02,2024-09-16 10:45:19.978843,50000000,2024-09-16T10:43:53.181775,"3X VPN - Smooth Browsing
5.3.007",Fruit Security Studio,23 Aug 2024
099D4B3ED2135E9B55FE4AB9F9A79E606E6F2BDCA24BEDEC0CE92E4AC216853A,com.imdb.mobile,109050300,1981-01-01 01:01:02,2024-08-04 16:55:26.753937,100000000,2024-08-04T16:56:47.984720,"IMDb: Movies &amp; TV Shows
9.0.5.109050300",IMDb,31 Jul 2024
684B2ACDBFA95173537B8C196406DCF450676A6D65253DADF2DD7984608EAB0B,com.crazylabs.amaze.game,4500,1981-01-01 01:01:02,2024-01-15 20:51:29.850843,50000000,2024-01-15T20:51:52.140531,"AMAZE!
4.5.0.0",CrazyLabs LTD,29 Dec 2023
319CB6D82DC291D6915B07B63439B272B21E6D70F0B66A8D27661C1346157342,glitchvideoeditor.videoeffects.glitchvideoeffect,2551001,1981-01-01 01:01:02,2024-09-05 21:35:41.185131,100000000,2024-09-05T21:38:09.262756,"Video Editor&amp;Maker - VideoCook
2.5.5.1",InShot Inc.,30 Aug 2024
0CCAA77D9BAC6F78480DC5CC112B8D0789A5B09AAB400CEE5FD46E982A46432B,ocean.nomad.survival.simulator,277,1981-01-01 01:01:02,2024-08-18 13:49:35.338423,100000000,2024-08-18T13:50:22.256358,"Raft® Survival - Ocean Nomad
1.217.11",Survival Games Ltd,9 Aug 2024
087DA4B84B39E7BC524E34A7C1864762EE730945BD934FEAD438545A831F4834,com.spotify.music,111939261,1981-01-01 01:01:02,2024-03-16 23:26:51.685517,1000000000,2024-03-16T23:27:23.287568,"Spotify: Music and Podcasts
8.9.22.539",Spotify AB,12 Mar 2024
014D87A78D66D1B836355D3F388A3047D342A9A562DDB9E36132C0A16F15CA5C,com.myntra.android,80110471,1981-01-01 01:01:02,2024-04-05 03:30:30.527382,100000000,2024-04-05T03:34:55.151756,"Myntra - Fashion Shopping App
4.2403.20",Myntra,26 Mar 2024
3652FACA414C065703450A614A27751EED22658A212A263F4F4D2C22AFE26F4F,com.diandian.gog,7392,1981-01-01 01:01:02,2024-03-04 14:50:09.636631,50000000,2024-03-04T14:51:36.000620,"Guns of Glory: Lost Island
11.12.300",FunPlus International AG,29 Feb 2024
12E71CAE8923A66F9900D84C49473C9B099C6D67CD758A2E55350CB42BD87135,com.gameinsight.gobandroid,485,1981-01-01 01:01:02,2024-09-08 14:01:25.229617,50000000,2024-09-08T14:01:47.552118,"Guns of Boom Online PvP Action
30.0.364",Game Insight,2 Sept 2024
178CD2AF7C16126A1993D12ED531CE799860D1ECCA8C370642A2D7C76D5F519B,com.lyrebirdstudio.colorizer.lite,300408,1981-01-01 01:01:02,2024-03-04 14:03:29.736043,50000000,2024-03-04T14:03:57.723418,"FaceArt: Filters for Pictures
3.0.4.8",Lyrebird Studio,5 Feb 2024
3209B6D26158E164DF5E9EFD591CF256C74482A6CBA31AD838F21FC90BEBA7C1,com.Project100Pi.themusicplayer,31614,1981-01-01 01:01:02,2024-04-05 11:55:52.485745,50000000,2024-03-01T15:03:54.469591,"Pi Music Player - MP3 Player
3.1.6.1_release_4",Musicophilia Music Apps,11 Feb 2024
20EA2E69AE2BF98DFD20D28771B6DD803445AC2B58CC7F3F0D9DDAD0C8AA8226,net.sourceforge.opencamera,90,1981-01-01 01:01:02,2024-06-30 21:29:39.035517,50000000,2024-06-30T21:34:23.243052,"Open Camera
1.53.1",Mark Harman,4 Jun 2024
0A6C55207A8C36F6198524A7AC20570E3EE115B22EEA88FF110D7D087C98E83E,com.kooapps.stackybirdandroid,580,1981-01-01 01:01:02,2024-11-24 08:03:04.186628,50000000,2024-11-24T08:15:45.751652,"Stacky Bird: Fun Offline Game
1.3.81",Kooapps Games | Fun Arcade and Casual Action Games,12 Nov 2024
53B609ADAAEDBAA768AA913D9FA9FAF19CE49E8F2203E52A7D7B717379E3C012,com.Rohit.IndianBikes,30,1981-01-01 01:01:02,2024-01-23 19:52:31.989346,100000000,2024-01-23T19:54:45.670202,"Indian Bikes Driving 3D
30",Rohit Gaming Studio,1 Jan 2024
0E964E7F9937FDF205F1594FAE2CDD35EB89D3F8C7CF8DA18356AD67D8E36AD8,com.sonyliv,20245,1981-01-01 01:01:02,2024-11-18 15:51:32.497313,100000000,2024-11-18T15:59:39.820212,"Sony LIV: Sports &amp; Entmt
6.16.10",Culver Max Entertainment Private Limited,15 Nov 2024
0514685E12E49277495CE45B8BF4B787C9C60F6ADA4ED35470A1A7ECF380D299,photo.editor.photoeditor.filtersforpictures,148,1981-01-01 01:01:02,2024-03-01 13:26:26.25887,50000000,2024-03-01T13:26:27.701788,"Photo Editor, Filters - Lumii
1.621.148",InShot Video Editor,31 Jan 2024
09EAB1C4B206B36B07789DF27C1E996F36631EC165644AB0087B14FFBD9BCEB7,io.supercent.pizzaidle,62,1981-01-01 01:01:02,2024-11-04 04:59:29.318086,100000000,2024-11-04T05:06:44.824699,"Pizza Ready!
26.0.0","Supercent, Inc.",24 Oct 2024
0D028B6D4CA412044B52806DE3FB62F33054A7A4F003B5759ED840ECC55CD0E1,com.playvalve.wsjourney,286,1981-01-01 01:01:02,2024-04-14 07:54:54.522012,50000000,2024-04-14T07:53:55.678253,"Word Search - Word Puzzle Game
2.8.6",Playvalve,21 Mar 2024
01BC01F342C04CACFD7E1245515AF5FA41EBF338E85A93FF10546140B91656E4,com.viber.voip,651256,1981-01-01 01:01:02,2024-03-18 19:31:34.708802,1000000000,2024-03-18T19:37:40.747351,"Rakuten Viber Messenger
22.2.3.0",Viber Media S.à r.l.,13 Mar 2024
2CE84995E4A6320CC6377B76178600F6E5D612AB0874E2B4F4879A6ADB90DC03,com.kms.free,49615,1981-01-01 01:01:02,2024-01-15 17:54:29.128306,100000000,2024-01-15T17:54:33.391788,"Kaspersky: VPN &amp; Antivirus
11.109.4.11153",Kaspersky ME,25 Dec 2023
095E2B51DA11D27DFC2654E6FF072D23B7634C09A1245B576D60C603070C4235,com.flashkeyboard.leds,210,1981-01-01 01:01:02,2024-04-04 04:18:53.20752,50000000,2024-04-04T04:22:53.729239,"LED Keyboard: Colorful Light
16.6.0",Zayzik : LED Keyboard Studio,19 Mar 2024
171AED60AFAC2F067F78667DBB3725527C217446B587CF64411AC7B13A9F71CB,com.redberry.glitterdressa2,37,1981-01-01 01:01:02,2024-08-25 12:27:00.789415,50000000,2024-08-25T12:27:54.634316,"Glitter Dress Coloring Game
6.5",Baram FZE,15 Aug 2024
2011F4133681A4D40933F0F5B46C21F06BDEEFBE105F5D22761790A80FE6ADE4,com.nordcurrent.sniperarena,264,1981-01-01 01:01:02,2024-08-13 15:58:08.001436,50000000,2024-08-13T15:59:08.403160,"Sniper Arena: PvP Army Shooter
1.9.6",Nordcurrent Games,2 Aug 2024
0A8EE313ECE109FF22ABF2DF0753A3089C31655A16C42000AC2336D50336E8D3,com.addswhilessuffers.binds,69,1981-01-01 01:01:02,2024-03-28 04:05:41.35891,50000000,2024-03-28T04:10:40.609819,"Wood Block Puzzle
69.0",головоломка world studio,20 Mar 2024
03B6EAA9F17D414D7CA6BE9CB7B53C0F05072341821F2067984A4138008BFB66,de.stocard.stocard,1188,1981-01-01 01:01:02,2024-11-27 05:47:34.045648,50000000,2024-11-27T06:10:11.865109,"Stocard - Loyalty Cards Wallet
10.57.1",Stocard,18 Nov 2024
3EBB613E487EDC0CFF99BD3EA670608DE6BB549763D11AC9FD681544224146D8,epson.print,7120400,1981-01-01 01:01:02,2024-08-07 16:42:18.565515,50000000,2024-08-07T16:42:55.801813,"Epson iPrint
7.12.4",Seiko Epson Corporation,15 Jul 2024
03CD5F5500E0A123A2A5E173FFC94915B2F6558ECFEB7447A2CC9AC199AA3070,air.com.games2win.internationalfashionstylist,90004613,1981-01-01 01:01:02,2024-08-07 21:40:28.328691,50000000,2024-08-07T21:40:41.451877,"Fashion Stylist: Dress Up Game
11.9",Games2win.com,1 Aug 2024
04DE88AD3CCF676400C53463FF88BBA608CECE8EC650CE51A4BBBEEA56929052,com.mast.status.video.edit,186,1981-01-01 01:01:02,2024-03-01 10:18:14.108075,100000000,2024-03-01T10:19:28.368684,"mAst: Music Status Video Maker
2.4.3",mAst App,4 Feb 2024
22D39E7445C191F9B21A7DBC3C50695F31258C64673D772563D1989E5007F1D0,com.turner.tooncup,80103555,1981-01-01 01:01:02,2024-03-29 04:31:53.756221,50000000,2024-03-29T04:34:28.921161,"Toon Cup - Football Game
8.1.3",Cartoon Network EMEA,22 Mar 2024
5AF65A8DE716056641DB710F5F0302493EF853BAFDC3C4B025F2852D4273CBC5,com.assassingames.ninjafrogrope,344,1981-01-01 01:01:02,2024-03-08 02:52:24.861253,50000000,2024-02-19T03:12:26.521654,"Rope Frog Ninja Hero Car Vegas
2.5.5",HGames-ArtWorks Studio,22 Jan 2024
C1826DA33966006A422FEA28FCBD3ABA5ADE5EC8415CBA5604BB92501F78BD37,com.google.android.apps.restore,661248,1981-01-01 01:01:02,2024-11-18 03:13:26.661494,10000000000,2024-11-18T03:35:53.059799,"Android Switch
1.0.693407884",Google LLC,5 Nov 2024
25CB358A28A711F63A925B9BE1C868B7AE2B465570F8E4620CAA38231BF19D6C,com.zuuks.truck.simulator.euro,37,1981-01-01 01:01:02,2024-08-07 22:25:21.852359,100000000,2024-08-07T22:19:29.687120,"Truck Simulator : Europe
1.3.6",Zuuks Games,29 Jul 2024
06F1BE4FE27C8F45454584BC74D7EDBE130026ED8B6CA17B0BE66AED3137DF8C,com.application.zomato,1710018270,1981-01-01 01:01:02,2024-06-26 03:20:48.62417,100000000,2024-06-24T16:57:11.677096,"Zomato: Food Delivery &amp; Dining
18.2.7",Zomato,19 Jun 2024
203ADDEDFA328C80740A1B1ED81C7A4FAC7F684228993069DC4B75EB33011E88,com.telkom.tracencare,601,1981-01-01 01:01:02,2024-08-05 09:20:27.069189,50000000,2024-08-05T09:37:06.852884,"SATUSEHAT Mobile
7.0.1",Ministry of Health Republic of Indonesia,2 Aug 2024
27F9B5E2A0DB146196A60DD77B8C32BA08A5C93952B368F3ED3CBAE0C8475FED,com.trianglegames.squarebird,87,1981-01-01 01:01:02,2024-03-01 00:44:38.776977,50000000,2024-03-01T00:44:32.809443,"Square Bird - Flappy Chicken
5.5",MOONEE PUBLISHING LTD,15 Jan 2024
20A6391326B72A34A38044EA447CF9C689A986F1587811C43073C1C0F5AB250C,qrcodescanner.barcodescanner.qrscanner.qrcodereader,67,1981-01-01 01:01:02,2024-11-29 10:48:06.938454,50000000,2024-11-29T10:56:38.648454,"QR Code Scanner &amp; Scanner App
1.5.0",QR Code Scanner.,1 Nov 2024
2CF80F46C723A58853C4CBB7B7DCE725E95D8C347E86A449442D196194E07F4A,com.kwalee.transformhunt,3484,1981-01-01 01:01:02,2024-11-18 14:35:27.696786,50000000,2024-11-18T14:55:42.216885,"Hunt &amp; Seek
2.0.1",Kwalee Ltd,16 Oct 2024
5259DDFAED09CA927BAA4AF995F86A2408B2584EA48A40B63E258387C424E6DB,com.dumplingsandwich.pencilsketch,98,1981-01-01 01:01:02,2024-02-29 23:31:55.023874,50000000,2024-02-29T23:33:11.278799,"Pencil Sketch
7.8.5",Dumpling Sandwich Software Inc.,5 Nov 2023
47CA52E20BDB7D07BD738887B546A924BF4EE4D6AD543BA5C3CC8CE28CBDABEE,com.firsttouchgames.story,154,1981-01-01 01:01:02,2024-03-26 15:56:16.555617,100000000,2024-03-26T15:57:48.936362,"Score! Hero
3.22",First Touch Games Ltd.,22 Mar 2024
01ADDAEF42014CF18DA10643A75F43B757B65E6D828466AEB59267F135010934,br.gov.dataprev.meuinss,4220001,1981-01-01 01:01:02,2024-06-25 01:09:54.851358,50000000,2024-06-25T01:09:33.127739,"Meu INSS – Central de Serviços
4.22.00",Serviços e Informações do Brasil,20 Jun 2024
2D3F382BEFA808834DEFE14A1C6CAD90BB14245F55485746D19E95D855A413C6,com.gokids.bphone1,3008000,1981-01-01 01:01:02,2024-04-26 11:16:12.519414,50000000,2024-04-26T11:16:14.146577,"Babyphone game Numbers Animals
3.8.0",GoKids! publishing,11 Apr 2024
1278D1D085DD1CEF1F7048B74A71FDCA9468309BD3ACCF4F780840350A24DADA,com.nextwave.wcc2,157,1981-01-01 01:01:02,2024-06-10 22:20:32.311779,50000000,2024-06-10T22:28:07.553628,"World Cricket Championship 2
4.8",Nextwave Multimedia,1 Jun 2024
335837AA0ECB54023E9D244BDFA61D51027F7DD5F4D5BB15B6396830E0522E75,com.mind.quiz.brain.out,272406,1981-01-01 01:01:02,2024-03-22 22:43:37.794214,100000000,2024-03-22T22:48:21.308505,"Brain Out: Can you pass it?
2.7.24",Focus apps,23 Jan 2024
034330BB6F46ABB20836E9FA4832EF18299ED3634776E5081CE7155457732639,com.peoplefun.wordcross,9558,1981-01-01 01:01:02,2024-11-18 18:14:00.025671,100000000,2024-11-18T18:21:04.420767,"Wordscapes
2.27.1",PeopleFun,8 Nov 2024
0C618017760ECE19EDC45295315220C71B1400EF3E8CAD2002AF9F892B4FBF2F,com.weegoon.thiefpuzzle,118,1981-01-01 01:01:02,2024-03-01 09:45:20.661619,100000000,2024-03-01T09:44:51.708799,"Thief Puzzle: to pass a level
1.12.2",TapNation,29 Jan 2024
B0C4C5CA912F4723BCACB7EF7F950D7299A670136E0FCA2D287E02D0CF515131,com.zeptolab.cats.google,2695308,1981-01-01 01:01:02,2024-08-03 04:24:21.715616,100000000,2024-08-01T03:22:31.393314,"CATS: Crash Arena Turbo Stars
3.16.3",ZeptoLab,12 Jul 2024
06B9A57A7459B8415F496CA4A2912A3E95BD041E7AE64FDD44A693E8EF9552E8,com.easybrain.sudoku.android,61300002,1981-01-01 01:01:02,2024-06-08 19:55:50.365795,50000000,2024-06-06T08:40:51.905165,"Sudoku.com - Classic Sudoku
6.13.0",Easybrain,3 Jun 2024
03B2378243150AB15308D2B91A2BEE040A18D8010760E9DE9CA685F39AE2E237,io.supercent.burgeridle,113,1981-01-01 01:01:02,2024-11-03 23:39:05.813021,50000000,2024-11-03T23:51:17.654630,"Burger Please!
18.0.0","Supercent, Inc.",22 Oct 2024
0B08537392DF1007827894DF9694A9D986D263041B9A2194A88BE5E41ABAC145,com.jumpgames.rswrb,87871271,1981-01-01 01:01:02,2024-05-17 11:57:42.562539,50000000,2024-05-17T11:57:58.737393,"World Robot Boxing
87.87.127",Reliance Games,15 May 2024
001A5C708D5A4160CAD1481E6C40A70D67A0668E0B467D2475EF8F363FDAEA30,com.meesho.supply,613,1981-01-01 01:01:02,2024-08-02 22:30:11.849465,500000000,2024-07-31T20:36:44.899680,"Meesho: Online Shopping App
20.2",Meesho,25 Jul 2024
6154F2C0D149A098C73EEB9919253ECE85AE558C123AD0AB0E7B7D5EAAAEB166,ch.smalltech.ledflashlight.free,21015,1981-01-01 01:01:02,2024-03-23 00:30:23.833778,50000000,2024-03-23T00:33:18.310604,"Torch Flashlight LED HD
2.10.15 (Google Play) ",smallte.ch,26 Feb 2024
22CFE90DCECC589ED43C7C3ECAD2C69108BF16DAE49316D2E3227BB45F284886,com.natenai.glowhockey,105000,1981-01-01 01:01:02,2024-03-24 17:45:31.115981,100000000,2024-03-24T17:45:32.278676,"Glow Hockey
1.5.0",Natenai Ariyatrakool,22 Jan 2024
00AC3AB91B75E76F1C95C3865B0E691087CB282B4D022941D589B5E770639AAC,com.mobile.legends,18939702,1981-01-01 01:01:02,2024-07-04 13:05:52.414604,500000000,2024-07-04T13:06:31.600829,"Mobile Legends: Bang Bang
1.8.93.9702",Moonton,24 Jun 2024
6BB341BF4403CD6D8A712C23A83A4E065A1AD93E7BEB87D42B3ADA263E7A53C0,com.byv.TheArchers2,17509,1981-01-01 01:01:02,2024-03-19 06:48:38.235964,50000000,2024-03-19T06:48:39.263719,"The Archers 2: Game with Bow
1.7.5.0.9",BYV,14 Feb 2024
C986DB6A72C5D7E629D7DD03B0C1728120E8C163FCF220D7FE64C93058C8AA0C,com.crazylabs.asmr.cut,2313,1981-01-01 01:01:02,2024-09-12 21:25:59.539966,100000000,2024-08-25T02:02:23.179529,"ASMR Slicing
2.3.1.3",CrazyLabs LTD,24 Jul 2024
2F845C3EAA33AA307020B4FB0ABE707E9E7209D9F8B3891E8C19BEE7F4939A4C,com.dencreak.dlcalculator,161,1981-01-01 01:01:02,2024-06-13 21:01:24.55733,100000000,2024-06-13T21:06:52.448153,"ClevCalc - Calculator
2.23.2",Cleveni Inc.,9 Jun 2024
066930C2CD8097AAA9842A126CAFC8DE8DA48F0E885F63106C113D681DAABAC2,at.nk.tools.iTranslate,1038,1981-01-01 01:01:02,2024-10-18 07:26:00.886738,50000000,2024-10-18T07:30:12.041572,"iTranslate Language Translator
7.0.8",Mobile Heroes,14 Oct 2024
0D1A1DBBBA74F4235FFB17D92BD9A126D254E246B5B017A634B3AE2C5D1A07A2,com.unicostudio.whois,148,1981-01-01 01:01:02,2024-06-01 07:02:12.413066,50000000,2024-06-01T07:04:57.957799,"Who is? Brain Teaser &amp; Riddles
1.11.0",Unico Studio,22 May 2024
0B695CA6EC2C104ED6B3C7628AD4D86841184818192AB18E87C59C55E723492B,ru.ok.android,24010900,1981-01-01 01:01:02,2024-01-17 13:07:15.007388,100000000,2024-01-17T13:07:45.781049,"OK: Social Network
24.1.9",Odnoklassniki Ltd,9 Jan 2024
1A42666A3D34EBCB4699593322040C90CEB61490D4A08A2459CC013BF263553A,com.chase.sig.android,458033518,1981-01-01 01:01:02,2024-11-14 14:58:33.301352,50000000,2024-11-14T15:04:17.710657,"Chase Mobile® U.S.
4.580",JPMorgan Chase,31 Oct 2024
132175C3F4F7080F3B3B2767BE8B161232CDFDF8A862A84ADEB94F147A7512C4,com.gameloft.android.ANMP.GloftFWHM,711210,1981-01-01 01:01:02,2024-04-05 00:49:16.591923,100000000,2024-04-05T01:10:14.217090,"Sniper Fury: Shooting Game
7.1.1a",Gameloft SE,3 Apr 2024
71B22741B699F88C263F5AF9D61EAFE4A01E55611D8101D50B63D3320069D18F,com.rovio.BadPiggies,3442,1981-01-01 01:01:02,2024-08-30 12:32:12.063829,100000000,2024-08-30T12:32:53.279237,"Bad Piggies
2.4.3442",Rovio Entertainment Corporation,26 Aug 2024
1584B24FBD8AE0A9BCE44AB6C17245893A9C330A968D5D3F5594A962B2CC0432,es.monkimun.lingokids,10032591,1981-01-01 01:01:02,2024-10-22 04:21:57.006365,50000000,2024-10-22T04:27:02.142578,"Lingokids - Play and Learn
8.85.0",Lingokids - English Learning For Kids,17 Oct 2024
2D31416C9BEF498A7C5C4E9A3A96C3CD35138311CD28687C1F55E875E6948972,com.amanotes.pamarollingtiles2,200603,1981-01-01 01:01:02,2024-09-17 10:36:47.549167,50000000,2024-09-17T11:03:23.899073,"Hop Ball 3D: Dancing Ball
2.9.9",AMANOTES PTE LTD,14 Aug 2024
726D96F103D0319763E66E21809BBC88E816072305C35D9609776B5ABDCED401,com.google.android.apps.authenticator2,7001038,1981-01-01 01:01:02,2024-11-15 07:53:46.251205,100000000,2024-11-15T08:18:03.142369,"Google Authenticator
7.0",Google LLC,5 Nov 2024
0B809D131C5149E130CD4194EB957AE1CC920882F8EE01A5BFE128AFE924AB3E,com.coupang.mobile,2308431,1981-01-01 01:01:02,2024-11-22 15:28:12.098909,50000000,2024-11-22T15:24:11.007198,"쿠팡 (Coupang)
8.4.3",Coupang Corp.,14 Nov 2024
12EAAE1E4E7EE5775AF9B64F346FA8C347DBD776D5497506BB15F37AB9ADE205,com.fluffyfairygames.idleminertycoon,80401,1981-01-01 01:01:02,2024-03-15 15:10:39.842831,100000000,2024-03-15T15:14:24.681602,"Idle Miner Tycoon: Gold Games
4.58.0",Kolibri Games,13 Mar 2024
0C42230C27E2B315DCB1D77E1A763F6B3100552EA54AEC0BAB029CDF4099A14D,com.ebay.kleinanzeigen,567273,1981-01-01 01:01:02,2024-03-13 12:22:39.028027,50000000,2024-03-11T11:34:18.923120,"Kleinanzeigen - without eBay
15.23.0",Marktplaats B.V.,4 Mar 2024
4551A06B91BDCB03367AA4EE97D30BB5C69BE99434B2B72E8105FC6B1DB4CBA1,com.snap.camerakit.plugin.v1,210103889,1981-01-01 01:01:02,2024-03-25 03:19:16.720625,100000000,2024-03-25T03:28:35.901386,"Camera Kit
1.27.0",Snap AR,14 Dec 2023
870CB127365A7C74F71380BEC3C936437E2AD75CB950BC7BFCB3490F01620A01,com.lyxoto.master.forminecraftpe,30405,1981-01-01 01:01:02,2024-04-08 23:15:27.697632,50000000,2024-04-08T23:26:03.191241,"Mods, Maps for Minecraft PE
3.04.5",Lyxoto Studios,23 Mar 2024
8D882A06BA18D6E5357E76C5FCD3B39287D0EE836AFD6870CCA27C9BC4797DAA,com.junkremoval.pro,102,1981-01-01 01:01:02,2024-06-08 14:50:47.361397,50000000,2024-06-08T14:50:47.695136,"Junk Manager
1.0.92",essential tools,18 Jan 2024
0584E3F2317CE1FA3817081AD9B80D8FF8AA9010BE731E2CED0DCECE58591FD6,com.vblast.flipaclip,664,1981-01-01 01:01:02,2024-10-15 22:20:51.444483,50000000,2024-10-15T22:24:08.983853,"FlipaClip: Create 2D Animation
4.1.2",Visual Blasters LLC,8 Oct 2024
0F90C792479DC259A1E8BAFCA6A507205BBFF33E048904AEC6C10988DFBEFD0D,com.smule.singandroid,11870,1981-01-01 01:01:02,2024-09-03 01:40:18.158417,100000000,2024-09-03T01:40:42.355396,"Smule: Sing Karaoke &amp; Music
11.8.7",Smule,2 Sept 2024
0007B3BD6D269ECB15244C821E8B23E3ABB9E7D4200D775B3620154D9190A63F,com.king.petrescuesaga,301005000,1981-01-01 01:01:02,2024-10-08 06:00:53.823124,100000000,2024-10-08T05:57:49.977767,"Pet Rescue Saga
3.10.5.0",King,2 Oct 2024
05A8B7541C83D27A6431A65DBD26442EE727C5A36A1E57385F88298903695E5B,com.particlenews.newsbreak,24140103,1981-01-01 01:01:02,2024-04-10 04:14:20.10313,50000000,2024-04-10T04:19:58.314599,"NewsBreak: Local News
24.14.1",Particle Media Inc.,6 Apr 2024
5637FBB6840B13886779215946879E11B3288920B03513BB4F9E0745495E507B,com.Upperpik.HairChallenge,880,1981-01-01 01:01:02,2024-04-11 09:33:57.232491,100000000,2024-04-11T09:36:43.407463,"Hair Challenge
27.0.0",Rollic Games,3 Apr 2024
04716A1677F3189A4074BBD7C1EDB6D152BEB3EC856BC7755B5B3C6AD66C3121,com.kgs.housedesigner,84,1981-01-01 01:01:02,2024-08-29 14:57:03.510513,100000000,2024-08-29T14:57:16.167762,"House Designer : Fix &amp; Flip
1.24",Karate Goose Studio,20 Aug 2024
033BFBCB8C8EC0D12F2B5AAEDF60232F8E6D6AEDB2997386C9A26C3D323FF9B8,com.fingersoft.hillclimb,646,1981-01-01 01:01:02,2024-04-26 18:17:29.653231,1000000000,2024-04-26T18:18:56.926808,"Hill Climb Racing
1.61.3",Fingersoft,24 Apr 2024
04143A4CE9B73DBFFF07FDA9EB586532B82D7C5B5BF17091F3626E2C10E01110,com.mapswithme.maps.pro,71782,1981-01-01 01:01:02,2024-12-12 00:38:59.408089,50000000,2024-12-12T00:39:00.785402,"MAPS.ME: Offline maps GPS Nav
v15.17.71782-googleRelease",MAPS.ME (CYPRUS) LTD,27 Nov 2024
14EEFE9A43EB401602CE6B519190F2B8E27724424F6A64E1FCB1A4116F3B9A37,com.flightradar24free,92203666,1981-01-01 01:01:02,2024-05-31 23:06:40.951606,50000000,2024-05-31T23:17:52.340727,"Flightradar24 Flight Tracker
9.22.0",Flightradar24 AB,21 May 2024
2543A44AF0CBF4C0337F5B2D39A414420DD2D49766D47424D0AF5AFC1D547EF3,games.nerf.epic.pranks.free,55,1981-01-01 01:01:02,2024-11-17 21:37:03.375989,50000000,2024-11-17T21:49:46.823876,"Epic Prankster: Hide and shoot
1.9.16",Homa,18 Oct 2024
0A93D0B23DAF0DDA9179501B552EFA1187C655E7EAEE3FC5BAA0411ADFFBF422,invaders.os.galaxy.space.shooter.attack.classic,9820,1981-01-01 01:01:02,2024-05-03 04:00:29.168415,50000000,2024-05-03T04:02:54.731222,"Falcon Squad
98.2",1SOFT,26 Apr 2024
4FDD762E6BE4D61BB562BA9C31749B24EBA5184F8F9BAE9A0221602D3BD6340D,com.bible.kids,524,1980-01-01 00:00:00,2024-08-30 17:20:39.886971,50000000,2024-08-30T17:22:49.601722,"Bible App for Kids
2.38",Life.Church,12 Aug 2024
244880927699B37FB28F93A6DEA5D44A840EB47D356D9517EC9DE4F27AB4295C,com.playgendary.ktb2,5277,1981-01-01 01:01:02,2024-01-17 13:06:48.078246,50000000,2024-01-17T13:07:45.667061,"Kick the Buddy: Forever
2.0.12",Playgendary Limited,26 Dec 2023
A3D6E033FBF8A02D9D4AE128FD0FFAA93C425D00EF655D638F631C8DE58DCFBE,com.playtrends.citypassenger.coachbus.simulatorbus.driving3d,90060400,1981-01-01 01:01:02,2024-06-07 13:42:36.172489,50000000,2024-06-07T13:46:44.639027,"Bus Game - Bus Wala Game 3D
9.6.4",Newry,29 Nov 2023
C9EE3245B4F6585E5B3C0CD2BFDE6ED3AA855386F49BA61458390A0B75BF5100,com.verizon.messaging.vzmsgs,31280,1981-01-01 01:01:02,2024-06-08 06:23:49.29913,100000000,2024-05-22T01:21:54.164319,"Verizon Messages
9.5.5",Verizon Consumer Group,15 May 2024
368CBAAE6DD590CE73CAFB777202A6EDEFE5B98D5A43ACAD1161367F86CCEE4C,com.maps.locator.gps.gpstracker.phone,140,1981-01-01 01:01:02,2024-04-15 05:23:12.229743,50000000,2024-04-15T05:23:13.588245,"Phone Tracker and GPS Location
1.4.0",Gentii Studio,7 Apr 2024
0C7D49E07D0602F9178159C7F31060EB1A2645CDA6C8528CD70179FBD9D1BB5E,mytown.home,2102,1981-01-01 01:01:02,2024-09-05 21:20:31.774519,50000000,2024-09-05T21:20:32.971074,"My Town: Home Family Playhouse
7.00.37",My Town Games Ltd,29 Aug 2024
211435B019A1BFF21F26235346715D0B8E4702ED2AB17C7BBC71FD55C4B48A1B,com.sec.android.app.voicenote,2021355160,2009-01-01 00:00:00,2024-03-01 10:56:49.166459,1000000000,2024-03-01T10:58:46.604043,"Samsung Voice Recorder
21.3.55.16","Samsung Electronics Co.,  Ltd.",21 Aug 2022
0D8EDB75D5056CF6F6D59FA59BD30AF9ABDCC2012D94C99BE7E82B44D923F387,com.wagame.ChiKuneDoLite,358,1981-01-01 01:01:02,2024-04-18 08:26:27.662329,50000000,2024-04-18T08:26:52.729520,"Kung Fu Do Fighting
3.5.8",WaGame,9 Mar 2024
0641B61F5BEE75A0C3F961D84821B73F6253525026D0E858B894AD8F0E971E41,org.iggymedia.periodtracker,967011,1981-01-01 01:01:02,2024-12-12 23:11:51.466888,100000000,2024-12-12T23:11:54.086980,"Flo Period &amp; Pregnancy Tracker
9.67.1",Flo Health Inc.,3 Dec 2024
0CEEBB2B1E2B5792A520E2E3C1FA7EA3DF2128C49940C200097616AE6BDB5080,com.superplusgames.hosandroid,664,1981-01-01 01:01:02,2024-12-01 05:17:03.767997,100000000,2024-12-01T05:43:18.261077,"Hills of Steel
7.1.0",Superplus Games,21 Nov 2024
929BC058744E336ECFF58F95E1BB7BEFC6CEC584CA3CE7F419E9C8897F9A9E3B,art.color.planet.paint.by.number.game.puzzle.free,65,1981-01-01 01:01:02,2024-03-01 03:22:49.088831,50000000,2024-03-01T03:23:33.376140,"ColorPlanet® Paint by Number
2.3.8",Games Vessel,2 Feb 2024
01CA677B56ABBE804ADDCE9112F2452B53AEE14DE59B92893247EC91BE600768,net.skyscanner.android.main,2021112106,1981-01-01 01:01:02,2024-08-02 21:47:45.01501,50000000,2024-07-26T11:32:14.162835,"Skyscanner Flights Hotels Cars
7.118",Skyscanner Ltd,22 Jul 2024
7B2997CAF11D10F3F20C4E3B8B5249BB962D00B21453BA1F7C55B1DD5577A9B9,com.opalsapps.photoslideshowwithmusic,2550,1981-01-01 01:01:02,2024-04-29 17:07:17.933985,50000000,2024-04-29T17:07:42.658146,"Photo Slideshow with Music
27.8",Opals Apps,5 Apr 2024
2C4729D0B163DAC8855B8830C8E438FCFAA52B9310FEA0C9BCFE1DF894A2067E,com.turkcell.bip,2812,1981-01-01 01:01:02,2024-06-08 20:53:59.143355,50000000,2024-06-05T13:31:16.981854,"BiP - Messenger, Video Call
3.95.112",BiP A.S,30 May 2024
0C6983915E4A68D880C06D3E66FFEE30A2F01774553F165D2E61032E9F5A5C09,com.rvappstudios.kids.drawing.games.coloring.book.paint,202,1981-01-01 01:01:02,2024-08-15 17:29:51.736371,50000000,2024-08-15T17:30:36.193972,"Drawing Games: Draw &amp; Colour
1.5.2",RV AppStudios,9 Aug 2024
1D23D96A357F48B199536F8869C0EC7C55766352622A9494C1506F1CEEAEBBE6,com.baviux.voicechanger,4101,1981-01-01 01:01:02,2024-03-31 17:46:58.997141,100000000,2024-03-31T17:47:02.937013,"Voice changer with effects
4.1.1",Baviux,12 Jan 2024
02266A466B4DB10054A336D057AB48A2A0DE0C559BF2A974509842DDE0D6AA6D,com.evernote,1219980,1981-01-01 01:01:02,2024-04-11 00:20:28.033111,100000000,2024-04-11T00:28:40.156644,"Evernote - Notes Organizer
10.84.1",Evernote Corporation,9 Apr 2024
A2D85662ACBE24165624598D8F95EB2B115534FC3481966B7C54827421613414,com.FDGEntertainment.redball4.gp,11001,1981-01-01 01:01:02,2024-08-25 16:45:28.403238,100000000,2024-08-25T16:45:43.644139,"Red Ball 4
1.10.01",FDG Entertainment GmbH & Co.KG,5 Aug 2024
0B8588DE5E1EAB2D85940A869F28AE69FC88E51D862401B5315FF9251DD54C05,com.lionstudios.mrbullet,54403,1981-01-01 01:01:02,2024-07-01 18:09:33.633679,100000000,2024-07-01T18:10:42.741773,"Mr Bullet - Spy Puzzles
5.44",Lion Studios,25 Jun 2024
08A7D9498F51188DB06F2321F0A77FA27CC8B0815B626EE24FE2C7FF4230B4DA,com.ironmeta.security.turbo.proxy.vpntomato.pro,28831,1981-01-01 01:01:02,2024-09-15 00:03:22.414556,50000000,2024-09-15T00:12:19.632857,"Tomato VPN | VPN Proxy
2.88.31",IronMeta Studio,27 Aug 2024
01803CE6D1260847700B639640339EF9955DD81453EB2366E4ABF2373E7CDFFF,com.bandagames.mpuzzle.gp,729,1981-01-01 01:01:02,2024-07-04 12:05:01.639926,50000000,2024-07-04T12:06:53.528490,"Magic Jigsaw Puzzles－Games HD
7.8.4",ZiMAD,28 Jun 2024
455A11FB60156128E17BBA05D84180719314641796BBE5204FDF7B0D15D68EEE,com.riseup.game,200458,1981-01-01 01:01:02,2024-03-31 11:32:28.982757,100000000,2024-03-31T11:36:13.032259,"Rise Up: Balloon Game
2.6.0",CASUAL AZUR GAMES,18 Mar 2024
20E1342E8601E9164FA3A0E7677B855460843433B031450E997FBF8BD75A0EF2,com.BeerMoneyGames.Demolition2,1716,1981-01-01 01:01:02,2024-12-10 08:07:47.661721,50000000,2024-12-10T08:10:11.205922,"Demolition Derby 2
1.7.16",Beer Money Games!,9 Oct 2024
7E1B65C2D74AFA114E180855AA618F1B4030152F371CF3A4D0957EAEA7BD36B1,com.easygames.race,1030,1981-01-01 01:01:02,2024-03-01 09:31:44.302497,100000000,2024-03-01T09:32:43.337272,"Race Master 3D - Car Racing
3.6.5",SayGames Ltd,2 Feb 2024
22EA94A7942FB97D6076475C76DB98B776E1B5A4D955E02590852031EE27A65C,com.ea.games.simsfreeplay_row,5086001,1981-01-01 01:01:02,2024-08-08 18:13:42.980235,100000000,2024-08-08T18:14:39.674406,"The Sims™ FreePlay
5.86.1",ELECTRONIC ARTS,2 Aug 2024
2B16AE4175F840E2BCAB284EFCD7B82048A128F937420B5F5CFB50DB6D249D53,ru.yandex.yandexmaps,737097070,1981-01-01 01:01:02,2024-06-08 22:15:06.089287,100000000,2024-06-05T22:52:44.519879,"Yandex Maps and Navigator
18.9.0",Direct Cursus Computer Systems Trading LLC,23 May 2024
1900D981BBA45ECBBA288B4AFEEC8A9D6F8C0D653B3C4FC3ADD8DA5EC92277B2,com.opera.mini.native,858074549,1981-01-01 01:01:02,2024-11-07 00:19:37.643765,500000000,2024-11-07T00:22:35.643257,"Opera Mini - Fast Web Browser
85.0.2254.74549",Opera,25 Oct 2024
93135C998B9D7BFFF69BE84D042FA171CECC380B5148A228CF2F553697BADD9A,com.outfit7.movingeye.swampattack,275,1981-01-01 01:01:02,2024-12-14 22:28:31.236705,100000000,2024-12-14T22:36:48.147083,"Swamp Attack
4.2.5.0",Moving Eye,11 Dec 2024
4103C7FB2CFE38E66AE021C6148393E061A9BF7AA467EA3ED549EF451DBD3447,free.os.jump.superbros.adventure.world,411,1981-01-01 01:01:02,2024-04-18 17:02:57.043482,100000000,2024-04-18T17:24:30.211115,"Bob&#39;s World - Super Adventure
1.411",FALCON GAMES,16 Mar 2024
4E23A9E6FD22C9D912278D8E78FEF7330CBF6A5E31873B7758C387CD16A11E18,com.parking.game,145,1981-01-01 01:01:02,2024-12-11 18:08:42.71768,50000000,2024-12-11T18:18:34.463193,"Drive and Park
1.0.35",SayGames Ltd,27 Sept 2024
000DF7DE83BF65CAF8CFF6F678DAAA99294B7799664076A7B41D10670528A91C,com.iz.princess.games.kids.doll.house.my.town.pretend.play.home,47,1981-01-01 01:01:02,2024-11-28 12:57:07.749908,10000000,2024-11-28T12:58:09.802172,"My Princess House - Doll Games
3.2.9",Tizi Town Games,1 Oct 2024
132F7EC7B14D9209D15554D566C5388D02BB124087852E135C8D1E3F6E10EEB7,tv.pluto.android,410400212,1981-01-01 01:01:02,2024-11-15 15:43:14.75944,100000000,2024-11-15T16:05:24.123244,"Pluto TV: Stream TV &amp; Movies
5.49.0","Pluto, Inc.",29 Oct 2024
372E9E03A388A9DB68FC473552EE349F2D0F846864024746FD684F4FD8E37494,com.lyrebirdstudio.montagenscolagem,207704,1981-01-01 01:01:02,2024-08-20 10:56:08.638492,100000000,2024-07-31T18:15:57.544730,"Photo Editor Picsa: Collage
2.7.7.4",Lyrebird Studio,10 May 2024
0F2E70EE1CECE93C845AED92172CBE9A3302E093E2C8F7B615EA8E84090922DD,com.x3m.tx4,200271,1981-01-01 01:01:02,2024-05-22 14:30:47.653439,50000000,2024-05-22T14:36:33.639586,"Trial Xtreme 4 Bike Racing
2.15.1",Deemedya INC,9 May 2024
76F9A04111307984908996709D00AA2CF502CC8A3DA366FDABA4ABBBF54B550D,mini.block.craft.free.mc,68,1981-01-01 01:01:02,2024-07-02 11:21:08.431504,100000000,2024-07-02T11:22:52.828131,"Mini Block Craft
68.5.2.mc",Build Block Studio,4 Jun 2024
084D3A09052AECD3B0229821A20B6C3DA89ED21BD416BBBA8818C11014A2F0E7,com.aceviral.bmxblast,135,1981-01-01 01:01:02,2024-12-11 07:49:28.516249,50000000,2024-12-11T07:50:40.146668,"Bike Blast- Bike Race Rush
4.13.6",Ace Viral,28 Nov 2024
84B67244548DAEDC5D75D0C4672C1733AB0763CA4E7B88E1AA588E2E82DF3D5E,com.sharekaro.app,10208190,1981-01-01 01:01:02,2024-12-15 04:59:38.151954,100000000,2024-12-15T05:08:17.119778,"ShareKaro:File Share &amp; Manager
2.8.19",ShareKaro Team,6 Dec 2024
06589B331D28D8A0DD7D27EAA5FD703F4DD1CFA5A49B58CA553F0C336C011382,com.zeptolab.ctr2.f2p.google,2150029,1981-01-01 01:01:02,2024-04-25 15:18:28.256233,100000000,2024-04-25T15:34:54.470266,"Cut the Rope 2
1.40.0",ZeptoLab,22 Apr 2024
121CBD87C328A20CD6D38847498D8F8A88042A189D5D766BBA5BBDA07DB10659,com.whatsapp.w4b,240576003,1981-01-01 01:01:02,2024-03-14 05:50:52.433943,1000000000,2024-03-14T06:00:35.024782,"WhatsApp Business
2.24.5.76",WhatsApp LLC,11 Mar 2024
07D8CD4A67E9904B9D9D9FB03FF0045DADD3F81623D3E3504900A9167D05C8CE,com.moonactive.coinmaster,3234291,1980-01-01 00:00:00,2024-06-09 21:02:09.560084,100000000,2024-05-30T11:03:51.009241,"Coin Master
3.5.1640",Moon Active,26 May 2024
6B770952B719825E11118701E6375AFF458ED4C00034D89D6B5C60D883835DCE,com.sinyee.babybus.ambulance,8710501,1981-01-01 01:01:02,2024-12-09 23:39:41.894328,50000000,2024-12-09T23:39:43.482717,"Baby Panda&#39;s Emergency Tips
8.71.05.01",BabyBus,12 Nov 2024
11826EF059A890AE1A799D0B2646FA4BB5B9A21EF6C0C90E32CB3E804C29E855,com.glovo,304870,1981-01-01 01:01:02,2024-05-08 11:32:50.354308,50000000,2024-05-08T11:36:09.585239,"Glovo: Food Delivery and More
5.266.0",Glovoapp 23SL,3 May 2024
4E75D5976B84AC2A8354886257676191B8ED010A38461029609E98B2ABB09E66,com.drink.water.fun,10101,1981-01-01 01:01:02,2024-07-05 18:56:56.183711,50000000,2024-07-05T18:56:06.958740,"Drinking Games &amp; Juice (joke)
6.5.18",ideaFun - Pixel Art Coloring Games Color by Number,23 May 2024
50B2782C030935DC27CF7D85BA3749ED124C742C025730F9C21BD98BE879C2FC,net.bat.store,3580,1981-01-01 01:01:02,2024-12-13 03:16:30.045117,100000000,2024-12-13T03:33:42.001011,"AHA Games: Offline GameBox
V6.6.25.0",AHA Games,5 Dec 2024
1E1C7620E39C7F350A72AEDF24D18E37D8C256D701CDF72E9B7E17053DD4E695,com.nekki.shadowfightarena,4074,1981-01-01 01:01:02,2024-06-15 14:30:52.528513,50000000,2024-06-15T14:35:10.689763,"Shadow Fight 4: Arena
1.9.10",NEKKI,6 Jun 2024
3EAAC2B06FCAF31C5EE84EBA7E36617D636EAA67CBE8F474693F241217479111,com.sinyee.babybus.cosmetology,8690100,1981-01-01 01:01:02,2024-05-19 07:01:07.567762,50000000,2024-05-19T07:25:22.022031,"Little Panda&#39;s Pet Salon
8.69.01.00",BabyBus,9 May 2024
085640B70D4A616E7F9740BEB6C659FC193EB2E46761C7C06937216950F193FA,com.pranksounds.appglobaltd,60,1981-01-01 01:01:02,2024-05-30 12:29:17.217666,50000000,2024-05-30T12:34:05.661490,"Haircut prank, air horn &amp; fart
1.0.60",ABI Game Studio,6 May 2024
1E52B64A1B73CCA2A9413D0F8D9BE4E890658C1FAD63AC28FD8AA309D76BE402,com.kayenworks.mcpeaddons,116,1981-01-01 01:01:02,2024-08-26 06:51:23.121561,50000000,2024-08-26T06:56:19.126754,"Addons for Minecraft
1.20.6",Kayen Works,25 Jul 2024
02068E6ECE0D1E97454CED519F4BBD14D779E2D6245771373CDB8B4F9A08AB9B,com.google.android.apps.photos,49124147,1981-01-01 01:01:02,2024-08-05 21:22:05.062667,10000000000,2024-08-05T21:23:47.759660,"Google Photos
6.93.0.657009179",Google LLC,28 Jul 2024
0EB3D156F7B66AF216DF4EDDFDA3A82C174D7F17541AEB1620D62AEDD681C884,jp.pokemon.pokemonunite,798432,1981-01-01 01:01:02,2024-08-03 20:45:19.134647,50000000,2024-08-03T20:45:22.598458,"Pokémon UNITE
1.15.1.5",The Pokémon Company,28 Jul 2024
2D936321BDB9BD220961E978FBE2D5532F7245DAB704A8110B1CD276C8A58B3C,com.topchopgames.skyroller,20059,1981-01-01 01:01:02,2024-08-25 14:44:52.787635,100000000,2024-08-25T14:44:44.172554,"Sky Roller
1.28.9",Homa,25 Jul 2024
1C5AA982AF7CB99642A45398427AF822DEE8384340C627B02098A3A62BF9CE15,com.kalipsogames.psychopathhunt,44,1981-01-01 01:01:02,2024-05-08 11:18:37.963075,50000000,2024-05-08T11:19:00.131597,"Mr. Meat: Horror Escape Room
2.0.5",Keplerians Horror Games,6 May 2024
E0C5F465E4A7FF17C16E8C840C81F5B34766D9EDEF667B42E6E650161272FC67,com.impp.construction.simulator.forklift,152,1981-01-01 01:01:02,2024-03-14 04:34:25.282643,100000000,2024-03-14T04:39:58.568980,"City Construction Simulator 3D
3.69",Imperial Arts Pty Ltd,23 Jan 2024
154356994036CDF0DCE82362EAA4AB114C947D25F6092BCBACB39D7E3556C408,com.playgendary.bowmasters,10341,1981-01-01 01:01:02,2024-05-14 10:45:03.359628,100000000,2024-05-14T10:46:22.007973,"Bowmasters
6.0.7",Playgendary Limited,25 Apr 2024
24C8ED92AC653F451F9F9FCEE49BC905F5F50107921EC75A514C4FA6A598CED9,com.andi.alquran.id,296,1981-01-01 01:01:02,2024-05-13 13:03:56.772387,50000000,2024-05-13T13:04:15.078003,"Al Quran Indonesia
2.7.96",PT. Dalfindo Cipta Karya,12 May 2024
32FA5A8A9B07E27840FB3A8BCA9DD52B7E03BD01F41B3C845A5FE1B47DB7B38B,com.cocoplay.fashion.style,3400,1981-01-01 01:01:02,2024-10-21 00:46:54.045967,100000000,2024-10-21T00:45:18.615359,"Super Stylist Fashion Makeover
3.4.00",CrazyLabs LTD,10 Oct 2024
B1FE7DF40C25248295B79DB4AE53172BA18AA430BFC88D7719D3EC74CB171AE1,com.venticake.retrica,210000124,1981-01-01 01:01:02,2024-03-23 06:37:30.894861,100000000,2024-03-23T06:44:34.760426,"Retrica
7.6.5","Retrica, Inc.",3 Mar 2024
1A78BE87FB71E33EA0E06B8696D86AC0AF24758C742897316BE8E20DED741B2C,com.mcdonalds.app,1367,1981-01-01 01:01:02,2024-11-13 21:26:33.190505,50000000,2024-11-13T21:37:48.135317,"McDonald&#39;s
9.100.1","McDonalds USA, LLC",24 Sept 2024
1A1AF0AD947AA1B97AA264D5001B12754F9C585AFDC49FFBD9F04EE9CE752FAB,com.zinio.mobile.android.reader,2024082819,1981-01-01 01:01:02,2024-09-12 19:45:35.537063,50000000,2024-09-12T19:54:49.743855,"ZINIO - Magazine Newsstand
4.66.0",ZINIO,29 Aug 2024
1353DA85416CD6ADB6624653E1527DDEE87C4AB40A30553BA3BE7889FC168504,com.criticalforceentertainment.criticalops,2760,1981-01-01 01:01:02,2024-10-31 00:30:11.005092,100000000,2024-10-31T00:41:00.824591,"Critical Ops: Multiplayer FPS
1.47.0.f2784",Critical Force Ltd.,28 Oct 2024
1F0A778A68C2EE35A2FF066F706F9C84C70E63E1DCB61F9EF15EA4F786B2FD6F,com.CubeSoftware.BattleOfWarships,300162,1981-01-01 01:01:02,2024-03-01 03:10:28.212285,50000000,2024-03-01T03:10:48.410366,"Battle of Warships: Online
1.72.22",MobileGDC,15 Oct 2023
5C068AE10EFEEBA15A96B9B724C6E27EA6BD3363510B20E12DC248168124F0E4,com.solou.catendless.run,430,1981-01-01 01:01:02,2024-04-20 13:31:11.707309,100000000,2024-04-20T13:33:27.019464,"Cat Runner: Decorate Home
5.2.9",Ivy,18 Apr 2024
20697E91BD929EA3327A0D859F7D11BAFC269CAF96B13F80F86212D1192EE95F,com.sinyee.babybus.care,8690802,1981-01-01 01:01:02,2024-07-06 14:27:05.169239,100000000,2024-07-06T14:42:41.337511,"Baby Panda Care
8.69.08.02",BabyBus,5 Jul 2024
059AF15F03A0F68EB1FD4608A92479E42A79929C27DC22C6726B01665465EC3D,com.soccer.score.star,265,1981-01-01 01:01:02,2024-07-03 11:31:47.169227,100000000,2024-07-03T11:31:32.601504,"Soccer Superstar - Football
0.2.65",Real Freestyle Soccer,2 Jul 2024
00033DA376F16670DE7DB9B45B59D1E9BF19988577678B9B0E9620EC0B47D40D,com.bamnetworks.mobile.android.gameday.atbat,100002120,1981-01-01 01:01:02,2024-03-02 18:04:56.490598,10000000,2024-03-02T18:06:52.000041,"MLB
12.24.1.3","MLB Advanced Media, L.P.",26 Feb 2024
C0B0B0C4C84CEF945A76E35E9DD4C524D4DBE8C0E156EE91764658277BCA560F,losebellyfat.flatstomach.absworkout.fatburning,59,1981-01-01 01:01:02,2024-03-31 03:16:50.659013,50000000,2024-03-31T03:21:20.126789,"Lose Belly Fat - Abs Workout
1.5.9",Leap Fitness Group,27 Feb 2024
0F8AEBB94C0236E73366ECC12913BAAB7B97E1E2179B9AD1D6BD6763ECC1DDB6,com.i6.FlightSimulatorAirplane3D,172,1981-01-01 01:01:02,2024-02-29 23:57:58.050719,100000000,2024-02-29T23:58:09.724533,"Flight Simulator: Fly Plane 3D
1.42",i6 Games,11 Jan 2024
22A9A3FC0D9259B2D5CDB0A2A47CCDBCBE2C7AD7B6E72555497182C1B1879799,com.xprodev.cutcam,169,1980-01-01 00:00:00,2024-09-02 08:39:03.434032,50000000,2024-09-02T08:49:27.675900,"Cut Cut: Photo Editor &amp; CutOut
1.8.1",Glory Passion Network Limited,22 Aug 2024
FC29B603A0F103D3946E705719F77C9E967E6FAB026EFF12ED3E95A50E29B974,photo.video.instasaveapp,93,1981-01-01 01:01:02,2024-04-11 20:32:50.467642,50000000,2024-04-11T20:34:38.859166,"Video Downloader for Instagram
93.0",Photo and video applications,26 Mar 2024
00FF4D75521317ECFB5ACC10B94D0C3995AC248249810DB4DFEB23518060BE55,com.playrix.fishdomdd.gplay,934085400,1981-01-01 01:01:02,2024-11-22 16:07:37.497131,100000000,2024-11-22T16:10:33.563706,"Fishdom
8.5.4.0",Playrix,18 Nov 2024
096E52247937A505E68DB2710245FF0DC7FA6A75FDBFFE32B32C4C4510445037,com.wildlifestudios.free.online.games.suspects,3433,1981-01-01 01:01:02,2024-03-04 14:00:33.346914,50000000,2024-03-04T14:00:33.879481,"Suspects: Mystery Mansion
2.1.10",Wildlife Studios,29 Feb 2024
2A9B10139B008BABBCAFDE9CEA1F7B52A721D0C68DBBB8E1065E7BD0B08E2FBE,com.piriform.ccleaner,800010822,1981-01-01 01:01:02,2024-09-13 20:28:36.934327,100000000,2024-08-29T09:44:15.875792,"CCleaner – Phone Cleaner
24.16.0",Piriform,20 Aug 2024
13C153493A199C6DBABA19179A7B789CDDF47E22AB23F410E2A4F39B843DC12E,com.ludo.king,301,1981-01-01 01:01:02,2024-09-24 12:17:24.612837,1000000000,2024-09-24T12:17:16.749943,"Ludo King®
8.8.0.301",Gametion,18 Sept 2024
19AB1827E502387E679F7717A397C85F7D1CC2F4C161C5141BA2B5E043A7F0D3,com.google.android.googlequicksearchbox,301336137,1981-01-01 01:01:02,2024-04-27 20:32:37.915464,10000000000,2024-04-27T20:34:05.928519,"Google
15.16.35.28.arm64",Google LLC,24 Apr 2024
1457204A69DFF642F5CC60E0379AADFD3B492F6340F5C66F30283B3EC2E93B0E,com.hyperkani.bomberfriends,823,1981-01-01 01:01:02,2024-03-15 22:44:44.766698,100000000,2024-03-15T22:56:41.062301,"Bomber Friends
4.99",Hyperkani,5 Mar 2024
003FB0B11EA9857369A44CB589EAD762B309DDA50725ADE1865040170378A6FD,com.gramgames.mergedragons,1125,1981-01-01 01:01:02,2024-11-04 20:01:40.062839,50000000,2024-11-04T20:05:47.436079,"Merge Dragons!
11.12.0",Gram Games Limited,28 Oct 2024
3F9E15E52018AE3300E5F9812FFB3D5EDCD026F55387901C4A4BB7D90401BE62,com.generagames.resistance,329,1981-01-01 01:01:02,2024-11-19 10:41:58.488859,100000000,2024-11-19T10:38:36.844463,"Cover Fire: Offline Shooting
1.32.09",Viva Games Studios,4 Nov 2024
033B7DAD5004DB0648781F9E1E668637F202C5A86D04513623D7D906086F57A6,com.playgendary.tanks,984,1981-01-01 01:01:02,2024-03-31 03:10:31.992949,100000000,2024-03-31T03:10:35.335482,"Tank Stars
2.2.2",CASUAL AZUR GAMES,21 Mar 2024
1358E61936442ECC45C58FF5DC955AC712D0ECA538CD26DD0DF6A292C30AE549,com.alightcreative.motion,1002290,1981-01-01 01:01:02,2024-03-27 13:34:44.919962,100000000,2024-03-14T23:41:26.774784,"Alight Motion
5.0.256.1002290",Alight Motion,6 Mar 2024
1F80F53654D7CB7701DD4B5E6E56C980050FA64EA3DC29C62130CC5B449B5260,com.octro.teenpatti,445,1981-01-01 01:01:02,2024-09-03 02:34:48.549164,50000000,2024-09-03T02:41:57.004524,"Teen Patti Octro- 3 Patti Game
11.13","Octro, Inc.",26 Aug 2024
1487B8261CC1462F19473FB10B6B60FBAF57ACCF8900CF24B6C81C6F2A6722CE,com.crazylabs.acrylic.nails,2131,1981-01-01 01:01:02,2024-04-06 01:52:07.999204,100000000,2024-04-06T01:55:45.425682,"Acrylic Nails!
2.1.3.1",CrazyLabs LTD,2 Apr 2024
6EC2F83BBBF105A98AAFD178DF30A135910316FBC77DC7205F70C61BCFE3865A,com.video.editor.greattalent,159,1981-01-01 01:01:02,2024-12-04 19:40:05.079004,50000000,2024-12-04T19:51:14.965122,"EasyCut - Video Editor &amp; Maker
1.7.5.2144",Great Talent Video Inc. Video Editor App,18 Nov 2024
41658901D4340A71575196ED7D8BC2C4EDBBAB298F9339F80DDA317168ACBE8F,com.gorgeous.liteinternational,701,1981-01-01 01:01:02,2024-05-24 18:49:58.694047,50000000,2024-05-24T07:54:58.050162,"Ulike - Define your selfie in 
5.5.0",Bytedance Pte. Ltd.,22 Apr 2024
098C75B02082969CD7CF23A2D99C11E94BDB95341DE00981230C394E0B5ED334,de.lotum.whatsinthefoto.es,61224,1981-01-01 01:01:02,2024-03-29 00:21:59.630058,50000000,2024-03-29T00:25:25.679577,"4 Fotos 1 Palabra
62.15.0",Lotum GmbH,25 Mar 2024
3E32ACCF32EF1BB95BFE61D896F479C0BDC01FB2B2C7F1EA1352CB8DF346235A,com.samsung.android.galaxycontinuity,491402000,2009-01-01 00:00:00,2024-08-08 21:12:21.664448,50000000,2024-08-08T21:13:47.857211,"Samsung Flow
4.9.14.2","Samsung Electronics Co.,  Ltd.",12 Jul 2024
3D7051CE96055BB56332637212FD5BE42922A023C889AC15C51B3E4F9D181F29,com.google.android.play.games,537153440,1981-01-01 01:01:02,2024-10-24 13:29:33.345448,5000000000,2024-10-24T13:33:39.911524,"Google Play Games
2024.09.53715 (679054039.679054039-190400)",Google LLC,26 Sept 2024
019170557C51B91720017C6714ACC6FD362C94F61536AAB4B52B8F5292BAFF9F,sixpack.sixpackabs.absworkout,73,1981-01-01 01:01:02,2024-08-13 14:41:26.9975,100000000,2024-08-13T14:42:59.995755,"Six Pack in 30 Days
1.2.7",Leap Fitness Group,24 Jul 2024
24FBCE1C68137DC13FC53591D2566D7FDD391296EDDF6B7649915610E710BF0E,com.rapido.passenger,423,1981-01-01 01:01:02,2024-11-17 15:08:29.636773,100000000,2024-11-17T15:15:49.717941,"Rapido: Bike-Taxi, Auto &amp; Cabs
8.36.0",Rapido Bike Taxi,13 Nov 2024
035F8A2D8BFE7BCA9D0CE973B7A39E06A82DF142155DB0B8635E173E541A1ECE,com.xiaomi.midrop,34100,1981-01-01 01:01:02,2024-05-21 18:04:03.2656,1000000000,2024-05-21T18:10:28.660891,"ShareMe: File sharing
3.41.00",Xiaomi Inc.,22 Apr 2024
13B64B755D58E7EFD5474196308ECC64AE419B620C69B13F41829FD821BF00DB,com.addictive.strategy.army,7330,1981-01-01 01:01:02,2024-05-29 23:07:41.55279,50000000,2024-05-29T23:13:39.226323,"Art of War: Legions
7.3.3",Fastone Games HK,24 May 2024
0A119AD8ADFE2961D6E8C569A1666CFCE93D7C2779333F9AB146E57CFABE3941,com.blockpuzzle.jewel.diamond,20169,1981-01-01 01:01:02,2024-06-10 05:35:34.268181,50000000,2024-06-10T05:35:55.341204,"Block Puzzle Gem: Jewel Blast
1.27.5",Lynn Mobile Puzzle Games,6 Jun 2024
08FBB750E82501988E86CEBA81C32B83C52D54AAE82A10ED7C29162D1FB31AE7,com.tumblr,1330600110,1981-01-01 01:01:02,2024-03-16 12:53:33.320911,100000000,2024-03-16T12:55:41.795517,"Tumblr—Fandom, Art, Chaos
33.6.0.110","Tumblr, Inc",8 Mar 2024
00143E826130F8FB737B26B6308C3023627FF5CEFB7D28A196B62D186780D055,com.hit.master,58,1981-01-01 01:01:02,2024-04-03 12:04:32.821413,100000000,2024-04-03T12:08:04.305580,"Hit Master 3D - Knife Assassin
1.8.6",CASUAL AZUR GAMES,25 Jan 2024
6D123BF44BFD9E4F5C0304DA06EBDB8B94056FA50C5E914EA1F86F27EDC0D221,com.joeware.android.gpulumera,61560,1981-01-01 01:01:02,2024-11-14 00:37:27.665951,100000000,2024-11-14T00:39:07.184114,"CandyCamera - AI Beauty Camera
7.0.0-play",Studio SJ,11 Nov 2024
0171049F409134B1C0521B50C1EEE804D913FF74A183DCC26F2931E7FCF5EE7F,ru.yandex.disk,576000,1981-01-01 01:01:02,2024-01-23 14:10:24.115114,50000000,2024-01-23T14:10:31.876204,"Yandex Disk—file cloud storage
5.76.0",Direct Cursus Computer Systems Trading LLC,22 Jan 2024
0021C103B89968ECBD836154C3221E91FDDE718315F4A65E0FC89420D85BF843,com0.Company.ProductName1,531,1981-01-01 01:01:02,2024-12-02 10:44:13.926599,50000000,2024-12-02T10:44:53.281995,"3D Driving Class
32.62",John 3:16,30 Nov 2024
0A5A0ACCA7FD1AC4AC2EFE92B796BCD9B808E73F52BD5D9BC26D97FB39C089D9,com.goxo.doctor.heart.surgery.game,193,1981-01-01 01:01:02,2024-09-01 04:47:35.158724,50000000,2024-09-01T04:55:05.418247,"Hospital Surgeon: Doctor Game
3.1.193",Dreamland Games Inc.,19 Jul 2024
10978603C473D853D4F7542448C48954BB6B09058D3533A297A531C4B17B6BD6,com.miga.world,106,1980-01-01 00:00:00,2024-01-18 09:53:56.688318,50000000,2024-01-18T09:54:42.129704,"Miga Town: My World
1.67","XiHe Digital (GuangZhou) Technology Co., Ltd.",8 Jan 2024
1FFB97EF8B3A96142C2FB0B7AFF4FD785F3565DA76856F5941BF92627D42181D,com.roku.remote,229,1981-01-01 01:01:02,2024-12-03 15:43:43.540527,50000000,2024-12-03T15:48:03.516328,"The Roku App (Official)
12.0.0.4466023","Roku, Inc. & its affiliates",19 Nov 2024
C1CDD3EAB286428D4A95424E018C637B67AFA968BEC753254F21BE646CC6D588,com.ansangha.drjb,63,1981-01-01 01:01:02,2024-09-02 16:48:39.713553,50000000,2024-09-02T16:52:02.421147,"Dr. Driving 2
1.63",SUD Inc.,26 Aug 2024
040735FC17E5E9E169C03E0323B56BCC6D7529991A691E843AD238A6F35A8A6B,com.netmarble.mherosgb,230956,1981-01-01 01:01:02,2024-02-29 21:21:04.479837,100000000,2024-02-29T21:21:25.870197,"MARVEL Future Fight
9.8.1",Netmarble,22 Feb 2024
2630B836A92E0FFF42DFAFC5146B20F706A1A0655F7FCA9DF9698AD89F599A15,com.psiphon3.subscription,392,1980-01-01 00:00:00,2024-03-16 14:18:48.42414,100000000,2024-03-16T14:43:05.443940,"Psiphon Pro
392",Psiphon Inc.,8 Feb 2024
4761FFB388E11D9246B58E0143EF94DAC4E5B05B6CE54943053528CA48C99219,com.animedressupgames.chibi,500103,1981-01-01 01:01:02,2024-09-26 16:43:52.587672,100000000,2024-09-26T17:01:24.812866,"Chibi Doll Dress Up Games
5.9",Anime Dress Up Games,25 Jul 2024
0E1DD93905CC2DABA2776BCC20CE568115086184FED8C843C9742FA93CD7FAC0,games.spearmint.triplecrush,110019,1981-01-01 01:01:02,2024-03-31 09:04:01.080527,50000000,2024-03-31T09:17:47.575724,"Tiledom - Matching Puzzle
1.10.19",Spearmint Games,30 Mar 2024
598AA4328441E74BE82EA3BCB976CB53362FBB76BA190C479005118417D761F2,com.textmeinc.textme,341020002,1981-01-01 01:01:02,2024-07-05 20:50:40.548365,50000000,2024-07-05T20:54:18.488887,"Text Me: Second Phone Number
3.41.2","TextMe, Inc.",27 Jun 2024
6A4DBA7FC298F76526554BA1525740E03FFD4A7630C7778EB1CAD82DCD801C89,com.quantumgames.skyscraper,103,1981-01-01 01:01:02,2024-09-02 15:47:57.634096,50000000,2024-09-02T15:48:10.860874,"Tower Craft - Block Building
1.10.19",CASUAL AZUR GAMES,20 Aug 2024
48268A6DB7DD8D3BB3E306A86141152E51D32672C87EDC0CA534D2E37E23BD90,com.asus.ia.asusapp,4632,1981-01-01 01:01:02,2024-08-17 10:39:35.476091,100000000,2024-08-17T10:39:32.901043,"MyASUS - Service Center
4.6.32",ASUSTeK COMPUTER INC.,14 Aug 2024
8BF96482EC5A50E2C4C79A38E9E0C907EF7C5FE49B9FD90BB8B5EB15E7791030,net.apex_designs.payback2,171,1981-01-01 01:01:02,2024-08-24 09:02:18.324536,100000000,2024-08-24T09:14:00.606496,"Payback 2 - The Battle Sandbox
2.106.12",Apex Designs Games LLP,12 Aug 2024
5BACC9ECB89528E68F09DED86E4C509BAF90A7FBC80777F722A55A43D59DE4B2,com.jrzheng.supervpnfree,128,1981-01-01 01:01:02,2024-08-28 08:54:43.307775,100000000,2024-08-28T08:55:45.997752,"SuperVPN Fast VPN Client
2.9.8",SuperSoftTech,18 Jul 2024
10F9249341675246F0F020F3D62FE878F7DAECF4BF357E2A2AFC371066EE8AB2,com.bandainamcoent.ninjavoltage_app,960611,1981-01-01 01:01:02,2024-05-02 11:06:16.289584,50000000,2024-05-02T11:07:13.718172,"NARUTO X BORUTO NINJA VOLTAGE
11.4.0",Bandai Namco Entertainment Inc.,24 Apr 2024
319A108C7AFFE6E2AE2A678A7722E196C5B4F3B7CDA4336BE3577BF364EBFC84,com.Polystation.BuildABabe,67,1981-01-01 01:01:02,2024-11-22 07:24:51.19539,100000000,2024-11-22T07:33:15.876252,"Build A Queen
4.7",Supersonic Studios LTD,30 Oct 2024
0030EF2D702A1E7E3D0A59DFFBC61022AE1E9CD29ED265DE3310888BC6E9E693,com.google.android.apps.docs.editors.slides,220625892,1981-01-01 01:01:02,2024-09-24 11:00:54.057255,1000000000,2024-09-24T11:00:47.033368,"Google Slides
1.24.372.02.90",Google LLC,23 Sept 2024
0542912B40F861ED3224E887B44B3E8AFABFBCC10E579F7906ACA1BCAC275F51,com.rovio.angrybirdsfriends,345201,1981-01-01 01:01:02,2024-10-26 00:40:27.261821,100000000,2024-10-26T00:51:46.518848,"Angry Birds Friends
12.6.1",Rovio Entertainment Corporation,16 Oct 2024
10400888B4C3A8D6F2AC1F54FDA6C35807A157E86D7178AA13F993F094E6FAC6,com.walmart.android,24130019,1981-01-01 01:01:02,2024-04-10 02:23:50.808258,100000000,2024-04-10T02:34:04.324367,"Walmart: Shopping &amp; Savings
24.13",Walmart,3 Apr 2024
66E73C0EA5D0F9E26A7CF5865E050C26AE50CC6D772C5FF3DF11AB57BD01FAD4,com.JindoBlu.TwoPlayerGamesChallenge,1599,1981-01-01 01:01:02,2024-02-29 14:43:20.085434,100000000,2024-02-29T14:44:20.166113,"2 Player games : the Challenge
6.6.2",JindoBlu,9 Feb 2024
34FABECE28AC974A3EE95B39ED5A04E44C2349E29C2BAED73E39ECCFC29B4B95,com.kwalee.drawit,2472,1981-01-01 01:01:02,2024-03-24 10:52:46.93148,50000000,2024-03-24T11:05:37.809734,"Draw it
1.6.7",Kwalee Ltd,28 Feb 2024
7F26778CDBACC8FACDE71106B51AFE12AFF1440222E9803E20F8BDBD0E5186E8,com.slippy.linerusher,201032,1981-01-01 01:01:02,2024-06-11 11:43:32.585748,100000000,2024-06-11T11:44:10.863597,"Fun Race 3D — Run and Parkour
201032",CASUAL AZUR GAMES,30 Jan 2024
7D1A27212F7569B54544133C97B1D158C6765FF8F27CD3147E8A38CA33DCBC41,com.edkongames.ww2,408,1981-01-01 01:01:02,2024-03-26 10:26:49.331986,50000000,2024-03-26T10:27:17.140615,"World War 2: Shooting Games
4.08",Edkon Games GmbH,18 Mar 2024
90F620B3F4583EFE2DE4666488F91AB93D677717BB6DD946088B91BFF29042D5,wild.west.sniper,198,1981-01-01 01:01:02,2024-08-23 18:43:37.723695,50000000,2024-08-23T18:47:02.759278,"Western Sniper: Wild West FPS
2.8.5",CASUAL AZUR GAMES,17 Jul 2024
4D06CD6458DAA5EBF2DB4C86093506F912A755E87B23B4B1D0574D5DC6DCA9E8,sharefiles.sharemusic.shareapps.filetransfer,21110,1981-01-01 01:01:02,2024-08-03 16:44:54.829523,50000000,2024-07-25T14:10:50.818369,"File Sharing - InShare
2.1.1.1",InShot Inc.,27 Jun 2024
1493D23C484E81EF0EDCEC3C27D53671D655A206AFDBC7C0DC736740A061A93A,com.imangi.templerun,82,1981-01-01 01:01:02,2024-07-06 21:05:41.335838,500000000,2024-07-06T21:06:43.691605,"Temple Run
1.27.0",Imangi Studios,2 Jul 2024
090B930AADA59D1213E9274BFD7C569F20DB25DBA65CDFA9D9F73BCC142D21BD,com.dailymotion.dailymotion,30624,1981-01-01 01:01:02,2024-11-23 08:37:06.490546,50000000,2024-11-23T08:44:46.089305,"Dailymotion
3.06.24",Dailymotion,18 Nov 2024
82C57224ACEEDDC1404AA8A0D8298C5199D21791A1D9B46B3B33C81899AE501B,com.tabtale.babytwins,130,1980-01-01 00:00:00,2024-04-30 06:29:49.879739,50000000,2024-04-30T06:45:08.025540,"Baby Twins - Newborn Care
1.3.0",TabTale,16 Feb 2024
9B01B4276A2A0E7819F09636922B2C01B6E07B730D41897D39E7102679E23C94,com.bigframes.color_road,33316,1981-01-01 01:01:02,2024-07-04 08:07:11.962609,50000000,2024-07-04T08:08:14.067706,"Color Road
4.4.1",VOODOO,23 May 2024
4974E75E3B358D82C060408AC72DE9600D0DB8D891E17025B92A23F9B1F49D0C,com.supercell.brawlstars,55228,1981-01-01 01:01:02,2024-04-26 15:39:28.564489,100000000,2024-04-26T15:39:29.232865,"Brawl Stars
55.228",Supercell,25 Apr 2024
4822D894234A64142D96596FCD21AD385DB7A4250E4C729C0D48E77F5D410D07,org.xbmc.kodi,2101000,1981-01-01 01:01:02,2024-08-25 13:47:46.562477,50000000,2024-08-25T13:47:41.386824,"Kodi
21.1",Kodi Foundation,17 Aug 2024
0D1A5F9E8E4602C336D14BD4BCDD3F02BA18EBCE9EB60E9941DD219FD1F78B34,media.audioplayer.musicplayer,732,1981-01-01 01:01:02,2024-07-02 11:04:38.955445,100000000,2024-07-02T11:04:32.040968,"Music Player
7.3.2",Leopard V7,11 Jun 2024
043BD7183D46B7190E515CBF5BD9EC8C82E921D8D650A11F6607825DD331654A,com.topgamesinc.evony,408034,1981-01-01 01:01:02,2024-06-28 19:17:26.113536,100000000,2024-06-28T19:39:25.948243,"Evony: The King&#39;s Return
4.76.2",TG Inc.,27 Jun 2024
6BD87B4C9053FD82AB12833000F81B9252AE4B9006DF366435ECFAAB831C03B7,com.supervpn.vpn.free.proxy,368,1981-01-01 01:01:02,2024-11-16 12:20:22.676729,50000000,2024-11-16T12:27:43.212478,"VPN Proxy Speed - Super VPN
3.6.8",TOPAPPS TECH PTE LTD,9 Nov 2024
0F09AD1CE4695F0201FAF22B8B198583CFF337C4F8465BD7F9E578024A32E13B,com.alarmclock.xtreme.free,70004144,1981-01-01 01:01:02,2024-05-31 01:25:49.287548,50000000,2024-05-31T01:29:06.931725,"Alarm Clock - Timer, Stopwatch
24.11.0",AVG Labs,23 May 2024
9C61072667E12ECECA524F2D1E4863EDA266292CCD3C9F040BF7AB9029D2FEE0,com.crazylabs.sausage.run,1288,1981-01-01 01:01:02,2024-08-23 23:54:37.677235,100000000,2024-08-23T23:56:57.574581,"Run Sausage Run!
1.28.8",CrazyLabs LTD,26 Jul 2024
034967CD2977DD5036E9B90B0700B03606FA8D807ED8BA345EF9513CDAB443F0,com.duolingo,1859,1981-01-01 01:01:02,2024-05-08 11:27:58.981518,500000000,2024-05-08T11:28:15.663809,"Duolingo: Language Lessons
5.150.1",Duolingo,2 May 2024
0036407CB2BD77B7B19C5B8744218E50B08BF1EAC1FF4EF581CA5EAA85FC772E,com.nexstreaming.app.kinemasterfree,33840,1981-01-01 01:01:02,2024-10-27 01:23:01.247312,100000000,2024-10-27T01:44:46.115287,"KineMaster-Video Editor&amp;Maker
7.5.3.33840.GP","KineMaster, Video Editor Experts Group",21 Oct 2024
02DB88165E4B7A1E2ED704BC82B8EB3A0F3F9760983A5F913BBB039348EF8488,com.life360.android.safetymapd,293540,1981-01-01 01:01:02,2024-06-29 15:10:05.65182,100000000,2024-06-29T15:10:06.829778,"Life360: Live Location Sharing
24.25.0",Life360,25 Jun 2024
6045ADE7DAF7CF03A5C9866E64B557E8F88E9BA8A741E2EF2AA71F314DC57200,puzzle.games.bubble.shooter.deluxe,135,1981-01-01 01:01:02,2024-04-06 13:19:01.047131,50000000,2024-04-06T13:23:41.906975,"Bubble Shooter - Home Design
135",Bubble Bear game,24 Mar 2024
291BA301639FD0024C72B7828C53C026D65532A6620BB3731A95E6674FFE5E75,com.playgendary.sportmasters,401,1981-01-01 01:01:02,2024-09-15 05:42:00.375774,100000000,2024-09-15T06:02:09.526544,"Bouncemasters: Penguin Games
2.4.2",CASUAL AZUR GAMES,11 Sept 2024
0AF76B8AC72D2800FEA2873345501D20806EBC4E2C105E348AAEC1020143BA25,com.openworldactiongames.ropehero.crime.city,10160006,1981-01-01 01:01:02,2024-05-09 12:44:02.671007,100000000,2024-05-09T12:47:47.674552,"Miami Rope Hero Spider Games
1.16.0",Newry,11 Jan 2024
09252EA6408FFE3DB94D8D85CA6A8A81EF58174140A259BD60134F6BF42EA659,com.microsoft.office.onenote,1806097475,1981-01-01 01:01:02,2024-08-03 19:13:56.625362,500000000,2024-07-12T02:11:37.918869,"Microsoft OneNote: Save Notes
16.0.17726.20082",Microsoft Corporation,1 Jul 2024
81BCF444627F49E17C0A3865A63742B5846DFDA06B52F09FE1AF4A2EB2B1425C,com.xmgame.savethegirl,128,1981-01-01 01:01:02,2024-03-21 12:51:41.426523,100000000,2024-03-21T12:53:46.564859,"Save The Girl
1.9.0",Lion Studios,26 Feb 2024
074FC10A8354B44E44012F8118C3C0DC236DBD1733BA7A0E56196D113E11FABF,com.sandboxol.blockymods,4941,1981-01-01 01:01:02,2024-04-12 19:49:27.289005,100000000,2024-04-12T19:52:42.059409,"Blockman Go
2.77.1",Blockman GO studio,12 Apr 2024
252CABD5F15584E79F873AA2552ED7464275566010151EAC33E545817B2146A3,com.game5mobile.lineandwater,372,1981-01-01 01:01:02,2024-04-01 07:38:16.548973,100000000,2024-04-01T07:39:13.435830,"Happy Glass
1.2.6",Lion Studios,12 Feb 2024
834CF16B70EBAF3D1B8581B3873412D97CF1D1EE05D567AA0F4892222DF3584D,com.gameresort.stupidzombies,73,1981-01-01 01:01:02,2024-10-24 11:59:33.287728,100000000,2024-10-24T12:01:59.581831,"Stupid Zombies
3.5.1",GameResort,16 Sept 2024
38D5571D6CFC512D678C623D3EDF37A8E14F880D4E90BF0F7D3F47747DE55D48,com.jio.myjio,7073,1981-01-01 01:01:02,2024-10-17 00:23:19.475507,500000000,2024-10-17T00:28:46.279271,"MyJio: For Everything Jio
7.0.73",Jio Platforms Limited,15 Oct 2024
056740246FDC2BF19F3F9BA3AA5B457F3AEB08A2576BC9DB12BD388EFB8ED509,vault.gallery.lock,187,1981-01-01 01:01:02,2024-08-24 12:09:02.563758,50000000,2024-08-24T12:10:10.694505,"Photo Lock App - Hide Pictures
2.1.2",Battery Stats Saver,8 Aug 2024
94B81AF2B90DBD5C6ADD08FC150BFE26088E88F8469D2A053D5A9B3C8AB1B73E,com.Celltop.SpiralRoll,44,1981-01-01 01:01:02,2024-03-28 06:05:42.375645,100000000,2024-03-28T06:33:01.941394,"Spiral Roll
1.20.4",VOODOO,19 Jan 2024
1ED6A706CBC07F5618237EC976353DA8B086EE735CA660E981D9026EDE271F66,me.zepeto.main,365000,1981-01-01 01:01:02,2024-10-21 04:15:51.158328,100000000,2024-10-21T04:26:37.778553,"ZEPETO: Avatar, Connect &amp; Live
3.65.000",Naver Z Corporation,17 Oct 2024
125F177371D390F191E026C78DDAF1A80AA8211AB645BD2DA84B878A2CE333D1,com.vivo.easyshare,2179,1981-01-01 01:01:02,2024-10-08 18:44:20.267752,500000000,2024-10-08T18:45:12.669285,"EasyShare
5.10.3.8_gp",Vivo Communication Technology Co. Ltd,24 Sept 2024
1426DF3DAADC20C898A50C0F645A0BE6E2434CA887A77C90B9ADB8D3C276DD5E,com.google.android.keep,220581140,1981-01-01 01:01:02,2024-10-08 18:35:43.214331,1000000000,2024-10-08T18:45:12.342034,"Google Keep - notes and lists
5.24.392.02.90",Google LLC,26 Sept 2024
4B0183F01B58979F50541AD6A71791AA1663B690464EFAD69EFD810F84F111D1,com.colorhole.game,5000034,1981-01-01 01:01:02,2024-01-21 10:29:41.294686,50000000,2024-01-21T10:29:35.237012,"Color Hole 3D
2.2.0",CASUAL AZUR GAMES,8 Jan 2024
09FA36365C600B65EDD51AF3DD15C99C67354F9718BA27CA481E5DD0C261F3F5,com.socialquantum.acityint,48530,1981-01-01 01:01:02,2024-04-01 04:19:18.17376,100000000,2024-03-21T02:12:50.515151,"Megapolis: City Building Sim
10.10.1",Social Quantum Ltd,18 Mar 2024
74A3C6FD028C5724EADB3D9ACE410B067432D96C1BD91063F8F4646A04D6EDCB,aplicacion.tiempo,675,1981-01-01 01:01:02,2024-11-15 22:12:57.398497,50000000,2024-11-15T22:28:57.356260,"Weather 14 days - Meteored
8.4.4_free",Meteored,27 Sept 2024
08E342A7F45641292963B10D7FD60B35B85D51A8D4E5541FD4930C8D302DF7C5,com.officedocument.word.docx.document.viewer,300406,1981-01-01 01:01:02,2024-07-21 08:24:24.402044,50000000,2024-07-21T08:31:28.814826,"Office App - DOCX, PDF, XLSX
300406",iKame Applications - Begamob Global,20 Jun 2024
16C6F167FE7332D4A68F2FA7A5AAA93209466378B7D8D722D73B5ACFD9A2CB4E,com.fungamesforfree.colorfy,588,1981-01-01 01:01:02,2024-10-15 21:03:28.600182,50000000,2024-10-15T21:02:08.434919,"Colorfy: Colouring Book Games
3.29",Wildlife Studios,25 Sept 2024
60F9EA1B877A9622FDDFCE49897D81A2CAC3997B3C0B85AD487937C8F6A75C5D,com.teslacoilsw.launcher,80018,1981-01-01 01:01:02,2024-05-21 03:41:27.03169,50000000,2024-05-21T03:45:20.076403,"Nova Launcher
8.0.18",Nova Launcher,17 May 2024
56D92FF90F2A0C1C174F5666CD619E1BCDEFB4FA55AF3F930B5FA10BE724CF6B,com.tempo.video.edit,6429001,1981-01-01 01:01:02,2024-01-22 14:55:38.317793,50000000,2024-01-22T14:55:52.851974,"Tempo - Music Video Maker
4.29.0",Tempo trend video editor with effects & music. Ltd,26 Dec 2023
0534995090218A15E8D628B0A9CF5EB3C4C653A452E6B3D9EFC3CED8F116D944,com.miniclip.eightballpool,3457,1981-01-01 01:01:02,2024-03-22 21:57:51.350622,1000000000,2024-03-22T22:26:02.409796,"8 Ball Pool
55.4.3",Miniclip.com,21 Mar 2024
08C84696F43683C9324481A21E2434E3C333A6C7F864B0837BB014E630B7A1D3,com.cyberlink.powerdirector.DRA140225_01,2405062,1981-01-01 01:01:02,2024-05-22 22:36:17.237321,100000000,2024-05-22T22:37:47.170260,"PowerDirector - Video Editor
13.4.3",Cyberlink Corp,6 May 2024
3FB40624645AB0D403F626657D8BBAA77AF2F526D1396F270599CD32E9652BCB,com.zynga.livepoker,227300795,1981-01-01 01:01:02,2024-03-19 13:34:31.945441,50000000,2024-03-12T19:20:00.854574,"Zynga Poker- Texas Holdem Game
22.73.795",Zynga,29 Feb 2024
6D6AB346D223BE2B6B4A1AB349D6FBB5FC39BE92FD53597A13517F4E90FC882B,com.ea.game.pvz2_row,855,1981-01-01 01:01:02,2024-03-26 18:17:39.003904,100000000,2024-03-26T18:15:35.474695,"Plants vs Zombies™ 2
11.3.1",ELECTRONIC ARTS,21 Mar 2024
A8FBCA3DE59E114F65DAED7A6FBFE4E5399FF0BCF797A0BBE5EFF6621F3D1DB3,com.fa.tag.karate.fighting,200180,1981-01-01 01:01:02,2024-04-07 13:11:28.453236,50000000,2024-04-07T13:12:01.933419,"Karate Fighter: Fighting Games
3.4.0",Fighting Arena,7 Mar 2024
79C968F81BCF357BD60477CF20A32D0D3FBC75166EF29B01638C28C58AF0380C,com.firsttouchgames.smp,89,1981-01-01 01:01:02,2024-03-19 17:00:08.619517,100000000,2024-03-19T17:01:00.792653,"Score! Match - PvP Football
2.51",First Touch Games Ltd.,15 Mar 2024
0B3663BBE618FDD6F303656EED965607FBC55AE2BA5A1C7889B72F4450EB48EC,com.azurgames.stackball,187,1981-01-01 01:01:02,2024-10-09 06:59:15.370994,100000000,2024-10-09T07:06:00.816806,"Stack Ball - Crash Platforms
1.1.87",CASUAL AZUR GAMES,29 Sept 2024
7D84B247EB3A05C708453B6C410B0B36A79B24596BD69D806B3B28313142ED60,com.spilgames.UphillRush,4015421,1981-01-01 01:01:02,2024-06-15 14:46:04.014991,100000000,2024-06-15T14:46:07.483387,"Uphill Rush Water Park Racing
4.3.1001",Azerion Casual,12 Feb 2024
84F9FDA84E3B7B9287FB34D47A47B825D6F62CA815951F1DE6F58FD95A026D31,com.easybrain.make.music,561,1981-01-01 01:01:02,2024-11-25 08:04:20.26815,100000000,2024-11-25T08:05:24.634088,"Groovepad - music &amp; beat maker
1.24.0",Easybrain,21 Nov 2024
9CB65558A4D1E94C8A743486AE0B13B846CCEEF87C9B7B3279B94C65BA697F4F,com.metago.astro,2024081613,1981-01-01 01:01:02,2024-09-19 14:14:23.957803,50000000,2024-09-19T14:14:25.145017,"ASTRO File Manager &amp; Cleaner
8.15.1",data.ai Basics,16 Aug 2024
100820553B02DE5F037E31BC78157BBF1E8DA7B3347210FB052712DCBE777AAE,com.cooyostudio.marble.blast,358,1981-01-01 01:01:02,2024-03-16 15:30:12.421797,50000000,2024-03-16T15:33:55.140269,"Jungle Marble Blast
3.5.8",coolstudios,13 Mar 2024
066EA53998120BB539A8F69FFCA43D9FD452FC3ACBDC97F62408F43EAA3451B2,com.google.android.contacts,3175243,1981-01-01 01:01:02,2024-05-15 23:27:32.430325,1000000000,2024-05-15T23:42:18.364667,"Contacts
4.31.51.631102415",Google LLC,6 May 2024
340B53D672391FE4F51DE4A7060802F45E2F70E1F92087BBAA528A9780F82AE8,com.playit.videoplayer,20728004,1981-01-01 01:01:02,2024-12-11 19:48:49.97033,500000000,2024-12-11T20:09:06.540458,"PLAYit-All in One Video Player
2.7.28.4",PLAYIT TECHNOLOGY PTE. LTD.,3 Dec 2024
5AE14838F5553AADDD8D93B1235917336567AA74A33F22944B178DCA35AC1DF7,com.lguplus.mobile.cs,339,2024-03-14 10:32:26,2024-03-21 06:36:59.49368,50000000,2024-03-21T06:40:27.800889,"당신의 U+ (고객센터)
6.0.35",LG유플러스(LG Uplus Corporation),13 Mar 2024
14948213DCDFF61F1D9E144E3D2E26F477CA7DEB4033032344F0E1785DE4B0ED,com.radio.pocketfm,817,1981-01-01 01:01:02,2024-03-30 09:53:38.458002,100000000,2024-03-30T10:02:54.781601,"Pocket FM: Audio Series
6.4.5",Pocket FM Corp.,29 Mar 2024
25C62D3431B3D503B0852D65BCD8DF00201C1AAEAE6666FAE39742164ECAD571,com.orange.kidspiano.music.songs,342,1981-01-01 01:01:02,2024-11-15 12:04:59.9423,100000000,2024-11-15T12:05:02.107455,"Piano Kids - Music &amp; Songs
3.42",Orange Studios Games,7 Nov 2024
20DBFCD59BC1EE32AB8570E3A7BCC554E56433C47E4EF5D0ED3E06B558557D92,com.utorrent.client,7487,1981-01-01 01:01:02,2024-05-13 12:03:34.793422,100000000,2024-05-13T12:03:41.246640,"µTorrent® - Torrent Downloader
8.2.6","Rainberry, Inc.",8 May 2024
03BF8EEE4BDE43F61C67ED9022971390A5C18DC2C9A45E0A25421248935523F4,com.twitter.android,310500000,1981-01-01 01:01:02,2024-07-18 22:52:57.273272,1000000000,2024-07-18T22:56:59.460546,"X
10.50.0-release.0",X Corp.,16 Jul 2024
009CEAEF07289464A42D3A21EA679F404B6053606232DC9C9A9361E718C5AADE,com.playrix.homescapes,150007505,1981-01-01 01:01:02,2024-11-29 20:23:46.15341,100000000,2024-11-29T20:26:14.690825,"Homescapes
7.5.5",Playrix,22 Nov 2024
361FD576061500D7A01D5B14401DE176017E5D6DDB889E5061F4FF0B14C9CD8D,ins.story.unfold,785,1981-01-01 01:01:02,2024-11-15 09:00:09.569296,100000000,2024-11-15T09:14:23.872654,"AI Faceswap Video:Mivo
3.35.785",Mivo studio,30 Oct 2024
060500A7A887CD0EA7D55D7009A771F6AA89F03C1D7963A840441E8D6935DCB8,com.sega.sonicboomandroid,1812420673,1981-01-01 01:01:02,2024-08-13 16:17:32.062497,100000000,2024-08-13T16:18:04.969153,"Sonic Dash 2: Sonic Boom Run
3.13.0",SEGA,25 Jul 2024
31D21A3CDD358911D4B1ADC905DCB8EF545496D4BBC6D67419A5DD09C6B4F30E,com.paurau.MoveAnimals,470,1981-01-01 01:01:02,2024-11-04 18:53:58.869026,50000000,2024-11-04T18:56:53.640683,"Move Animals
4.7",Supersonic Studios LTD,31 Oct 2024
19625AAC0D1081E848256D1C810038C75AF650D8E968C1ADD88F63EC0D6D00DE,com.igg.android.lordsmobile,550,1981-01-01 01:01:02,2024-08-29 11:03:17.750922,500000000,2024-08-29T11:03:27.732856,"Lords Mobile: Last Rise of Qin
2.135",IGG.COM,29 Aug 2024
1D0F6FA563B31E343377F2048C8ECF5EE318656B6314A947B09044E49ED3223F,com.crazylabs.lady.bug,5915,1980-01-01 00:00:00,2024-02-29 12:49:48.388531,100000000,2024-02-29T12:49:50.894120,"Miraculous Ladybug &amp; Cat Noir
5.9.15",CrazyLabs LTD,27 Feb 2024
14BDA7C83565418680A6EA25DD85C7775D635A69FFD260DCBF3FC4379B8E0C8C,com.ubisoft.hungrysharkworld,272,1981-01-01 01:01:02,2024-04-15 20:50:16.883854,100000000,2024-04-15T20:51:49.166751,"Hungry Shark World
5.7.1",Ubisoft Entertainment,4 Apr 2024
604D2A0C95A9BE07DA7C56350D56E1B54164F944B72A96B8CF02229B8F3255A8,com.hgamesart.crimedriver,168,1981-01-01 01:01:02,2024-10-17 03:18:09.01642,50000000,2024-10-17T03:03:41.585765,"Grand Action Simulator NewYork
1.7.7",HGames-ArtWorks,9 Oct 2024
C5952948828329302D131C874B3B7B2EA4F8042EA078B11DB2DB154EA01869C8,com.samsung.sree,320101000,2009-01-01 00:00:00,2024-03-30 10:41:30.15157,500000000,2024-03-19T04:54:23.695423,"Samsung Global Goals
3.2.01.1","Samsung Electronics Co.,  Ltd.",15 Feb 2024
B2A6F77A4FF774A01870282FC6D38D46E795E7E09DED601920272E363B6226B1,com.ivy.streetracing.hd,173,1981-01-01 01:01:02,2024-09-13 07:39:08.186029,50000000,2024-09-10T02:03:54.798176,"Street Racing HD
6.5.3",JoyTap Inc.,21 Aug 2024
00049B92FB54B8C173F88353DBE987C5CE13ED1E546A257176E48286E5E1F8A7,com.facebook.pages.app,638652647,1980-01-01 00:00:00,2024-09-11 10:42:53.652934,100000000,2024-09-11T10:42:43.193790,"Meta Business Suite
471.0.0.50.109","Meta Platforms, Inc.",4 Sept 2024
148F15D231E7359E1FB5F67219C9E9FE44608B572750757872EAC7B1F7005A29,com.eterno,10072,1981-01-01 01:01:02,2024-03-12 14:21:50.453036,100000000,2024-03-12T14:27:58.693024,"Dailyhunt: Xpresso News Videos
27.5.14",Eterno Infotech,20 Dec 2023
09D651754711FD87FFF81CF8E09FB86B744EA969D15044886D43A63B6FC7B7D1,com.youmusic.magictiles,2012441926,1981-01-01 01:01:02,2024-03-22 12:28:11.544139,500000000,2024-03-22T12:31:55.365621,"Magic Tiles 3
11.024.006",AMANOTES PTE LTD,20 Mar 2024
30E64E5F13F347ED9BE6C082E14897B6BB7EC715CF020174EFD2CD42A6E8535F,com.rexetstudio.blockstrike,4164,1981-01-01 01:01:02,2024-11-17 09:30:39.204824,50000000,2024-11-17T09:37:33.232896,"Block Strike: BS Shooter
7.9.2",Rexet Studio,25 Oct 2024
4B3F9B352679F6728272773A3290F7D7D5A0E1EB4866649D7546A154333CBCAE,jp.co.goodroid.hyper.snow,24,1981-01-01 01:01:02,2024-03-01 02:09:58.034266,50000000,2024-03-01T02:09:58.495774,"Snow Race!!
2.1.0","GOODROID,Inc.",11 Jan 2024
012075089D2C18E7088E5424E8167E7AEAD4E8A17595F912B5D629FE32588702,photo.photoeditor.snappycamera.prettymakeup,91,1981-01-01 01:01:02,2024-12-14 19:43:11.632031,50000000,2024-12-14T19:59:50.454258,"Pretty Makeup - Beauty Camera
8.2.0.1",Photo Editor Perfect Corp.,11 Sept 2024
084EA51AAE3E2DCF3A6CC951AACB26AB48A8497B9AFBC827956907C512B9FFF5,com.att.myWireless,30200,1981-01-01 01:01:02,2024-09-09 06:07:49.896003,100000000,2024-09-09T06:07:51.715244,"myAT&amp;T
2024.8.1","AT&T Services, Inc.",15 Aug 2024
127B2CD950914378137AC6B8FD179B5549F70C1CD06007744D30A84D4F4B4E2A,com.gym.racegame,200287,1981-01-01 01:01:02,2024-03-20 19:15:43.663908,100000000,2024-03-20T19:26:35.796311,"Epic Race 3D – Parkour Game
200287",CASUAL AZUR GAMES,20 Feb 2024
09B69745742E6D3A21AC255A6B8EEB09DD57A311583968FBD77D7E0BCC05D95F,im.thebot.messenger,988,1981-01-01 01:01:02,2024-01-15 20:22:24.462701,100000000,2024-01-15T20:23:04.858370,"Botim - Video and Voice Call
3.9.4",Algento Cloud Computing Limited,10 Jan 2024
2D26ADFA98348F11E90B00993F88062D8F9EE45B8BF78E76E40C25A8C5DA5B93,com.StressGame.AntistessPopToySatisfying,200073,1981-01-01 01:01:02,2024-10-17 08:15:31.287868,50000000,2024-10-17T08:18:34.432823,"Pop it Fidget Toys 3D
5.9.5",FALCON GAME,3 Sept 2024
1F40010541D8C91F1BADFF957D521C63789D220AD0BC68B22241F2986D7A0DA2,app.source.getcontact,3043,1981-01-01 01:01:02,2024-09-14 02:29:09.030523,100000000,2024-09-14T02:40:51.528719,"Getcontact
7.1.1",Getverify LDA,10 Sept 2024
82939C7F2094CD11B3EFB4271C5B08FFAC4B8C3846BBF3DC73D7B0A3FFF92410,com.samsung.android.app.notes,441071000,2009-01-01 00:00:00,2024-03-19 23:54:07.659064,1000000000,2024-03-20T00:27:38.479486,"Samsung Notes
4.4.10.71","Samsung Electronics Co.,  Ltd.",23 Nov 2023
252EC7DD405CD73E6F139698E7C4D4824F117D3B1D0A67DDE527864F6AD89F65,com.ticno.olymptrade,709,1981-01-01 01:01:02,2024-04-16 22:33:55.378032,100000000,2024-04-16T22:37:08.135663,"Olymp Trade - trading online
9.15.55251",OlympTrade,9 Apr 2024
11E11C35A459F577BEC9E258A00F3AE0D4D1B890E8ABBDB4C510201430EB1A3D,com.dazn,139386,1981-01-01 01:01:02,2024-06-08 15:20:45.310018,50000000,2024-06-08T15:22:25.818589,"DAZN - Watch Live Sports
2.37.2",DAZN,6 Jun 2024
1DFFFF42F49F8D47A9DC4C12725662CFDB1E48D1F3B8553DDF5DB98DE1216447,com.lyrebirdstudio.cartoon,20661,1981-01-01 01:01:02,2024-03-14 03:03:33.444183,50000000,2024-03-14T03:25:18.035659,"ToonApp: Cartoon Photo Editor
2.6.61",Lyrebird Studio,12 Mar 2024
2D9E75C367075172918084A5D9C3070B8C2EABFC84642F7790A8AE47DA57B079,com.my.cooking.chef.kitchen.craze.fever,1101525086,1981-01-01 01:01:02,2024-11-03 09:41:17.855037,50000000,2024-11-03T09:50:57.459967,"My Cooking: Restaurant Game
11.1.52.5086",gameone,24 Oct 2024
2B9C8EAB6D780DB1E5C5E497B5BC95281B7DFBE068748D55F4ED20609B595BF9,io.supercent.linkedcubic,79,1981-01-01 01:01:02,2024-09-18 01:13:34.768537,50000000,2024-09-18T01:25:39.048847,"Snake Clash!
24.0.0","Supercent, Inc.",12 Sept 2024
1C42AA1C3439FDD3DB1A66C27580FBBCF1C65A218C3509F2BAA374DE9BAD02DF,com.microsoft.office.officehubrow,44051571,1981-01-01 01:01:02,2024-05-28 10:24:32.248722,1000000000,2024-05-27T05:06:40.449553,"Microsoft 365 (Office)
16.0.17628.20086",Microsoft Corporation,22 May 2024
11E98ED0593AC361F7F6ECE669AD871566CDC72686EA6518E90B55A472D1FF25,com.tap4fun.reignofwar,1521200,1981-01-01 01:01:02,2024-11-21 15:41:03.877275,50000000,2024-11-21T15:52:36.566087,"Invasion: Aerial Warfare
1.52.12",Tap4fun (Hong Kong) Limited,20 Nov 2024
03F24452FA13C0F3971B9826ABA6762D644597EE8EE5212C8568103602D577C1,com.hwg.sos,1382,1981-01-01 01:01:02,2024-08-03 16:35:06.484592,50000000,2024-08-03T16:57:45.646226,"Brain Wash - Thinking Game
1.35.4",SayGames Ltd,8 Jul 2024
13E65600B558BEEEFB01C1B48A86A6A6C7B1029C168D32B451BF24889EAF87FF,com.adpog.diary,110,1981-01-01 01:01:02,2024-11-19 05:35:24.395975,50000000,2024-11-19T05:41:08.060184,"Diary with lock
4.97.5",WriteDiary.com,13 Nov 2024
0A0FFD2F479D7BB093CFA099A2BCBB343BC32486440432EE5561A5A11D174AE1,gallery.hidepictures.photovault.lockgallery,184,1981-01-01 01:01:02,2024-10-19 02:04:30.786726,50000000,2024-10-19T02:04:34.155588,"Gallery - Photo Gallery, Album
1.8.4",InShot Inc.,19 Sept 2024
21AEF981D16EFCF0F4968E5AF281F23E8E17601AC0FA1515641094E694E105B5,cn.xiaofengkj.fitpro,138,1981-01-01 01:01:02,2024-01-19 10:12:43.434122,100000000,2024-01-19T10:13:45.247114,"fitpro
2.4.6","Shenzhen Jusheng Intelligent Technology Co., Ltd.",17 Jan 2024
372ED87FDF227AF309A31173A0B4D8830585228C947BC4C795D4B5855F1F4589,com.coloros.gamespaceui,51100090,1981-01-01 01:01:02,2024-09-06 11:34:39.768192,50000000,2024-09-06T11:35:46.676202,"Game Space
5.11.0_space",ColorOS,2 Sept 2024
06B3BB006B8A9F7DD74E22B3582D279342225975B43DF6EE922467BEC23589AE,br.com.uol.ps.myaccount,1260,1981-01-01 01:01:02,2024-12-12 12:42:27.585593,50000000,2024-12-12T12:54:45.383672,"PagBank Banco, Cartão e Conta
5.9.14",PagBank,6 Dec 2024
245861D7B6BB0AA4EC0BD375516D4A35526139749A5E564FD390DD46CE3785FE,com.davexp.dollify,265,1980-01-01 00:00:00,2024-04-07 16:42:32.075952,50000000,2024-04-07T16:47:08.582877,"Dollify
1.6.0",Dave XP,4 Apr 2024
06EFAF13FA88EA09AFCB900304BDCD2FC4D35E71DCE189C421387CA25EECD7E9,com.threestar.gallery,468,1981-01-01 01:01:02,2024-03-23 06:39:29.374663,50000000,2024-03-23T07:02:01.677695,"Photo Gallery: Photo album
4.68",SB studio,15 Mar 2024
576BD45121D25ECFB990B56F598B285F275CEA93A7EFAC602A3FF3E036835929,com.gamestar.perfectpiano,2101754,1981-01-01 01:01:02,2024-05-25 17:49:01.366204,100000000,2024-05-25T17:54:16.189088,"Perfect Piano
7.8.4",Revontulet Soft,23 May 2024
005E051677991BDA4AD7BA8703405C45F02BA7F1F4FB1D2F84D8F5ADE7ADD171,com.kitkagames.fallbuddies,29519,1981-01-01 01:01:02,2024-09-09 14:52:44.301256,100000000,2024-09-09T14:52:48.198350,"Stumble Guys
0.77.6",Scopely,8 Sept 2024
C4D1F15AAF04DAF2C26230A37FC5AD8A264D1B1886C4E931EB0C8FDB418E2EF5,com.tester.wpswpatester,1612,1981-01-01 01:01:02,2024-01-20 15:10:45.669752,100000000,2024-01-20T15:12:03.724290,"WIFI WPS WPA TESTER
rc-5.46245",Sangiorgi Srl,12 Jan 2024
48166CEF5B0B1559211358F796E6C98E4AB0DDED06FBF0AA9FBC9A5B7922A828,com.bubadu.bubbuschool,39,1981-01-01 01:01:02,2024-05-22 15:34:55.765224,50000000,2024-05-22T15:39:22.150706,"Bubbu School - My Virtual Pets
1.39",Bubadu,17 May 2024
09BF42659E68E70E6654ECE65A1ABC3FFF92457790CD2B3133474957C31B26EF,com.outfit7.talkingangelafree,390,1981-01-01 01:01:02,2024-09-11 12:24:08.681868,100000000,2024-07-31T15:22:12.846975,"Talking Angela
3.6.3.102",Outfit7 Limited,30 Jul 2024
10152F0F2BE628E9692AD8C3872A130D05A57B5A03C3C34DEFD71FCA3CF3D232,game.bubble.shooter.dragon.pop,134,1980-01-01 00:00:00,2024-04-06 15:44:43.135709,100000000,2024-04-06T15:41:33.048630,"Bubble Shooter
134.0",Happy Dragon Inc.,25 Mar 2024
5561294E54D4DE9CB66DDF484B451148C9DB352F82C6E795B6443348E1C89BFD,puzzle.wood.block.cube.music.box,87,1981-01-01 01:01:02,2024-07-08 05:03:06.630294,50000000,2024-07-08T05:10:02.344260,"Wood Block - Music Box
87.0",головоломка world studio,1 Jul 2024
193AF221AFB88266D5D0B9B96C20A4B7C1055FC50A159AF6FC3A68564A1AE213,com.launcher.ios11.iphonex,20240321,1981-01-01 01:01:02,2024-03-24 07:10:59.441166,100000000,2024-03-24T07:12:49.841855,"Phone 15 Launcher, OS 17
9.3.5",SaS Developer,21 Mar 2024
0E60E06E97D54F88E4483CE5E691C4F02B6889180B272080C88B3BD6AD956CD3,com.ludia.tmnt,124081,1981-01-01 01:01:02,2024-09-17 04:26:14.447117,50000000,2024-09-17T04:27:11.351951,"Ninja Turtles: Legends
1.24.8","Jam City, Inc.",5 Sept 2024
1257ADBB0E9BDCA15F7D369C78C63513500226BF1A23EA31D247E6A3736E7ADB,com.tocaboca.tocahairsalon4,10208,1981-01-01 01:01:02,2024-05-04 12:14:24.854423,50000000,2024-05-04T12:15:22.257214,"Toca Boca Jr Hair Salon 4
2.5",Play Piknik,26 Apr 2024
29F723EC216497C8CD55AB27D9F693983A4007DCF497D38598FEE3B4486CAEEC,com.ig.spider.fighting,123,1981-01-01 01:01:02,2024-05-03 12:26:01.778968,50000000,2024-05-03T12:26:02.203983,"Spider Fighting: Hero Game
3.1.0",Zego Studio,1 May 2024
075EF0F9C636CA9A9B4654312C352DC8F142EE462D991ADB4886EAE16CCDC4C4,com.king.candycrushsaga,12724011,1981-01-01 01:01:02,2024-03-06 13:45:02.66467,1000000000,2024-03-06T13:45:03.137775,"Candy Crush Saga
1.272.4.1",King,5 Mar 2024
AF7E5AC077C665E3303FC764C47DB3AF1CF913AD1B528D53D571B70AE85CC5E7,com.marsvard.stickermakerforwhatsapp,1000918,1981-01-01 01:01:02,2024-10-27 00:36:06.467875,100000000,2024-10-27T00:38:01.356976,"Sticker maker
1.0.9-18",Viko & Co,14 Oct 2024
0281E5AACA869FC869FBDB0EA5787E7364264DFDBE4A3826FF21CC422E0F763B,com.tripadvisor.tripadvisor,240902007,1981-01-01 01:01:02,2024-09-06 14:50:26.470187,100000000,2024-09-06T14:55:02.403881,"Tripadvisor: Plan &amp; Book Trips
59.3",Tripadvisor,2 Sept 2024
12652C80453F359D729148E2C07E0B30C72CFDD9F6E90316AD76D913B25B74B1,org.zwanoo.android.speedtest,220380,1981-01-01 01:01:02,2024-10-27 13:13:40.61061,100000000,2024-10-27T13:21:13.172901,"Speedtest by Ookla
5.5.0",Ookla,16 Oct 2024
08B4E3F91BC2D71792C2438CE90B7B92579F817121D7590A424D833BF9F13B28,com.mothersimulator3d2,239,1981-01-01 01:01:02,2024-05-17 18:42:57.593769,50000000,2024-05-17T18:44:59.971279,"Mother Simulator: Family life
2.2.30.19","Skytec Games, Inc.",23 Apr 2024
0CA74DFF5B21575884B4AF768C89717D2271C9F13DCBB48FC69B461B99B37C39,com.yottagames.mafiawar,608,1981-01-01 01:01:02,2024-05-22 09:36:35.67606,100000000,2024-05-22T09:39:34.630400,"Mafia City
1.7.286",Phantix Games,12 May 2024
0F2B9BE688735EDD82B4C5B50EBAAEABB3228F10375A7BF13267F5B8A8D53C26,com.avg.cleaner,800010698,1981-01-01 01:01:02,2024-05-20 17:56:53.495109,50000000,2024-05-20T18:01:36.075581,"AVG Cleaner – Storage Cleaner
24.09.0",AVG Mobile,3 May 2024
234196682936AA11C1D761786C89A3AA89CD83F77B393D0354386B385B54692D,fall.race.io,17903,1981-01-01 01:01:02,2024-11-21 15:30:59.929593,50000000,2024-11-21T15:27:09.039988,"Do Not Fall .io
1.79.3",CASUAL AZUR GAMES,20 Aug 2024
51536AA3833C09D5DBC001C6D3D6B2FD10826298DC0A755D495A89665955D7BF,com.cg.football,23,1981-01-01 01:01:02,2024-05-07 00:47:41.446292,50000000,2024-05-07T00:47:45.962107,"Ultimate Football
1.1.17",Mouse Games,22 Mar 2024
0A75017FA6BEF83B05E7C6149E7A703C8986496C8A8E9A905F2B9C7A3430E566,com.naver.linewebtoon,3040911,1981-01-01 01:01:02,2024-11-16 22:19:14.429645,100000000,2024-11-16T22:20:42.111389,"WEBTOON: Manga, Comics, Manhwa
3.4.9",NAVER WEBTOON,13 Nov 2024
1210377541CF62208F5316291F08F08B9288D8BD83E6254FFFD39DFFE0D92C6A,com.whitesquare.animaltransform,110,1981-01-01 01:01:02,2024-01-15 17:38:21.852354,50000000,2024-01-15T17:38:35.578515,"Animal Transform: Epic Race 3D
3.4.2",Lion Studios,12 Dec 2023
1149B65360A848DD1BF617C47E1F3D9F999ACA42581981EE2EA95D482368ECC5,com.antivirus,1004144,1981-01-01 01:01:02,2024-03-26 18:45:30.900508,100000000,2024-03-26T18:45:33.188381,"AVG AntiVirus &amp; Security
24.6.0",AVG Mobile,19 Mar 2024
03437A928694A066C1323F8823E04D8C18D4EFDE3F5433EC92A015F6C59A40DB,com.handmark.expressweather,90032,1981-01-01 01:01:02,2024-12-12 00:09:44.399609,100000000,2024-12-12T00:11:21.015612,"1Weather: Forecast &amp; Radar
9.3.2",OneLouder Apps,5 Dec 2024
05DBAD635F060F7A01601B6B9EEB7B116A1064E4B7BCF1D160A910A37E2F1639,com.nglreactnative,141,1981-01-01 01:01:02,2024-03-18 07:14:49.521636,50000000,2024-03-18T07:24:34.493564,"NGL: ask me anything
2.3.36",NGL App,5 Mar 2024
0F322B4601F822F1E48318ED6E71A83517819C2A5A209797DC0E75F7FF777FF6,markergame.coffeestack,543,1981-01-01 01:01:02,2024-09-22 21:13:48.618409,50000000,2024-09-22T21:14:46.559723,"Coffee Stack
37.4.2",Rollic Games,20 Sept 2024
037C9236FA39D4B5F29FDF356053F75337450A5DFA323CADFF0AFE16631B17BD,com.coloring.mermaids,1896,1981-01-01 01:01:02,2024-11-20 13:15:36.435747,50000000,2024-11-20T13:25:46.026065,"Mermaids
18.7.0",Coloring Games,7 Oct 2024
91BE54B4E7323AC089792992F7B446314CC384DCB9C93702D7AF7E6DEA3FCD65,com.movile.playkids.voxel,5062,1981-01-01 01:01:02,2024-08-24 14:55:08.658808,50000000,2024-08-24T14:56:26.638309,"Crafty Lands: Build &amp; Explore
3.2.0",Afterverse Games,24 Jul 2024
16C6CF2B0D90899EC19F1A61FC91B849300B5724BB423E841071FFAC7BAFAB68,com.vuclip.viu,643,1981-01-01 01:01:02,2024-11-15 07:03:41.25552,100000000,2024-11-15T07:02:29.546741,"Viu - Mzansi&#39;s Favourite Shows
2.11.0",Vuclip Mobile Video,24 Sept 2024
8CFC286978C29EADEC400FF7F7C30FB1ED6C7E5E9F02FFF7AA1BE9359A765640,at.ner.lepsWorld3Plus,256000,1981-01-01 01:01:02,2024-12-04 03:15:28.786276,50000000,2024-12-04T03:20:19.362401,"Lep&#39;s World 3
5.5.6",nerByte GmbH,9 Oct 2024
228C44A26444B43C3C92B742CE73E77AC04FEAB884F225D72283C9819673AC24,com.rovio.angrybirdstransformers,22600,1981-01-01 01:01:02,2024-01-19 13:01:53.468925,50000000,2024-01-19T13:02:14.443158,"Angry Birds Transformers
2.26.0",Rovio Entertainment Corporation,8 Jan 2024
2FFAB9E054CA2F45D44839EED585D19B98CD8BB1E967321498D3F5F3AB94DD94,com.sinyee.babybus.career,8690000,1981-01-01 01:01:02,2024-05-24 16:04:04.253384,50000000,2024-05-24T16:14:09.465403,"Baby Panda&#39;s Town: Life
8.69.00.00",BabyBus,13 May 2024
020A427FB1232321B9DB1569E9917BBB555AA7C5DE0B652B0E01D14FA92DECA8,com.google.android.apps.tachyon,5455425,1981-01-01 01:01:02,2024-08-07 20:53:25.296298,5000000000,2024-08-07T20:53:40.369173,"Google Meet
256.0.658128744.duo.android_20240728.12_p3.s",Google LLC,1 Aug 2024
00183BA0C28CDA0E60EE3528CFF338E5225A595D3261B5CD114A022DB74FDAA4,com.budgestudios.googleplay.BlueyBLU,4177,1981-01-01 01:01:02,2024-11-03 00:50:30.675948,10000000,2024-11-03T00:52:31.694745,"Bluey: Let&#39;s Play!
2024.12.0",Budge Studios,29 Oct 2024
18333ABCAC7E99754C17DD91B84D76F36D2B09ACF3B09D2A4AD42EF8E0D9AC0D,com.jdpapps.wordsearch,129,1981-01-01 01:01:02,2024-11-14 19:54:15.637464,50000000,2024-11-14T19:59:51.811915,"Word Search
1.2.9",Quarzo Apps,23 Sept 2024
072D3AD3E3E1A27C8419AF731D408618B31149E051A5335A2EDEA8CB3D1FF785,com.forqan.tech.PrincessColoring,2000006,1981-01-01 01:01:02,2024-08-25 12:15:23.618071,50000000,2024-08-25T12:16:32.744304,"Princess Coloring &amp; Dress Up
2.0.6",KiDEO - Learning Games for Kids,15 Aug 2024
144200B8183CE4F1A4A473662B62D57C59D701D74931BFFAEE9A3B2E36662810,de.zalando.mobile,1084,1981-01-01 01:01:02,2024-10-22 00:35:10.627774,50000000,2024-10-22T00:38:09.135532,"Zalando – online fashion store
24.20.0",Zalando SE,15 Oct 2024
6642AEBB0AF794FEF4FB73ABFB43B966A64F3D1A16829863F0C2EECE09196327,com.rud.twelvelocksvn,72,1981-01-01 01:01:02,2024-09-13 13:28:45.485251,50000000,2024-09-13T13:31:02.446887,"Vlad &amp; Niki 12 Locks
1.29",RUD Present,9 Sept 2024
087DBC78F9E8A4A8807208D8F02325E9FCA921AFAC21CBB82CA24B25EA75D1FA,com.snapchat.android,144822,1981-01-01 01:01:02,2024-07-17 03:57:17.934116,1000000000,2024-07-17T04:13:25.476192,"Snapchat
12.95.1.0",Snap Inc,12 Jul 2024
1B66869F243D657719B838E6D89417E18A265BDA7A7C985FDFCC7AE87A7F7255,com.matchington.mansion,1014,1981-01-01 01:01:02,2024-05-10 09:49:38.78674,100000000,2024-05-10T09:50:37.377497,"Matchington Mansion
1.157.0","Magic Tavern, Inc.",7 May 2024
074EE0E97E89F60F08E1A6402D5D2629C5BA39EE5D497A5FC9C9BA83610EF3BF,com.jellybtn.boardkings,31203,1981-01-01 01:01:02,2024-03-13 13:31:40.573057,50000000,2024-03-13T13:46:02.406385,"Board Kings: Dice Online Game
4.64.5",Playtika,7 Mar 2024
033BADDA9B4F122721D058E0E157BFCAEF2A06B6EAAD781501FFDE57A333B96E,com.ubercab.eats,112181606,1981-01-01 01:01:02,2024-10-30 20:59:18.769857,100000000,2024-10-30T20:59:20.141454,"Uber Eats: Food Delivery
6.242.10001","Uber Technologies, Inc.",24 Oct 2024
0516B6688A119E55D7B66F81B7FC74AB21BD77FE03CD9A2E8A1A7136AEDDA704,easy.sudoku.puzzle.solver.free,332,1981-01-01 01:01:02,2024-04-26 14:50:09.067256,50000000,2024-04-26T14:50:29.924278,"Sudoku - Classic Sudoku Puzzle
4.22.3",Oakever Games,25 Apr 2024
2AE8DDA11DD77A9A73E228344E67EA528AE0A1A0DDCBE9723E38AFDF62A65FCC,com.chillingo.robberybob2.android.gplay,417000,1981-01-01 01:01:02,2024-10-24 18:07:27.641954,100000000,2024-10-24T18:22:06.820797,"Robbery Bob 2: Double Trouble
1.13.0",Deca_Games,3 Oct 2024
7D3F5F7D70210C04CAEF2043E3BBACE48255BE4FA96EAA57B3F97E39A588EF23,com.gamestar.pianoperfect,1200992,1981-01-01 01:01:02,2024-06-29 15:59:10.242031,100000000,2024-06-29T16:01:02.372900,"Walk Band - Multitracks Music
7.6.4",Revontulet Soft,25 Jun 2024
ED6A7D2AB948F64793411265A6A6A24F250FA236890F797885B3F92A7888A9B3,com.sec.spp.push,341302200,2009-01-01 00:00:00,2024-04-13 15:03:23.888874,5000000000,2024-04-13T15:04:19.416289,"Samsung Push Service
3.4.13.2","Samsung Electronics Co.,  Ltd.",19 Dec 2023
199951925F4077B35846DDF9A596F963E204159506451C55292969ABC9E640F2,ru.galya.drawjoust,3035,1981-01-01 01:01:02,2024-01-29 11:49:45.920188,100000000,2024-01-29T11:50:36.576394,"Draw Joust!
3.2.13",VOODOO,11 Jan 2024
3A8740916813E9DB668065CDC0A05BF5B607550C66C38309697689EF6B5B9395,pl.lukok.draughts,3523,1981-01-01 01:01:02,2024-07-19 18:16:08.575217,100000000,2024-07-19T18:18:04.957204,"Checkers - multiplayer
2.41.0",CC  Games,16 Jul 2024
003627C9FE3890A9473B0C222A3DF6F7AD013A5CECA4984CE91B36AAB4DDA726,com.noxgames.merge.truck,2043000,1981-01-01 01:01:02,2024-07-06 14:04:01.126379,10000000,2024-07-06T14:06:40.005361,"Merge Truck: Monster Truck
2.43.00",NOXGAMES,26 Jun 2024
0F0A8556C71E51E6FF41CCAB95D1386B4C2713DF1809F48633D6AFCFD686B4C0,ru.ozon.app.android,2512,1981-01-01 01:01:02,2024-10-26 13:19:17.713056,100000000,2024-10-26T13:21:25.735656,"OZON: товары, одежда, билеты
17.40.0",Internet Solutions LLC,20 Oct 2024
27787CE02E0536A2EDEFC9F7BAFFB4592C4050CCA8256433ED275D229A138368,mobi.charmer.fotocollage,473,1981-01-01 01:01:02,2024-03-17 01:58:42.903788,50000000,2024-03-17T02:01:19.822211,"Collage Maker &amp; Photo Editor
7.1.1.1",Pic Collage Maker & Photo Editor,28 Jan 2024
09CD85DFCA7A975BE3D3914999F4C61506508926184FB5EF985094D9991194A3,us.zoom.videomeetings,6602030,1981-01-01 01:01:02,2024-10-07 19:29:14.376193,1000000000,2024-10-07T19:32:30.657804,"Zoom Workplace
6.2.3.24672",zoom.us,29 Sept 2024
21C6E694FF4AE7199430C94A7AFD5D0985383F6DFC9C722CB11A435C1D2A9693,com.google.android.apps.translate,699296922,2009-01-01 00:00:00,2024-08-02 23:18:13.316733,1000000000,2024-08-02T17:09:29.125441,"Google Translate
8.14.65.657322478.4-release",Google LLC,30 Jul 2024
68E6EA806C95501FBF7D516F5B3E5D3304E159E39429F6A148A4D68012D88470,com.electricfoal.buildingsformcpe,154,1981-01-01 01:01:02,2024-12-14 09:13:08.760105,50000000,2024-12-14T09:20:05.961605,"Building Mods for Minecraft
16.6",Addons for Minecraft,28 Nov 2024
1C3F6DE9FD47BF4BFFE432EDD9F81BCA66BF0C0A5F04EF6D0ADC796C4842BF26,de.wetteronline.wetterapp,2113552,1981-01-01 01:01:02,2024-03-22 08:36:31.44275,100000000,2024-03-22T08:55:00.039466,"Weather &amp; Radar - Storm alerts
2024.6.2",WetterOnline GmbH,20 Mar 2024
3D68A1F06C929A29130FF17AA9B686B98EDDB495CB6381E943BA75EDB5696537,com.v06.car.driving.mega.city,240326171,1981-01-01 01:01:02,2024-03-29 00:57:52.1098,50000000,2024-03-29T01:02:12.244213,"Real Car Driving: Race City 3D
1.7.1",Botanica Global,27 Mar 2024
3A691DC08D6077A58DA8440F80A53660E3F6A97AE0628635AC9ED83399C8197C,com.drilens.wamr,68,1981-01-01 01:01:02,2024-10-22 20:20:25.424546,50000000,2024-10-22T20:19:33.657932,"WAMR: Undelete messages!
2.0",drilens al,11 Jun 2024
6322BE694D8BD2440ECAA0DCA6218EE7AD5097C923A15EB3BBF8B88C49E67FDD,mobi.mgeek.TunnyBrowser,890,1980-01-01 00:00:00,2024-03-12 18:28:45.947892,50000000,2024-03-12T18:28:48.725776,"Dolphin Browser: Fast, Private
12.4.1",Dolphin Browser,23 Jan 2024
1F3A788144B19462CA53DFF0B6732BAB461E58A356BFBDC9193A51ABE09EC0C6,com.lyrebirdstudio.facelab,40492,1981-01-01 01:01:02,2024-09-12 15:23:10.899415,50000000,2024-09-12T15:23:15.471521,"FaceLab Face Editor, Aging App
4.4.92",Lyrebird Studio,10 Sept 2024
AFFE5B11B35F650821A7526FA3A3F09678BA75B5A1C3B92E8154F26EAA3F90D8,uk.co.aifactory.chessfree,215,1981-01-01 01:01:02,2024-11-23 10:09:10.06717,50000000,2024-11-23T10:13:24.222082,"Chess
3.86",AI Factory Limited,14 Oct 2024
09B0E9EB4B9FA1D90B0DC2B646C7917A22572117DA3D22350F2A0BB979416D16,com.sunsetgames.bordersecurity,4461,1981-01-01 01:01:02,2024-04-06 05:30:37.989842,50000000,2024-04-06T05:32:14.494821,"Airport Security
1.6.0",Kwalee Ltd,29 Feb 2024
649BBC5B2B1E2F23C1D25CB27E6B908A7980095195252F61AAE94CF23675BA48,com.geishatokyo.trafficrun,13726,1981-01-01 01:01:02,2024-03-01 10:27:52.263981,100000000,2024-03-01T10:26:10.301923,"Traffic Run!: Driving Game
2.1.15","Geisha Tokyo, Inc.",26 Jan 2024
070E9A4199DD0FF43F1B982A90D5143686F8FEC22A01527C222FD6D4F1D431BF,com.vng.g6.a.zombie,525009063,1981-01-01 01:01:02,2024-01-29 12:56:00.805324,100000000,2024-01-29T17:01:42.877360,"Dead Target: Zombie Games 3D
4.125.0",VNGGames Studios,25 Jan 2024
1A02A9E4A63129B6F0421447098B27CD1C47F035D9DD3FC67BFDEB832861DCFB,com.avito.android,2579,1981-01-01 01:01:02,2024-03-10 09:13:51.076861,100000000,2024-03-10T09:08:59.726394,"Авито: квартиры, авто, работа
172.0",Avito.ru,25 Feb 2024
05ABC19D4CCC420D6AEF3E9BCDAF8AB748517878D9E28BD4156FCC57477D5A17,com.supercell.clashroyale,60256007,1981-01-01 01:01:02,2024-03-22 20:56:19.914699,500000000,2024-03-22T21:03:22.359117,"Clash Royale
60256007",Supercell,21 Mar 2024
08B8893EF9C06FC9360C3B389D366F42BD123E7C2C9AE6D1EA660BC38419498D,com.espn.score_center,13572,1981-01-01 01:01:02,2024-09-06 14:31:08.252025,50000000,2024-09-06T14:32:00.860039,"ESPN
7.10.3",Disney,4 Sept 2024
13A195637C174738ED26A2DA3108A033F5CDEB5709506483EAF6DB212992A3D2,com.syubestgames.teachersimulator,3339,1981-01-01 01:01:02,2024-11-18 01:21:39.855191,100000000,2024-11-18T01:27:18.558800,"Teacher Simulator
2.1.4",Kwalee Ltd,8 Nov 2024
3C1EB6AA15EF51C0F728EE1B955F4373031F72C05F526FB861B390224FB44CEB,recover.deleted.messages.messagesrestore,33,1981-01-01 01:01:02,2024-01-16 21:14:02.134016,50000000,2024-01-16T21:13:59.994972,"Save Video Status - WA Status
4.2","Status Images, inc. Photo & Video Downloader Apps",9 Jan 2024
1246636E388BF0BDF6C1EEC80E1F7D55AA1B99E5BE40385D17F38FFC4E63494A,com.fogg.photovideomaker,200130,1981-01-01 01:01:02,2024-01-23 13:50:24.671043,50000000,2024-01-23T13:50:42.877742,"MBit Music Video Status Maker
13.9",MBit Music Inc.,12 Jan 2024
376A53C6094B7FA867D4F8E15BAC1153CCEB03BEDE1A4100BBB3FBDF7EF60F91,com.transsion.tecnospot,46006,1981-01-01 01:01:02,2024-09-20 10:46:52.551859,100000000,2024-09-20T10:48:09.273557,"TECNO SPOT
4.6.0.6",Transsion Holdings,28 Aug 2024
06AC0EAF22F7D5E967623FF24E4DDB817CEE92ADA11D9F3FCF13DEE6F6C24406,com.cardinalblue.piccollage.google,70510,1981-01-01 01:01:02,2024-10-21 19:16:41.034821,100000000,2024-10-21T19:50:38.403850,"PicCollage: Photo Video Editor
7.5.10","Cardinal Blue Software, Inc.",10 Oct 2024
33BA4F954565133B7DCAAF67C8319E7F7E5DA7A4090E3924D986F12A15F9183D,com.talpa.hibrowser,2230104,1981-01-01 01:01:02,2024-08-17 14:42:22.757011,100000000,2024-08-17T14:42:24.380202,"Hola Browser-Private&amp;Fast web
v2.23.1.4",Dating Group,29 Jul 2024
86BA0EE98E6DD7058FCF1FF22157746B8ED31EE8C28089A9B361CC4C50D888D9,live.shorttv.apps,1918,1981-01-01 01:01:02,2024-12-15 00:37:50.816932,50000000,2024-12-15T00:38:55.813740,"ShortMax - Watch Dramas &amp; Show
1.9.18",SHORTMAX LIMITED,29 Nov 2024
00EB131151217A950424FC5507FFC24BD63EED30EEB9337EA22D9C304DF6C748,com.google.android.apps.docs.editors.sheets,220604784,1981-01-01 01:01:02,2024-01-15 17:36:20.120236,1000000000,2024-01-15T17:38:35.479628,"Google Sheets
1.24.002.01.90",Google LLC,4 Jan 2024
0CE9253FD2D1FD558F8D63B2978D8C235A8138730B7E1F1C5649D46BE91A4152,com.sky.funnyfruitsplash,491,1981-01-01 01:01:02,2024-07-05 15:41:05.060017,50000000,2024-07-05T15:42:30.772410,"Fruit Link - Line Blast
491",FunLink.Studio,12 Jun 2024
11A4A7D96A3D4BCAC717217C5C7CC67761ECED2AA37ED1CFE7507D360E09ABAD,com.skout.android,2771,1981-01-01 01:01:02,2024-09-01 09:17:53.14844,50000000,2024-08-07T03:04:30.313210,"SKOUT - Meet, Chat, Go Live
6.77.1",Skout Inc.,29 Jul 2024
B1520AB08770EABE590D9A8723DCF2826297F559534D7B7934403C88053FA29E,air.WR3DFree,1730064,2024-08-25 11:17:34,2024-08-31 16:24:15.346608,100000000,2024-08-31T16:25:45.174314,"Wrestling Revolution 3D
1.730.64",MDickie,25 Aug 2024
4ADD88CE8203272329608D4FF82BD7C5BA264DFFB978B1EA8981ADDF4D2B5684,at.ner.lepsWorld2,253000,1981-01-01 01:01:02,2024-03-13 10:10:00.874393,100000000,2024-03-13T10:20:33.252563,"Lep&#39;s World 2
5.5.3",nerByte GmbH,30 Oct 2023
2BF99FD353AEC21AE28EB6D65F320985352A877935ED2C1C8E90601AB7E40CFC,com.mobisystems.office,52833,1981-01-01 01:01:02,2024-08-06 22:00:01.5195,100000000,2024-08-02T03:54:54.984773,"OfficeSuite: Word, Sheets, PDF
14.6.52833",MobiSystems,15 Jul 2024
02D3DF9751C56DCF2BDC9E1AA4F719C54E6DCDD9BCD036DA3623DA5412CE156D,com.king.candycrushjellysaga,302201000,1981-01-01 01:01:02,2024-04-07 11:08:52.201091,100000000,2024-04-07T11:01:47.024911,"Candy Crush Jelly Saga
3.22.1",King,2 Apr 2024
119D98C83C850595C0676FB08F3CA7F3606BB40CF064E2F47D9E8B80A7789681,com.instantbits.cast.webvideo,4918,1981-01-01 01:01:02,2024-05-25 03:08:29.823143,50000000,2024-05-25T03:09:30.727216,"Web Video Cast | Browser to TV
5.10.4",InstantBits Inc,13 May 2024
7485092E5045BAA864FE53553670FF0C80BC1216EAD21EACDB983EF7A25000D4,com.volcano.city.airplane.pilotflight,123,1981-01-01 01:01:02,2024-05-24 15:21:11.657427,100000000,2024-05-24T15:21:33.380578,"Pilot Aeroplane Game Offline
3.1.4",GAMEXIS,22 May 2024
4843687411071C85B488DD08C676A610A5439257B6894D492CBB0CA35A0400C6,com.google.android.accessibility.soundamplifier,199956,2009-01-01 00:00:00,2024-03-15 08:44:01.061978,100000000,2024-03-15T08:46:47.799899,"Sound Amplifier
4.5.600557347",Google LLC,22 Jan 2024
BCDA25D64ADEFAC301963975BD277375D095972FA28B34C3F9D22784EE4D99E0,com.cocoplay.shoppinggirl,264,1981-01-01 01:01:02,2024-05-10 09:58:02.413975,50000000,2024-05-10T09:58:44.466762,"Shopping Mall Girl: Chic Game
2.6.4",Coco Play By TabTale,12 Feb 2024
6EBC58973906F1A59F46D5325328B2607BF029BF27B332ECFFB06541F30C0D80,premium.gotube.adblock.utube,50260003,1981-01-01 01:01:02,2024-11-17 02:40:56.928795,50000000,2024-11-17T02:52:16.051997,"GoTube: Video &amp; Music Player
5.2.60.003",Niko Entertainment Company Limited,29 Oct 2024
0D27CEDBFE1F119042EDA7AEE29255508C439C2B97536447958BBE09F7BFF56F,com.bitsmedia.android.muslimpro,1509010101,1981-01-01 01:01:02,2024-09-18 13:34:02.03394,100000000,2024-09-18T13:35:08.934368,"Muslim Pro: Quran Prayer Times
15.9.1",Bitsmedia,17 Sept 2024
016F05BD8CD3CA2E6F2CB90ED99DC7B4D4A8CD15A5FB7F2C7EDCE98E91CFE674,id.dana,2680201,1981-01-01 01:01:02,2024-11-16 21:22:29.341483,100000000,2024-11-16T21:23:52.775863,"DANA Indonesia Digital Wallet
2.68.2",PT Espay Debit Indonesia Koe,12 Nov 2024
252E95B5B266A1CD284913539444794FA7B6D8FD7235A33817E52A83B3A5509B,com.bubadu.supermarket,52,1981-01-01 01:01:02,2024-09-18 01:01:44.597639,100000000,2024-09-18T01:29:33.667681,"Supermarket Game
1.52",FM by Bubadu,13 Sept 2024
C692CAB01436F48CF79F5B5B1DBDA2875475D4689EF1BEC27F9F97CA9A487FEC,line.color.adventure,248,1981-01-01 01:01:02,2024-09-18 10:50:31.321879,100000000,2024-09-18T10:50:22.033042,"Colour Adventure: Draw a Path
1.12.8",CASUAL AZUR GAMES,27 Aug 2024
302CCDB487BB61DBE314CB473A28BE790D7C7085C02F1C5215B2B53556DC6B14,com.freeplay.twerk,511,1981-01-01 01:01:02,2024-12-11 02:17:31.802017,100000000,2024-12-11T02:32:59.123624,"Twerk Race 3d — Fun run game!
1.89.8",Freeplay Inc,2 Dec 2024
45033344DB8353194CA05D90FEBD4DCBB5ABFBC0A2153C547531C25F575A3DFE,com.hulu.plus,5015425,1981-01-01 01:01:02,2024-11-23 21:17:12.67911,50000000,2024-11-23T21:19:52.775780,"Hulu: Stream TV shows &amp; movies
5.10.0+15425-google",Disney,13 Nov 2024
000AC931ECEC870A53DA0AD58AEF0507DDB3F750C7B85CB7C3823B059F998FE8,com.csam.icici.bank.imobile,406,1981-01-01 01:01:02,2024-07-11 23:28:03.425854,50000000,2024-07-11T23:46:18.752072,"iMobile Pay: Loan, Banking App
18.9",ICICI Bank Ltd.,2 Jul 2024
02F4594D66DF361F79DC43FB26F32BFD07FC7886F0AD9D71D9C87A08F1FB6DA9,com.commsource.beautyplus,77061,1981-01-01 01:01:02,2024-03-14 20:06:44.474121,100000000,2024-03-14T20:22:09.829736,"BeautyPlus - Retouch, Filters
7.7.061",PIXOCIAL TECHNOLOGY (SINGAPORE) PTE. LTD.,4 Mar 2024
F7FCF0FB2BDE355B9FDD972C7D01EB6A1E446ACA806008C84D424CB3CC79791B,com.jb.gosms,520,1981-01-01 01:01:02,2024-10-25 19:21:59.342341,100000000,2024-10-25T19:25:37.680211,"GO SMS Pro - Messenger, Free T
8.04",Video Editor & Video Maker Dev,18 Sept 2024
228375B7907AED1E81818E2B378C82A519CBEE90DD427EA0672569EE5ADB9198,com.find.out.hidden.objects,20610,1981-01-01 01:01:02,2024-03-16 08:45:55.149687,50000000,2024-03-16T08:47:58.384879,"Find Out: Find Hidden Objects!
2.6.10",Focus apps,31 Jan 2024
01C27420C88C58982C63C040B5AE9C93505D1E0CA8D6819EFDF03819C7F9D219,com.PoxelStudios.DudeTheftAuto,300069,1981-01-01 01:01:02,2024-05-15 21:26:35.872278,100000000,2024-05-15T21:28:30.302320,"Dude Theft Wars: Offline games
0.9.0.9B2",Poxel Studios Games,7 May 2024
1679D4B4144EFDAE1952D3740A537FB7D25B18544D3D354ECBBC684CB0F673BE,com.bentostudio.ballsvsblocks,105,1981-01-01 01:01:02,2024-08-28 12:22:53.363144,50000000,2024-08-28T12:24:00.252631,"Snake VS Block
105",VOODOO,31 Jul 2024
044DC5061456C7F73D5F2231F5F45DC0F9C595BC23F741F7EE6A48A6C1AADBE9,com.king.farmheroessupersaga,109900001,1981-01-01 01:01:02,2024-03-01 18:36:04.408316,50000000,2024-03-01T18:36:04.839832,"Farm Heroes Super Saga Match 3
1.99.0",King,26 Feb 2024
11612D4A6DF29D714B6C1410C4633CB7339C5EC93FFCB56AF15B513B36C4E11D,com.mojang.minecrafttrialpe,972007401,1981-01-01 01:01:02,2024-04-01 03:42:23.513799,100000000,2024-04-01T03:42:26.888030,"Minecraft Trial
1.20.72.01",Mojang,18 Mar 2024
018D0785F5A85C39F1B7BF8E957A9F410B64AAB27E6B90E78763B87FB3E4650F,com.block.game.jigsaw.puzzles,4921,1981-01-01 01:01:02,2024-08-30 09:10:01.308355,50000000,2024-08-30T09:10:03.227065,"BlockPuz: Block Puzzle Games
4.921",Rejoy Studio,15 Aug 2024
82892195E293B246E2A45A01B0142C6CC05151ACDFAF8F72820B472AAA096F47,com.sbkgames.rallyracerdirt,195,1981-01-01 01:01:02,2024-03-14 04:44:31.658057,50000000,2024-03-14T05:05:04.538991,"Rally Racer Dirt
2.2.3",Valvolex,20 Dec 2023
033331B4DE5DD2156FC7EFDE69FE7D90FAF83752BFAEE6D3EEAB16BD371CA98D,com.mediastudio.allvideodownloader.downloadvideoshd.bestdownloader,141,1981-01-01 01:01:02,2024-06-06 21:50:09.795633,50000000,2024-06-06T21:50:48.070203,"All Video downloader &amp; Player
1.0.141",Media Studio Inc - All Video Downloader Apps,1 May 2024
0036840592C21E2499A20D89DCE03B157B0B6827461732E9737E1090609AC9A9,com.microsoft.office.word,2004143475,1981-01-01 01:01:02,2024-08-14 13:03:11.412336,1000000000,2024-08-03T16:21:16.047724,"Microsoft Word: Edit Documents
16.0.17830.20082",Microsoft Corporation,25 Jul 2024
02E70FF02B09BD2CE6768E2DBD391A072DED0F4D2C2E9745BC1C40241AA9A368,com.outfit7.talkingtomgoldrun,1540,1981-01-01 01:01:02,2024-02-29 18:46:35.420183,500000000,2024-02-29T18:48:40.704336,"Talking Tom Gold Run
7.0.0.4328",Outfit7 Limited,17 Jan 2024
0AE9B3B000B7AC6FBA65A3C9491B1B719520AD3C501F7637EBC445501F21DC9C,com.gnarlygamestudio.agenthunt,237,1981-01-01 01:01:02,2024-09-12 13:36:42.576027,50000000,2024-09-12T13:36:21.230387,"Agent Hunt - Hitman Shooter
25.1.0",Homa,11 Sept 2024
01101DE22FFD5706614B3052568AF58D78D3C6B4D4341B2265099B09A2F86F99,ru.mts.mymts,150340079,1981-01-01 01:01:02,2024-04-19 05:08:17.398034,50000000,2024-04-19T05:11:45.055877,"Мой МТС
6.34.1",MTS Pjsc,12 Apr 2024
1A6DC00D985CC2023E666631BAFDE4DD56794A1AADFBC66426AB02C6E9EDF2B4,hotspotshield.android.vpn,101302,1981-01-01 01:01:02,2024-04-17 13:22:49.565155,100000000,2024-04-17T13:25:22.985889,"HotspotShield VPN - Wifi Proxy
10.13.2",Pango GmbH,9 Apr 2024
1AD95B97A724116ED46A34C8C8A2F7DD0CC0C365826147A6D293BF3C10CF0CF1,com.opera.browser,1908210205,1981-01-01 01:01:02,2024-05-06 11:50:33.83186,100000000,2024-05-06T11:51:40.080057,"Opera Browser with AI
82.1.4342.79456",Opera,2 May 2024
0F7094C47780840DF683966952EF67A089E09C744CA137C5D9CAF40FFB934C2A,com.mgc.runnergame,200218,1981-01-01 01:01:02,2024-04-13 15:22:25.692493,100000000,2024-04-13T15:27:23.060195,"Run Race 3D — Fun Parkour Game
200218",CASUAL AZUR GAMES,30 Jan 2024
14AB4283D63C80766F3590E636CDAC3D84D1032A0B67597F3E615F22470F2520,com.wallapop,10141137,1981-01-01 01:01:02,2024-05-14 12:25:32.881115,50000000,2024-05-14T12:26:04.129763,"Wallapop - Sell &amp; Buy
1.214.0",Wallapop,8 May 2024
18E7AA5DC4EA39A3BEFB82C7665F13A9387E2A8FF87EAAE42A0159FC7E73B433,com.ht2.stick.hero,200070,1981-01-01 01:01:02,2024-05-30 17:25:50.065461,50000000,2024-05-30T17:26:30.480098,"Stick Hero: Tower Defense
1.0.70",Rocket Succeed Together,30 May 2024
1D0EC140F93E7F3CDC66FF8FEE8A5D9A47CEB46BBE8C5724129C90944C369B39,com.shopping.limeroad,1535,1981-01-01 01:01:02,2024-05-24 22:49:42.877542,50000000,2024-05-23T22:31:27.833117,"LimeRoad: Online Fashion Shop
7.4.1",LimeRoad.com - Lifestyle & Trends,16 May 2024
031315C5AD91CCECB1D1229BD9C27887AB3D764C8A3E46D197BEC43F36BC87D6,com.bitmango.rolltheballunrollme,601,1981-01-01 01:01:02,2024-05-12 15:53:06.957827,100000000,2024-05-12T15:57:40.868264,"Roll the Ball® - slide puzzle
24.0508.00",BitMango,7 May 2024
08BA1FA561B53C65E0D3A35C403290EC5B1E76B5F977CBC4CA3448E9CCA6213C,com.global.foodpanda.android,243200084,1981-01-01 01:01:02,2024-11-02 18:52:34.861164,100000000,2024-11-02T18:51:19.578037,"foodpanda: food &amp; groceries
24.32.0",Foodpanda GmbH a subsidiary of Delivery Hero SE,25 Oct 2024
383CF941905E7423ADFF83EF10808D39110BE6A4494AC74D578B1233F4E13329,com.transsion.XOSLauncher,9517,2024-10-24 14:24:22,2024-11-26 15:14:42.054962,500000000,2024-11-26T15:38:44.003050,"XOS Launcher - Cool,Stylish
13.9.36",Transsion Holdings,30 Oct 2024
32EB9B68F9CAA422300D75250AA6D88B0C9BCDB36C55FAFB614CDE7C5B3D3EF1,com.railyatri.in.mobile,539,1981-01-01 01:01:02,2024-03-14 01:31:36.171648,50000000,2024-03-14T01:35:27.697464,"Book Tickets:Train status, PNR
4.6.9.1","RailYatri - IRCTC Authorized Partner, IntrCity Bus",19 Jan 2024
76EF1277F23FFFA9AA99D0CF555CA91D0DA7C5FF087B8B64A413F5751E16B2C2,com.robtopx.geometrydashmeltdown,10,1981-01-01 01:01:02,2024-04-10 23:54:19.721237,100000000,2024-04-10T23:59:42.838951,"Geometry Dash Meltdown
2.2.14",RobTop Games,9 Apr 2024
08E015073EC432C45428653B56937F47AE838C56E2279BA79E1007FD16028E6C,com.ludia.dragons,2170017,1981-01-01 01:01:02,2024-06-16 00:18:51.140184,50000000,2024-06-16T00:25:16.376174,"Dragons: Rise of Berk
1.85.8","Jam City, Inc.",5 Jun 2024
C22D8074F4E46955347476B1F3A896E1685CA1C988A4C4BEB49586608C852001,com.virus.remover,50,1981-01-01 01:01:02,2024-01-24 11:02:56.11541,50000000,2024-01-24T11:04:09.777961,"Virus Remover - Fast &amp; Secure
1.99.05",Holy Macaroni,24 Dec 2023
4BE9BA8B38219C1CDE4B58254A056E32EDECF4270230C35EEC38B93BCC5624B1,com.playstrom.dop4,86,1981-01-01 01:01:02,2024-10-30 20:52:28.938171,100000000,2024-10-30T21:11:52.890757,"DOP 4: Draw One Part
1.1.26",SayGames Ltd,21 Oct 2024
223243282D9BAFF6A4CF0ED16036784B95B7D95EBEBE452841733F3AADEEB4DB,com.hcg.cok.gp,10014,1981-01-01 01:01:02,2024-03-04 15:50:41.143823,50000000,2024-03-02T16:38:28.627389,"Clash of Kings
9.15.0",Elex Wireless,27 Feb 2024
08787EC678F1BFDD1A8E93A97B7A7BA1FFAC121C1475FC9B31592298F05A0D9A,free.vpn.unblock.proxy.turbovpn,2024022301,1981-01-01 01:01:02,2024-03-14 20:12:39.718647,100000000,2024-03-14T20:27:02.294007,"Turbo VPN - Secure VPN Proxy
4.0.5.4",Innovative Connecting,23 Feb 2024
31C7FCCC8124D8A4AA3C86199AF1A4971F5916398B7B00BA4AF8100A4701C572,com.zakg.scaryteacher.hellgame,145,1981-01-01 01:01:02,2024-06-10 16:23:45.498115,100000000,2024-06-02T00:01:04.752251,"Scary Teacher 3D
7.3",Z & K Games,25 Apr 2024
0B69B58BB8CF7EDA1D9DF63E0EA08D1CF2C4BD2D90EE95D080CD3D35DBF2ACE2,game.piano.music.tiles.challenge,3017,1981-01-01 01:01:02,2024-10-16 02:22:05.846802,100000000,2024-10-16T02:31:20.726440,"Piano Game: Classic Music Song
2.9.3",Dream Tiles Piano Game Studio,24 Sept 2024
009BD3D1D98CCD2AFB99ADE7BA75E5FFFC1AF9F485E88F978C32832C1D428FE0,com.accuweather.android,200000004,1981-01-01 01:01:02,2024-02-29 12:48:01.31599,100000000,2024-02-29T12:47:53.534407,"AccuWeather: Weather Radar
20-4-google",AccuWeather,31 Jan 2024
6ED343F18491E257F159000B5ADD8EAA32C326C096AB351639C0BD2FCF161990,com.apalon.myclockfree,23305,1981-01-01 01:01:02,2024-04-04 16:59:01.643645,50000000,2024-04-04T16:59:08.347432,"Alarm Clock for Me
2.85.3",Mobile Heroes,27 Mar 2024
71F56EF50A2AD92B0868EDD0A2B3A5A9B90594069D73D3D385A6670E735BAC23,com.fingersoft.benjibananas,1479,1981-01-01 01:01:02,2024-03-10 00:32:54.957629,100000000,2024-03-10T00:46:48.065262,"Benji Bananas
1.66",Animoca Brands,8 Feb 2024
905B1835634FDEB8239B3CEC2952A30F5DC044FEAEA76475F0359F12EAFB7EDE,com.gameloft.android.ANMP.GloftIAHM,366200,1981-01-01 01:01:02,2024-04-01 03:17:25.33579,50000000,2024-03-26T08:06:04.878693,"Ice Age Village
3.6.6a",Gameloft SE,22 Mar 2024
02FE78E0EB6F30B949D25BE51F2720BF2163345F68C1DD8EA7FACA36BA2E399C,com.disney.disneyplus,2405280,1981-01-01 01:01:02,2024-06-06 11:09:10.297301,100000000,2024-06-06T11:10:34.850391,"Disney+
3.3.0-rc7",Disney,28 May 2024
342347BD2475595E2E43ECCB2DD4EC2F1343EDC95B73787890A3A50D9CBDD9AE,com.gokids.transportbuilding,12002008,1981-01-01 01:01:02,2024-11-30 10:36:49.965046,100000000,2024-11-30T10:37:20.612383,"Truck games for kids: building
12.2.8",GoKids! publishing,28 Nov 2024
17BF83646B900CDF8AEF46F45B47DB4573B0FB42D018A038F83B0C2FB660DDE6,com.trustedapp.pdfreaderpdfviewer,216,1981-01-01 01:01:02,2024-03-20 06:15:14.510457,50000000,2024-03-20T06:15:15.887430,"PDF Reader: PDF Viewer &amp; Ebook
4.0.23",TrustedOffice,24 Feb 2024
0238BA49C968FBD428761A0E0497D743AC29E532DAE43239601DFBA693546DFE,com.PepiPlay.KingsCastle,491,1981-01-01 01:01:02,2024-04-26 17:16:06.432781,50000000,2024-04-26T17:17:09.230387,"Pepi Wonder World: Magic Isle!
9.3.8",Pepi Play,23 Apr 2024
23B68A08AFA0DE8D0704B21F38F9DDEF6393A399142EAA358211332200403D25,com.tensquaregames.hunting.clash.wild.hunter.deer,2605,1981-01-01 01:01:02,2024-07-04 11:34:55.337095,50000000,2024-07-04T11:42:36.321647,"Hunting Clash: Sniper Safari
4.9.1",Ten Square Games,2 Jul 2024
2E3125CC644ACD6A0429424A38EED0C4A508439FA3EB1CCD965EE52F788FC09E,com.Garawell.BridgeRace,719,1981-01-01 01:01:02,2024-06-12 21:35:50.067802,100000000,2024-06-12T21:30:44.352265,"Bridge Race
3.49",Supersonic Studios LTD,5 Jun 2024
64789A881EB8A6975D7F0AA45244D5E3769A931123A401D7D322CAC00CF60C2F,com.yadavapp.keypadlockscreen,81,1981-01-01 01:01:02,2024-03-22 17:49:28.969706,50000000,2024-03-22T18:10:01.717887,"Keypad Lock Screen
1.81",YadavApp,7 Feb 2024
13624A4A23DEB78C258D88227273328A49B716DC1FB9610061C162AFEE6927B3,com.avast.android.mobilesecurity,1004558,1981-01-01 01:01:02,2024-12-10 09:04:07.377308,100000000,2024-12-10T09:05:46.834048,"Avast Antivirus &amp; Security
24.24.1",Avast Software,28 Nov 2024
015CA7D17A68804C85AFF2D27FD1D8FADA58060DFAEBAA63D96A4DFBC2601923,hr.palamida,285,1981-01-01 01:01:02,2024-04-02 16:37:33.495124,50000000,2024-04-02T16:41:05.257036,"Dub Music Player - Mp3 Player
6.1",Dub Studio Productions,20 Mar 2024
2760729B483B8EF27FC542E7CBD2A663389ABA5B4DB3503A3CBB22E820B57924,com.midasplayer.apps.bubblewitchsaga2,116400000,1981-01-01 01:01:02,2024-06-08 20:34:10.886899,100000000,2024-06-08T20:44:05.500897,"Bubble Witch 2 Saga
1.164.0",King,24 May 2024
3A917387361C5B25490D1D050FC7C31CEB11EDB9BBDA1AE5562A72FBB9F26522,com.ffgames.racingincar,151,1981-01-01 01:01:02,2024-01-10 11:23:15.490833,100000000,2024-01-10T11:23:42.679329,"Racing in Car
1.5",ckgames,12 Nov 2023
1916A4D58F91C877FF12CC84DC12F3C22D81B286F5B66751D20E5469EDACD986,com.makemytrip,901,1981-01-01 01:01:02,2024-01-15 13:31:44.241997,50000000,2024-01-15T13:32:39.244125,"MakeMyTrip Hotels, Flight, Bus
9.0.6","MakeMyTrip—Hotel, Flight, IRCTC Authorised Partner",9 Jan 2024
043A1E95C022FD0288E471163B5369A43DEAED47FB19D3DFFC3314374D4AF80C,com.ig.screw.jam.nuts.bolts,91,1981-01-01 01:01:02,2024-10-13 10:24:35.865314,10000000,2024-10-13T10:25:21.245627,"Screw Out: Jam Puzzle
1.91",Zego Global Pte,2 Oct 2024
0DFFE32EAC64A07309F7BFF2FF74B68C3AC7D1E37EB5B22EBBB04FD32EC8EC70,photo.android.hd.camera,6530,1981-01-01 01:01:02,2024-06-13 18:19:31.417387,50000000,2024-06-13T18:20:38.193183,"HD Camera for Android
6.5.3.0",Mobile_V5,12 Jun 2024
3E92EB608005A81FCB574C1BD92B8E111AB014ED454D3FC5B9038A38359B73AC,com.bubadu.duddu,83,1981-01-01 01:01:02,2024-05-06 10:01:00.689403,50000000,2024-05-06T10:01:23.202663,"Duddu - My Virtual Pet Dog
1.83",Bubadu,25 Apr 2024
0CD8D9483A3FA2AD66EC1EE4110FA2A4B19A451ECB7D551C0FA5E83927DC9F74,com.outfit7.mytalkingangela2,600,1981-01-01 01:01:02,2024-03-29 22:41:49.385547,100000000,2024-03-29T22:36:03.578923,"My Talking Angela 2
2.7.0.25336",Outfit7 Limited,21 Mar 2024
A7E38D0D1EA3D857EF39E4EF86C2F3683873102AA52433804DDA98A19943CE34,com.gamma.find.diff,172,1981-01-01 01:01:02,2024-08-26 14:17:52.37917,50000000,2024-08-26T14:18:20.715815,"Find the Difference 1000+
3.53",Gamma Play,4 Aug 2024
93979D36136507316D7E0C69B2FBAE8E133F3082252893FCFF85FD9C6597825A,hd.video.downloader.app.hdvideodownloaderapp,27,1981-01-01 01:01:02,2024-03-27 20:46:07.075084,100000000,2024-03-27T21:04:16.380966,"HD Video Downloader App
1.2.7",Leap Fitness Group,5 Jan 2024
4EBDC9950FA650D1A847FDA998D0745961BF6CE487A73B650547FE840E03C6E1,jp.co.dwango.HcgDW007SandwichRun,240508534,1981-01-01 01:01:02,2024-06-19 01:14:23.382603,100000000,2024-06-19T01:14:55.422873,"Sandwich Runner
0.3.36",株式会社ドワンゴ,9 May 2024
4F4ABA7C8A16EC3F8F59E03D4750591183A42E59771F70EBF18FEB69B86172D2,com.byjus.thelearningapp,17805,1981-01-01 01:01:02,2024-04-20 07:36:45.457722,100000000,2024-04-20T07:36:46.935918,"BYJU&#39;S – The Learning App
12.2.8.17805",BYJU'S,8 Apr 2024
01E439AAB960CBC1F10B3AB6B7E7BA750EF9F724A7E569956FA4060511291C1D,tv.twitch.android.app,1808006,1981-01-01 01:01:02,2024-03-26 07:14:40.920367,100000000,2024-03-26T07:21:48.899233,"Twitch: Live Game Streaming
18.8.0","Twitch Interactive, Inc.",22 Mar 2024
04163B7AF779E9D450E061EDAA85F3F3CE5A443E077F2923A6A714518AEF5CBF,com.agoda.mobile.consumer,242403,1981-01-01 01:01:02,2024-03-01 01:24:24.906197,50000000,2024-03-01T01:24:25.475307,"Agoda: Book Hotels and Flights
12.6.1",agoda.com,21 Feb 2024
0D174A13CCDB752EC7E52196F02EF3E0F3D4D8F2011D28BD6DDC372EB99E34B8,com.jtsniper.game,83,1981-01-01 01:01:02,2024-07-03 12:37:35.767866,50000000,2024-06-28T06:37:09.736275,"Johnny Trigger - Sniper Game
1.0.39",SayGames Ltd,5 Jun 2024
9C3D19EE05ADCB1E1EC809613B6068EE9389647227A456D16863B899473ABB80,com.free.turbo.unlimited.touch.vpn,59525,1981-01-01 01:01:02,2024-05-08 09:38:07.18903,50000000,2024-05-08T09:39:25.707577,"Touch VPN - Fast Wifi Security
5.9.525",The Tool Tech,6 May 2024
1677244F95178DBD608B96E79246ABA4C5DC6E6F84875683E80A1C90AE608295,com.kutumb.android,607,1981-01-01 01:01:02,2024-09-02 13:47:18.071744,50000000,2024-07-14T05:51:30.115432,"Kutumb App - Community App
7.1.1",Kutumb App,20 Jun 2024
7131F5F3495F918FF34B2F1DD4F6AAFF1B7236F447DB6B3ADFD059B17584F35C,com.androvid,6800,1981-01-01 01:01:02,2024-08-15 11:37:37.868619,50000000,2024-06-30T12:31:17.816212,"Video Editor &amp; Maker AndroVid
6.8.0.0",Fogosoft Ltd,27 May 2024
03291283DE982D18AE9FFDBBC2630261756504E150C38777749421DC4A4D3768,com.ea.gp.nbamobile,248100,1981-01-01 01:01:02,2024-01-24 18:41:44.821792,100000000,2024-01-24T18:42:09.082339,"NBA LIVE Mobile Basketball
8.1.00",ELECTRONIC ARTS,18 Dec 2023
0A11103565F9AA4AE291F30C74AE164259B08E88FBE1B184B688D6D66D011FF6,com.vizorapps.klondike,956,1981-01-01 01:01:02,2024-12-02 22:48:07.496652,50000000,2024-12-02T22:53:18.380217,"Klondike Adventures: Farm Game
2.128.1",VIZOR APPS LTD.,28 Nov 2024
4F6955ED5AE6AEAB7993E41C56B288B357E358D65D4C0F9A21D485DBE111A464,com.jrtstudio.music,116272,1981-01-01 01:01:02,2024-03-12 19:53:56.138198,50000000,2024-03-12T19:53:58.775540,"Music Player
1.3.3",JRT Studio Music Players,20 Feb 2024
665C391CB4E62019A66E9CA681F3A33A89028763C8D231DDC078A1987AD5D568,com.tencent.iglite,15156,2024-01-15 13:40:24,2024-03-15 12:19:24.375222,100000000,2024-03-15T12:19:36.606888,"PUBG MOBILE LITE
0.27.0",Level Infinite,16 Jan 2024
93A8995E656B02745EDA1EC2FDC1377E2F06110B30374ACC1376D97F36DA629F,videostatusmaker.videostatus.boo,87,1981-01-01 01:01:02,2024-03-18 16:15:43.852578,50000000,2024-03-18T16:28:04.679145,"Boo - Video Status Maker
9.0",The One World Apps,15 Aug 2023
02E96938ECC4CC529307C1A6D48D6643AD478F3B2FEE1353CD2358C34A841CF1,com.tencent.wesing,661,1981-01-01 01:01:02,2024-06-09 06:04:57.635688,100000000,2024-06-04T06:01:28.335070,"WeSing - Karaoke, Party &amp; Live
5.77.1.841",Tencent Music Entertainment Hong Kong Limited,31 May 2024
14F51B69E86C7FD18E708864D9C6C589343BDDD56E8DC348111C987047052227,com.pixlr.express,36300,1981-01-01 01:01:02,2024-10-17 17:44:58.24523,50000000,2024-10-17T18:06:49.402822,"Pixlr AI Art Photo Editor
3.6.3",Pixlr,8 Oct 2024
05B6675BF0FFE397222A8E5986421E145102CF106E7553F51BE24A076EAD886E,com.cnn.mobile.android.phone,12600291,1981-01-01 01:01:02,2024-05-26 01:11:27.991909,50000000,2024-05-26T01:37:57.461440,"CNN Breaking US &amp; World News
24.10.0",CNN,3 May 2024
594C2680B7C4A163420A712AD19ACE20C68AB5387EB16E6873207C8466D96250,com.muscle.rush,71,1981-01-01 01:01:02,2024-09-07 00:37:02.952564,50000000,2024-09-07T00:50:50.547655,"Muscle Rush - Smash Running
1.2.21",SayGames Ltd,5 Aug 2024
05E80A39B7813EF05DF08819C2927D21BD2F836FCFCBC026E3897059678BED93,ee.mtakso.client,2833,1981-01-01 01:01:02,2024-05-25 01:20:55.384568,100000000,2024-05-25T01:24:55.243775,"Bolt: Request a Ride
CA.117.0",Bolt Technology,17 May 2024
0D409AF50A16C7A32C163EBF48F0DBFC4B6E496BF96DB474E327D1EA0C802692,com.jeffprod.cubesolver,10139,1981-01-01 01:01:02,2024-05-04 12:30:12.411093,50000000,2024-05-04T12:30:29.836359,"Cube Solver
4.4.0",JeffProd,1 May 2024
40FA36AC85E09E398B8C3CD921906008D7B3C00A3B16FE1A3FFDB51A42F70E5D,com.cerebelliumapps.motoextremeracing,162,1981-01-01 01:01:02,2024-12-10 06:35:38.35403,50000000,2024-12-10T06:30:27.225323,"Motorcycle Real Simulator
4.1.2",Cerebellium Apps,25 Oct 2024
153E7B61406CE2BD933E2CE8FD0235064663D984A676EB04DD0C298271A7585E,com.bubadu.doctorkids,66,1981-01-01 01:01:02,2024-06-29 10:51:54.698716,50000000,2024-06-29T10:56:08.412103,"Doctor Kids
1.66",FM by Bubadu,18 Jun 2024
160A1BE67F142A5D36C62189377FFA1F1CAA1FF40753B22DF88C35B7C24F4C5B,com.microsoft.office.excel,2004005619,1981-01-01 01:01:02,2024-04-29 21:38:07.327869,1000000000,2024-04-29T21:39:08.920991,"Microsoft Excel: Spreadsheets
16.0.17531.20088",Microsoft Corporation,24 Apr 2024
07375704ECBDB0A99ED20A0BDBD70169EB03EED9C4174DD9564F4AC360983A9A,mp3videoconverter.videotomp3converter.audioconverter,91014132,1981-01-01 01:01:02,2024-09-28 00:00:24.83837,50000000,2024-09-28T00:07:01.767664,"Video to  MP3 Converter
1.3.2",accountlab,14 Mar 2024
5E4BBC6FA48532F94A606740E3CAC8D00BB15AE40D6C0745152ED4AB9C5C2BE1,com.gamesforgirlsfree.collegegirlsteam,500044,1981-01-01 01:01:02,2024-03-08 06:13:27.320903,50000000,2024-02-19T03:11:12.387477,"College Girls Team Makeover
1.3.4",Teenage Fashion Dress Up,15 Jan 2024
06CBDCA0E1017AA54F362A879F5144D8841560E9FB00653F1F75B2A0513B9B87,com.media.bestrecorder.audiorecorder,68,1981-01-01 01:01:02,2024-04-11 05:06:32.241604,50000000,2024-04-11T05:09:31.762170,"Voice Recorder
68.1","quality apps (recorder, weather, music)",8 Apr 2024
DAEA551C9C53C8D676F9E9993D4CAB176CA7AC3BC09DB57B4D499E4EBE401EF4,com.samsung.android.service.health,160002000,2009-01-01 00:00:00,2024-09-22 06:35:41.105671,100000000,2024-09-22T06:46:38.962621,"Health Platform
1.6.00.02","Samsung Electronics Co.,  Ltd.",21 Aug 2024
52CA8205365408850FDF1C12678B2DA9C41F6F2554830136BA8EC665DB9F12F0,com.sushirolls.app,2046,1981-01-01 01:01:02,2024-04-18 05:47:10.665898,100000000,2024-04-18T05:45:38.444434,"Sushi Roll 3D - Cooking ASMR
1.8.20",SayGames Ltd,3 Apr 2024
078640650AA1302ADBB93B11FDA38416A72B79222503DB9556000C38B1697C21,com.hitrock.hideonline,10000085,1981-01-01 01:01:02,2024-08-14 02:20:15.428026,100000000,2024-08-14T02:20:04.707628,"Hide Online - Hunters vs Props
4.9.12",Hitrock,13 Aug 2024
76B31196AE73A7146F807918CA29CF4908FAA9B6EADBF128DBEE8D95418007FA,com.app.cricketapp,236,1981-01-01 01:01:02,2024-10-07 20:23:11.897017,50000000,2024-10-07T20:23:13.269472,"Cricket Line Guru
23.6",Cricket Line Guru,28 Sept 2024
0D9A852FD9CF0FDC6CD4977361130848C589FBD450226C4941AB7C1436562619,com.GamesForKids.Mathgames.MultiplicationTables,176,1981-01-01 01:01:02,2024-04-26 14:37:36.43875,50000000,2024-04-26T14:37:40.959519,"Math Games, Learn Add Multiply
17.6",GunjanApps Studios,19 Jan 2024
069FBFA3275207CAB17893AF51435836FBA93977810AE54B4D1C0CA5914F91C4,com.google.android.apps.healthdata,137868,1981-01-01 01:01:02,2024-06-09 03:17:35.041849,100000000,2024-06-05T07:43:00.764450,"Health Connect
2024.05.20.00.release",Google LLC,23 May 2024
7602D9FC3B88DB96F03B17CBD42F45109B9802D387369C8CE81D150F1410D632,com.howtoloot.pullpin.herorescue,67,1981-01-01 01:01:02,2024-03-24 13:02:49.497746,100000000,2024-03-24T12:56:40.034777,"How to Loot - Pin Pull
1.2.4",Azura Global,9 Jan 2024
664136F3C6D7CC18C2B37E9DCEE218646B731910A08615A036A619F1DCFA507A,onet.tile.match.puzzle.android,242,1981-01-01 01:01:02,2024-11-15 07:50:53.367947,50000000,2024-11-15T07:52:48.526553,"Onet Puzzle - Tile Match Game
2.4.1",Infinite Joy Ltd.,4 Nov 2024
1A04FE0688445D46A88EC5E693F3475AE16256A6C70122C36A69B6C9FD81475C,com.sega.sonicdash,1724433560,1981-01-01 01:01:02,2024-06-12 11:35:52.791756,100000000,2024-06-12T11:35:23.579804,"Sonic Dash - Endless Running
7.10.0",SEGA,7 Jun 2024
03601FC579D34B72FFB87B4405E1F6114623A92CF8C734EC4A55321997FA520F,com.ea.gp.simsmobile,4620,1981-01-01 01:01:02,2024-10-21 04:12:58.041821,50000000,2024-10-21T04:12:59.573252,"TSM
46.2.0.157497",ELECTRONIC ARTS,15 Oct 2024
332FD9691F0B0F65B2EF75FFA13028384945EA94319B367023BF625F9A772A57,org.videolan.vlc,13050509,1981-01-01 01:01:02,2024-10-16 16:51:23.518464,100000000,2024-10-16T16:56:33.239230,"VLC for Android
3.5.5",Videolabs,3 Oct 2024
B486AA18539DFD93BBAC4A6A52B9B2B266BE82FE9CAD27E41609568D9E2DD33E,com.tapped.drawrider,210000076,1981-01-01 01:01:02,2024-08-30 02:24:11.038874,100000000,2024-08-30T02:38:01.388643,"Scribble Rider
3.1.0",VOODOO,6 Aug 2024
1464736D4C570A74131D33BE740E347C00AD8EB245E3940DC9650822539B9ECF,com.hypercarrot.giantrush,176,1981-01-01 01:01:02,2024-04-09 03:10:27.691974,100000000,2024-04-09T03:10:28.954800,"Giant Rush! - Fighting Games
1.9.2",TapNation,5 Apr 2024
2BC79D8972D378323FE8559033623A235151C983659C660C2A55FD8A2AAEF773,com.miniclip.agar.io,780,1981-01-01 01:01:02,2024-08-27 10:43:20.336173,100000000,2024-08-27T10:43:24.424078,"Agar.io
2.28.6",Miniclip.com,22 Aug 2024
00C64DB3BDDD92720F72602452EC58AA3EA9B8FFA68292696F5884A102141221,com.mercadopago.wallet,1816180471,1981-01-01 01:01:02,2024-09-13 03:02:47.071586,100000000,2024-09-13T02:58:38.861447,"Mercado Pago: cuenta digital
2.346.1",Mercado Libre,3 Sept 2024
06F728130707FBB0867C3A42019DB60B9CC5CCEA52135FB76E40C5E28ECDB96A,com.colorswitch.switch2,1173,1981-01-01 01:01:02,2024-08-25 12:15:14.063653,50000000,2024-08-25T12:16:32.729131,"Color Switch - Endless Fun!
2.47",Color Switch Phoenix LLC,18 Aug 2024
01145CF77EC9DE348733D9EB6B470F9AE5D8FB7E9398037BF02E1130CC5CB610,com.MelsoftGames.FamilyIslandFarm,61619,1981-01-01 01:01:02,2024-11-18 01:31:23.471966,50000000,2024-11-18T01:33:41.166260,"Family Island™ — Farming game
2024192.0.61619",Melsoft Games Ltd,15 Nov 2024
3F584D8E41F245F9D0B516E3DE7EA6BFFEF1EF4279859F54B4B2F9DD1F05E7F9,com.skgames.trafficrider,665,1981-01-01 01:01:02,2024-03-05 14:34:08.801036,500000000,2024-03-05T14:34:09.520645,"Traffic Rider
1.99b",skgames,19 Feb 2024
56B289617EF2276E3435780CCD6FA15C6993BC9B00D549E86AAD81E0C7718A72,tr.gov.turkiye.edevlet.kapisi,21035051,1981-01-01 01:01:02,2024-03-21 06:39:42.634605,50000000,2024-03-21T06:51:22.198742,"e-Devlet Kapısı
2024.03.5051",T.C. Cumhurbaşkanlığı Dijital Dönüşüm Ofisi,18 Mar 2024
1849D78AF7F951D8CF83910A3FCBCE317ADE779AAAB8487C0772D96FF244A013,pl.idreams.potterylite,21,1981-01-01 01:01:02,2024-07-24 11:59:14.371131,50000000,2024-07-24T12:11:04.037428,"Let&#39;s Create! Pottery Lite
1.65",Infinite Dreams,8 Jul 2024
97F3611C42DC72496E3491167FD31CD62A98545CD6FEE65764D9C4CEE457D6DB,app.cryptomania.com,3334,1981-01-01 01:01:02,2024-11-29 20:20:48.260285,50000000,2024-11-29T20:37:11.674505,"Cryptomania —Trading Simulator
3.3.34",Edusystems OU,14 Oct 2024
1A6E1D6E19D1ABEB9CE5AF5579E307C489C1481F65D903F4C3AAC2F0BB3F1A44,com.crazylabs.monster.high,5110,1981-01-01 01:01:02,2024-03-19 13:06:02.41461,50000000,2024-03-19T13:12:04.180160,"Monster High™ Beauty Salon
5.1.10",CrazyLabs LTD,25 Jan 2024
0AC9EC8B0902D88D36522CF8EA67079D18AF925410227BFCB7A8918FA377602C,com.skisosoft.coach,105,1981-01-01 01:01:02,2024-12-12 22:12:31.498362,50000000,2024-12-12T22:19:31.896216,"PTS - Coach
1.6.0",SkisoSoft,22 Sept 2024
03F183FA1C44B639AC7CDF8E399654D753A99C4935A084F4FF2EDD9D3AD4B692,br.gov.dataprev.carteiradigital,759,1981-01-01 01:01:02,2024-04-08 13:50:41.974184,50000000,2024-04-08T13:53:20.339252,"Carteira de Trabalho Digital
6.3.3",Serviços e Informações do Brasil,19 Mar 2024
129AF134C52A41787F948F962E397AF86BD140C32564183ACDA389F033721525,com.transsion.carlcare,3040,1981-01-01 01:01:02,2024-05-24 17:40:20.098391,500000000,2024-05-24T17:40:13.549780,"Carlcare
V6.2.2",Transsion Holdings,15 May 2024
0ECD994A5D9558646A2FFD76E00AB58CDB4E2BB526D47D4F116A0EA224F56690,com.heytap.browser,1073100,1981-01-01 01:01:02,2024-04-11 21:01:50.442178,100000000,2024-04-11T21:02:20.488463,"Internet Browser
45.10.7.3.1",ColorOS,7 Apr 2024
06D34C6A2D012C7991F85EC9B2BC5749F6EBE07A59CDC88B78207FBA3D979EC9,com.cyberlink.youperfect,10059850,1981-01-01 01:01:02,2024-10-14 06:48:22.301687,100000000,2024-10-14T07:02:09.327364,"YouCam Perfect - Photo Editor
5.98.5",Perfect Mobile Corp.,26 Sept 2024
32A40227575C5830019C7B303FF411D61E3BD39F82365EFC4CFAF54984ED1564,com.quora.android,2595,1981-01-01 01:01:02,2024-05-07 11:55:37.586001,50000000,2024-05-07T11:56:06.765322,"Quora: the knowledge platform
3.2.24","Quora, Inc.",2 May 2024
29E3C2266E7E29EE92B76C9450974090AB40954EE3ABF97A0A11C9EA0DDC9E66,com.my.hc.rpg.kingdom.simulator,702,1981-01-01 01:01:02,2024-05-18 04:40:05.43156,50000000,2024-05-18T04:42:05.455136,"Hustle Castle: Medieval games
1.91.0",MY.GAMES B.V.,14 May 2024
B1FBB6F1D021E0835582B64DC11603C8DC29514B3F1CD10CD850895955753265,com.dvloper.granny,68,1981-01-01 01:01:02,2024-08-03 04:52:31.887662,100000000,2024-07-31T10:03:21.335035,"Granny
1.8.2",DVloper,29 Jul 2024
0721BB265EE7286BBE4C0BA6FCFAB9FF8F5A66A14572F5487705E673A8053927,com.magicv.airbrush,107050102,1981-01-01 01:01:02,2024-12-12 19:39:52.05244,50000000,2024-12-12T19:58:43.384187,"AirBrush: Photo/Video Editor
7.5.102",PIXOCIAL TECHNOLOGY (SINGAPORE) PTE. LTD.,6 Dec 2024
00B9871414A370AA7B391A3DB616B7828D16841D70B30DE9503F19C29123616D,com.inditex.zara,24001036,1981-01-01 01:01:02,2024-04-20 11:02:33.30852,50000000,2024-04-20T11:11:41.130011,"Zara
14.10.0",Inditex,18 Apr 2024
074F2CFDA8D23DFDD87348548D42DD3A02E85EC9F032F7A64DD4408DDF7124CE,vidma.screenrecorder.videorecorder.videoeditor.pro,30703500,1981-01-01 01:01:02,2024-09-03 21:09:15.469195,50000000,2024-09-03T21:09:39.939673,"Screen Recorder -VidmaRecorder
3.7.35",Vidma Video Studio,13 Aug 2024
04DC2B9BFE7F9A4AC3E282E338EBA6BB9B472E2EFF2192CA48ACAEF30F679D9E,io.voodoo.paper2,347,1981-01-01 01:01:02,2024-08-17 17:26:14.354969,100000000,2024-08-17T17:27:22.251445,"Paper.io 2
4.4.0",VOODOO,31 Jul 2024
4EBD1AD4029305C49A4C8D28C0BFCE65077D0C23C07E1841728A0D4B97F23302,com.mehdirabiee.XtremeMotorbikes,10,1981-01-01 01:01:02,2024-08-09 04:51:17.891237,50000000,2024-08-09T04:52:53.383387,"Xtreme Motorbikes
2",Xtreme Games Studio,21 Jul 2024
300E6AAA5AED08116AD92D245C7A312590DC39B4E814D3F6C8F6F74E97790036,com.matchingham.judgementday,257,1981-01-01 01:01:02,2024-04-19 20:30:41.936129,50000000,2024-04-19T20:36:11.043074,"Judgment Day: Angel of God
1.9.15",Bolga Games,15 Apr 2024
1B3FFF33B7F7F05F19CC31E9DBEAC0B58203E616DF9FF1C368C3A8D2B26DC828,com.ivuu,5038300,1981-01-01 01:01:02,2024-10-10 03:27:38.81944,50000000,2024-10-10T03:29:14.631708,"AlfredCamera: Home Security
2024.20.1",Alfred Systems Inc.,4 Oct 2024
A034D7E0EF3F9D395F3B37CD268FF212615CAF05EC86CE150D77F56E525059C9,com.google.android.accessibility.switchaccess,619,1981-01-01 01:01:02,2024-08-30 01:37:37.587448,500000000,2024-08-30T01:37:22.833679,"Switch Access
1.15.0.647194712",Google LLC,26 Jun 2024
00F3C7106074777ACD187C4E7083413B5945262B2F448C55FFBBC0160F4C298F,sg.bigo.ludolegend,391,1981-01-01 01:01:02,2024-04-18 19:14:35.227091,50000000,2024-04-18T19:18:01.909295,"Ludo Talent - Game &amp; Chatroom
2.22.3",Spring Technology Pte. Ltd.,15 Apr 2024
0AAB78EE456C6FCC54901C3C10F9BF0F9A6B2FD39BCD0386466CE74079A78C74,com.lbe.parallel.intl,10901,1981-01-01 01:01:02,2024-04-26 10:05:37.538135,100000000,2024-04-26T10:06:44.073741,"Parallel Space - app cloning
4.0.9463",LBE Tech,25 Apr 2024
63AEFBAD149F44F31E7AB41ED4B6868EFD1D482BA8FDAD30996FAC6747DB014B,com.dino.rolling.skyball.balance,210,1981-01-01 01:01:02,2024-09-02 13:23:05.852254,50000000,2024-09-02T13:23:39.650139,"Ball Game 3D
1.210",Zego Studio,23 Aug 2024
1BACC946BBCBA62E81B71BB670EAAF9DE0BF0FA320AB036D12DA0DF2107284A3,com.gismart.guitar,12473,1981-01-01 01:01:02,2024-03-01 16:31:57.169643,100000000,2024-03-01T16:33:31.646742,"Real Guitar - Music Band Game
3.40.1",Gismart,9 Feb 2024
07E39F273A987CD762B89B713D04FFEF1097D7BCA8003CE020B52DC8FBBD64C2,photoeditor.layout.collagemaker,151000,1981-01-01 01:01:02,2024-04-30 00:18:04.114006,100000000,2024-04-30T00:18:45.682245,"Collage Maker - Photo Editor
2.21.151",Photo Editor & Collage Maker,21 Apr 2024
122839CFC72494778144669C1985992BF8AFD92452F7089AC59AF7DE38D22796,eu.livesport.FlashScore_com,405,1981-01-01 01:01:02,2024-08-03 04:38:11.70617,50000000,2024-07-31T21:57:50.794134,"Flashscore live scores &amp; news
5.16.2",Flashscore,12 Jul 2024
0BE7F0CF78F777B74FF65C6F95B6B6DC76B352DE8139703CFD139CC404FCA42C,com.dywx.larkplayer,26081207,1981-01-01 01:01:02,2024-10-21 19:53:45.917781,100000000,2024-10-21T20:02:51.997699,"Lark Player:Music Player &amp; MP3
6.08.12","Lark Player Studio - Music, MP3 & Video Player",17 Oct 2024
04AAEC24259846F28D6266C7E16FD5C1E7A3175CC44006B039D12A88B33AB6FD,com.xiaomi.hm.health,50771,1981-01-01 01:01:02,2024-04-12 08:12:29.335982,100000000,2024-04-12T08:17:43.689140,"Zepp Life
6.10.1","Anhui Huami Information Technology Co.,Ltd.",8 Apr 2024
802EE987684BA54F3183E324CA1DD32D70B9ED762DE876F17ACAF54F2512F35B,com.sinyee.babybus.food,8680500,1981-01-01 01:01:02,2024-01-20 11:39:40.293814,50000000,2024-01-20T11:39:57.768721,"Little Panda&#39;s Chinese Recipes
8.68.05.00",BabyBus,8 Jan 2024
E641C92FB29AE331C7A0D1589AFE1FDE2DBBA29970870DA3BEFE797FDCDA3BD7,com.rstgames.durak,90,1981-01-01 01:01:02,2024-11-03 12:44:15.886047,50000000,2024-11-03T12:45:44.261130,"Durak Online
1.9.18",RS Technologies LLC,30 Oct 2024
4203D59B0481B91E6A678900F06023F8FA161A453F2B0242B9FD63C7D5C1C12E,com.agminstruments.drumpadmachine,835,1981-01-01 01:01:02,2024-03-01 14:27:52.965974,100000000,2024-03-01T14:27:53.568526,"Drum Pad Machine - music maker
2.25.0",Easybrain,27 Feb 2024
E1FF781CDAA01DA99ED0A08B406809E09C500C0E3DC64332FCF6D3286D1058B5,com.gau.go.launcherex,763,1981-01-01 01:01:02,2024-01-29 09:54:12.896314,100000000,2024-01-29T09:54:34.028021,"GO Launcher -Themes&amp;Wallpapers
3.41",go live llc,28 Dec 2023
0BF08B2E5B054316DD0CAA4E3BF35522278A1F9579CBE6885162CB23FE070EA4,com.appswing.qr.barcodescanner.barcodereader,80,1981-01-01 01:01:02,2024-06-09 13:22:02.941196,50000000,2024-06-09T13:29:21.408443,"QR Scanner - Barcode Scanner
1.8.9",Apps Wing,14 May 2024
63B66156645286B91044373FC6088E0B80281EFB396A445A72BF0633B5C410D1,com.block.jigsaw.puzzle.gallery,171,1981-01-01 01:01:02,2024-09-10 08:26:56.026235,100000000,2024-09-10T08:52:32.476371,"Jigsaw Puzzles - Block Puzzle
171.0",Jigsaw Puzzles Berlin,7 Aug 2024
18E7CB59080C5466CEA2285A32637E7BE69E364B9766E1623C883B5C33D14F4B,com.hambastudio.linecolor,52,1981-01-01 01:01:02,2024-07-15 21:52:42.166643,100000000,2024-07-15T22:01:15.925004,"Line Color 3D
1.50.0",Azur Interactive Games Limited,26 Jun 2024
003789AE259C3986DA231B3A6D7AD5FF3D12C61A2DDF2509FC6CD585C52ADEBE,com.gojek.app,4811,1981-01-01 01:01:02,2024-01-15 22:20:24.932723,100000000,2024-01-15T22:20:25.473711,"Gojek
4.81.1",PT. GoTo Gojek Tokopedia Tbk,10 Jan 2024
E2DD3A7F92E2FDAF05C2B9FD18F17798CBB34AB2ADA56D3E79CC0FD7C7B93B1B,com.google.audio.hearing.visualization.accessibility.scribe,114192,2009-01-01 00:00:00,2024-03-01 10:46:16.793981,1000000000,2024-03-01T10:46:32.152263,"Live Transcribe &amp; Notification
6.6.589729414",Research at Google,11 Dec 2023
0ABB90E31DA8449B5574571A1B7EE79F9589B7DC775E5CD621505DBBB8DE8865,statussaver.statusdownloader.downloadstatus.videoimagesaver,55,1981-01-01 01:01:02,2024-03-18 10:57:18.398311,50000000,2024-03-18T11:10:57.042589,"Status Saver - Video Saver
4.0.7","Save Status, Video & Image Downloader",28 Feb 2024
3A55C80EC59951D61C5BBF44BD4AB561EADB8F75209F20749CAD63978346490E,com.sinyee.babybus.icecream,8701221,1981-01-01 01:01:02,2024-08-30 15:58:53.910212,100000000,2024-08-30T16:03:12.995684,"Little Panda&#39;s Ice Cream Games
8.70.12.21",BabyBus,27 Aug 2024
075DBCD285157EBD9EF6808978374A47ED25A23395B98FCA231EF6326F420730,com.wn.hairtattoo,140,1981-01-01 01:01:02,2024-08-25 11:18:44.322654,100000000,2024-08-25T11:19:03.780762,"Hair Tattoo: Barber Shop Game
1.9.1",CASUAL AZUR GAMES,23 Jul 2024
042E06A33C82800CB649862CD06267DAFA582663BD442543C375E519FF4D5FA1,com.qoni.guesstheiranswer,280,1981-01-01 01:01:02,2024-08-03 01:46:25.47441,50000000,2024-07-27T16:17:37.599570,"Guess Their Answer - IQ Games
4.1.8",TapNation,21 Jul 2024
E90E129305F7947E790F3EA6D86A5BAF620B89DAB18F3B7EFF87DD124302E415,com.ansangha.drparking4,29,1981-01-01 01:01:02,2024-09-02 15:53:11.962081,100000000,2024-09-02T15:57:34.901934,"Dr. Parking 4
1.29",SUD Inc.,27 Aug 2024
4EE93BC8B405F17D05683858B7A94E313619F5B2ED7390B7953F3EDC4A48889F,com.episodeinteractive.android.catalog,2554001,1981-01-01 01:01:02,2024-08-12 16:54:29.8117,100000000,2024-08-12T16:55:40.645298,"Episode - Choose Your Story
25.54",Episode Interactive,9 Aug 2024
004A2B9EE0F6DB03EA445D1864B9ABCCC61CE1EA0FACAF08F1C5AD6669F0A0BC,com.truecaller,1407006,1981-01-01 01:01:02,2024-06-06 22:54:39.376367,1000000000,2024-06-06T03:43:45.622054,"Truecaller: Identify Caller ID
14.7.6",Truecaller,29 May 2024
142674C37AF54939CE5B60D9924E73D9C45FC91FAF11620D2E157058C395D7A3,pdf.tap.scanner,3043,1981-01-01 01:01:02,2024-10-21 14:16:20.505649,100000000,2024-10-21T14:25:56.152557,"TapScanner - PDF Scanner App
3.0.43",Tap AI,18 Oct 2024
1DAF9FE3667461972DDA2550A389CB9DF8503953945465D744EFC6B9059E481D,com.asiainno.uplive,39640,1981-01-01 01:01:02,2024-02-29 15:31:12.943135,50000000,2024-02-29T15:31:52.603514,"Uplive-Live Stream, Go Live
9.8.8",Asia Innovations HK Limited,25 Feb 2024
