sha256,pkg_name,vercode,dex_date,added,num_downloads,az_metadata_date,title,developerName,uploadDate
0658D96461B87D40BD6A5BD3782BAAFA7FCCFAAF19CCFD25D0D2E761CE6F8E05,com.wallapop,10141292,1981-01-01 01:01:02,2025-10-12 09:43:45.234404,50000000,2025-10-12T09:44:29.970598,"Wallapop - Sell &amp; Buy
1.285.0",Wallapop,8 Oct 2025
059159F03E9CB4B41E2DCC98D931F57C9C1CEF8268A905ACCDBAFE67DA01CED3,app.cryptomania.com,3365,1981-01-01 01:01:02,2025-08-28 17:57:35.566308,50000000,2025-08-28T17:58:56.385185,"Cryptomania —Trading Simulator
3.3.65",Edusystems OU,19 Aug 2025
1790FB922C03DB8C8A29DD60143FAC8F6958BF411DD43A69EF608CB93FB07270,com.gameinsight.airport,104300,1981-01-01 01:01:02,2025-01-31 03:53:47.800885,50000000,2025-01-31T03:58:20.316050,"Airport City transport manager
8.36.00",Game Insight,17 Jan 2025
01DB4AD8EF9CE8710779823469FFFD4317C941B89C46E5311C4AC1FC48F18431,com.joom,4911104,1981-01-01 01:01:02,2025-08-04 19:22:56.831455,100000000,2025-07-12T21:20:09.472574,"Joom. Shopping for every day
4.175.0",Joom,8 Jul 2025
147EA69CB0647BF73FAF68244B1B4D6B4F44ADC7B2668301D234E9A2ADBCEBEE,com.perfect.slices,146,1981-01-01 01:01:02,2025-02-06 23:20:27.403509,100000000,2025-02-07T00:04:29.062616,"Perfect Slices
1.4.32",SayGames Ltd,7 Oct 2024
212E3897119929A14826E7170748118A80F5CFA9EF0334EF661A430735E2DC11,com.mustardgames.topspeed.formulacar.racinggames,162,1981-01-01 01:01:02,2025-01-18 03:31:34.910227,50000000,2025-01-18T03:40:11.217649,"Formula Car Racing: Car Games
7.7",Mustard Games Studios,23 Oct 2024
00B7A40133D6347BD4658EA65A4EC368836B5F6311BAC5D55DEE56CBB8F01184,com.jio.myjio,7086,1981-01-01 01:01:02,2025-02-25 12:30:40.801493,500000000,2025-02-25T12:32:48.185297,"MyJio: For Everything Jio
7.0.86",Jio Platforms Limited,21 Feb 2025
083703E9C116AA35B04CC1E140682544AC85A917C526314A6189CED9F3D71F7C,com.microsoft.appmanager,6220400,1981-01-01 01:01:02,2025-08-08 14:26:45.628955,1000000000,2024-11-14T06:02:21.744517,"Link to Windows
1.24102.101.0",Microsoft Corporation,5 Nov 2024
34013BCB3BB4A6290FA13084DDCF66BA5B10E7B33B24F4EA0AFAC1A22DEC58EE,com.skp.seio,25,1981-01-01 01:01:02,2025-09-12 23:26:03.401383,50000000,2025-09-12T23:27:19.358567,"SEIO Agent
3.8.5",SKTelecom,9 Jul 2025
03A721FF588C3E0B45EE27288E472302D8A5AF92943FEC5B98B287919E107CC7,com.particlenews.newsbreak,25360201,1981-01-01 01:01:02,2025-09-10 08:03:28.169835,50000000,2025-09-09T18:10:27.615778,"NewsBreak: Local News &amp; Alerts
25.36.2",Particle Media Inc.,7 Sept 2025
059D01E0F9E66DCA381001F0B1C3002DC45DED45A59B59A4246B699A9871D4B1,com.azurgames.stackball,195,1981-01-01 01:01:02,2025-01-23 10:54:44.991099,100000000,2025-01-23T10:58:50.623780,"Stack Ball - Crash Platforms
1.1.95",CASUAL AZUR GAMES,14 Jan 2025
0AD82D236BB7465F68A91536232622F4634852B57AD993418873DF09C30B3A13,fr.vinted,253400,1981-01-01 01:01:02,2025-08-26 21:47:59.627484,50000000,2025-08-26T21:48:26.612951,"Vinted: Shop &amp; sell pre-loved
25.34.0",Vinted,21 Aug 2025
41D3B21C72C930328D32D49FE84041E12F3A02A1F8BDA1C1AC495413D3294499,com.avast.android.mobilesecurity,1004626,1981-01-01 01:01:02,2025-02-12 23:32:44.993746,100000000,2025-02-12T23:33:52.309103,"Avast Antivirus &amp; Security
25.3.0",Avast Software,10 Feb 2025
09B557A37298CCE5D3A5ED679FD1C321522D91D67F3988F969481CEF50C2C76E,com.dvloper.grannychaptertwo,21,1981-01-01 01:01:02,2025-08-14 01:59:14.653669,100000000,2025-08-14T02:00:14.267679,"Granny: Chapter Two
1.2.3",DVloper,5 Aug 2025
58F5229BAD9026B21461FF1A49229F25CAEC94252D2C63C2BF07DD8AA368AE01,com.ht.mini.car.raceway.endless.drive,630,1981-01-01 01:01:02,2025-09-13 15:22:37.874178,100000000,2025-09-13T15:25:00.955732,"Mini Car Racing Game
6.0.30",GAMEXIS,21 Aug 2025
0D535BD1CAF3A654FABD8FB0D884285D44963F6B04B5C7F93F06605EE7AF1831,com.rvappstudios.baby.games.piano.phone.kids,312,1981-01-01 01:01:02,2025-11-30 04:13:07.540065,50000000,2025-11-30T04:14:20.620640,"Baby Games: Piano &amp; Baby Phone
2.0.1",RV AppStudios,10 Nov 2025
0B1E6E6BEA024F83527A9E2196B0E1423D18693216470CA14C1D6236753EEF83,com.chess,265591,1981-01-01 01:01:02,2025-11-13 05:49:57.077821,100000000,2025-11-13T06:43:05.110483,"Chess.com - We miss you!
4.9.14-googleplay",Chess.com,11 Nov 2025
05753E4B61A1829A42AA1F88E5BF93BB498B907D68EAAD27798FF4B0EC94E673,com.callapp.contacts,2217,1981-01-01 01:01:02,2025-08-06 04:44:54.13297,100000000,2025-04-09T17:50:30.470502,"CallApp: Caller ID &amp; Block
2.217","CallApp Caller ID, Call Recorder & Spam Blocker",3 Apr 2025
07C6F2FAD1174B697F0C3164C834DCA60BE86E65B1AE9AE527AE7CC3B25D4FC2,ru.yandex.disk,604000,1981-01-01 01:01:02,2025-08-09 18:59:37.546763,50000000,2025-01-09T04:38:30.228588,"Yandex Disk—file cloud storage
6.4.0",Direct Cursus Computer Systems Trading LLC,9 Dec 2024
00DB846E17C6BBEB2F9D718E67C2447E9D472E317DC9C11196B1D981ED7A1A65,com.drivezone.car.race.game,626,1981-01-01 01:01:02,2025-10-17 11:44:05.793702,50000000,2025-10-17T11:44:09.136378,Drive Zone: Car Simulator Game,Jet Games FZ-LLC,15 Oct 2025
00285CED07E78A8E67D55099B32DCE6FA5BF29E0F0F2D75714D85D446F397CBA,com.tripledot.woodoku,6598,1981-01-01 01:01:02,2025-03-28 10:59:39.313297,100000000,2025-03-28T10:59:30.492436,"Woodoku
3.44.00",Tripledot Studios Limited,24 Mar 2025
2F653372B4E17412C772E93F905B79B5B0885810C9D7B89CFB141F515846EAD8,com.talpa.hibrowser,2230205,1981-01-01 01:01:02,2025-05-12 04:36:55.492653,500000000,2025-05-12T04:34:52.782161,"Hola Browser-Private&amp;Fast web
v2.23.2.5",Dating Group,22 Apr 2025
1389CF9FE4B5D5693192BBB5F4BB8D3A7A7732CE53C2D74419AB05A75EC26FC2,com.tools.control.center.simplecontrol,117,1981-01-01 01:01:02,2025-01-29 12:53:22.848393,50000000,2025-01-29T12:56:54.194968,"Control Center Simple
1.1.7",TD Application,23 Jan 2025
3F5F3FF2CB926FA3AEB12CDD01B4110A0AE1FD2B50A299E1C090CA71F4C4BDB8,com.sir.racing.ultimatecardrivingsimulator,163,1981-01-01 01:01:02,2025-04-27 07:13:38.788429,100000000,2025-04-27T07:33:08.038900,"Ultimate Car Driving Simulator
7.4.1",Sir Studios,18 Mar 2025
02EAC36A1F3C0AEC2624984ABE2FD93082D9114987BA70829467C2A3A99EFF30,com.mercadopago.wallet,1816180867,1981-01-01 01:01:02,2025-06-15 16:17:26.942549,100000000,2025-06-15T16:15:39.532147,"Mercado Pago: cuenta digital
2.385.3",Mercado Libre,4 Jun 2025
1AB7EA8307C5C57CA3A8008730131A22AFB8456A5613D2F25833DB1D0D92E222,com.impp.truck.simulator.rescueexcavator,139,1981-01-01 01:01:02,2025-10-07 03:48:22.729248,50000000,2025-10-07T03:50:11.865573,"Sand Truck Excavator Games Sim
6.0.12",Imperial Arts Pty Ltd,23 Sept 2025
4238B865C5864122D176088165F7A76F5CC75050CCAED8BC867A0E93F9077C02,com.outfit7.mytalkingtom2,202504070,1981-01-01 01:01:02,2025-11-12 09:25:03.988361,1000000000,2025-11-12T09:25:04.652698,"My Talking Tom 2
25.4.7.16211",Outfit7 Limited,10 Nov 2025
5306E10BA6F916CD8EFF8CCC4EFE2993D79A57E26DB2EB1ED110EC60545A1337,com.sinyee.babybus.policemen,8720000,1981-01-01 01:01:02,2025-03-18 05:03:23.531145,100000000,2025-03-18T05:03:24.781260,"Little Panda Policeman
8.72.00.00",BabyBus,13 Mar 2025
1323855E60F6337AE5A8F22DDCE83C9685EF88710C08728A5C6B1FDE3744D883,no.mobitroll.kahoot.android,2644,1981-01-01 01:01:02,2025-06-11 14:44:02.734195,50000000,2025-06-11T14:45:32.949648,"Kahoot! Play &amp; Create Quizzes
6.3.6",Kahoot!,9 Jun 2025
5004F2A35585B03A7D61FE4B0B8C5BB332254962AFDA387DC68D5E238392DF71,com.vladk.pipemasters,803,1981-01-01 01:01:02,2025-02-26 11:32:39.32581,100000000,2025-02-26T11:32:40.962389,"Flow Legends: Pipe Games
1.11.100",CASUAL AZUR GAMES,10 Feb 2025
758189E579D7DBE0E701013EF308F11B5564319A3BE7CBB1E6128A9FBCBAFEFD,me.pou.app,272,1981-01-01 01:01:02,2025-02-10 01:04:30.685281,1000000000,2025-02-10T01:02:26.042634,"Pou
1.4.123",Zakeh,3 Feb 2025
06B13BE0DEFF1351EEC6E0EDDAAFDE5600DB765B901EF3B55E9F709DAD52C74D,markergame.coffeestack,477,1981-01-01 01:01:02,2025-08-04 20:15:59.204038,50000000,2024-03-23T15:12:10.170548,"Coffee Stack
27.1.0",Rollic Games,8 Mar 2024
5466BB3243E19714C67CC714EF26C12E865A767B4326FBA08E1963F99AE0645E,com.sinyee.babybus.care,8730000,1981-01-01 01:01:02,2025-10-13 10:15:28.213572,100000000,2025-10-13T10:15:56.412334,"Baby Panda Care
8.73.00.00",BabyBus,"Oct 10, 2025"
5FD09607D955E35EE525D5701EBB3F52AA898163DDEF860D55E794F8ED0222E6,com.kayac.ball_run,80300,1981-01-01 01:01:02,2025-08-01 12:53:53.873044,100000000,2025-08-01T12:55:37.881185,"Ball Run 2048: merge number
0.8.3",KAYAC Inc.,8 Jul 2025
011092F9308E894F59CDDDE4368B0415BEE603CD3899185B5E253AB77DA30B48,com.nglreactnative,238,1981-01-01 01:01:02,2025-04-09 20:33:24.657101,100000000,2025-04-09T20:33:38.230225,"NGL: ask me anything
2.3.98",NGL App,9 Apr 2025
0A18F87ED07E052B25939155946D993B0E2BD520DF1E5632093A701DA71AE5A5,com.coloros.video,9160100,1981-01-01 01:01:02,2025-09-10 15:35:13.37143,500000000,2025-09-10T15:37:38.416191,"Videos
9.16.1.0",HeyTap,25 Aug 2025
491DF10FD0E5DA6A4CE047CF79B69C8DEB22CCEDD00DE0034A1844CACD8531AA,com.muso.musicplayer,103060001,1981-01-01 01:01:02,2025-08-14 20:59:38.506746,50000000,2025-08-14T21:01:18.072812,"Offline Music Player App- Muso
1.3.6",BEABLE TECHNOLOGY,30 Jul 2025
02117ACD1BBFA526B510CAF242697CF422B4A4CAA594DC70A95DF40E0A37754E,com.utorrent.client,7525,1981-01-01 01:01:02,2025-08-27 00:59:42.560832,100000000,2024-10-24T09:57:05.461069,"µTorrent® - Torrent Downloader
8.2.20","Rainberry, Inc.",7 Oct 2024
05E28B1D0A88F397781A3CA5D5121E994826FD8B5811A7A0C041D2037610D7F4,com.bstar.intl,3520100,1981-01-01 01:01:02,2025-09-18 10:33:29.853361,100000000,2025-09-17T11:00:44.719661,"BiliBili -HD Anime, Videos
3.52.0",BALABOOM PTE. LTD.,15 Sept 2025
04597AC9D5FA12276106BCA3106501C713DC7BA0E05CDA310D8FAB81D8E91774,com.dumplingsandwich.pencilsketch,105,1981-01-01 01:01:02,2025-05-18 14:40:36.606812,50000000,2025-05-18T14:41:31.897877,"Pencil Sketch
8.3.1",Dumpling Sandwich Software Inc.,7 May 2025
13D1B2DCD2DDA114446C3E672FEC8D98B07746982B05A3006BB3C81406B4BEAC,tw.mobileapp.qrcode.banner,399,1981-01-01 01:01:02,2025-03-21 10:55:01.003661,100000000,2025-03-21T10:55:58.504377,"QR code reader
3.9.9",Tahoe Digital LTD.,7 Mar 2025
4DFBD6CEB51FDAA081D2356778DA366EFA2C36E95100F4CF9B0E5299A8688786,com.lumber.inc,1524,1981-01-01 01:01:02,2025-10-18 04:01:41.022164,100000000,2025-10-18T04:01:47.934348,Idle Lumber Empire: Jeu Tycoon,AppQuantum,14 Oct 2025
2327CB9F9F405339730C1DD126C23D014903AEBF9965A789CD0C94AB651CBF4E,com.nintendo.zara,23968,2025-06-10 10:15:50,2025-06-27 08:02:43.022271,100000000,2025-06-27T08:10:19.764449,"Super Mario Run
3.2.5","Nintendo Co., Ltd.",10 Jun 2025
1266CC3BAE8CD776352D800E0F4B2917ADA28D824FF7673B461CC5370FAE4230,com.rarlab.rar,129,1981-01-01 01:01:02,2025-11-21 16:07:15.498091,100000000,2025-11-21T16:08:25.907548,"RAR
7.20.build129",RARLAB (published by win.rar GmbH),13 Nov 2025
1D768ED25F2FA994CBD31F1728F1CD376821AAB9CC68B9848853C462F5B62295,com.trianglegames.squarebird,94,1981-01-01 01:01:02,2025-10-20 01:46:16.923488,50000000,2025-10-20T01:46:30.954882,"Square Bird - Flappy Chicken
5.81",MOONEE PUBLISHING LTD,16 Oct 2025
105F6EBE808967D47028E116D72E98115A807383341C9FC5F2B3792ABDBBC398,com.qidafcl.sl054,2211,1981-01-01 01:01:02,2025-08-11 16:20:25.83354,50000000,2025-08-11T16:20:26.490110,"DIY Keyboard
2.2.1.1",CrazyLabs LTD,4 Jun 2025
7CFC07BF5433E07024B865B4A2CA5282D56B48F0D6E8F2CDDB0D1CD86F2FA617,com.ua.building.Lokicraft,40010,1981-01-01 01:01:02,2025-10-17 08:56:18.749032,100000000,2025-10-17T08:56:19.439812,LokiCraft,akseno2,14 Oct 2025
0D04E66EA1106350483734F483D5509D173D0C36165A3900B374B8DF4FAF5E99,photocollage.photoeditor.collagemaker,258002,1981-01-01 01:01:02,2025-08-08 06:36:26.868107,50000000,2025-08-08T06:37:37.655648,"Photo Editor - Collage Maker
1.513.258",Photo Editor & Collage Maker,6 Aug 2025
059D1EDA4039E45926FEBE4B762A7D09A43F2CA1CB7DC1FBA8FDD27E311ABC34,com.kayenworks.mcpeaddons,143,1981-01-01 01:01:02,2025-10-12 00:48:28.225179,50000000,2025-10-12T00:48:32.753081,"Addons for Minecraft
1.22.8",Kayen Works,"Oct 7, 2025"
02F281BF6D8A39EB218CC235356A03F8B72B72AE79B80BE4EB9932A7A31454DD,net.mbc.shahid,4419,2025-07-16 09:28:00,2025-07-23 20:33:05.796908,100000000,2025-07-23T20:33:06.881239,"شاهد  Shahid
7.98.0",MBC Group,16 Jul 2025
020409D839A6CC9F72755D5AB645AA0E0605806E8FAA8D66A83FE4319B980FED,com.eyecon.global,562,1981-01-01 01:01:02,2025-06-05 16:20:24.711161,100000000,2025-06-02T13:20:04.248118,"Eyecon Caller ID &amp; Spam Block
4.0.562",Eyecon Phone Dialer & Contacts,26 May 2025
054996C871ED32559DE5C5C2D62918F22811AF281FBA7E68F3092604C18BC480,com.mobisystems.msdict.embedded.wireless.oxford.dictionaryofenglish,1138,1981-01-01 01:01:02,2025-07-07 17:07:49.796832,50000000,2025-07-07T17:08:33.535616,"Oxford Dictionary &amp; Thesaurus
15.8.1138",MobiSystems,2 Jul 2025
0FF02EA483161E300B12C0D59F35026C26F6F25D9FFD9251E2B735A98A0B8D4B,com.grabtaxi.driver2,54100010,1981-01-01 01:01:02,2025-11-15 02:23:34.005448,50000000,2025-11-15T02:23:44.504255,"Grab Driver: App for Partners
5.410.1",Grab Holdings,8 Nov 2025
07720CBA264ACF31A3FB10F10D22D27BFE7AF624FC1427D89AF588BCA074AAD0,com.dreamgames.royalmatch,31832,1981-01-01 01:01:02,2025-10-14 13:30:58.149041,100000000,2025-10-14T13:31:01.427531,"Royal Match
31832","Dream Games, Ltd.",10 Oct 2025
05B877DF4D39100C41D00102C7940FDB828CE83146D1E21582E705C73B5F3145,com.hp.printercontrol,5530,1981-01-01 01:01:02,2025-05-24 16:07:57.206025,100000000,2025-05-24T16:09:29.699772,"HP Smart
18.10.0.5530",HP Inc.,12 May 2025
07D66AD609CD5A6BAC3413BD8F2C3C765E8661B35F52ED7236182F33B3D16505,com.gaana,1166,1981-01-01 01:01:02,2025-03-11 07:38:10.884525,100000000,2025-03-11T07:43:00.288164,"Gaana: MP3 Songs, Music App
8.50.4",Entertainment Network (India) Ltd.,6 Mar 2025
617F7C05D748F96E84CEDF4DF547665DA1279C75AF740631048A7492C428C8F4,com.cloudmosa.puffinFree,51678200,1981-01-01 01:01:02,2025-09-15 22:06:50.773485,100000000,2024-10-17T09:30:42.665559,"Puffin Web Browser
10.4.1.51678",CloudMosa Inc,2 Oct 2024
1BD8F0984579C11EA6DF3A21200D061EBA6C031E7256C1AA7CB6E8EA1F3F5182,com.sky.funnyfruitsplash,493,1981-01-01 01:01:02,2025-02-04 06:03:37.416312,50000000,2024-11-17T10:12:26.802607,"Fruit Link - Line Blast
493",FunLink.Studio,4 Nov 2024
394A908E1BB85D4437800D438BFE27B9CD3CC09574E9D26A41AD7E8352820FD0,com.eterno.shortvideos,5100,1981-01-01 01:01:02,2025-08-05 15:12:57.6375,100000000,2023-10-19T14:45:25.837825,Josh,Josh Team,17 Oct 2023
403496E7C5867F1555DA3CBC14DA432332078EFACB76B9E511C7A8AF12D213AC,in.gov.uidai.mAadhaarPlus,287,1981-01-01 01:01:02,2025-06-26 02:14:30.197837,100000000,2025-06-26T02:14:32.333289,"mAadhaar
3.9.0",Unique Identification Authority of India,11 Jun 2025
133E882CCDA6ED5D3DBA738403CC52ECBFEB864E470A0EDF4BD6595F96BEB52E,com.weloadin.dessertdiy,2726,1981-01-01 01:01:02,2025-06-17 12:46:11.284694,100000000,2025-05-05T08:39:29.551018,"Dessert DIY
2.7.2.6",CrazyLabs LTD,22 Apr 2025
06E041299B1FA09C3E29930B471F18618FD762E546F40B4C3CE6CD026C1DC9D4,com.andi.alquran.id,325,1981-01-01 01:01:02,2025-03-02 10:42:12.854499,50000000,2025-03-02T10:43:40.455731,"Al Quran Indonesia
3.0.25",PT Dalfindo Cipta Karya,25 Feb 2025
05C9DBD107E8F763E951F557EE5E4B38EF11248E358F9FE1F781B1A124FDFAD1,com.xprodev.cutcam,174,1981-01-01 01:01:02,2025-08-14 10:59:33.466162,100000000,2025-08-14T11:00:45.731372,"Cut Cut: Photo Editor &amp; CutOut
1.8.5.1011",Glory Passion Network Limited,21 Jul 2025
2867713C7E79A2486987A1AF2FFF75F4BAB8FEF11E8AA85B832B49952950ACF8,com.creative.sandbox.number.drawning.coloring,335,1981-01-01 01:01:02,2025-03-04 08:49:20.117694,50000000,2025-03-04T08:51:58.554281,"Color by Number ®: No.Draw
3.3.0",Creative APPS,26 Jan 2025
11816B14856016B42E608DB0E1D28D07203B17D2707DDAEE07AA71CEAEC819CC,com.nekki.shadowfight3,19126,1981-01-01 01:01:02,2025-01-09 18:49:14.814151,100000000,2025-01-09T18:51:06.089454,"Shadow Fight 3 - RPG fighting
1.40.3",NEKKI,24 Dec 2024
2A996A4CE09E88AB74FA09CFD63388D54FD761522B3D72986215E120D24411FE,increaseheightworkout.heightincreaseexercise.tallerexercise,53,1981-01-01 01:01:02,2025-03-15 11:40:06.46309,50000000,2025-03-15T11:40:23.667195,"Increase Height Workout
1.1.6",Leap Fitness Group,6 Mar 2025
049AD3EC2269D4AB9463893F8DEEF0173D14AF0713878B1AD4AA6A08E5913DAF,com.offline.bible,439,1981-01-01 01:01:02,2025-07-23 06:15:05.63869,50000000,2025-07-23T06:16:19.829157,"Bible Offline-KJV Holy Bible
6.1.5",Bíblia Offline,17 Jul 2025
0448B0DC5F8CCE9250932BC96C9A2018EA03CD3CFB54E015EB8F1BDC6265FBA6,com.games.bus.arrival,105878,1981-01-01 01:01:02,2025-10-17 14:05:44.997946,50000000,2025-10-17T14:06:22.251725,Bus Arrival,Sixcube,9 Oct 2025
138E94D5AC8565D07281037455FC13F4F8B0A496B044E2661999AAF47A94EEBD,com.citybay.farming.citybuilding,1261,1981-01-01 01:01:02,2025-08-31 06:19:13.876404,50000000,2025-08-31T06:21:13.753242,"Farm City: Farming &amp; Building
2.10.62",iKame Games - Zego Studio,28 Aug 2025
17856B1717A591668C7BB0F80ECB3EDEE36A3A983356F555B6C83F1C6651E0C7,me.apptivise.vladnikita,20703262,1981-01-01 01:01:02,2025-09-07 09:05:06.755469,50000000,2025-09-07T09:07:17.832631,"Vlad and Niki – games &amp; videos
2.7.3",Mobinautica Limited,1 Sept 2025
0246F8CDC6E8C6AEE571A6BA024D0D0AD4E88DDEF84D8A581973C421703DA858,com.sinyee.babybus.amusement,8730702,1981-01-01 01:01:02,2025-10-19 04:46:45.114349,50000000,2025-10-18T08:22:12.180352,Baby Panda's Fun Park,BabyBus,"Oct 15, 2025"
0324590BA0520681D3E60B0A6236E4F8A4EF99778A805CF7965E65D56A880B6A,com.ea.games.r3_row,13101,1981-01-01 01:01:02,2025-09-02 12:52:14.748985,100000000,2025-01-17T02:48:58.519906,"Real Racing  3
13.1.1",ELECTRONIC ARTS,9 Jan 2025
047BD8A020CBBF9F6CFBB7404CC371D649DE08ABCC10ED5D19B81448CEC71649,com.badoo.mobile,5508,1981-01-01 01:01:02,2025-11-16 22:07:00.16688,100000000,2025-11-16T22:08:18.026132,"Badoo: Dating, Chat &amp; Meet
5.443.0",Badoo,10 Nov 2025
07C95AB15AEE82C5B9607FDF4A6375DA999760B9BAB7DE1240F246B8516CFE24,net.wyvernware.whosthealien,183,1981-01-01 01:01:02,2025-07-13 16:56:40.002391,100000000,2025-07-13T16:57:21.459627,"Find the Alien - Alien Game
3.0.12",MOONEE PUBLISHING LTD,24 Jun 2025
086D35B1A751FDB19ED2900E2B478E44E489A109086749CAB58B45365A46C8E1,br.com.gabba.Caixa,3457,1981-01-01 01:01:02,2025-08-09 22:27:50.863565,100000000,2025-08-09T22:28:25.596276,"CAIXA
5.17.0",Caixa Econômica Federal,3 Jul 2025
1271C74E6EECDB4D39E520D59CF1E055D4E5EA06A6744C798EF96B6014C38832,com.iudesk.android.photo.editor,2025081100,1981-01-01 01:01:02,2025-08-16 02:17:00.229672,50000000,2025-08-16T02:16:55.715054,"Photo Editor
11.8",dev.macgyver,10 Aug 2025
09030B2CC0453E164B25057FA769A1ABC1877DDB38A757E7E66E450209C78091,menloseweight.loseweightappformen.weightlossformen,86,1981-01-01 01:01:02,2025-01-18 12:28:03.126503,100000000,2025-01-18T12:43:29.399049,"Lose Weight App for Men
2.4.9",Leap Fitness Group,12 Dec 2024
015D36227F5BD6929F2F772C1A1682AEC814F7DE855A0925AB10C8E588625B00,com.jazz.jazzworld,136,1981-01-01 01:01:02,2025-08-08 18:55:13.704715,50000000,2025-05-21T20:40:40.439190,"SIMOSA - Jazz World
3.1.5",Jazz Digital Pakistan,22 Apr 2025
0D5C9DF906D0CA77C080CD6BDE2BB6AD038F6E1B6305075B4A72BAA7DA1F29CA,br.com.rodrigokolb.realdrum,397,1981-01-01 01:01:02,2025-07-10 19:13:37.368527,100000000,2025-07-07T23:29:47.974676,"Real Drum electronic drums set
11.10.29",Kolb Apps,30 Jun 2025
0D538F1FB547C725CC9C241561AE8DAA280703D29DCFFB365292384DF8AE57F0,com.gjg.colorfill3d,200201,1981-01-01 01:01:02,2025-10-21 23:51:24.329943,100000000,2025-10-21T23:51:50.003540,"Color Fill 3D
300000.4.2",CASUAL AZUR GAMES,8 Oct 2025
09DF636E94A03C23F707B38CDD8BCB6A7D3E62248895979B6DA9E9446C871182,com.fogg.photovideomaker,200148,1981-01-01 01:01:02,2025-10-02 08:10:16.843861,50000000,2025-10-02T08:10:19.205053,"MBit Music Video Maker
15.2",MBit Music Inc.,17 Sept 2025
10E3F095A821D7370CB67688C1BF03CEAD2B9544116F23283CA61FD847D24445,com.tellurionmobile.realmcraft,330,1981-01-01 01:01:02,2025-03-13 10:35:09.650278,100000000,2025-03-13T10:44:37.392635,"Mini Block Craft Realm Craft
6.4.4",Tellurion Mobile,4 Mar 2025
1F444CF613211CB208D5D2FE72C75FAA9E0960EF4EE68B3A456B424B0D4AEDDC,com.multicraft.game,443,1981-01-01 01:01:02,2025-10-11 18:33:19.92857,50000000,2025-10-11T18:33:42.197111,"MultiCraft — Build and Mine!
2.0.13",MultiCraft,7 Oct 2025
2615036A652FF6EFE271B22E2CAED8270A49FAD5F51450C3AB6D48C51F19AFA9,com.fgz.us.flying.police.robot.rope.hero.crime.city.hero.games,128,1981-01-01 01:01:02,2025-02-08 23:21:14.018256,50000000,2025-02-08T23:22:30.020605,"Spider Rope Hero: Action Game
128",Falcon Gamerz,4 Nov 2024
036F26B2E288BD362C74EC9D0A8EF66F8F59215FBF9DA228069FD6D67906C930,com.scopely.monopolygo,45218,1981-01-01 01:01:02,2025-10-18 00:21:39.508873,100000000,2025-10-18T00:21:57.739417,MONOPOLY GO!,Scopely,"Oct 16, 2025"
115D4E8BD32B543A736DD26FCD3B2F4BF3627A2EE1ACB59EBF8437914D803465,net.wooga.junes_journey_hidden_object_mystery_game,3370210,1981-01-01 01:01:02,2025-06-05 14:31:08.543796,50000000,2025-06-05T14:32:49.678136,"June&#39;s Journey - Hidden Object
3.37.2",Wooga,3 Jun 2025
0A42B0BE48888EEC18E1863C0E0D536C7BAAD7885E8C2AF56A7EE70BEA5C4FF4,com.anydesk.anydeskandroid,80100,1981-01-01 01:01:02,2025-11-13 11:16:12.04923,50000000,2025-11-13T11:20:19.760640,"AnyDesk Remote Desktop
8.1.0",AnyDesk Software GmbH,31 Oct 2025
0455D435BBA7B7BBAE0A91A428C1AE0E69F804CE28888333FB29CB5AA70D0971,com.flipkart.android,2270200,1981-01-01 01:01:02,2025-07-02 06:35:54.704225,500000000,2025-07-02T07:05:24.859349,"Flipkart Online Shopping App
8.27",Flipkart,26 Jun 2025
07BBAB1D4AD902860F2FE4A79D9E5A978A9916554929D3CE082BCB0BE9B6982B,com.forshared.files,30017667,1981-01-01 01:01:02,2025-09-15 14:02:30.312496,50000000,2025-09-15T14:11:36.586545,"4shared
4.93.0",New IT Solutions,9 Sept 2025
196F430A9258238B7CB3EE0872102D3C6D95902784E36B853D30B72F8A498B92,com.water.balls,163,1981-01-01 01:01:02,2025-02-18 19:24:52.051628,100000000,2025-02-18T19:44:18.789293,"Sand Balls - Puzzle Game
2.3.42",SayGames Ltd,10 Feb 2025
195E4573821EDDC16120720E6885CF324E43C2CBDDBFC6F04FFEC6E8C798BFBB,com.com2us.smon.normal.freefull.google.kr.android.common,87701,1981-01-01 01:01:02,2025-07-24 07:30:39.027401,50000000,2025-07-24T07:31:56.810379,"Summoners War
8.7.7",Com2uS,16 Jul 2025
0A5EC6D944C30C1FD4FE85A5A07A953A79D8FE52FB67AE30A56F7FFD289E0F54,free.vpn.proxy.secure,176,1981-01-01 01:01:02,2025-03-19 17:34:18.58709,50000000,2025-03-19T18:03:18.796874,"VPN - fast proxy + secure
2.7.3",Stolitomson VPN,15 Mar 2025
179A3BF982FD459B5088B05B82EC71100B9CCEE28BE1801C837DE9ACA6F927B2,com.firsttouchgames.story,166,1981-01-01 01:01:02,2025-08-09 19:28:17.107864,100000000,2025-01-31T22:16:29.442364,"Score! Hero
3.800",First Touch Games Ltd.,29 Jan 2025
0BE30A7181092A8C9F7760649F9DAE39099E62C7340D5E3D2BC587D887AD1C99,com.linecorp.b612.android,91140308,1981-01-01 01:01:02,2025-08-11 22:10:14.254806,500000000,2025-08-04T08:31:12.757134,"B612 AI Photo &amp; Video Editor
14.3.9",SNOW Corporation,30 Jul 2025
0AB8B08F99F0D8F8DC82E767D3455D97161450C07333818BAA76C5051D32D53B,com.maroieqrwlk.unpin,2230101,1981-01-01 01:01:02,2025-02-22 22:20:57.292286,100000000,2025-02-22T22:23:48.299444,"Pull the Pin
223.1.1",Popcore Games,12 Feb 2025
2BA853D2FE2880E2807DBCC5C7499EA9D333FA43B1589C330FD426F94C4567D5,com.lemongame.klondike.solitaire,50000,1981-01-01 01:01:02,2025-02-20 14:26:51.748889,50000000,2025-02-20T14:44:11.043003,"Solitaire
5.0.0.20241220",Solitaire Card Games Ltd,20 Dec 2024
067F61DC0630DF5DB4FA14B654F7BF6649D7117ABE87DF7290179185C32C3E77,com.vblast.flipaclip,765,1981-01-01 01:01:02,2025-08-05 10:36:07.96272,50000000,2025-07-12T08:54:03.314140,"FlipaClip: Create 2D Animation
4.2.9",Visual Blasters LLC,9 Jul 2025
2B982F218018D56D11EE304FE7ADF49AB16525ABCFBD2F88B1E117FA310D7B8B,air.com.hypah.io.slither,2086000,1981-01-01 01:01:02,2025-03-10 11:34:34.650675,500000000,2025-03-10T11:35:05.930583,"slither.io
2.86",Lowtech Studios,9 Mar 2025
1EEE7DE8BD6CDEF09503CADBBB5131327DF745BFDC1760930717DAACA3DF1BC2,com.ea.games.simsfreeplay_row,5097000,1981-01-01 01:01:02,2025-11-26 02:50:25.885648,100000000,2025-11-26T02:50:46.293098,"The Sims™ FreePlay
5.97.0",ELECTRONIC ARTS,11 Nov 2025
0220967674D9C57F4EF5B2F6CB0A1980F62AA946A6B06F2454DD7F1404D881D5,com.ludia.tmnt,125021,1981-01-01 01:01:02,2025-01-07 22:07:57.379054,50000000,2025-01-07T22:29:23.218085,"Ninja Turtles: Legends
1.25.2","Jam City, Inc.",12 Dec 2024
008EC80E5C4860C9B5890D3E613462077D0D5832937A658A9F11CEA773628FE5,com.UCMobile.intl,50331,1981-01-01 01:01:02,2025-03-11 13:47:56.692621,1000000000,2025-03-11T13:58:36.620596,"UC Browser-Safe, Fast, Private
14.2.5.1347",UCWeb Singapore Pte. Ltd.,7 Mar 2025
1CD32A087A25837B4A015ED130C674ECA6106BB0BCE6D58E00E9502C48A14A71,com.noodlecake.altosadventure,500181,1981-01-01 01:01:02,2025-07-30 05:15:07.904404,50000000,2025-07-30T09:39:32.978398,"Alto&#39;s Adventure
1.8.24",Noodlecake,29 May 2025
003F0C1EC7EDC5CE85E3751077A065E621DD792EFF74C5055220FA207B4DA16A,tv.twitch.android.app,2602036,1981-01-01 01:01:02,2025-09-25 01:33:28.535061,100000000,2025-09-25T01:33:30.054368,"Twitch: Live Streaming
26.2.3","Twitch Interactive, Inc.",24 Sept 2025
15B0E601DEC12A1FB6D6B75A2EF87922A7F994ACC725ECA71B2D978B0374B277,com.weather.Weather,1080004931,1981-01-01 01:01:02,2025-05-28 19:44:47.851638,100000000,2025-05-28T19:45:20.125283,"Weather: Forecast &amp; Radar Maps
14.22.0",The Weather Channel,23 May 2025
0EEDF7FD58B4FCC7BC5523845981469B5F6BAD1FE29DF5BCFCD2331AF26618F7,com.rovio.baba,32475450,1981-01-01 01:01:02,2025-03-19 12:51:03.05452,100000000,2025-03-19T12:51:04.549289,"Angry Birds 2
3.27.4",Rovio Entertainment Oy,12 Mar 2025
00208EFA90336EF2B93FFFE8A96D623E457D46AFEB1B5115C3163B148AD7AF58,com.playflock.family.hotel.story.home.mansion.puzzle.garden.decoration,29712,1981-01-01 01:01:02,2025-05-09 09:24:36.80133,50000000,2025-05-09T09:23:32.774110,"Family Hotel: love &amp; match-3
10.26",PlayFlock,25 Apr 2025
136480C64884BBBAAB08C88AA8DB2621DEED1E8DE2DA5CDD156234B8D1B54F41,com.freeplay.crazyoffice,280,1981-01-01 01:01:02,2025-08-27 00:25:22.402848,50000000,2025-08-27T00:25:09.945900,"Crazy Office — Slap &amp; Smash
1.49.2",Freeplay Inc,25 Mar 2025
020C767A5112385A20072840CBF0B0BE187527F163EB93A3EEE1BD19710A8106,com.nhn.android.nmap,52702000,1981-01-01 01:01:02,2025-08-09 14:14:20.161897,50000000,2024-07-21T10:00:53.419812,"NAVER Map, Navigation
5.27.2.1",NAVER Corp.,10 Jul 2024
1635129F426F0D5B6F80739775308F3AFF5C3D349B0F53FE74BA435BE3AA2602,com.ivy.garfield.run,635,1981-01-01 01:01:02,2025-09-09 00:14:55.747704,50000000,2025-09-09T00:15:27.814337,"Pet Runner
6.3.4",Ivy,20 Aug 2025
0BACD2C9D4FD1B2E2A5C6B48E24F44C9C2171C9B00804C1058F25D019EA7077C,com.hcg.cok.gp,10162,1981-01-01 01:01:02,2025-05-21 20:22:24.524007,50000000,2025-05-21T20:22:25.648776,"Clash of Kings
10.15.0",Elex Wireless,13 May 2025
051C033AA69FA4B08410DFF147B5FC8CE95F110226BAA355A148D0565E6CA7DA,com.alien.shooter.galaxy.attack,2627,1981-01-01 01:01:02,2025-09-19 12:53:49.66721,100000000,2025-09-19T12:54:09.724191,"Galaxy Attack: Shooting Game
66.7",1SOFT,19 Sept 2025
288BE56EF35E04F2FB839411F253D89CD3F7283DCDC81412E9B6E9048D130A77,com.lilithgame.roc.gp,1010022,1981-01-01 01:01:02,2025-11-10 12:30:42.472603,50000000,2025-11-10T12:30:29.855535,"Rise of Kingdoms: Lost Crusade
1.1.0.22",LilithGames,4 Nov 2025
7312F7C8CE4876A6EC60AF65E15ED05145E2FDEE648EE3CA143E2ED1E45D07E7,com.mi.globalminusscreen,20250827,1981-01-01 01:01:02,2025-10-03 20:35:40.830185,1000000000,2025-10-03T20:37:07.970473,"App Vault
13.56.2",Xiaomi Inc.,23 Sept 2025
006A2AB8F2A6D7D3AAA046FADD7159C88A0883862D1FEDD3770C7B948FD5C840,com.sofascore.results,250815004,1981-01-01 01:01:02,2025-09-07 01:08:56.659687,50000000,2025-09-07T01:10:49.920283,"Sofascore: Live Sports Scores
25.08.15",Sofascore,1 Sept 2025
2A634FFD2A52C37825B04B79B670083887930F6BD17EECC9AD7600035E5C8FD2,com.MegaJoy.Rescue,79,1981-01-01 01:01:02,2025-03-07 13:24:12.595196,50000000,2025-03-07T13:24:51.956845,"Rescue The Lover
1.53",ABI Games Studio,8 Feb 2025
3BD9C3D08D3B02904B71D02B1BACA99F0C90412945926BA705AA0C82A1D919D9,com.disney.wheresmywater2_goo,244,1981-01-01 01:01:02,2025-11-24 05:49:57.506727,100000000,2025-11-24T05:50:35.877144,"Where&#39;s My Water? 2
1.9.49",Kongregate,20 Nov 2025
3309373478C24CDEC1F9B44E6674EE51B8F6BC7045F088D6D844409F5A7B7C86,com.oneway.Deathcoming,148,1981-01-01 01:01:02,2025-01-30 03:56:19.829605,50000000,2025-01-30T03:59:15.826366,"Death Incoming!
2.1.1",Lion Studios,6 Nov 2024
012899EDA217FB590022756B4568BF8B8DE13EDF1A818530F7FD0FE6547A3598,com.naver.linewebtoon,3060106,1981-01-01 01:01:02,2025-03-07 12:39:01.702969,100000000,2025-03-07T12:40:07.488351,"WEBTOON: Manga, Comics, Manhwa
3.6.1",NAVER WEBTOON,5 Mar 2025
04B3A2798BC1DFBC6415DCA01C547989EB6797B9659FC3F25DE5322EB9B66FD8,deezer.android.app,8003407,1981-01-01 01:01:02,2025-03-26 14:28:17.724928,100000000,2025-03-26T14:29:50.426412,"Deezer: Music &amp; Podcast Player
8.0.34.7",Deezer Music,25 Mar 2025
1F386C3935B1A41FC60EADB8FE1546420FAFC80B6B589798218DF36FB6396012,com.goxo.doctor.heart.surgery.game,217,1981-01-01 01:01:02,2025-10-09 01:21:51.114612,50000000,2025-10-09T01:21:41.545681,"Hospital Surgeon: Doctor Game
4.9",Dreamland Games Inc.,7 Oct 2025
0250EB5DB7D4CA1ABC9522D524059CABB3F2988657637AA9B59E7AE2F983DBC8,com.bubadu.supermarket,57,1981-01-01 01:01:02,2025-08-29 02:38:56.153858,100000000,2025-08-19T14:42:50.000156,"Supermarket Game
1.57",FM by Bubadu,5 Aug 2025
0D840D8FC853B56362F9CD13C17C57CFAF270728619F55E6665768D1ECEC2AB5,com.train.taxi,532,1981-01-01 01:01:02,2025-10-03 11:21:02.080922,50000000,2025-10-03T11:21:36.432160,"Train Taxi
1.4.41",SayGames Ltd,2 Oct 2025
39F63EAE9DBC828ED445CD8D4A36F082F8F4569D54412825E2197995A2169380,com.devuni.flashlight,290,1981-01-01 01:01:02,2025-08-03 19:14:16.821535,100000000,2025-08-03T19:14:12.757372,"Torch - Tiny Flashlight ®
6.0.5",Nikolay Ananiev,18 Jul 2025
3F7F1CD77F23E6950F9CD953BFE6C756B48F2B22C184583629DBDC2457DC8609,com.kayac.level_up_number,2021000,1981-01-01 01:01:02,2025-04-08 16:23:43.229346,100000000,2025-04-08T16:34:55.391137,"Number Master: Run and merge
2.2.10",KAYAC Inc.,25 Feb 2025
5CD80659894A928D8191D0DA3E5988E5FF2113AE6729019425CEE8F5AA3E0261,com.topchopgames.skyroller,20065,1981-01-01 01:01:02,2025-03-02 15:04:08.914834,100000000,2025-03-02T15:05:31.093744,"Sky Roller
1.29.2",Homa,12 Nov 2024
0C43570E6347C3B7B0C8F1AD38837D964C3B427936DBB85652330512874E627D,com.cuvora.carinfo,515,1981-01-01 01:01:02,2025-09-12 03:48:37.812485,50000000,2025-09-12T03:57:12.710680,"CarInfo - RTO Vehicle Info App
7.90.0",CarInfo - Challans| FASTag | Buy & Sell Cars,4 Sept 2025
87AD79737F402DA3D4F380F7F3A0596B2906841E20EA66C6CCA244989DB30A23,com.gamexis.racing.ferocity.apps,1356,1981-01-01 01:01:02,2025-10-02 17:56:05.024338,100000000,2025-10-02T17:58:38.728969,"Real Car Racing - Offline Game
13.5.6",GAMEXIS,9 Jul 2025
23E4502A6D1609D28C4CC84D48779562CC499408745382D12C4E0970F67DC7BE,com.playgendary.bowmasters,13412,1981-01-01 01:01:02,2025-09-09 08:21:06.525029,100000000,2025-09-09T08:22:17.210085,"Bowmasters - Shooting Games
9.2.0",Playgendary Limited,25 Aug 2025
25A7F61644E588AC3BAF4639241FC8BA78F85767787E382466284CE333C6F05D,com.sinyee.babybus.career,8730000,1981-01-01 01:01:02,2025-08-27 01:27:48.159079,50000000,2025-08-27T01:27:21.075702,"Baby Panda&#39;s Town: Life
8.73.00.00",BabyBus,15 Aug 2025
2168115BC539FA2138102B258335C45372D502A4FB10F4F593A2B077C1E8260B,com.bubadu.bubbuschool,44,1981-01-01 01:01:02,2025-02-24 18:16:35.224511,50000000,2025-02-24T18:24:20.108789,"Bubbu School - My Virtual Pets
1.44",Bubadu,14 Feb 2025
32E2FF3DDA3F77EAA9AD68950BAFE673DBAEDB29B1EEE7725115F7819F763EA6,com.skt.prod.dialer,13689,1981-01-01 01:01:02,2025-11-07 23:15:26.107084,50000000,2025-11-07T23:39:11.528298,"에이닷 전화
13.6.8",SKTelecom,3 Nov 2025
406D2C916959D117A2B9E8C49AE47504367E771037679655B0D9B6B5AB4A999C,com.calculator.hideu,2350,1981-01-01 01:01:02,2025-08-30 19:52:05.230591,100000000,2025-08-30T19:53:17.654019,"HideU: Calculator Lock
2.3.5",Smart Utils Dev Team,"Aug 18, 2025"
0E8BB4773C0FBEC207DF7080F9E45632256B3FD3FAFBA4B9812B7466DDC5A69C,com.dogbytegames.offtheroad,277,1981-01-01 01:01:02,2025-08-31 06:25:54.594409,100000000,2025-08-31T06:26:33.413855,"OTR - Offroad Car Driving Game
1.17.2",DogByte Games,22 Jul 2025
0333E39B707A97D892D23DD025098C9767BB03892E59C1B70E6BA17EC07DFFCB,breastenlarger.bodyeditor.photoeditor,126001,1981-01-01 01:01:02,2025-08-12 14:21:10.614824,50000000,2025-08-12T14:40:54.389730,"Face &amp; Body Editor - FixPlus
1.483.126",Photo Editor & Collage Maker,11 Aug 2025
1A50C0CC5978F937C7F3DC622B1E92672742EAE44145378DA0CA5D9FB178331B,com.sec.android.easyMover,376806130,1980-01-01 00:00:00,2025-11-04 00:47:26.895724,1000000000,2025-11-04T00:48:46.368787,"Samsung Smart Switch Mobile
3.7.68.6","Samsung Electronics Co.,  Ltd.",29 Oct 2025
400D2CEDF2B78196C54831F0D299B608011CCD8434D14D04DAE7D153D2A4BF32,com.bKash.customerapp,39008647,1981-01-01 01:01:02,2025-11-26 06:20:55.051901,100000000,2025-11-26T06:21:56.922079,"bKash
7.0.0",bKash Limited,15 Nov 2025
15238D7DFB1D3C5847A893900BB61A069F50E2A48FCB1C1CF5B2486BB825FBC9,com.storymatrix.drama,421,1981-01-01 01:01:02,2025-08-27 01:48:15.286561,100000000,2025-08-25T18:27:48.610296,"DramaBox - Stream Drama Shorts
4.2.1",STORYMATRIX,16 Aug 2025
03D29AE9604D6D60A6272A31895F4F7138C8D37A8C11E723573644AC35C835F4,com.cannonshot.game,228,1981-01-01 01:01:02,2025-08-10 13:51:21.224427,50000000,2025-08-10T13:51:48.093905,"Cannon Shot!
1.3.36",SayGames Ltd,11 Jul 2025
27D750995554850BB5445CD9B325D0C8A82C59BBE425BB076BAB5F46B4B97472,com.edujoy.masha.games,867,1981-01-01 01:01:02,2025-09-09 16:38:50.526407,100000000,2024-07-20T01:58:12.579577,"Masha and the Bear Educational
8.6.7",DTC Lab,24 Jun 2024
0FE40B8DB75E6EBDD0A9EBE394926B0C2F3F2756FA08B2A567AD5AAF20080330,com.kathleenOswald.solitaireGooglePlay,7408,1981-01-01 01:01:02,2025-10-13 01:54:24.044253,50000000,2025-10-13T01:54:40.997257,"Solitaire + Card Game by Zynga
11.8.1",Zynga,"Oct 2, 2025"
05737EB704C9CE456B90778DA2DA9EBDAC82648743B5C964351476DDED15F2CA,com.ea.game.nfs14_row,62901,1981-01-01 01:01:02,2025-10-24 09:04:33.517982,100000000,2025-10-24T09:04:50.778736,"Need for Speed™ No Limits
8.8.0",ELECTRONIC ARTS,16 Oct 2025
0EA0B029A4D30E6B23DC8385DD95A8543D35BE486CE98447A3B15AEDB11DEA6E,com.goibibo,2119,1981-01-01 01:01:02,2025-06-03 06:54:01.742969,50000000,2025-06-03T07:09:12.426896,"Goibibo: Hotel, Flight &amp; Train
19.1.6","Goibibo — Hotel, Flight, IRCTC Authorised Partner",21 May 2025
028BD5DC6EE711275C5B82B8AD2CB154EF916FA54B9DE2394F4F3FA6FC96E82D,net.peakgames.amy,1886700,1981-01-01 01:01:02,2025-03-10 09:56:07.700325,100000000,2025-03-10T09:57:47.872795,"Toy Blast
18867",Peak,7 Mar 2025
06CA1073C0D240D9339811BAF24C772BC7C7E4CCD22E5C965124B83BEBCC1268,com.easybrain.find.the.difference,32402001,1981-01-01 01:01:02,2025-08-09 02:27:13.307528,50000000,2025-02-20T16:22:43.841211,"Differences - spot &amp; find them
3.24.2",Easybrain,10 Feb 2025
1F908CFBB4B37BCD98C5EDB8161C8B04496D66B31E72981EC34FAA08CE40133D,com.weegoon.thiefpuzzle,147,1981-01-01 01:01:02,2025-04-22 03:28:23.638558,100000000,2025-04-22T03:30:12.579725,"Thief Puzzle: to pass a level
1.18.1",TapNation,15 Apr 2025
32E67560A4246D2B54369E38721234203AC1F3490D1F377DD09B8C85B4E8576F,com.crazylabs.soap.cutting,3915,1981-01-01 01:01:02,2025-08-31 12:42:31.857017,100000000,2025-08-31T12:42:01.498083,"Soap Cutting - Satisfying ASMR
3.9.1.5",Coco Play By TabTale,19 Aug 2025
566270857071890205DA99E64A106B09B5A46681CC445CE5CD0DFCC985F0CA31,com.totalbattle,340032365,1981-01-01 01:01:02,2025-11-26 16:00:51.520778,50000000,2025-11-26T16:00:38.434629,"Total Battle: War of Empires
340.3.2365-arm64-v8a",Scorewarrior,25 Nov 2025
0C484863F372306C5B470AD5EE3B0389DC5A18EC7BCA31F49B9BF4DB88E82F8A,com.shopclues,1273,1981-01-01 01:01:02,2025-08-09 06:57:02.199814,50000000,2025-08-09T06:58:35.160126,"ShopClues
3.6.73",ShopClues,31 Jul 2025
0B6C6662F1604EA00EEA9D38C510A25A706A73D4DEAC38390D025D5E9E1DFC81,com.popularapp.periodcalendar,330,1981-01-01 01:01:02,2025-05-13 01:16:01.954474,100000000,2025-05-13T01:16:05.018944,"Period Tracker Period Calendar
1.77.330.GP",Simple Design Ltd.,7 May 2025
00D1345A062AA2605B9233C59F3D78F022D5E91836BE4CBC1C3CB03677030451,ru.dublgis.dgismobile,232000584,1981-01-01 01:01:02,2025-11-18 18:22:26.867645,100000000,2025-11-18T18:28:23.464449,"2GIS: Offline map &amp; navigation
7.9.1.584.7",2GIS,14 Nov 2025
4235000956D14EB9389F0A992BB85999D548979F08FBF3CD594A65C8FA74021F,com.macrovideo.v380pro,159,1981-01-01 01:01:02,2025-10-21 22:05:22.475716,50000000,2025-10-21T22:06:52.146087,"V380 Pro
2.2.20","Guangzhou Hongshi information Technology Co., Ltd",16 Oct 2025
0017A7F8A14E907F3752CD20B91D0DB198323037EB42BBD2AD86E148B9C5D139,com.lbe.parallel.intl,10916,1981-01-01 01:01:02,2025-09-07 22:55:06.178365,100000000,2025-09-07T22:55:15.686065,"Parallel Space - app cloning
4.0.9544",LBE Tech,6 Sept 2025
25A38E0FDEB62AA1659BC9BC16EF2EFCB441EB0662F31835C073B74CB6B21393,gallery.hidepictures.photovault.lockgallery,201,1981-01-01 01:01:02,2025-11-06 04:15:05.987504,50000000,2025-11-06T04:16:10.836411,"Gallery - Photo Gallery, Album
2.0.1",InShot Inc.,22 Oct 2025
03EAC53BB147B9ABE3BB587FEC3B63FDAD8D6FEBF36E321D76FCD748F41F49F9,com.picsart.studio,993827814,1981-01-01 01:01:02,2025-08-04 17:38:24.059497,1000000000,2025-07-15T15:01:10.092030,"Picsart AI Photo Editor, Video
27.8.14","PicsArt, Inc.",11 Jul 2025
2696633EC285FD18B8FD95257966B4F76760AE371807F3559763B5504653CDB6,com.vectorunit.yellow,58,1981-01-01 01:01:02,2025-09-24 17:10:42.610281,50000000,2025-09-23T13:15:14.420842,"Beach Buggy Blitz
2025.09.15",Vector Unit,16 Sept 2025
05D4A2F4E72109B0E56027C5560BDBA92CFADD5F9AFCC9D4AAB58A585BD0E1B0,com.geishatokyo.snowballio,15010,1981-01-01 01:01:02,2025-03-18 11:58:54.036666,50000000,2025-01-19T15:50:46.623325,"Snowball.io
3.0.3","Geisha Tokyo, Inc.",12 Dec 2024
0BE99445A7D49B1928A8EED436BEF1812250FA9D9907D7CAE1AEC5A74A219827,com.master.hotelmaster,2391,1981-01-01 01:01:02,2025-09-14 02:35:12.178271,100000000,2025-09-12T00:25:40.159223,"My Perfect Hotel
1.26.5",SayGames Ltd,11 Sept 2025
7C1AEC39A5D1912E009BA5082262184297DF91F19D245A16D6E046A54A33276B,com.google.android.as,4701477,2009-01-01 00:00:00,2025-08-06 00:58:11.51208,1000000000,2025-08-06T00:58:18.933127,"Android System Intelligence
R.32.playstore.pixel2.427737905",Google LLC,10 Feb 2022
20AD07F149192C30878C2EB46E9E1B493C255947E578E594024A1A4046D29FA7,com.nttdocomo.android.dmenu2,2599,2025-06-17 11:21:16,2025-10-01 18:39:45.789576,50000000,2025-08-15T08:13:07.912158,"ｄメニュー
5.9.9",NTT DOCOMO,6 Jul 2025
0A75AE5ACF2B97AD2E8F4FC74A158977011CBF37D2D82611E48AA96257CCB4FE,sg.bigo.hellotalk,1433,1981-01-01 01:01:02,2025-08-12 05:20:23.778866,50000000,2025-06-17T13:07:50.890871,"Hello Yo - Group Chat Rooms
5.52.52",Hello Yo Pte. Ltd.,3 Jun 2025
2DABD12E3F3A59E7FCB28B926F4AD89748525B8D21E06D7773D995219F11AECC,com.riseup.game,200516,1981-01-01 01:01:02,2025-05-31 01:17:36.786079,100000000,2025-05-31T01:17:37.274427,"Rise Up: Balloon Game
300000.2.0",CASUAL AZUR GAMES,6 May 2025
00B473888842204FA372E51A1BFB44EF686DBE6349469ADFD9E8369093944EEF,ru.beru.android,358520,1981-01-01 01:01:02,2025-10-18 06:14:16.444974,50000000,2025-10-18T06:14:26.562669,Яндекс Маркет: онлайн-магазин,Mikromobilnost LLC Belgrade,"Oct 15, 2025"
04E5532758BDAEF01BB594AC2CA72010796E6383ADDD6E8C119D98C4DD649CC3,com.digidust.elokence.akinator.freemium,341,1981-01-01 01:01:02,2025-10-08 03:42:19.112147,100000000,2025-10-08T03:43:18.897176,"Akinator
8.9.1.1",Elokence SAS,"Oct 5, 2025"
1BCA0A0C0B8B1D6848A5DC890C84AF19BBF8DE5F11938309D3D589CB60024722,com.bentostudio.ballsvsblocks,135,1981-01-01 01:01:02,2025-01-12 01:42:02.952441,50000000,2025-01-12T02:09:31.934640,"Snake VS Block
135",VOODOO,9 Oct 2024
082DA8B41DE3296471FABA966B9CF6B432DC206E22D051E7C6E9DBBED4A367C1,com.vitastudio.mahjong,1117,1981-01-01 01:01:02,2025-08-16 09:23:04.008964,100000000,2025-08-16T09:23:04.428865,"Vita Mahjong
2.54.2",Vita Studio.,13 Aug 2025
051235A46658B8690732CC2BC2F9A0821A2034EC809E6DA97E2F919ED0B8303B,com.king.farmheroessupersaga,111400000,1981-01-01 01:01:02,2025-08-10 07:25:40.414277,50000000,2025-04-27T05:00:26.478856,"Farm Heroes Super Saga Match 3
1.114.0.0",King,16 Apr 2025
01CE065FE144D6AC0D6EC3149ADC258EABC39E4B4D8493FD2A4C37CC2C697714,com.tensquaregames.letsfish2,100298,1981-01-01 01:01:02,2025-08-11 10:34:21.011954,100000000,2024-06-24T15:56:46.833398,"Fishing Clash: Sport Simulator
1.0.298",Ten Square Games,18 Jun 2024
348436486D149F34FDFE2F22CE68941D415336A5BB4D46BA614450F531D7F840,pedometer.stepcounter.calorieburner.pedometerforwalking,96,1981-01-01 01:01:02,2025-06-30 17:29:08.468189,50000000,2025-06-30T17:53:28.056679,"Pedometer - Step Counter
2.3.9",Simple Design Ltd.,15 May 2025
0AA395AE5C7AA8CE2798F1F6FEC71D3AA4992943D1DB5902E989DB19EB62F4C4,com.biglime.cookingmadness,194,1981-01-01 01:01:02,2025-08-10 23:48:57.649266,100000000,2025-02-13T04:49:01.777059,"Cooking Madness: A Chef&#39;s Game
2.9.1",ZenLife Games Ltd,8 Feb 2025
0037CB4DD9248D88B41C449B5612E4C6AAE94F30E4532CE7B16387BEE817A464,com.gojek.gopay,1510,1981-01-01 01:01:02,2025-06-24 21:18:50.575145,50000000,2025-06-24T21:20:41.137719,"GoPay: Transfer Pulsa Bills
1.51.0",PT. GoTo Gojek Tokopedia Tbk,13 Jun 2025
032C28D5AED29A3523F760A06E71FD8B643F8138B51436096E236136C17B5ED2,com.huya.nimo,15149,1981-01-01 01:01:02,2025-03-19 05:34:50.744417,50000000,2025-03-19T06:05:15.994252,"Nimo TV - Live Game Streaming
1.11.44",HUYA PTE. LTD.,11 Mar 2025
3392B55C55E99E056653A9F39D22DF74A09DD777C8492AE1F03499FB2D3A384B,applock.lockapps.fingerprint.password.applocker,1311,1981-01-01 01:01:02,2025-06-06 15:25:31.294826,50000000,2025-06-06T15:33:36.802271,"App Lock - Fingerprint Lock
1.3.1.1",360 Tool,26 May 2025
0D4C697A3EF4501426868ADB14522E02319C2B4F5D10FD2C301BE3D91DA8117D,com.jrzheng.supervpnfree,133,1981-01-01 01:01:02,2025-10-24 01:50:20.720651,100000000,2025-10-24T01:51:10.588425,"SuperVPN Fast VPN Client
3.0.3",SuperSoftTech,20 Oct 2025
2A1620931DCC0319BE44D6C9444B31AB4E8D4F621C3A2C80CE4C6F879B5F3D92,com.lionstudios.mrbullet,55000,1981-01-01 01:01:02,2025-07-10 16:32:03.9573,100000000,2025-06-04T02:10:38.737579,"Mr Bullet - Spy Puzzles
5.50",Lion Studios,14 May 2025
239975D5875A241AF596D286EA254393ECBD0CC3A77F3EE18D2A4BA9DB517E9F,com.crazylabs.foot.doctor,1699,1981-01-01 01:01:02,2025-08-12 15:06:52.748023,50000000,2025-01-24T13:06:22.995976,"Foot Clinic - ASMR Feet Care
1.6.9.9",Coco Play By TabTale,11 Sept 2024
0164498C2F87119E97BB0E09657B800049CA0CCE1DCC27ABF8068F2670684AED,com.amanotes.gs.g06,511,1981-01-01 01:01:02,2025-11-26 04:17:44.164157,50000000,2025-11-26T04:19:10.564730,"Duet Cats: Music &amp; Meow Game
1.5.11",AMANOTES PTE. LTD.,20 Nov 2025
10A36AB10DC05151185F6617188EE6B83A3FABD5F5E741A97F4E1330CDF99D10,com.dodreams.driveahead,372,1981-01-01 01:01:02,2025-05-13 20:23:46.904468,100000000,2025-05-13T20:24:19.354197,"Drive Ahead! - Fun Car Fight
5.0",Dodreams Ltd.,30 Apr 2025
1923FEC1775157678BC5F198E80D7E1109A83C3A513137DA06B5C24E418F03A7,com.snake.io.slither.worms,462,1981-01-01 01:01:02,2025-11-06 03:35:38.073975,100000000,2025-11-06T03:36:26.124070,"Snake Lite - Worm Snake Game
4.26.2",Hippo Lab,11 Oct 2025
DB6D7DE1EE5F95BD0FB0F76F75804FC9B004047919346F384591C2BDCDF2BEAC,com.robtopx.geometrydashsubzero,10,1981-01-01 01:01:02,2025-02-03 21:42:15.744946,100000000,2025-02-03T21:41:59.744023,"Geometry Dash SubZero
2.2.145",RobTop Games,31 Jan 2025
24EBB9B87DFAA20FE73E28E086EFFEF6FF6FF9434D688B78C4F4D0FC33497FF1,com.ducky.bikehill3d,442,1981-01-01 01:01:02,2025-06-18 15:31:41.365138,100000000,2025-06-18T15:31:42.570203,"Riding Extreme 3D
2.10.1",playducky.com,24 Apr 2025
08349F68A1475960345596BD04161FBCC17B06A330266B7770624748D4EC7134,com.zillow.android.zillowmap,93449,1981-01-01 01:01:02,2025-08-15 13:36:38.817999,50000000,2025-08-15T13:40:03.717784,"Zillow: Homes For Sale &amp; Rent
2025.31.0.93449",Zillow,"Aug 8, 2025"
096AA7BD9EBF3922D522A673A3DD18561A114E730401717D0300DD4FBBEA59B5,com.octro.teenpatti,423,1981-01-01 01:01:02,2025-08-05 23:42:19.338304,50000000,2024-01-19T14:41:56.576866,"Teen Patti Octro- 3 Patti Game
10.3","Octro, Inc.",27 Dec 2023
29E5B5F3EB4C6185A2423A5486F38979C6EAFB06CAD5C27FDE1329FC53815DA5,com.thinkyeah.galleryvault,405016,1981-01-01 01:01:02,2025-09-29 08:42:28.541908,50000000,2025-09-29T08:51:02.487783,"Gallery Vault-Hide Photo Video
4.5.16",GalleryVault Developer Team,25 Sept 2025
007604E5B5CB285AB8ABAD9FD664D8E65EC4A017D48E8AC677E2E27E96BCDE5C,com.vicman.toonmeapp,825,1981-01-01 01:01:02,2025-11-26 06:38:08.317416,100000000,2025-11-26T06:38:03.826571,"ToonMe - cartoons from photos
0.7.19",PHOTO LAB DMCC,13 Nov 2025
0152F9889D01B8E51BBAFA6E2F6F367BDE2C859455A3E8FBEE42D10DD3FE0293,aplicacion.tiempo,719,1981-01-01 01:01:02,2025-06-05 23:33:01.369637,50000000,2025-06-05T23:36:42.028334,"Weather 14 days - Meteored
8.6.11_free",Meteored,3 Jun 2025
1C3FE45585739A1A9A6D4FB5B18D56B971A334D0FA483DAB4D1F05694D99DD56,com.lmr.lfm,311,1981-01-01 01:01:02,2025-08-16 08:15:39.089798,50000000,2025-08-16T08:17:17.915400,"LMR - Copyleft Music
3.1.1",Lyubomir Hristov,8 Aug 2025
4786504E65BEA37B79BF1D2BEAC28019B7E6BFB6BE361822843E181A80CA81B0,com.mind.quiz.brain.out,3031701,1981-01-01 01:01:02,2025-10-11 20:55:12.049653,100000000,2025-10-11T20:56:03.363659,"Brain Out®: Can you pass it?
3.3.7",Focus apps,30 Sept 2025
0B756D2BCEBCE2A78E8CE3CC436631EBC2FC9A76A440D7E35589CAFC1334582D,com.foosegames.brasiltuning2,400020,1981-01-01 01:01:02,2025-09-11 14:33:37.19256,50000000,2025-09-11T14:34:21.558546,"Brasil Tuning 2
400020",Virtua Games - Jogo de Moto e Carro - Bike Games,28 Aug 2025
05087C79699AE02A6B7BEB7D8F278D63CAC5FB07536222E0EFBECA48E831882D,com.supercell.clashroyale,110449005,1981-01-01 01:01:02,2025-07-08 13:02:14.918762,500000000,2025-07-08T13:02:16.118614,"Clash Royale
110449005",Supercell,30 Jun 2025
51BAAB098AF882EB402BBEA24CF25712F42B1C023D4F4079E8BA8CCE0B2CB722,com.dencreak.dlcalculator,172,1981-01-01 01:01:02,2025-05-31 23:35:55.478708,100000000,2025-05-31T23:36:58.574883,"ClevCalc - Calculator
2.23.13",Cleveni Inc.,23 May 2025
0DDAAE26918FE938CD5F191796E4BF5BD38430A557CDF5A1E480E90830D2A30D,it.rortos.realflight,2050400,1981-01-01 01:01:02,2025-09-17 16:44:01.324059,50000000,2025-09-17T16:46:41.273342,"Airline Commander: Flight Game
2.5.4",RORTOS,12 Sept 2025
384C340A66DAA497F52DFB33818D9D04D90DC8BFC27A36764A650F8007FDA903,com.camerasideas.trimmer,1199,1981-01-01 01:01:02,2025-01-20 06:00:41.196719,100000000,2025-01-09T11:32:54.116516,"YouCut - Video Editor &amp; Maker
1.660.1199",InShot Video Editor,25 Dec 2024
02B59910663C5C4B64FB80BAC0FA5538F56C0F6A08DEF36F536454CC72228C6A,br.gov.caixa.fgts.trabalhador,1920322340,1981-01-01 01:01:02,2025-09-30 03:51:12.433839,100000000,2025-09-30T03:51:23.083327,"FGTS
5.1.0",Caixa Econômica Federal,26 Sept 2025
043598E4DDF36ED9BE940F839014DE1C58223C243B321EB1BAA90238D8A295A9,com.easybrain.jigsaw.puzzles,40300064,1981-01-01 01:01:02,2025-10-03 07:12:26.507405,100000000,2025-10-03T07:13:58.785661,"Jigsaw Puzzles - Puzzle Game
4.3.0",Easybrain,25 Sept 2025
085196848A2AED9EA72433E2EA560A06A4FF18F08A4873535FEE8F750A0E6FD1,com.ketchapp.rider,2003020002,1981-01-01 01:01:02,2025-08-13 22:41:43.968676,100000000,2025-08-13T22:43:27.290130,"Rider – Stunt Bike Racing
3.02.0.02",Ketchapp,4 Aug 2025
86903817DEAB7D627F5ACCA5EA98EE91D5BFB202D7C77E22862AEAABD49AB363,com.motorola.spaces,310311806,1981-01-01 01:01:02,2025-09-15 00:13:18.315241,100000000,2025-09-15T00:14:27.056776,"Family Space
3.1.18.6",Motorola Mobility LLC.,20 Jan 2025
015506CC7786A3A883548D5904FF8DFD2C990E4422735CF698F5D5AFCFA0FCAE,com.giphy.messenger,1000502,1981-01-01 01:01:02,2025-08-08 19:03:40.227749,50000000,2025-04-17T07:51:43.005475,"GIPHY: GIFs, Stickers &amp; Clips
4.13.5","Giphy, Inc.",4 Apr 2025
0109F8BDA56940142E4C8DF272A78FE92A425FEFC3C529DAB4D63CAF9C19914D,com.google.android.apps.photos,50548066,1981-01-01 01:01:02,2025-08-10 04:41:19.024844,10000000000,2025-08-10T04:43:16.234927,"Google Photos
7.40.0.792701077",Google LLC,8 Aug 2025
2401F739547484212820A2687C40A5EB9582C3D50D1C7D9CE4516F3E890BB8FD,com.JacobVanHaag.ColorMatch,544,1981-01-01 01:01:02,2025-08-09 16:40:21.415968,50000000,2025-08-09T16:40:56.077341,"Color Match
3.79",Supersonic Studios LTD,"Jul 23, 2025"
091BDB70A9B6ABFF902F7C101AB1E2C7A65F48131A464848DAF65587EA616E02,com.playgendary.creamaster,666,1981-01-01 01:01:02,2025-01-28 05:50:19.912203,100000000,2025-01-28T05:56:01.971476,"Perfect Cream: Icing Cake Game
2.1.0",CASUAL AZUR GAMES,12 Dec 2024
0A8B103D628CAF155CC7C1054BECCF11A6140C00DFA28E54A301C2D726C473CD,uk.co.aifactory.chessfree,231,1981-01-01 01:01:02,2025-10-05 00:29:14.829725,50000000,2025-10-05T00:36:01.493706,"Chess
4.11",AI Factory Limited,2 Oct 2025
05DB13E6DAEC690C117E80F48458FA9C122C7B01E634976E755BDDBCBE145FF0,com.vpnbottle.melon.free.unblock.fast.vpn,90081,1981-01-01 01:01:02,2025-08-15 18:32:13.403826,50000000,2025-08-15T18:34:27.590548,"Melon VPN - proxy in low cost
9.0.081",WILDLOOK TECH PTE. LTD.,15 Aug 2025
03F67C579B6A985BE59786C893AB206CD440A59C7D7323A6BBDB9465BEB35D24,com.cyberlink.youperfect,10060702,1981-01-01 01:01:02,2025-06-13 05:24:58.997891,100000000,2025-06-13T06:28:19.635547,"YouCam Perfect - Photo Editor
6.7.0",Perfect Mobile Corp.,6 Jun 2025
0785B769E3996DD8C8DBC643CA04FCD7008059BD0681BD1DB7E70A41542105FE,com.fun.games.commando.black.shadow,251,1981-01-01 01:01:02,2025-03-12 11:01:39.484586,100000000,2025-03-12T11:01:43.522318,"Real Commando Secret Mission
25.1",GAMEXIS,24 Feb 2025
13FE0E3FB224577398F0D5B49AB02D008EB8954349DF38E3282F3D5AE25E5DC2,com.kii.safe,6402,1981-01-01 01:01:02,2025-06-22 19:12:38.465346,50000000,2025-06-22T19:18:59.517279,"Private Photo Vault - Keepsafe
13.14.1",Keepsafe,11 Jun 2025
3B755CEEFAD8A001B552E64359BD92230E48CF1ADADE20E0E9D9DB4031FA7E41,com.cpuid.cpu_z,51,1981-01-01 01:01:02,2025-07-02 16:14:56.130672,100000000,2025-07-02T16:26:39.583599,"CPU-Z
1.51",CPUID,24 Jun 2025
02774B2051370DEA006CC3CC4FA75F000E4D67BF7114E4809CAD6D881E687AB7,us.zoom.videomeetings,6603050,1981-01-01 01:01:02,2025-01-14 03:57:14.795055,1000000000,2025-01-14T03:54:20.949514,"Zoom Workplace
6.3.5.26830",zoom.com,6 Jan 2025
0D3E0C0974E41ACE7CAA230B6A0466DB8D814BB7935BEA84893971F64078B608,com.kreditbee.android,217,1981-01-01 01:01:02,2025-06-23 10:06:37.486765,50000000,2025-06-23T10:12:17.971460,"KreditBee: Instant Loan App
2.1.7",Finnovation Tech Solutions Pvt Ltd,4 Jun 2025
500D169C4B4DAF8E00CAB8BB30E3224089B8BF072AFF956EC563FB44F9D5E17D,com.ecareme.asuswebstorage,568,1981-01-01 01:01:02,2025-10-14 19:42:19.931991,100000000,2024-06-30T15:38:23.494410,"ASUS WebStorage - Cloud Drive
3.16.5.2",ASUS Cloud Corporation,20 Jun 2024
A688B6C218623A90B76A168B2C97FF70C9DFE36E220C11CF32FFC1AE86253DF0,com.shopee.vn,35524,1981-01-01 01:01:02,2025-08-07 01:05:03.066518,100000000,2025-08-07T01:08:17.667689,"8.8 Siêu Hội Voucher
3.55.24",Shopee,25 Jul 2025
19347F2222BB9B1F68710AB2FBCC7AFACCCFE5D894780A5DEDB96C10FB3B915D,com.apps.MyXL,1162,1981-01-01 01:01:02,2025-05-13 20:07:01.78958,50000000,2025-05-13T20:10:43.046175,"myXL - XL, PRIORITAS &amp; HOME
8.3.0",XLSMART,29 Apr 2025
01530DB0C88FD78A73D360A0C1D17144C011FB6950FDFDEBE94ACAAD3B792BDD,com.netmarble.mherosgb,248101,1981-01-01 01:01:02,2025-01-13 20:17:20.711812,100000000,2025-01-13T20:15:33.759971,"MARVEL Future Fight
10.6.1",Netmarble,29 Dec 2024
0D9500A63DAC2728BCFB49BF07D90509B04448BBB3009F58C4E920E99ED8B6DA,net.froemling.bombsquad,22536,1981-01-01 01:01:02,2025-09-08 17:21:12.600625,50000000,2025-09-08T17:21:40.119238,"BombSquad
1.7.51",Eric Froemling,6 Sept 2025
0B8625C950C2869A7C46BF908B13B9E1F0FCCD58E7D5947AC4A4BF6C48839C30,fall.stars.race,314,1981-01-01 01:01:02,2025-10-13 08:23:01.343127,50000000,2025-10-13T08:23:22.910135,"STAR: Super Tricky Amazing Run
2.14.1.0",CASUAL AZUR GAMES,"Oct 10, 2025"
10740BBE28819AC4DBC180024EC7CD7A342F5CFB194355010BF03207F8BA1439,com.itau,1625,1981-01-01 01:01:02,2025-10-19 04:35:09.506082,100000000,2025-10-19T04:35:26.554346,"Banco Itaú: Conta, Cartão e +
7.117.2",Itaú Unibanco S. A.,"Oct 14, 2025"
0C1B616FB22B9D25071C08D8200B816F91681C3CD466141366DD2A945BCD8715,com.wbd.stream,35369961,1981-01-01 01:01:02,2025-06-15 05:19:17.56493,100000000,2025-06-15T05:10:18.740690,"Max: Stream HBO, TV, &amp; Movies
5.15.0.75","WarnerMedia Global Digital Services, LLC",30 May 2025
005ACF0B87C1FCDD816CC738E19075738DCA9A7E3724970CE502438A74741B3A,com.movile.playkids.pkxd,13732,1981-01-01 01:01:02,2025-07-06 12:38:31.348251,100000000,2025-07-06T12:41:09.186247,"PK XD: Fun, friends &amp; games
1.71.2",Afterverse Games,27 Jun 2025
07897191D8435126C9A23BDEFD14711108F5C8620A078440C0B35A7C86DE9867,com.nhn.android.band,26000287,1981-01-01 01:01:02,2025-07-01 00:29:52.209413,50000000,2025-07-01T00:53:09.511187,"BAND - App for all groups
22.1.2",NAVER Corp.,23 Jun 2025
15DAE03786780AD4B87EDF451021A8551A356EE06303A3020BC14CE93C1D9D3D,mydiary.journal.diary.diarywithlock.diaryjournal.secretdiary,10348,1981-01-01 01:01:02,2025-04-09 00:57:50.699006,50000000,2025-04-09T01:20:52.010873,"My Diary - Daily Diary Journal
1.03.87.0402",Dairy App & Notes & Audio Editor & Voice Recorder,2 Apr 2025
05F822B0FBFF1798EC43453F2AAA53C04C3D0A84450322C079556E5C257A4A59,recorder.screenrecorder.videoeditor,15010,1981-01-01 01:01:02,2025-03-16 03:47:02.413484,50000000,2025-03-16T03:47:04.308144,"Screen Recorder Video Recorder
1.5.0.1",Video Player & Cast to TV,6 Mar 2025
069A0F9539EEAA5BF5552476467917D475B357EE2A1E122E92253D7C8D503A37,com.supercell.clashofclans,170018014,1981-01-01 01:01:02,2025-03-04 14:20:41.716279,500000000,2025-02-25T14:45:13.718337,"Clash of Clans
17.18.13",Supercell,20 Feb 2025
046FD5D405F11CB22B8C7E103F29EBCA3BC1A0D1D119E477A6B3EA5769281C60,org.thoughtcrime.securesms,151900,1981-01-01 01:01:02,2025-03-08 13:14:32.446263,100000000,2025-03-08T13:15:52.819974,"Signal - Private Messenger
7.36.2",Signal Foundation,5 Mar 2025
016A69C22ECE2F653579D642852DC65317BF66A161475DD5EBD439DE925C0EF1,com.duolingo,1982,1981-01-01 01:01:02,2025-08-06 18:17:09.453604,500000000,2024-10-30T04:29:58.793846,"Duolingo: Language Lessons
6.5.3",Duolingo,28 Oct 2024
2506832E4E4D0CCB99D1FC4766EFEDEC5A5D8978A2E5A19738E02195AF6E42A7,com.felicanetworks.mfs,1352510,1981-01-01 01:01:02,2025-09-21 09:12:36.030776,100000000,2025-09-21T09:32:08.251784,"おサイフケータイ 設定アプリ
35.25.10","FeliCa Networks, Inc.",11 Feb 2025
070D0502BD9C089E068CC3A5022D53D6729A910A5CC7F6C53EA737E18C3BE95D,com.generagames.resistance,330,1981-01-01 01:01:02,2025-01-07 05:16:42.034415,100000000,2024-11-23T11:15:11.544765,"Cover Fire: fun shooting games
1.32.10",Viva Games Studios,21 Nov 2024
55E19F9723E371A1B72CBA43D93730F223EF38CC9C8BD6438084CD347044942B,com.GMA.Ball.Sort.Puzzle,812,1981-01-01 01:01:02,2025-08-09 17:12:27.001255,100000000,2025-08-09T17:14:22.437152,"Ball Sort Puzzle
23.2.2",HM Games Pty Ltd,26 Jun 2025
3299D17359AA5F88D8F4AB57730E5C915934A0D811E920E8BD11796A373F5E64,com.budgestudios.StrawberryShortcakeBakeShare,2922,1981-01-01 01:01:02,2025-07-17 22:37:29.919522,50000000,2025-07-17T22:41:11.150026,"Strawberry Shortcake Bake Shop
2025.1.0",Budge Studios,4 Jul 2025
0F2F9F652B7C7FBBF3CB906771C96E7D2F354752C862A0DDE9C627E50F78B4B1,com.crazylabs.amaze.game,5200,1981-01-01 01:01:02,2025-08-16 04:31:52.584455,50000000,2025-01-16T18:06:23.985960,"AMAZE!
5.2.0.0",CrazyLabs LTD,16 Dec 2024
4B43DA75DAD4F9B7E0EB3E590D7B301B07B94119250F340D449D7EEDE69E9185,com.PoxelStudios.DudeTheftAuto,310009,1981-01-01 01:01:02,2025-08-16 18:47:20.271928,100000000,2025-08-16T18:48:49.723812,"Dude Theft Wars: Offline games
0.9.0.9f5",Poxel Studios Games,13 Aug 2025
09DDC6F74BDED7B30DFB5D3F9076CF1A1E5FBAB1CC9CB44A5BD4EA6477C32120,com.playrix.homescapes,150082505,1981-01-01 01:01:02,2025-09-23 20:25:08.767002,100000000,2025-09-23T20:27:04.252480,"Homescapes
8.2.505",Playrix,22 Sept 2025
121BB70620C0E890CF0800DB72653AE311923286637F26850D836D209CF992A0,photography.blackgallery.android,2519,1981-01-01 01:01:02,2025-06-23 21:38:32.701932,50000000,2025-06-23T21:52:26.526822,"Gallery
2.5.19",gallery,10 Jun 2025
075F836FCFA41E66C5E2556FA217DC9462F72ADA589529BE70EDEFAB61C3CE3B,jp.pokemon.pokemontcgp,202971,1981-01-01 01:01:02,2025-11-03 13:06:47.600422,50000000,2025-11-03T13:07:02.548658,"Pokémon TCG Pocket
1.4.0",The Pokémon Company,1 Oct 2025
064C3117EF7ED6405C0620411BDB57063551FC0F80FF485631723C85EE207484,com.dopuz.klotski.riddle,56501,1981-01-01 01:01:02,2025-07-16 13:59:06.989283,100000000,2025-07-16T13:58:45.796143,"Numpuz: Classic Number Games
5.6501",DoPuz Games,11 Jul 2025
0567A46C204EBA71198E1B78D009F052BA5EBDF2CD6F4305072BC890024684D3,com.superking.parchisi.star,400,1981-01-01 01:01:02,2025-04-15 03:07:59.532613,100000000,2025-04-15T03:08:51.654871,"Parchisi STAR Online
1.240.2",Gameberry Labs,14 Apr 2025
03FA3CDB030B668AE1FB1608117511FA2016CD7BF14D4EE10E7CBE37B8E2AD44,com.google.android.apps.classroom,300042134,1981-01-01 01:01:02,2025-11-06 02:33:41.825662,100000000,2025-11-06T02:36:44.558649,"Google Classroom
3.44.819890698",Google LLC,17 Oct 2025
0C10DE1D99EFFA914DA273C83B4AC4151FA76C1E13CAA96ED9BF8EBAB67BB502,com.handmark.expressweather,90074,1981-01-01 01:01:02,2025-03-28 09:09:09.464566,100000000,2025-03-28T09:05:44.514620,"1Weather: Forecast &amp; Radar
9.7.4",OneLouder Apps,21 Mar 2025
1722E4EE6F67594221DC9258E70FEF6CE262C2DB5EE4B3EA6FC3C0EBAA0326EE,at.nk.tools.iTranslate,1073,1981-01-01 01:01:02,2025-08-13 07:09:51.976219,50000000,2025-08-13T07:09:27.190770,"iTranslate Language Translator
7.1.0",Mosaic Srl,12 Jul 2025
0AACD6D8B9A99454025C147C5FA31D7912B8891970C5A3239FE546BB5CE83E94,com.adobe.scan.android,250399872,1981-01-01 01:01:02,2025-01-12 00:02:56.158157,100000000,2025-01-12T00:18:21.133790,"Adobe Scan: PDF Scanner, OCR
25.01.07-google-dynamic",Adobe,7 Jan 2025
0CF31B10A6B0E4A46A2EEFF1D2FE2A7189DA54E712C899447910350FB51D5AB9,com.lightx,510,1981-01-01 01:01:02,2025-08-04 17:25:15.923239,50000000,2025-05-18T17:28:13.956097,"LightX AI Photo Editor Retouch
2.4.3",AndOr Communications Pvt Ltd,18 Apr 2025
0581160878922BEF6472E825574226C9C53AB64A5004219330E93F4EB47AF527,com.bigbasket.mobileapp,24104110,1981-01-01 01:01:02,2025-10-10 11:31:12.460086,100000000,2025-10-10T11:32:51.591064,"bigbasket: 10 min Grocery App
8.10.2",Bigbasket.com,3 Oct 2025
17D5FFA70F82FD96748D953AF142203D1244D3423E440B82359C129FB934A093,com.avast.android.cleaner,800010880,1981-01-01 01:01:02,2025-08-15 23:25:16.827515,50000000,2024-12-11T17:29:09.829332,"Avast Cleanup – Phone Cleaner
24.22.0",Avast Software,12 Nov 2024
0846CD6DF3CB24AA32AA9FCBBFB33CFCFDAA6242632C04D56294D1C3E65C1599,com.imangi.templerun,29066932,1981-01-01 01:01:02,2025-04-11 19:47:10.255799,500000000,2025-04-11T19:47:33.924485,"Temple Run
1.30.2",Imangi Studios,7 Apr 2025
4A05A86A3CA991201E681DC3FF7AAE85EAE9DC0B5CD3CF0F501E5B5D30441A29,com.unicostudio.braintest,2778,1981-01-01 01:01:02,2025-03-22 12:51:28.578895,100000000,2025-03-22T12:51:13.480934,"Brain Test: Tricky Puzzles
2.759.2",Unico Studio,10 Mar 2025
29642158718774EDA3920A7076E2082B507C684D96438ACA5F61D4C6C4B21DAD,com.rubygames.slingdrift,36024,1981-01-01 01:01:02,2025-08-16 22:30:29.44455,50000000,2025-08-16T22:32:57.822599,"Sling Drift
5.0.0",CASUAL AZUR GAMES,"Jul 25, 2025"
039B4D40286448FF94B59705B52A9B3FBAF6D8133920AB393DF15C5B0B66C5F6,com.outfit7.mytalkingangela2,1050,1981-01-01 01:01:02,2025-01-23 07:52:33.771367,100000000,2025-01-23T07:56:07.188519,"My Talking Angela 2
3.1.5.29456",Outfit7 Limited,14 Jan 2025
0354491941ED5CDDD9F62A50139CA5F3C30BABBE1FFBFE1FBF71CD94C032747F,com.sega.sonicdash,1725381340,1981-01-01 01:01:02,2025-05-21 22:04:54.328032,100000000,2025-05-21T22:05:55.103411,"Sonic Dash: Speed Runner Game
8.9.1",SEGA,20 May 2025
20DEF802A76CBEADCE46861A60C651FBB085B4CD02D1636D414AA01C5630B377,com.google.android.apps.photosgo,20747316,1981-01-01 01:01:02,2025-02-04 00:52:51.679028,1000000000,2025-01-16T17:29:42.263900,"Gallery
1.9.2.712403868 release",Google LLC,6 Jan 2025
2359795D5B8815D95AF748B265880EA5C105555D71E491892D89FEBDD3F87CAA,com.mobilityware.solitaire,6269,1981-01-01 01:01:02,2025-08-29 17:56:46.817208,100000000,2025-08-29T17:58:53.363063,"Solitaire - Classic Card Games
9.1.6.6269",MobilityWare,26 Aug 2025
33348CD7F3C72A2FE79AC5076E8C1388FEB588563120EEE99619293AF8368099,com.easybrain.number.puzzle.game,13200004,1981-01-01 01:01:02,2025-08-07 11:47:09.497341,50000000,2025-04-06T10:41:20.981495,"Number Match - Numbers Game
1.32.0",Easybrain,3 Apr 2025
113118D5E84E7B10A6C96CFB8291F49B353811DA97E3A1A0786E26EFBDFFC899,com.zynga.words,330001,1981-01-01 01:01:02,2025-02-06 01:41:37.446166,50000000,2025-02-06T01:43:10.597626,"Classic Words With Friends
33.00.01",Zynga,28 Jan 2025
2B68ADEB7C56AF03A9F4A2E57132BC5D2BFC10AFA61DB865EDD95AA98D389BB8,com.joeware.android.gpulumera,61705,1981-01-01 01:01:02,2025-08-15 15:59:57.708305,100000000,2025-08-15T16:01:53.901185,"AI Fortune &amp; Beauty Cam
7.7.0.1-play",Studio SJ,24 Jul 2025
0F62262B55A08B1EF00EBD62AE9B901F5B181652C16693358F1C83F4DB64790B,ru.tele2.mytele2,169181984,1981-01-01 01:01:02,2025-08-09 15:03:46.197935,50000000,2025-07-26T20:45:10.248080,"t2. Новый уровень
6.21.0",t2,16 Jul 2025
07F1CCE43491EA1AE9F0492E5681DCB50ED4E8051C81B76C4700E611943267F6,com.bigwinepot.nwdn.international,202507211,1981-01-01 01:01:02,2025-03-06 03:09:37.92354,100000000,2025-03-06T03:11:48.266956,"Remini - AI Photo Enhancer
3.7.937.202507211",Bending Spoons,27 Feb 2025
0FBFA20D6374A066EB062DAF7BD3F41CA6704FCB7DC5AFA633F06823A098F365,com.quvideo.xiaoying,6925053,1981-01-01 01:01:02,2025-03-10 11:57:17.978258,500000000,2025-03-10T11:57:27.386278,"VivaVideo - Video Editor&amp;Maker
9.25.5",QuVideo Inc. Video Editor & Video Maker App,9 Mar 2025
0B3D2D84C87BDDA64306B9C77528B185F92D10D2AAE92A8F92135C5557735567,com.ovelin.guitartuna,136856,1981-01-01 01:01:02,2025-08-06 12:05:14.250124,100000000,2024-06-27T05:33:27.372064,"GuitarTuna: Tuner,Chords,Tabs
7.54.0",Yousician Ltd.,17 Jun 2024
0C0C24B5B4B71C93871EDE9E0CEB03E65CD94A72419CB915F0C3705896095787,com.outfit7.mytalkingtomfriends,202503000,1981-01-01 01:01:02,2025-08-06 02:44:33.679886,500000000,2025-08-01T10:29:59.035204,"My Talking Tom Friends
25.3.0.15489",Outfit7 Limited,25 Jul 2025
056A6B154C3C1BA653FD1750AEE25CA769E22F2C1CDDB9F86A31A892FC29F42E,com.outfit7.talkingtom2free,200600000,1981-01-01 01:01:02,2025-07-10 16:44:43.310517,100000000,2025-06-02T14:20:03.182720,"Talking Tom Cat 2
6.0.0.223",Outfit7 Limited,29 May 2025
55674F1FD43E5A844B8A0862053273D39C99A65796AE563A4B69D12F8D319217,com.demin.emojipuzzle,119,1981-01-01 01:01:02,2025-03-14 20:58:47.594101,100000000,2025-03-14T20:59:09.912424,"Emoji Puzzle!
8.8",Supersonic Studios LTD,8 Jan 2025
0130D61115C8404CB1A1C435DF78136AED9DD843D2405F6AF97578D442DE2CFC,com.topfreegames.bikeracefreeworld,2025007291,1981-01-01 01:01:02,2025-08-29 22:00:37.321879,100000000,2025-08-29T22:01:41.035337,"Bike Race：Motorcycle Games
8.6.5",Wildlife Studios,28 Aug 2025
0CE8F322CC4FF41C374AB7AD03757E4BF9DF2EB9BDB49D81CC79A19FB893B909,com.skype.raider,1250184629,1981-01-01 01:01:02,2025-02-06 06:09:43.668865,1000000000,2025-02-06T06:09:44.095178,"﻿Skype
8.136.0.203",Skype,5 Feb 2025
1DD8E968332801BD06A3C9C1D485229B88DC59F4A1081305CD3A9A9C7FEFFCA6,com.kabam.marvelbattle,137269900,1981-01-01 01:01:02,2025-08-07 05:53:14.906192,100000000,2025-08-07T05:55:02.150531,"Marvel Contest of Champions
52.0.0","Kabam Games, Inc.",23 Jul 2025
073E027C2B769C10F2BEC3BF2F1C584A75E694597C2AE3D4F5E44D1550149BE1,com.google.android.apps.healthdata,200039,1981-01-01 01:01:02,2025-08-11 07:42:42.682257,500000000,2025-08-11T07:43:38.213514,"Health Connect
2025.06.26.01.release",Google LLC,1 Aug 2025
1C4E3C0DCAC32B32C5673EAAE33DDEAF3CB04E3122F0E365AABCA2515C103008,com.cyberlink.photodirector,90200120,1981-01-01 01:01:02,2025-05-07 23:11:47.111352,50000000,2025-05-01T18:32:59.527134,"PhotoDirector: AI Photo Editor
20.1.2",Cyberlink Corp,21 Apr 2025
07369E489DBBF6E4A85C365158786768FB936C4DD8D543C841AA5ED8ED19DF13,org.telegram.plus,21830,1981-01-01 01:01:02,2025-11-22 10:30:15.760023,50000000,2025-11-22T10:30:49.163439,"Plus Messenger
12.2.3.0",rafalense,21 Nov 2025
18C8EC3CE365D86176F7D436AA674AE65DE34F4C12F28778F02A83063D3EDC55,line.color.adventure,325,1981-01-01 01:01:02,2025-05-25 17:31:49.851768,100000000,2025-05-25T17:35:38.439950,"Colour Adventure: Draw a Path
1.18.1",CASUAL AZUR GAMES,12 May 2025
225415BED1D71DB538EC21B89A00B5A41005F2B028AFC0CE78B3DBA2A655AF8C,com.chaloapps.roosterrudy,340,1981-01-01 01:01:02,2025-04-07 15:24:29.32196,50000000,2025-04-07T15:25:00.703921,"Chicken Gun
4.6.01",ChaloApps,17 Mar 2025
0631310AC148082C34885B1FD2614498AA10179F600C44EB7416572516CB1383,com.blackout.word,1906,1981-01-01 01:01:02,2025-03-30 04:32:21.79467,100000000,2025-03-30T04:29:58.300879,"Word Search Quest: Word Puzzle
1.90.6",Blackout Lab,17 Mar 2025
41085DD74A1C4B55D858532E5905EF906DBE15B4BC5731B9ECC08AD380E84691,com.bandagames.mpuzzle.gp,798,1981-01-01 01:01:02,2025-09-28 23:21:33.726336,100000000,2025-09-28T23:25:09.364862,"Magic Jigsaw Puzzles－Games HD
7.22.0",ZiMAD,19 Sept 2025
0A36E9DEB354DF7629B64B97B1CAE54C1F2F8F599A2391B4BAA5D5AB848BD2E3,br.gov.dataprev.carteiradigital,1214,1981-01-01 01:01:02,2025-09-10 05:09:31.110383,100000000,2025-09-08T22:38:57.727497,"Carteira de Trabalho Digital
8.0.1",Serviços e Informações do Brasil,28 Aug 2025
03F3B26FFEDAF35A77C5070C8398B20EE030858E5CFBBD5E8BD3D9FEE340464E,com.bitmango.go.wordcookies,739,1981-01-01 01:01:02,2025-11-26 00:20:13.348781,50000000,2025-11-26T00:20:53.095388,"Word Cookies! ®
25.1119.00",BitMango,17 Nov 2025
10405C1B5AC6DB70988A3624DA6C89731A688FC08BCEE184083F1004C20D4421,com.masarat.salati,381,1981-01-01 01:01:02,2025-04-12 13:50:46.484182,50000000,2025-04-12T13:51:28.347468,"صلاتك Salatuk (Prayer time)
3.7.15",Masarat App,8 Apr 2025
46A6FDD8DE7EBD1E7924181157D8AF6DEEB4550201BB57A5FF32C8610C7F7FB5,com.tsyatsya.mechangelion,131,1981-01-01 01:01:02,2025-11-30 02:44:09.954439,50000000,2025-11-30T02:44:23.280207,"Mechangelion - Robot Fighting
3.2",MOONEE PUBLISHING LTD,27 Oct 2025
387E393533D14C8096321242BE02139CB98BFF1DBE74F48E654632B5E9DC2DB6,at.ner.lepsWorld2,254000,1981-01-01 01:01:02,2025-09-08 16:01:07.639008,100000000,2025-09-08T16:06:33.930014,"Lep&#39;s World 2
5.5.4",nerByte GmbH,4 Sept 2025
16AAF4AEF221304CAD34BA190797DFE75BC0F451A03F7A1C0E8E68FF2B2951E7,com.frenzygames.fgs.shooting.anti.terrorism.combat.mission,300047,1981-01-01 01:01:02,2025-02-28 19:34:20.436279,50000000,2025-02-28T19:47:25.225212,"Anti Terrorist Shooting Game
15.6",Frenzy Games Studio,11 Feb 2025
D0102C4479664D299D4E66B5A72ADA75DDB43ABB8F487BC553647E93002AD342,com.google.android.ims,31153903,2009-01-01 00:00:00,2025-11-06 03:33:53.000592,5000000000,2025-11-06T03:34:39.069070,"Carrier Services
carrierservices.android_20250826_00_RC00.phone",Google LLC,2 Sept 2025
000AB20EFF5D81D65A3CC9F8CCBFED3AE6093EF3F235F8C179B4901EC20884AF,com.schibsted.bomnegocio.androidApp,15000269,1981-01-01 01:01:02,2025-01-09 23:54:56.405272,100000000,2025-01-09T23:55:00.873924,"OLX: Compras Online e Vendas
24.43.2",OLX Brasil,26 Dec 2024
10CD36A4B556494773B85B4CEEE80029AF56817032553BB9B21BAE741AB5B609,com.agedstudio.card.solitaire.klondike,1209383,1981-01-01 01:01:02,2025-05-15 21:00:54.556709,50000000,2025-05-15T21:01:29.338258,"Solitaire
1.20.9.383",Aged Studio Limited,10 May 2025
120D84B6EDDCAF4301EA6B7337AE703B5EB0A64AF4207435A03CF95A314FEAF3,com.google.android.apps.restore,818758,1981-01-01 01:01:02,2025-07-08 01:19:05.39756,10000000000,2025-07-08T01:20:33.899721,"Android Switch
1.0.770594338",Google LLC,12 Jun 2025
07746854C391A34E80CA5BD7317A7FF505C0DA8855C264DEE419DC709BB8D55B,com.jctswbglsm.SwipeAway,1590401,1981-01-01 01:01:02,2025-06-15 11:54:05.225939,50000000,2025-06-15T11:54:32.303094,"Tap Away
159.4.1",Popcore Games,4 Jun 2025
03DED5F11B5BE725D76AC1A1E9F43D70E1A25A386E13FA71B65E6C8874C35808,com.scaleup.chatai,30907,1981-01-01 01:01:02,2025-08-06 10:04:57.447665,50000000,2025-08-06T10:08:20.125221,"AI Chatbot - Nova
3.9.7",ScaleUp,14 Jul 2025
0A35F586CA9B7C86976C62B3F8746AE25C0B95383633A8F06BD15A056D123439,com.chillingo.robberybobfree.android.row,8183832,1981-01-01 01:01:02,2025-08-10 11:28:38.72351,100000000,2025-08-04T16:19:37.501728,"Robbery Bob - The Boss Thief
1.31.6",Deca_Games,28 Jul 2025
54BD0B1FDE77B58785DFE8A6F9C36DEE81F4F2ABF75AC8C8F1F628C5075172BA,com.enflick.android.TextNow,15223,1981-01-01 01:01:02,2025-09-25 19:29:01.28748,100000000,2025-09-25T19:31:52.606336,"TextNow: Call + Text Unlimited
25.37.2.0","TextNow, Inc.",23 Sept 2025
1A2FFCF14E31FA484FC763FB3A72C76E661A74B92FC5F0A379ED4778CD0D52E2,com.pixelberrystudios.choices,200097,1981-01-01 01:01:02,2025-11-07 20:51:42.439033,50000000,2025-11-07T20:51:48.722364,"Choices: Stories You Play
4.5.0",Pixelberry,10 Oct 2025
015E80637134C93F8F4711C2AE77106530C43F2D969B335524B3300D7BD74159,com.lenovo.anyshare.gps,4062538,1981-01-01 01:01:02,2025-01-13 09:50:38.783931,1000000000,2025-01-13T09:54:02.187845,"SHAREit: Transfer, Share Files
6.25.38_ww",Smart Media4U Technology Pte.Ltd.,6 Jan 2025
58F9983C2DFF25A899F0A81BBB24A0B3DD1212855AFC6EAFA78371A0B33BCB77,com.gamesforgirlsfree.dressupgames,500053,1981-01-01 01:01:02,2025-09-21 16:26:11.696272,100000000,2025-09-21T16:27:28.324026,"Dress Up Games
1.2.0",Dress Up Makeover Girls Games,19 Sept 2025
7D98E76522BAC5446D4D9ADF53E1FE7CAFC44E430F1B12AD075AF3736A010A11,com.claroColombia.contenedor,5135,1981-01-01 01:01:02,2025-10-07 23:52:36.436291,100000000,2025-10-07T23:53:33.515348,"Claro
16.0.0",CLARO,"May 26, 2025"
60F496319F0F7AEEF3926F943101FEB828B9B5C3D12CA00A49644CBFF4391464,omegle.tv,605095,1981-01-01 01:01:02,2025-08-08 00:00:44.051428,100000000,2024-04-27T23:22:51.103598,"OmeTV – Video Chat Alternative
605095",Video Chat Alternative,17 Apr 2024
11F011915AC9CBF6F2A9C0B37F523CC84DCD1E3CD93F8DA6354A1EA4604B830E,com.miniclip.eightballpool,3843,1981-01-01 01:01:02,2025-09-18 20:31:03.831538,1000000000,2025-09-18T15:41:55.782620,"8 Ball Pool
56.12.2",Miniclip.com,16 Sept 2025
036CEC3E1D92B698B2F0773D1723FFBAA7BCE62D691704F48C45CFA3B97B0FAA,com.imo.android.imoim,25071061,1981-01-01 01:01:02,2025-08-05 16:31:37.729378,1000000000,2025-08-02T20:32:30.301945,"imo video calls and chat
2025.07.1051",imo.im,24 Jul 2025
0E8F565F7E20018B2ED803381578D9A019C8F46D620FF7F39A6E409684F5FC72,com.miniclip.soccerstars,961,1981-01-01 01:01:02,2025-07-18 22:39:07.27997,100000000,2025-07-18T22:39:17.191390,"Soccer Stars: Football Kick
36.4.1",Miniclip.com,14 Jul 2025
1CF4292B6BE00A891B7D7503FDF1FC1CDD71252FEDF2D7DCABD20D610029DAF9,com.search.music.mp3.musicplayer,113,1981-01-01 01:01:02,2025-11-03 14:05:43.50333,50000000,2025-11-03T14:06:15.500086,"Music player
113.01",creative & quality std,31 Oct 2025
2E9022EC9752ABD962D5B6E5FB6F331E3F7DBD50F94B18DD376339DB4394823D,com.crrepa.band.dafit,15375,1981-01-01 01:01:02,2025-01-11 16:52:53.947157,50000000,2025-01-11T17:01:13.235657,"Da Fit
v2.8.2-176-gfcef131a6b",MO YOUNG LTD,26 Dec 2024
441B4BFB2E16B18D15E3B1B1F5CE86A68B49A9D8910E92AE4C8F8AB01F18EB30,com.asus.ia.asusapp,4640,1981-01-01 01:01:02,2025-03-11 02:37:54.999641,100000000,2025-03-11T02:39:44.823755,"MyASUS - Service Center
4.6.40",ASUSTeK COMPUTER INC.,10 Feb 2025
06F12ED373DAAA45AC3C3D5A0CDD589F4F8DDA786646853DE4E9D4451BBD1E83,com.mgc.stickman.rope.hero,435,1981-01-01 01:01:02,2025-09-21 12:27:43.525772,50000000,2025-09-21T12:29:12.995615,"Stick Rope Hero
4.3.5",Naxeex Action & RPG Games,14 Aug 2025
1DA8A340867DF738889D64591E383F13285FC57063137063DBDA53EEDFC9FE55,com.billiards.city.pool.nation.club,164,1981-01-01 01:01:02,2025-11-03 13:53:38.452934,500000000,2025-11-03T13:54:02.890875,"Pooking - Billiards City
1.0.164",MOUNTAIN GAME,17 Oct 2025
022A1A3D520FC08830472A1AD5E5434E43BF132920F94FB7A10AF9C169E623BB,com.pixonic.wwr,233144,1981-01-01 01:01:02,2025-08-09 04:10:29.555404,100000000,2025-01-16T14:33:11.593761,"War Robots Multiplayer Battles
10.7.0",MY.GAMES B.V.,14 Jan 2025
0AB2EB586E0FE5D650D96BDABB8FC3F22BC32C2C815ECB9607D065EB8E5CA776,cn.wps.moffice_i18n,1543,1981-01-01 01:01:02,2025-09-02 15:19:39.41336,50000000,2025-09-02T15:21:12.343053,"WPS Office Lite
18.20.1",WPS SOFTWARE PTE. LTD.,27 Aug 2025
36F9719CE30A74BF2D655E777375D69DC310FCE8E4FC766191EF9B96082023BF,com.gismart.guitar,12491,1981-01-01 01:01:02,2025-11-24 02:22:00.225621,100000000,2025-11-24T02:22:00.757433,"Real Guitar - Music Band Game
3.41",Gismart,28 Oct 2025
00941393A8B40BE397B596EBE3C00973DBC57DCF08708D8504CD92636B8AAA3F,com.resultadosfutbol.mobile,23005428,1981-01-01 01:01:02,2025-08-10 22:03:31.420624,100000000,2025-08-10T22:04:15.667199,"BeSoccer - Soccer Live Scores
5.6.1",BeSoccer apps,"Aug 8, 2025"
3106B725512C36E95867F62B000EB4506202CDA3169F5B7179BE5B313F679013,com.playgendary.sportmasters,475,1981-01-01 01:01:02,2025-04-14 17:33:51.671447,100000000,2025-04-14T17:37:58.293853,"Bouncemasters: Penguin Games
2.7.0",CASUAL AZUR GAMES,4 Apr 2025
060B7D3B11587028D494BADE823935619EF66D4E509AA22D92B4DF4781B0ACF3,com.gogii.textplus,81301366,1981-01-01 01:01:02,2025-01-10 11:52:51.526766,50000000,2025-01-10T12:12:28.356434,"textPlus: Text Message + Call
8.1.3",textPlus,16 Dec 2024
007EBE3B3D28B65F6D77D31021943C7D4DD8D3302FFD7E677F908A62E8508919,com.olzhas.carparking.multyplayer,200421,1981-01-01 01:01:02,2025-09-14 16:59:48.847633,100000000,2025-09-14T16:59:53.310822,"Car Parking Multiplayer
4.9.4",olzhass,11 Sept 2025
01F1ECCCB0C8915968CB1A33D6806393AEC0CE3586C344FE02F2FEB4458C56A5,com.ibragunduz.applockpro,54701,1981-01-01 01:01:02,2025-08-07 21:28:21.414711,100000000,2025-07-12T18:52:00.611433,"Applock Pro - App Lock &amp; Guard
5.4.7",App Lock LLC,10 Jul 2025
10781C65213C72199159934AE92ACB15AEA29448629FAE608C5B353921CA894B,im.thebot.messenger,3902,1981-01-01 01:01:02,2025-09-11 11:29:40.159236,100000000,2025-09-11T11:31:53.592139,"Botim - Video and Voice Call
4.0.10",Algento Cloud Computing Limited,6 Sept 2025
11A1EBAF1523A9B2C10610E30767FE55C5DCAA1AFD9075AE457A232F45D8BDAB,beatmaker.edm.musicgames.gunsounds,195,1981-01-01 01:01:02,2025-10-18 19:37:10.403005,50000000,2025-10-18T19:37:11.522347,Beat Fire - Edm Gun Music Game,Adaric Music,"Oct 16, 2025"
04C443005CA3B0DB1F3CB13592FBA36262262C2D50960631D24A05AE5B455C46,com.google.android.apps.maps,1068096141,1981-01-01 01:01:02,2025-06-11 18:49:59.862726,10000000000,2025-06-11T18:50:50.509543,"Google Maps
25.23.04.765881323",Google LLC,6 Jun 2025
2C82DA0946C1181B6BDBEB1E69D0FE3648C6BB6A285E8634A507DCFBD40AAF54,com.miniclip.minifootball,2517,1981-01-01 01:01:02,2025-06-03 13:57:58.078831,50000000,2025-06-03T13:59:23.460514,"Mini Football - Soccer Games
3.12.1",Miniclip.com,30 May 2025
012928512F5177D1421CAF0CC45F4153D969A5ED2E4BF5B5E14B835D2AB86D12,com.launcher.ios11.iphonex,202510090,1981-01-01 01:01:02,2025-10-11 01:55:33.168045,100000000,2025-10-11T01:55:56.962848,"HiPhone Launcher OS Phone:Fast
1.0.2.5",SaS Developer,9 Oct 2025
D8A48EB4B217D9D8677376E023F97B8D1BB3132BA025C749D9E549F6F1446144,com.pf.bmx.cycle.games.extreme.bicycle.games,36,1981-01-01 01:01:02,2025-08-17 20:32:25.559736,50000000,2025-08-17T20:33:59.527005,"BMX Cycle Extreme Bicycle Game
3.3.1",PlayFlix,25 Jun 2025
0767DC8BECE01DE8E1039581A2FDC458F22CF94D406D4695C7DD3A6AB1C6EC44,com.overlook.android.fing,120901001,1981-01-01 01:01:02,2025-03-01 09:32:39.314624,50000000,2025-03-01T09:34:12.058396,"Fing - Network Tools
12.9.1",Fing Limited,24 Feb 2025
079BBE0F9A6D356F0C590B21B8A9E0ADE51159A847A66112052251C9A56B6666,com.crunchyroll.crunchyroid,983,1981-01-01 01:01:02,2025-10-16 09:47:01.315468,100000000,2025-10-16T09:47:37.245109,"Crunchyroll: Anime Streaming
3.93.2","Crunchyroll, LLC",15 Oct 2025
12C7BB4A5590692EF205700A273EA5547B76650747DD0338D39874E1D58C4C78,com.kiragames.unblockmefree,300010,1981-01-01 01:01:02,2025-08-12 03:04:11.338163,50000000,2025-06-20T04:59:20.674038,"Unblock Me
3.0.0","Kiragames Co., Ltd.",10 Jun 2025
01E363ADEF2D014B552A6D83EDDAFE6B9660AF0A8A6AC1F9F354737140ACAA8C,com.moonfrog.ludo.club,55093,1981-01-01 01:01:02,2025-08-11 06:56:18.904957,100000000,2025-08-11T06:55:58.146565,"Ludo Club - Fun Dice Game
2.5.78",Moonfrog,4 Aug 2025
0B95F713E8FFA867F564AC287AFB53F8BF21095CC41925F268A79FE8572BBCE9,com.callapp.callerid.spamcallblocker,124,1981-01-01 01:01:02,2025-08-05 00:17:41.133117,50000000,2025-06-16T10:06:12.795806,"Caller ID - Block Spam Call
6.8.4",FeaturedApp,7 Jun 2025
0673377DF2972C68276CDFC9678456DEC6100B807F420E85BC8D1775D49EC3BA,com.diandian.gog,7976,1981-01-01 01:01:02,2025-08-12 03:31:35.045824,50000000,2025-01-15T05:10:15.124271,"Guns of Glory: Lost Island
12.9.0",FunPlus International AG,10 Jan 2025
3B934A5D1CBE3F298B0D979FEB1F6D753E46B11D28E770D8D023E625B0F53B3B,ins.story.unfold,836,1981-01-01 01:01:02,2025-08-16 00:00:33.107901,100000000,2025-08-16T00:02:28.653474,"AI Faceswap Video:Mivo
3.35.836",Mivo studio,"Aug 12, 2025"
04AA58E677E4C1CAAFDB673D15D94F4FA3915755970543A5760A36C62F3A368C,com.mathpresso.qanda,6253,1981-01-01 01:01:02,2025-08-05 13:11:09.091759,50000000,2025-06-13T13:19:25.576895,"QANDA: AI Math &amp; Study Helper
6.2.53",Mathpresso,28 May 2025
09C0087FFBBF89B1A58FFCDE92FBDE45C8F00037948CA42B989B38C0F9014983,com.ivuu,5648300,1981-01-01 01:01:02,2025-07-18 16:37:22.125316,50000000,2025-07-18T16:39:32.911299,"AlfredCamera: Home Security
2025.14.1",Alfred Systems Inc.,16 Jul 2025
0132A278DCA968AF9EBCC8B1E059F8CCB50ECC9E6BFF7322C345806CA70D3A8D,com.facebook.katana,457818095,1980-01-01 00:00:00,2025-08-07 05:28:32.949343,10000000000,2025-01-10T04:07:14.497271,"Facebook
494.0.0.55.73","Meta Platforms, Inc.",17 Dec 2024
0019234ED6F8FAD68FDB20E13469259D8566CDF7D092AA8012E9637ABFAA787B,wp.wattpad,3337,1981-01-01 01:01:02,2025-08-13 03:20:52.805183,100000000,2024-06-25T02:05:55.887445,"Wattpad - Read &amp; Write Stories
10.67.1",Wattpad.com,24 Jun 2024
2B7E7238592A8EC501D6C9BDFBDE0AA85E8B9BC31E5AFB6A86EC6603E0C06AB8,com.c6bank.app,95070,1981-01-01 01:01:02,2025-05-19 14:04:28.697887,50000000,2025-05-19T14:05:06.056963,"C6 Bank: Cartão, Conta e Mais!
3.19.0",C6 Bank,8 May 2025
0B47AA50C1FAE3AA1A82B4170F5E3D73D79C81B475727E01C90C983CCEC46F80,com.outfit7.talkinggingerfree,510,1981-01-01 01:01:02,2025-08-11 04:01:36.431566,100000000,2025-01-17T17:20:33.837552,"Talking Ginger
3.4.1.229",Outfit7 Limited,19 Dec 2024
1BB61C143CF43FF568C6BB5797A687B821715943326EC72B685C05D65A46E268,com.sirma.mobile.bible.android,6091439,1981-01-01 01:01:02,2025-08-08 08:16:32.467387,100000000,2025-06-08T13:19:44.917720,"YouVersion Bible App + Audio
11.1.0+6091439",Life.Church,1 Jun 2025
2D84DB07D8AB64DF09764C493FFA2CDDF9160858FF935841FD59F1CF85FF204F,com.zong.customercare,98,2025-05-29 11:09:18,2025-06-28 06:37:02.214464,50000000,2025-06-28T06:41:23.426885,"My Zong
5.18.18.77",CMPak - Zong,22 Jun 2025
034479038C709BE188D21BC352182A75339ADD5D659672E4C38DA90553ED9F0C,com.weieyu.yalla,4202,1981-01-01 01:01:02,2025-04-20 23:27:58.55299,100000000,2025-04-20T23:28:48.777225,"Yalla - Group Voice Chat Rooms
2.31.1",Yalla Technology FZ-LLC,16 Apr 2025
001162F644275A338981E28CC156DC1A81FD043B5CB015DE1534F1A53705D722,com.taxsee.taxsee,1900,1981-01-01 01:01:02,2025-06-11 19:44:26.768323,100000000,2025-06-11T19:46:46.317109,"Maxim: Bike Taxi, Car &amp; Auto
3.16.8",PT. SITO,2 Jun 2025
1E7F0E142EB856D0D363D0F2FF49A15DCA1CEA775886A33E2EAF37C5A4DB9155,com.Born2Play.StackyDash,127,1981-01-01 01:01:02,2025-09-02 10:25:04.486627,100000000,2025-09-02T10:26:56.739114,"Stacky Dash
4.9.7.1",Supersonic Studios LTD,3 Aug 2025
22F245886F896607FB3690FB3697EB3B7B7CF4FC78F069238AD7E2D5B87A4F89,com.sbi.SBIFreedomPlus,1161,1980-01-01 05:30:00,2025-09-07 04:19:14.507167,50000000,2025-09-07T04:20:53.531181,"Yono Lite SBI - Mobile Banking
7.0.0",State Bank of India,19 Aug 2025
5A02BA6FF88D3A54559DDC637FABB02E471F79251D3A137E8846AB8115A37C9A,com.mobirix.swipebrick2,250814001,1981-01-01 01:01:02,2025-08-16 18:40:06.31347,100000000,2025-08-16T18:42:15.612502,"Bricks Breaker Quest
2.1.8",mobirix,13 Aug 2025
2D1CCD0D28FE2B0A64E3633E469D907DE404CD21B5D5E45B5F8F803FB883257D,com.securityandprivacy.android.verizon.vms,700900022,1981-01-01 01:01:02,2025-09-17 18:35:42.201693,50000000,2025-09-14T11:23:43.115891,"Verizon Protect
7.9.0-22",Verizon Consumer Group,"Sep 3, 2025"
022D4ECC479BBE79D874D9952D8436227744DFC7A4CE388B6EEB5D30D875B3F2,war.of.islands,698,1981-01-01 01:01:02,2025-10-05 02:59:28.482984,50000000,2025-10-05T02:59:56.368654,"War of Rafts: Crazy Sea Battle
0.53.11",CASUAL AZUR GAMES,2 Oct 2025
08E952806785950E44492EDF6804E1D0126EFAC6D015975AB0089230AC996299,com.lyrebirdstudio.instasquare,205821,1981-01-01 01:01:02,2025-09-07 12:13:05.111748,50000000,2025-09-07T12:15:47.110308,"Instasquare Photo Editor: Neon
3.1.0",Photo & Video Editors - Instant Solution,4 Aug 2025
00D356722F9B0BE7A420B26D4C6A818592DDE5AE723C858C2D78D735023BB43F,com.booking,24221,1981-01-01 01:01:02,2025-08-06 00:51:22.042517,500000000,2024-03-05T14:12:35.438337,"Booking.com: Hotels and more
44.2.1",Booking.com Hotels & Vacation Rentals,4 Mar 2024
0F2479E107522CDBD1EDAA4AC7415867D7D78B731387EAAD289E6DB80308C28B,com.google.android.videos,439522071,1981-01-01 01:01:02,2025-11-04 06:03:34.119834,10000000000,2025-11-04T06:04:57.668532,"Google TV
4.39.3789.819804479.0-release",Google LLC,28 Oct 2025
109E6BFAFE07791412ABA4EAD0BFF0663EEA1CDF3D72C1F26F4387A8B0EC5D0F,com.infonow.bofa,2086070366,1981-01-01 01:01:02,2025-07-24 08:49:48.071684,50000000,2025-07-24T08:49:50.795501,"Bank of America Mobile Banking
25.07.0",Bank of America,29 Jun 2025
55A042B7B1342E74576073095EBE2D91A34754B4BCAE1A03E2F7208D3CF26FA5,jp.garud.ssimulator,661,1981-01-01 01:01:02,2025-09-16 13:55:02.332204,100000000,2024-09-16T07:17:15.308215,"SAKURA School Simulator
1.043.07",Garusoft LLC,13 Sept 2024
A525CDFA2D5C4CE2351AB36AE51B2F7C666D35711F22D2ED9CA128D7B1C70F23,com.google.android.accessibility.soundamplifier,234220,1981-01-01 01:01:02,2025-08-08 06:51:24.711163,100000000,2025-08-08T06:53:38.377485,"Sound Amplifier
4.8.758106410",Google LLC,13 May 2025
05992F305DCCD12F6C846F0434F92BC3EE006AC3934CAB2142AE1C392E36394F,com.smule.singandroid,12030,1981-01-01 01:01:02,2025-01-16 17:26:55.101342,100000000,2025-01-16T17:29:42.535160,"Smule: Sing Karaoke &amp; Music
12.0.3",Smule,10 Jan 2025
3EF6C5CD8EB7D3D687D96FFA0713D4950CC272699129A4CF5CC156D8392EFD3A,com.univision.prendetv,4330,1981-01-01 01:01:02,2025-08-07 00:43:01.387221,100000000,2025-08-07T00:44:49.869112,"ViX: TV, Deportes y Noticias
4.37.1_mobile",Univision Communications Inc.,28 Jul 2025
0AA44BFF0A1629B79EF60321DF81F08B6467806B16E2D10806869CA0D416F645,com.pronetis.ironball2,216,1981-01-01 01:01:02,2025-08-01 13:19:19.571824,100000000,2025-08-01T13:19:34.157576,"Going Balls
2.27",Supersonic Studios LTD,28 Jul 2025
2863E46E5FF4DF45FBAEB6249A6FACD1EEA4852206BE97E5D874341D8F06BD14,com.meb.vbsmobil,57,1981-01-01 01:01:02,2025-01-12 22:15:37.372484,50000000,2025-01-12T22:32:39.644694,"MEB E-OKUL VBS
3.2.1",T.C. Milli Eğitim Bakanlığı,6 Jan 2025
147BC32B5C31F3F561096E92FC98A611F4910CB5F36FFFA4918DF31628C0ADE1,com.lguplus.mobile.cs,352,2025-03-20 02:59:22,2025-04-04 19:55:39.133336,50000000,2025-04-04T19:54:53.968656,"당신의 U+
7.0.4",LG유플러스(LG Uplus Corporation),19 Mar 2025
D7FC21978EECF2E5EC09416EDBA06E67471819B62073F150F63295F99F1A2688,com.imaginstudio.imagetools.pixellab,59,1981-01-01 01:01:02,2025-04-28 21:02:08.922671,100000000,2025-04-28T21:14:18.540113,"Picture Editor
2.1.4",App Holdings,24 Apr 2025
2448E5B87E31213A0B9520A00C4F1D564F5CAAC0555E8849CCDAB3A829C0457E,com.mobile.bizo.reverse,150,1981-01-01 01:01:02,2025-06-02 16:12:55.627375,50000000,2025-06-02T16:12:51.253136,"Reverse Movie FX - magic video
1.5.150",Bizo Mobile,30 May 2025
1A95CF35A9A6DD99EB5324CE4CFCD8D9FE510F6536DBF3567F65368841534800,ru.galya.drawjoust,4604,1981-01-01 01:01:02,2025-02-01 19:34:15.50732,100000000,2025-02-01T19:36:54.035250,"Draw Joust!
4.6.0",VOODOO,25 Jan 2025
0B7EC049F362715BBBFE61A17A97C82D65AF5455196F5CC132EA7AC9FD255164,com.myntra.android,80110493,1981-01-01 01:01:02,2025-01-12 19:40:48.436952,100000000,2025-01-12T19:47:34.091004,"Myntra - Fashion Shopping App
4.2412.21",Myntra,19 Dec 2024
03797AF530F7BD3B5A3347ED5A7DA936F1B09E20107B7C119E3CBAC68DB5B3DC,com.zhiliaoapp.musically.go,380804,1981-01-01 01:01:02,2025-04-24 12:45:44.276887,1000000000,2025-04-24T12:59:39.622094,"TikTok Lite - Save Data &amp; Fast
38.8.4",TikTok Pte. Ltd.,22 Apr 2025
18C862C7B413C65F67E84A84F4B73FCBE27698EA2D15EB17D4C8D3E1DB13E830,com.netease.newspike,102,1981-01-01 01:01:02,2025-10-24 05:02:31.546238,50000000,2025-10-24T05:03:51.263809,"Blood Strike - FPS for all
1.003.650013",NetEase Games,23 Oct 2025
0EEA7899480032DACEEDCCD41678EE4D14395475B44FA5384FEC4D814120BCDF,com.ludo.king,357,1981-01-01 01:01:02,2025-07-09 13:47:48.583584,1000000000,2025-07-03T08:34:30.765312,"Ludo King®
9.5.0.357",Gametion,25 Jun 2025
1668465F242AA00F8CA1692EDCFECD5FE6C46A0345751575A55B9A67741EB065,com.myyearbook.m,21000,1981-01-01 01:01:02,2025-09-25 18:33:59.782699,100000000,2025-09-25T18:32:52.572398,"MeetMe: Chat &amp; Meet New People
210.0",MeetMe.com,19 Sept 2025
06804EB254B66FA80620F817CEE5E59B58F27B70B6E7BAAE035EA2C0BBBB9B14,com.msf.kbank.mobile,233,1981-01-01 01:01:02,2025-07-13 11:53:43.872191,50000000,2025-07-13T11:55:32.092554,"Kotak Bank (Old)
5.6.8",Kotak Mahindra Bank Ltd.,10 Jun 2025
363717434ACD50380E905A6ED31402520008BE37093B35608A70B9A21C6A0347,com.inapp.incolor,115,1981-01-01 01:01:02,2025-10-15 01:57:05.004431,50000000,2025-10-15T01:58:10.317397,"InColor: Coloring &amp; Drawing
7.0.4",Eyewind,14 Oct 2025
4F57484CE89CF4DF2740931DD2EE057A79E5395DB72705EE01D9FC63E14C1EB9,com.gamedevltd.wwh,203064,2025-10-01 02:10:54,2025-10-09 00:17:05.122853,100000000,2025-10-08T15:03:13.752983,"World War Heroes — WW2 PvP FPS
1.52.1",Azur Interactive Games Limited,1 Oct 2025
EC84E20E25E771C0874FA1ECC75426BB5E9E417B08E656F3165D7907FF7A1987,com.doodle.turboracing3d,21232,1981-01-01 01:01:02,2025-09-12 09:19:14.294987,100000000,2025-09-12T09:20:13.301758,"Turbo Driving Racing 3D
3.2",TerranDroid,21 Aug 2025
008CA454056CDBBF4822DF36E8B29DEB960961F263055902AC04A4F9D93372C0,com.microsoft.office.outlook,42516815,1981-01-01 01:01:02,2025-05-09 21:57:12.560114,1000000000,2025-05-09T22:03:52.392967,"Microsoft Outlook
4.2516.3",Microsoft Corporation,6 May 2025
221926C8FBD691927130A046C295C737EEA9DD3BF65D29D46BD78C86359C6046,com.miui.videoplayer,2025030362,1981-01-01 01:01:02,2025-03-16 02:18:48.123589,1000000000,2025-03-16T02:36:37.983583,"Mi Video - Video player
2025030302(MiVideo-GP)",Mi Video,12 Mar 2025
0C6F2509C664D84A993DC9E476EC0D539801CBE62FFCC028CD1704745ADAAF14,com.amanotes.beathopper,25081217,1981-01-01 01:01:02,2025-08-13 16:46:09.819967,500000000,2025-08-13T16:46:32.704014,"Tiles Hop EDM Rush Music Game
7.10.6",AMANOTES PTE. LTD.,12 Aug 2025
379804B9161BE351D693EC35B03F9C3B4E793B07E97574FA1DFB46F0A6F988F6,com.mate.vpn,50028,1981-01-01 01:01:02,2025-08-10 19:05:58.274156,100000000,2025-08-10T19:05:51.021511,"XY VPN - Security Proxy VPN
5.0.028",MATRIX MOBILE PTE. LTD.,27 Jul 2025
1ABEDA444C71DE4DC086ABCE053B580CE04BB41442994AAB08E9BADEE6875949,com.gym.racegame,200388,1981-01-01 01:01:02,2025-04-16 17:45:05.444389,100000000,2025-04-16T17:38:30.009064,"Epic Race 3D – Parkour Game
2.0.20.4",CASUAL AZUR GAMES,11 Apr 2025
1BA16A8C6C7C78279BECED61FD61C34000FAD8911E38F972CB7BCC7920E9E7E0,com.tencent.wesing,848,1981-01-01 01:01:02,2025-10-24 01:17:48.204763,100000000,2025-10-18T11:11:08.780472,"WeSing - Karaoke, Party &amp; Live
5.92.3.1013",Tencent Music Entertainment Hong Kong Limited,10 Oct 2025
02FA9CDEA4CB912CFD1B8F698EDFA2B98462078331709B437986202ECBE63738,com.app.rescuecut,58,1981-01-01 01:01:02,2025-07-11 05:23:21.165256,100000000,2025-07-11T05:45:50.331934,"Rescue Cut - Rope Puzzle
2.2.4",ITI inc.,30 Apr 2025
8F0D9BDFE3D2D7C9A35A242471ED4F811794833181718646F74B4D774977FB30,com.sec.android.app.music,1624005200,2009-01-01 00:00:00,2025-03-30 09:22:14.508711,1000000000,2025-03-30T09:21:13.643772,"Samsung Music
16.2.40.5","Samsung Electronics Co.,  Ltd.",19 Mar 2025
08DC268765344F4008F3D2691AAEB7A0A9CB7F63332184B7AD68C7E0F56B539B,com.imangi.templerun2,29097344,1981-01-01 01:01:02,2025-05-08 08:23:21.843695,1000000000,2025-05-08T08:31:41.639904,"Temple Run 2: Endless Escape
1.121.0",Imangi Studios,28 Apr 2025
28B77EE5F31BAAECD4DD7E607B24AFF34090CF4F187B5D9E3FF7037A766ACEBD,com.sahibinden,1603,1981-01-01 01:01:02,2025-10-11 00:10:18.548109,50000000,2025-10-11T00:10:47.510477,"sahibinden #AlSatKiralaKesfet
5.15.1",sahibinden.com,9 Oct 2025
0B62FA9E71CA54BF468D64CD8785053D92FBD9A3CEA8AA0DF6D1ED169F93397B,com.threesixteen.app,1243,1981-01-01 01:01:02,2025-06-30 23:22:58.212662,50000000,2025-06-30T23:29:28.689501,"Rooter: Watch Gaming &amp; Esports
8.3.10",Rooter Sports,20 Jun 2025
0EB39134513152E0D6961B35B19493CC47E9CECC0B39E186A943E3C49C160D64,mobi.charmer.fotocollage,543,1981-01-01 01:01:02,2025-03-02 13:15:16.259566,50000000,2025-03-02T13:16:26.181380,"Collage Maker &amp; Photo Editor
8.2.1.1",Pic Collage Maker & Photo Editor,15 Feb 2025
3F31C12963A8A57BF0804E6A18E2A8B80750CF34CF384CE22E4DAC010BB3F7C0,com.tencent.ig,19525,2024-12-22 08:09:52,2025-01-12 08:23:58.310795,500000000,2025-01-12T08:27:52.499482,"PUBG MOBILE
3.6.0",Level Infinite,24 Dec 2024
452688C3D386DE3882BA8854DF939E0093B69B6F49477A14AA3FD0EF44B02A15,com.bilkon.easypiano,27,1981-01-01 01:01:02,2025-10-15 15:37:23.580102,100000000,2025-10-15T15:38:45.507661,"Real Piano
1.27",Bilkon,"Oct 12, 2025"
4598E34559E1C3940B2D876B3C4A51D77153D584F8ADCEEB251C004AD1132A29,com.sinyee.babybus.restaurant,8720002,1981-01-01 01:01:02,2025-06-17 11:45:59.89323,100000000,2025-06-17T11:46:02.149373,"Little Panda&#39;s Restaurant
8.72.00.02",BabyBus,26 May 2025
11008EA2207C53FC7E8B93DE655316D521825210ACFF10ACC95A9AA3D5623FE0,org.iggymedia.periodtracker,979021,1981-01-01 01:01:02,2025-05-25 19:48:43.176146,100000000,2025-05-25T19:49:26.109088,"Flo Period &amp; Pregnancy Tracker
9.79.2",Flo Health Inc.,21 May 2025
1FDD07E9E5FF0BADF72D6683CD36418E26F87AABB50AE614B1E45ECB09CB931F,com.brainup.thinkoutside,70,1981-01-01 01:01:02,2025-08-28 00:24:00.06466,50000000,2025-08-28T00:24:54.168578,"Brain Up
1.1.3",Azura Global,11 Aug 2025
1D2590FB29363E7059F5857EB30655CF20086CC9B496563E6DBC6AD34463D70C,com.EvilChaotic.ModernWarplanes,303270,1981-01-01 01:01:02,2025-11-12 09:30:51.236544,50000000,2025-11-12T09:32:13.739083,"Modern Warplanes: PvP Warfare
1.20.2",ForgeGames Mobile,6 Oct 2025
00051E303F9C2044CDA988BD07AD40A1CA574233CE2594696A08FB4EE583A523,com.expedia.bookings,252310000,1981-01-01 01:01:02,2025-06-11 19:51:11.086086,50000000,2025-06-11T19:51:46.914760,"Expedia: Travel, Hotel, Flight
2025.23.0",Expedia,6 Jun 2025
816EFA13FDED39A88F3D7910EF5E02F17DEAB95261F221A278EE5711AD518272,com.SGS.DrivingSchoolGames.RealCarParkingSimulator,248,1981-01-01 01:01:02,2025-08-14 16:01:08.74047,100000000,2025-08-03T00:17:28.498995,"Car Driving School : Car Games
2.48",Spark Game Studios,28 Jul 2025
5365ECD2B94313C3B5500FB00BF6EA6600FBA41062437367CEF8E0BF5C61E2B8,com.mygalaxy,621400100,1981-01-01 01:01:02,2025-09-25 10:03:32.509528,500000000,2025-09-25T10:35:02.092433,"My Galaxy
6.2.14",SAMSUNG INDIA ELECTRONICS PRIVATE LIMITED,13 Aug 2025
B138B986D1127374C22F9D5C070DE0548213208FE26D274E45D353E33186B7C0,com.wordsmobile.RealBikeRacing,19,1981-01-01 01:01:02,2025-09-09 08:36:51.151781,100000000,2025-09-09T08:38:13.796597,"Real Bike Racing
1.9.0",Italic Games,2 Aug 2025
0D892866B7DB8D6955C092D44A9F242E1A1EF66B408B2E3C0E426F7A56375859,me.lyft.android,1738740470,1981-01-01 01:01:02,2025-08-08 11:16:09.996264,50000000,2025-02-17T00:11:55.473308,"Lyft
2025.4.3.1738740470","Lyft, Inc.",4 Feb 2025
1006839E6F47A45D93060303B79244226ECDFEC5DC2DE342B178EC5E1C65E430,com.wordsmobile.gunship,1419,1981-01-01 01:01:02,2025-08-16 21:38:00.732988,100000000,2025-08-16T22:29:34.597346,"Gunship Strike 3D
1.2.8",Candy Mobile,1 Aug 2025
06A13A67AC9AC612C218E2E3A2A1700B901452EC7F7F4C0B2D9998662C712D29,com.andregal.android.poolbilliard,32,1981-01-01 01:01:02,2025-01-06 21:44:49.822394,50000000,2025-01-06T21:47:18.670781,"Pool Billiards offline
1.3.2",Ball games,27 Dec 2024
16FFCB50B77E0B8DF3E34BFD1650A5735B1E266444B243BE3F95E4BDDB053CD4,com.midasplayer.apps.bubblewitchsaga2,117000000,1981-01-01 01:01:02,2025-08-08 15:01:54.774346,100000000,2024-11-03T08:42:43.366159,"Bubble Witch 2 Saga
1.170.0.0",King,23 Oct 2024
2C538C6C91638A643BDC52AFF3B919DB76B837F0D48810594F0D9B708EE5D472,com.playspare.watersort3d,219,1981-01-01 01:01:02,2025-02-07 05:35:25.094742,50000000,2025-02-07T05:36:23.180534,"Water Color Sorting Games
1.15",TapNation,5 Feb 2025
035EFA8BB0F85CCDC67A8ACE94A1D6E8B7D836872730DC903C951D6A3FEC9928,com.sgiggle.production,1751002050,1981-01-01 01:01:02,2025-10-09 03:20:29.050774,100000000,2025-10-09T03:20:33.916205,"Tango – Go Live, Chat, Connect
9.28.6",Tango,8 Oct 2025
08DFFFFD1712BA777C6927F320FCC6797AD34E2EEB40101D756F6FB6D1F7ED86,ru.beeline.services,4201,1981-01-01 01:01:02,2025-08-05 15:45:48.341829,50000000,2025-03-04T13:13:23.711881,"beeline
5.8.1","ПАО ""ВымпелКом""",26 Feb 2025
042322FAC4D6B0EDFD9408AA7608A9EAD64224C1EFAA7C7B82DEFCE53F554439,com.google.android.apps.kids.familylink,828408,1981-01-01 01:01:02,2025-07-10 15:53:22.979318,100000000,2025-07-10T15:54:32.317274,"Google Family Link
2.55.0.G.775134764",Google LLC,24 Jun 2025
0D369B925D0F15AECCFED1058EE6C2367619D7A51D35CA810C50913E22BCADA7,musicplayer.playmusic.audioplayer,46,1981-01-01 01:01:02,2025-06-09 22:54:17.08691,100000000,2025-06-09T23:00:40.235433,"Music Player, MP3 Player
2.1.0",Hitchhike Tech,28 May 2025
0E78D33FDCF8C160B0EC8AA2353E8C71603226CFF27AB5AD512C05BB8211F294,loseweightapp.loseweightappforwomen.womenworkoutathome,93,1981-01-01 01:01:02,2025-05-13 00:37:30.752613,100000000,2025-05-13T00:38:42.603725,"Lose Weight App for Women
2.2.6",Leap Fitness Group,28 Apr 2025
B8AD7D74C1746EEE6B9870426C9842B2F811BD54661AE4265AB8EAA8B15EFE2F,com.cg.cowboy,14019,1981-01-01 01:01:02,2025-08-11 22:24:16.002194,100000000,2025-08-11T22:24:08.616068,"West Gunfighter
1.18",Candy Mobile,2 Aug 2025
338AE9DACF2735C639CE8D02DF5E21F188706ADC5A118C9741125E533486325D,com.dancing.smash.hop.game.tiles.circles.beat.piano.beatracing,176,1981-01-01 01:01:02,2025-08-06 10:18:12.971134,50000000,2025-08-06T10:18:28.850418,"Beat Racing
2.5.1",BADSNOWBALL HONGKONG LIMITED,23 Jul 2025
16C32B5C64BB7B264390A1A75CDA7F12E7E113149A9A7EE81CD4BA2C953C7275,com.axis.net,552,1981-01-01 01:01:02,2025-07-10 18:09:55.714836,50000000,2025-07-10T18:11:06.996846,"AXISnet Cek &amp; Beli Kuota Data
9.22.0",AXIS.,25 Jun 2025
1B25B0005B0B4EF16C931EBE8D1C0C616AF075AD066AB1E185704803D51AF4B4,com.dino.rolling.skyball.balance,234,1981-01-01 01:01:02,2025-05-03 09:50:26.566346,50000000,2025-05-03T09:51:28.545124,"Ball Game 3D
1.234",iKame Games - Zego Studio,17 Mar 2025
145733B2AB401A7A4EAC4837371BAE7760A4B6B0F293453208CF2E1429E3F143,com.LoopGames.Domino,1730,1981-01-01 01:01:02,2025-08-02 07:22:26.239431,100000000,2025-08-02T07:23:53.615087,"Dominoes
1.74.2",Loop Games,4 Jul 2025
259458136E8D94ABF3502D36EF071BA24BC1266E5940741BA4EC2E116590C1EB,com.outfit7.talkingnewsfree,200301000,1981-01-01 01:01:02,2025-08-15 01:50:23.281617,100000000,2025-06-03T16:54:06.846921,"Talking Tom &amp; Ben News
3.1.0.185",Outfit7 Limited,29 May 2025
2A2705CAD9A8EDEBC4005E74DEAC42FDF0178C9BF689D708834A909FD6FF7D1F,com.freeplay.twerk,516,1981-01-01 01:01:02,2025-07-28 15:15:56.148111,100000000,2025-07-28T15:25:32.755857,"Twerk Race 3d — Fun run game!
1.89.9",Freeplay Inc,22 Jul 2025
01E994B0465654162E55F37007F77CAB61B2C3736AAE7D7DF9A2592356279AFE,tunein.player,283879,1981-01-01 01:01:02,2025-08-07 06:21:58.488226,100000000,2025-07-08T14:48:16.598939,"TuneIn Radio: Music &amp; Sports
39.0",TuneIn Inc,11 Jun 2025
28FB697AD5529C90C894DCBE6745B3E5A619A9F4564840363164CBA80D402303,cn.xiaofengkj.fitpro,172,1981-01-01 01:01:02,2025-08-29 02:01:01.638626,100000000,2025-08-29T02:02:27.944768,"fitpro
2.7.9","Shenzhen Well Fitness Management Technology Co,LTD",15 Aug 2025
31327F72C1ED29A310E6D44709CCBDD6F1564451819F1AFAEB4ACEEFFB4E2A37,com.balaji.alt,8075,1981-01-01 01:01:02,2025-02-28 11:53:32.828873,50000000,2025-02-28T11:57:52.267362,"ALTT : Web Series &amp; More
3.0.8.0.71",ALT Digital Media Entertainment Ltd,21 Feb 2025
084858341DD9CC44758E842F4BC815F53FEB28513288F5B5CB02BCE43AE24FF1,com.nekki.vector,5000255,1981-01-01 01:01:02,2025-10-14 10:38:07.565529,100000000,2025-10-14T10:39:13.662477,"Vector
2.6.5",NEKKI,13 Oct 2025
260EC33083CEDCC583BA985A4E2967B4EB0A466AA9F4A59A7CCED61CC99B2F5B,com.easybrain.sudoku.android,70000002,1981-01-01 01:01:02,2025-08-12 07:46:13.940074,50000000,2025-08-10T23:55:06.139345,"Sudoku.com - Classic Sudoku
7.0.0",Easybrain,1 Aug 2025
2CC48F5DB085F6CE6330101360CC3F410119BD7244DF05B828C1CA15D129AFD9,com.touchtao.soccerkinggoogle,123,1981-01-01 01:01:02,2025-09-17 15:08:44.479797,100000000,2025-09-17T15:10:18.644731,"World Football League
1.9.9.9.9.6",mobirix,14 Sept 2025
140BD8CCE3F7DD04A00A35DF4B4CA6953DE48047404CD698B67383701C53DB89,io.voodoo.paper2,391,1981-01-01 01:01:02,2025-07-15 11:06:54.126356,100000000,2025-07-15T11:08:39.574423,"Paper.io 2
4.17.0",VOODOO,8 Jul 2025
FEAA591101DED2960C0B29161224218DFA08082E5C46F3ED9417581AC4E4828E,com.speedy.vpn,20300,1981-01-01 01:01:02,2025-11-26 00:09:13.594476,100000000,2025-11-26T00:09:09.600448,"Speedy Quark VPN - VPN Master
2.3.0",VPN - Fast Master Proxy Inc.,17 Nov 2025
019B3C71CFD5936945D0818E034C2D82E2FD862735818EB40A68D44EAADA30B0,bubbleshooter.orig,90001012,1981-01-01 01:01:02,2025-03-30 12:13:48.769108,100000000,2025-03-30T12:13:50.555840,"Bubble Shooter: 2024 Classic
15.76",Bubble Shooter,25 Mar 2025
5440935B4667217202FA4D211BC95243BE5CDFD74D70A573EEEF366C9E27C44D,com.flipkart.shopsy,2291123,1981-01-01 01:01:02,2025-06-29 12:36:19.047318,100000000,2025-06-29T12:39:09.807098,"Shopsy Shopping App - Flipkart
7.17",Shopsy,16 Jun 2025
185D933DF3C583E994CB97F87C20FBF55452B1215084AE479BEE7635F608FFAA,com.simppro.quran.offline,105,1981-01-01 01:01:02,2025-10-19 05:28:00.015047,50000000,2025-10-19T05:28:00.819100,"القرآن الكريم كامل بدون انترنت
10.5",simppro,"Oct 15, 2025"
018A52654B0FABB0F344C5F027851EFE7FC5F43BC9C6FADB321326AAB774C276,com.teamviewer.quicksupport.market,1567759,1981-01-01 01:01:02,2025-07-04 03:15:53.785675,50000000,2025-07-04T03:32:39.858564,"TeamViewer QuickSupport
15.67.759",TeamViewer,23 Jun 2025
006A9D0C76495ED44F9BF6ADD907E41AD5296AFEE858F0AE77F194CCD92A1693,com.aim.racing,73644,1981-01-01 01:01:02,2025-08-04 17:04:53.165586,500000000,2025-08-02T22:43:43.370555,"Extreme Car Driving Simulator
7.5.2",AxesInMotion Racing,11 Jul 2025
080FF9F87C5D4120D3B6837BCBC2C83A2C5F79CBC8E51FC48B0BEED3D06FE49A,com.levelinfinite.sgameGlobal,950501021,1981-01-01 01:01:02,2025-06-28 03:08:09.657298,50000000,2025-06-28T03:09:12.240074,"Honor of Kings
10.5.1.2",Level Infinite,19 Jun 2025
04BF59508097CAA808B3827A91219535AB8376553D3F891A9760015D4F5DAB9B,com.football.soccer.league,143,1981-01-01 01:01:02,2025-03-16 09:28:59.837943,100000000,2025-03-16T09:30:19.302502,"Football League 2025
0.1.43",MOBILE SOCCER,14 Mar 2025
0154C321D50194B5A98F36B1367916BB0666E5FEC4A0C1E33E2CACF11308C40F,com.dailymotion.dailymotion,32016,1981-01-01 01:01:02,2025-11-17 20:59:15.774646,50000000,2025-11-17T21:00:42.804567,"Dailymotion Video App
3.20.16",Dailymotion,14 Nov 2025
0D2E5709A5097BDD62EB80D989F25EBBE88AB7E93D2BBCD83FB66BEC9BB2B52C,com.gotv.nflgamecenter.us.lite,1350532,1981-01-01 01:01:02,2025-08-09 02:06:30.03935,100000000,2025-08-07T04:07:14.586654,"NFL
60.0.8",NFL Enterprises LLC,19 Jul 2025
0978B5DE903E87F7528FD4E057B7EB8955E3415C692A2554E63F4536635F6378,com.suntv.sunnxt,200254,1981-01-01 01:01:02,2025-06-15 12:28:46.726646,50000000,2025-06-15T12:29:43.192818,"Sun NXT
4.0.211",Sun TV Network  Limited,3 Jun 2025
0DE04A4AE16503F9805A908E0BDC65DBB9057CFC038954F48B087A9334C969B5,icv.resume.curriculumvitae,804000,1981-01-01 01:01:02,2025-10-17 19:03:28.424702,50000000,2025-10-17T19:03:28.930824,"CV Maker app, Resume builder",Intelligent CV,8 Oct 2025
100D8864E83A70D2C795CF8DDB26752A0C24B1483A076D3CA35138528A5975A2,com.kooapps.stackybirdandroid,590,1981-01-01 01:01:02,2025-01-18 03:22:24.403625,50000000,2025-01-18T03:35:35.973258,"Stacky Bird: Fun Offline Game
1.4.2",Kooapps Games | Fun Arcade and Casual Action Games,13 Dec 2024
79C81E4A71E50D7CD447ABD6425208F5E7493E4DFEF7EFCCACF6B323B8ACD44C,com.ansangha.drparking4,30,1981-01-01 01:01:02,2025-09-10 20:10:24.144927,100000000,2025-09-10T20:11:52.643153,"Dr. Parking 4
1.30",SUD Inc.,22 Aug 2025
1119AB5968801BEB5A7BB72F1B0D35334116F7A85801E138158FB1AD1018890E,musicplayer.hdvideoplayer.backgroundmusic,132,1981-01-01 01:01:02,2025-06-24 12:46:57.991653,50000000,2025-06-24T12:55:32.536982,"Music Player - MP3 Player
1.3.54",SuperStar Labs,22 May 2025
7ABEBBDD3CF7C60611FBC9EFC6F9CF6526B187F6219BCF69C2D94AF0407F665D,com.yg.bike.racinggame,183,1981-01-01 01:01:02,2025-08-29 23:54:00.595796,50000000,2025-08-29T23:55:41.977916,"Motocross Bike Racing Game
1.8.3",SUPERIOR  STUDIO,22 Aug 2025
014DCF7F0C630089200E261C7917BFA4340B03C0FA07518E68D15C9CF999EC4F,com.microsoft.launcher,1160250,1981-01-01 01:01:02,2025-01-24 21:12:50.575559,50000000,2024-11-29T10:32:37.735218,"Microsoft Launcher
6.241002.0.1160250",Microsoft Corporation,18 Nov 2024
00191357D8B5CD8B3187B86621C8F871DEB00CDB03B2C9C1DC624A8DFC0F21BB,recover.deleted.messages.messagesrestore,58,1981-01-01 01:01:02,2025-10-03 11:31:35.920216,50000000,2025-10-03T11:32:40.766298,"Status Saver- Video Downloader
6.4","Native Craft - Status Images, Photo & Video Saver",26 Sept 2025
0A3DC9EEE15A92ABFCB52384A77618DFECA8F0330268F8A0EBFC7792F5E09F86,com.pixel.art.coloring.color.number,425,1981-01-01 01:01:02,2025-11-10 12:03:49.446765,100000000,2025-11-10T12:03:52.015180,"Happy Color®: Colouring Game
2.21.2",X-FLOW,30 Oct 2025
0109C784232F524752190AFC51823E0521B0A38D217C0FF1EDD2BE768FB40F04,com.threestar.gallery,515,1981-01-01 01:01:02,2025-08-10 21:55:56.051313,50000000,2025-08-10T21:56:40.300192,"Photo Gallery: Photo album
5.15",SB studio,12 May 2025
58D599693B78E3B3536B4B5E966DC52275499D3F3719701F4650374A4EE2321C,com.devgame.masha.and.bear.pizzeria.games,342,1981-01-01 01:01:02,2025-10-11 01:13:23.370593,100000000,2025-10-11T01:13:26.761170,"Masha and the Bear Pizza Maker
1.6.11",DEVGAME KIDS games,22 Sept 2025
122E5C0D487CC69997D5555E4699AA6904887FEA5D0375DA5A20B602FE5B3FD3,com.pedidosya,2300,1981-01-01 01:01:02,2025-06-20 14:52:41.374967,50000000,2025-06-20T15:05:06.948947,"PedidosYa - Delivery Online
9.19.8.3",PedidosYa S.A,2 Jun 2025
2659A6F88D8E7E7A7277C89B84A218E788FCE7ADE2CA830D2CC5F8D5E663410B,ru.auto.ara,97278,1981-01-01 01:01:02,2025-10-19 11:37:24.840447,50000000,2025-10-19T11:38:01.253191,Авто.ру: купить и продать авто,Direct Cursus Computer Systems Trading LLC,10 Oct 2025
135E0EAA11264EFB8716EBB8D546A93663669FD340198C7B948C360F8F1F6C0E,com.funcamerastudio.videomaker,240,1981-01-01 01:01:02,2025-10-12 10:30:42.212754,100000000,2025-10-12T10:31:14.551204,"Video Maker Music Video Editor
6.4.1.0",VIDEOSHOW Video Editor & Maker & AI Chat Generator,10 Oct 2025
0CDCD9446A639AE80CB69BCB3B90D0609BC862C14ED0D71BDBDD1FE37AFCAFD3,flipboard.app,5504,1981-01-01 01:01:02,2025-06-20 21:45:01.161761,500000000,2025-06-20T21:46:53.951585,"Flipboard: The Social Magazine
4.3.39",Flipboard,17 Jun 2025
1AEF0A8E32FB6E0095B5679C9FF845ED675D063F546F56A88AA582DE65BA9B66,com.PepiPlay.PepiShopping,227,1981-01-01 01:01:02,2025-06-09 14:19:44.480202,50000000,2025-06-09T14:54:08.548887,"Pepi Super Stores: Fun &amp; Games
1.13.5",Pepi Play,2 Jun 2025
21AE9864C68C3BB059AB5A038E42250AFC2A036950140AAC4D686EF50DCE2721,ru.ivi.client,15380,1981-01-01 01:01:02,2025-06-08 10:10:12.354314,50000000,2025-06-08T10:11:41.329931,"Иви: сериалы, фильмы и ТВ
25.5.2.1",ivi.ru,30 May 2025
0EECA33A115E4C25AFC10CA801EA7E0FF10AF752AAA2B76DB2B1C19EDB84A4D1,pdfreader.pdfviewer.officetool.pdfscanner,77,1981-01-01 01:01:02,2025-10-07 16:11:34.354472,50000000,2025-10-07T16:13:54.928917,"PDF Reader App : Read All PDF
1.30.39",Trusted PDF Tools,1 Oct 2025
093C382EE187C700182C4B488D2882A7D2369C9C377D75242A839A631E96066F,com.superking.ludo.star,276,1981-01-01 01:01:02,2025-04-05 23:08:32.336863,50000000,2025-04-05T23:16:05.506915,"Ludo STAR: Online Dice Game
1.276.1",Gameberry Labs,2 Apr 2025
071092C87EF9A12866A8BCB51159928294E18B514B33E93F9CC470B221DCF0A4,com.microsoft.emmx,306506705,2001-01-01 00:00:00,2025-08-05 13:30:36.146519,100000000,2025-02-18T22:27:16.543022,"Microsoft Edge: AI browser
133.0.3065.67",Microsoft Corporation,16 Feb 2025
02EA5FB08562083B1A63FC1BA324109457AF09E8A248CD456344490AD2470F48,com.kiloo.subwaysurf,83230,1981-01-01 01:01:02,2025-07-15 10:56:26.950926,1000000000,2025-07-15T10:57:04.812900,"Subway Surfers
3.49.0",SYBO Games,10 Jul 2025
0C8193DE84BF4BB4EB2DF3C15139F4FB3CB5C7779E9C3433EE1D69860219226C,com.piano.tiles.music.game.circles.dancing.beat.magictiles,101,1981-01-01 01:01:02,2025-10-20 05:06:38.910936,100000000,2025-10-20T05:06:39.784129,"Piano Star
1.8.15",TINYMAX HONGKONG LIMITED,"Oct 17, 2025"
50098478098C4D3F61C6AA8420A1AF22572F8844AFA25F303483E009EFD29D0A,com.mediocre.smashhit,1051302,1981-01-01 01:01:02,2025-07-15 13:46:25.105593,100000000,2025-07-15T13:47:19.943620,"Smash Hit
1.5.13",Mediocre,3 Jul 2025
05CA382CB65F31291355BB13999B4B04EE6D17E17407B11365D357F8E6960D03,com.cbs.ca,420000123,1981-01-01 01:01:02,2025-09-20 07:05:13.016305,50000000,2025-09-19T00:53:14.831544,"Paramount+
15.3.0",ViacomCBS Streaming,8 Sept 2025
22C21A76EEB4C4BE4027C0FE4B079441C41BB9359FAEFF9B1A9EA045F447A28B,com.musicplayer.player.mp3player.white,90000470,1981-01-01 01:01:02,2025-01-29 07:26:01.578473,100000000,2025-01-29T07:27:02.620844,"Music Player
4.7.0",mytechnosound,15 Jan 2025
12C13137B76EE36CD6A3310ADA50856C35331C3F0A9F9785AFA3FDC8B1B697C9,com.netqin.ps,336,1981-01-01 01:01:02,2025-09-08 02:09:36.615361,100000000,2025-09-08T02:10:30.437468,"Vault - Hide Pics, App Lock
6.9.13.04.22",Wafer Co.,29 Aug 2025
CBDBFD0C0A5D8A49E7AB8C9801D8DFCFA98E957B706E6EF3BD28B18F71F3FD0D,com.lyrebirdstudio.cartoon,30119,1981-01-01 01:01:02,2025-09-12 22:32:32.590754,100000000,2025-09-12T22:33:31.696294,"ToonApp: Ghibli Style Cartoon
3.1.19",Lyrebird Studio,9 Sept 2025
376D2004C7832C1C8C67CFFD88B14F6E221AB8B9CC729E9471BE849F8AECF7D7,puzzle.wood.block.cube.music.box,107,1981-01-01 01:01:02,2025-08-09 16:55:30.812397,50000000,2025-08-09T16:55:02.236879,"Wood Block - Music Box
107.0",головоломка world studio,30 Jul 2025
0FF328BA16BCEFACC95C4DD98A7A95976043692540004D84545D42F8806E3100,com.inspiredsquare.jupiter,427,1981-01-01 01:01:02,2025-08-28 03:55:28.668644,50000000,2025-08-28T03:56:34.265536,"2248 - Number Games 2048
427",Inspired Square FZE,"Aug 21, 2025"
140744CF766383D6497CE6C35E215D8AC2BA732ED20D84ABD5C124121C8077BF,com.vcast.mediamanager,2025011700,1981-01-01 01:01:02,2025-02-04 23:53:05.53817,100000000,2025-02-05T00:03:39.149969,"Verizon Cloud
25.1.17",Verizon Consumer Group,15 Jan 2025
0C021A53109ECAD19072C66BF2F163B3E483078BE7C95CD233CC8D97CFDCF208,com.globe.gcash.android,1055,1981-01-01 01:01:02,2025-07-30 00:35:13.221713,100000000,2025-07-30T09:38:43.980606,"GCash
5.89.0",Mynt - Globe Fintech Innovations,8 Jul 2025
042042E5C51292711EB917EE508A21F5DE4888A93E3434FEF6EA11B9F24E730C,io.supercent.pizzaidle,85,1981-01-01 01:01:02,2025-08-09 18:06:14.901231,100000000,2025-08-09T18:07:45.783653,"Pizza Ready!
48.0.0","Supercent, Inc.",4 Aug 2025
370F89271C276B3C054D014DFEE791A7997779DAC0A297F56273C7C4F2A5667A,com.gzl.drivebus.parking.game,186,1981-01-01 01:01:02,2025-08-27 13:09:53.524678,100000000,2025-08-27T13:11:59.666818,"Modern Bus Simulator: Bus Game
3.86.0",GAMEXIS,19 Aug 2025
18D3C6B6DB6886CD55A3D543CEED7FFD51C74CC299CDDDA6571110BD27F728C8,com.lianhezhuli.hyfit,165,1981-01-01 01:01:02,2025-04-01 11:33:06.062159,50000000,2025-04-01T11:33:22.649426,"HryFine
3.7.4","Shenzhen United Power Technology Co., Ltd.",25 Mar 2025
2B9870696B8B71CEC07B0F30519D5544444E7E2A939EB1EE1B8CAF0937641C75,com.colorup.game,5300027,1981-01-01 01:01:02,2025-10-11 11:32:16.892108,100000000,2025-10-09T19:17:18.522757,"Color Bump 3D: ASMR ball game
2.2.6",CASUAL AZUR GAMES,1 Oct 2025
202565EF680E4C09533CD1478AD1CAE56EA84EA055894022E0F5B2F561916B39,com.hidephoto.hidevideo.applock,197,1981-01-01 01:01:02,2025-09-08 03:17:50.998907,50000000,2025-09-08T03:19:54.801117,"App Lock - Applock Fingerprint
1.9.7",Applus Studio,7 Sept 2025
075F31603030486120827086593A2392AD91AB151333E2A600AE7591EE432C0D,team.opay.pay,7479312,1981-01-01 01:01:02,2025-08-11 18:40:07.74671,50000000,2025-07-31T14:13:22.332757,"OPay
7.34.1.327",OPay Digital Services Limited,28 Jul 2025
1A24D8D466CBF0C3981CA6BB5F352CA604B4C9E92DAEDD7174F8305D45339D3D,com.xs.pooltd,4069,1981-01-01 01:01:02,2025-10-15 23:04:14.49111,50000000,2025-10-15T23:04:50.583483,"3D Pool Ball
2.2.4.4",CanaryDroid,15 Oct 2025
BEFCFE32596A5469558CB75ED04F76C15EE0479403FF160EB5CA8EE2E4F5EBFD,com.junerking.archery,28,1981-01-01 01:01:02,2025-08-04 07:29:17.244472,100000000,2025-08-04T07:29:17.609459,"Archery Master 3D
3.9",TerranDroid,2 Aug 2025
00DE7E5C9C8AFD301DB2CCED0332BA4B68E8AD02A5594A58F8045FE79B424D97,com.microsoft.bing,430728006,1981-01-01 01:01:02,2025-07-28 23:57:49.954407,100000000,2025-07-28T23:58:12.855172,"Microsoft Bing Search
32.2.430728006",Microsoft Corporation,27 Jul 2025
116ADF64DAD0FA1167E19B85B8EDDFE26CBCA4E751143232412725BF539A9157,beatmaker.edm.musicgames.PianoGames,221,1981-01-01 01:01:02,2025-09-18 21:51:17.609776,100000000,2025-09-18T21:53:27.004422,"Piano Fire: Edm Music &amp; Piano
1.0.221",Adaric Music,15 Sept 2025
0469C6B350327EAE986D5AAF723DA63863DD8F588364DC4A05D3A3E31F5E872B,net.promediastudio.royalgirlsprincesssalon,244,1981-01-01 01:01:02,2025-10-03 19:44:18.892936,50000000,2025-10-03T19:45:52.755861,"Royal Girls - Princess Salon
1.7.4",Promedia Studio,3 Oct 2025
03582AA264F335E15213FEF38B381A3604BB5811FE9C84397491A596F663D2F1,com.king.farmheroessaga,331790,1981-01-01 01:01:02,2025-08-10 04:33:02.6841,100000000,2025-07-26T02:35:36.382081,"Farm Heroes Saga
6.69.16",King,25 Jul 2025
06AE43667CFD6CC909270C7F132D5EE26B145FB9CE8B8D018C17D6C1982A3200,com.linkdesks.bubblegames.bubbleshooter,1156,1981-01-01 01:01:02,2025-11-03 12:05:24.998453,50000000,2025-11-03T12:05:26.193717,"Bubble Shooter Genies
2.81.0",PUZZLEJOY,28 Oct 2025
0141AE2CC301A1F902A577D8A4A8B0ABFC4E5962068BA1D4CD4B68FDB3F103E4,air.com.playtika.slotomania,771063220,1981-01-01 01:01:02,2025-08-05 17:05:36.301895,50000000,2024-05-20T01:11:54.212887,"Slotomania™ Casino Slots Games
77.106.32",Playtika,17 May 2024
0440FB67502858550B6A6892D93435A58E4A87E62A4C4F08EA1F755C156CE4C3,com.app.tgtg,21095,1981-01-01 01:01:02,2025-10-19 01:10:23.60703,50000000,2025-10-19T01:10:36.441283,Too Good To Go: End Food Waste,Too Good To Go Aps,"Oct 17, 2025"
2B5E19993DB4056EC41851467EC3B354DCFC9168FBA8614B4AA60E599CE0D75D,com.openworldactiongames.ropehero.crime.city,10180000,1981-01-01 01:01:02,2025-02-08 23:27:58.918737,100000000,2025-02-08T23:32:20.545985,"Miami Rope Hero Spider Games
1.18.0",Newry,3 Feb 2025
04C14B03891E6711AD9F70263EC578AFEED6D214D25CC82372701EB39E7D2702,com.rvappstudios.kids.coloring.book.color.painting,256,1981-01-01 01:01:02,2025-02-07 05:35:56.88749,100000000,2025-02-07T05:36:23.242536,"Coloring Games: Color &amp; Paint
1.6.3",RV AppStudios,29 Jan 2025
48E2FBCC308327C788D5C6DEC123A13F8871CE7B9E68C8B413997CB73930A691,pk.com.telenor.phoenix,520,1981-01-01 01:01:02,2025-09-17 19:48:23.519491,100000000,2025-09-17T19:50:03.109894,"easypaisa – a digital bank
2.9.92",Telenor Microfinance Bank Limited,16 Sept 2025
097C1E2640A897F5622A66BD1FA15DCA4DEFCC336DBCDF545F0938982631FBAD,com.king.candycrushsaga,12821011,1981-01-01 01:01:02,2025-08-12 19:25:04.539468,1000000000,2024-07-19T09:34:17.691232,"Candy Crush Saga
1.282.1.1",King,16 Jul 2024
1F66A9E6E9E855DF12FA3F0397E5686226A6CE9CBE09067148CCBADAA2537E03,com.camelgames.aoz,2615,1981-01-01 01:01:02,2025-09-07 14:40:33.223903,50000000,2025-09-07T14:42:26.314421,"Age of Origins
1.3.795",CamelStudio,4 Sept 2025
17645A57DF1707296BB11A2987A34C3A161B43ECEE136ECCEF024047AD6867DD,com.gorgeous.liteinternational,730,1981-01-01 01:01:02,2025-01-12 02:11:49.889566,50000000,2025-01-12T02:13:33.335158,"Ulike - Define your selfie in 
5.6.1",Bytedance Pte. Ltd.,26 Dec 2024
01CB142D305F49DD5F561DA4592B4B9186B84BECD832863E3FD3FAC01849032B,com.zynga.FarmVille2CountryEscape,280477,1981-01-01 01:01:02,2025-09-20 12:02:28.416958,50000000,2025-09-20T12:02:29.309629,"FarmVille 2: Country Escape
28.4.177",Zynga,"Sep 19, 2025"
27B7032D45B319A477060BF7815B0C79A45AF9C19903D431F06D5D3CB68B57FF,sandbox.art.sandbox,215,1981-01-01 01:01:02,2025-03-27 20:30:31.975253,50000000,2025-03-27T20:42:08.075069,"Sandbox - Pixel Art Coloring
0.3.28",Alexey Grigorkin,14 Mar 2025
2E05C90DB6B2574D6908A62AF958F559EAC954A8AA6D07323CF08E4C6ADCD3EB,com.housepaint.game,221,1981-01-01 01:01:02,2025-06-15 02:05:21.815961,50000000,2025-06-15T02:54:44.100409,"House Paint
1.4.44",SayGames Ltd,23 May 2025
111B26559A4FB55D3E89BC3C5EC43FE12B32C92339FA24B9B1B087EE5A3A8AFF,ai.character.app,133,1981-01-01 01:01:02,2025-11-26 04:02:29.78749,50000000,2025-11-26T04:02:41.854631,"Character AI: Chat, Talk, Text
1.15.1",Character.AI,22 Nov 2025
0262F486E241AFF4750616C74E74C4E80C19823DC41F3EA89A83C9DD663070A5,com.picpay,1798,1981-01-01 01:01:02,2025-05-15 16:51:52.819195,100000000,2025-05-15T16:51:33.203219,"PicPay: Conta, Cartão e Pix
11.73.0",PicPay,10 May 2025
384189B9625EFFFD5E307D7A48D6E37258A3C36DAD96E8BABE54F6ACC56E391E,com.bl.critical.strike,200846,1981-01-01 01:01:02,2025-04-18 06:05:04.120607,100000000,2025-04-18T06:07:52.668223,"Critical Action:Gun Strike Ops
2.8.46",FPS Shooter & Action Game,6 Aug 2024
05CA938F9DBFDCA3F45531C83335E068F3E5EC2B57DE45EB13BF5509CC964267,fi.twomenandadog.zombiecatchers,1620042584,1981-01-01 01:01:02,2025-04-19 04:10:06.86654,100000000,2025-04-19T04:10:09.396394,"Zombie Catchers : Hunt &amp; sell
1.50.8",Deca Games,11 Apr 2025
3676B1F2A165CF0FF6D171659EBCD1FEB6B28A2E667992D284FDF3B199084E32,idm.internet.download.manager,30249,1981-01-01 01:01:02,2025-08-05 22:32:51.912712,50000000,2025-04-10T14:31:05.806491,"1DM: Browser &amp; Video Download
18.2",Vicky Bonick,7 Apr 2025
3397726D7BE7CF5B53CBCAEA9DC2CE84439207D7EA3EBC04A9939FEBFA7D38D2,com.Lightneer.BazookaBoy,2024121601,1981-01-01 01:01:02,2025-01-26 12:01:15.957841,100000000,2025-01-26T12:01:36.008121,"Bazooka Boy
2.2.44",Supersonic Studios LTD,16 Dec 2024
004FAD1422856AB3D210B3CCC4B1311E4F01726337E0BDDA8EF490DAAA050C3B,com.microsoft.office.excel,2004696147,1981-01-01 01:01:02,2025-07-31 15:41:03.651479,1000000000,2025-07-31T15:41:05.974546,"Microsoft Excel: Spreadsheets
16.0.19029.20110",Microsoft Corporation,27 Jul 2025
23C825B4E88632F1F774E649D942CB2CEF0F27AD22A3A4ED06914A0A67FB749F,com.alightcreative.motion,1028383,1981-01-01 01:01:02,2025-05-13 00:50:03.39413,100000000,2025-05-13T00:49:55.352770,"Alight Motion
5.0.272.1028383",Alight Motion,6 May 2025
03B75319C06C84C827A553F0243995BA757DC2AFCC8261CE927AAE575349C6C2,com.azure.authenticator,202571263,1981-01-01 01:01:02,2025-10-29 12:25:44.195508,100000000,2025-10-29T12:21:40.269907,"Microsoft Authenticator
6.2510.7126",Microsoft Corporation,27 Oct 2025
067621D1E475304D05CB7849C6F3272DF4EAAE93A25589966722BFE900BE7A13,com.devgame.masha.and.bear.my.friends,138,1981-01-01 01:01:02,2025-09-02 15:54:36.211883,50000000,2025-09-02T15:55:33.419580,"Masha and the Bear Virtual Pet
1.1.5",DEVGAME KIDS games,17 Aug 2025
195F7A5A03C0B65E6D356ECF2238E3240A6A124CCC59FFDCD0B711B9A5945BC1,com.bagatrix.mathway.android,21440,1981-01-01 01:01:02,2025-08-10 08:05:59.885726,50000000,2025-08-10T08:07:12.150782,"Mathway
6.1.0","Chegg, Inc.",4 Aug 2025
783E222C58D392331366FCDDB1D36A99DD1CA61AA33D14FF2C4F9ECAC7539D74,com.cisco.webex.meetings,245020248,1981-01-01 01:01:02,2025-02-08 01:36:10.613292,100000000,2025-02-08T01:36:39.959963,"Webex Meetings
45.2.0","Cisco Systems, Inc.",20 Jan 2025
0C90E0F7A4809B0B359B5CCE39E546F59B146FA653347C47553A54B0E92FC37B,ovo.id,544,1981-01-01 01:01:02,2025-04-28 08:39:16.088586,50000000,2025-04-28T08:43:17.381531,"OVO
3.132.0",PT Visionet Internasional,11 Apr 2025
2522917124AAAD017A84F6608435241EB7D8E0D2CE57290F53BBBBC6529DDEC4,com.bandainamcoent.dblegends_ww,367,1981-01-01 01:01:02,2025-03-03 11:39:07.191715,50000000,2025-03-03T11:40:40.310095,"DRAGON BALL LEGENDS
5.15.0",Bandai Namco Entertainment Inc.,28 Feb 2025
1D0A5EF3EE8A7D7C97C9F06D41C8E061B9C168FE2217DD2CCA690BA7D069171B,com.bumble.app,3829,1981-01-01 01:01:02,2025-11-19 17:14:37.513327,100000000,2025-11-19T17:15:45.481292,"Bumble Dating app: Chat &amp; Meet
5.444.0",Bumble Holding Limited,17 Nov 2025
16249C944345435FDBA94C11B0D72A3FC1100213BE6E06E40E7C7F42D38B89CE,com.herman.ringtone,3100309,1981-01-01 01:01:02,2025-06-03 12:45:37.276152,100000000,2025-06-03T12:52:47.131760,"Ringtone Maker:create ringtone
3.0.9",Big Bang Inc.,10 May 2025
24F9C49A1E3032788621646CC82D22F5EF5F6D2F9989C2825F35180999A9D30F,com.find.out.hidden.objects,2071701,1981-01-01 01:01:02,2025-02-05 05:57:54.619513,50000000,2025-02-05T05:57:56.315078,"Find Out: Find Hidden Objects!
2.7.17",Focus apps,14 Jan 2025
256256F35E4D08EB8DF77A99501993BE0AF06D99B812A8C9BFCF3C175C59FF0C,com.snap.camerakit.plugin.v1,210142000,1981-01-01 01:01:02,2025-08-31 21:30:00.166027,500000000,2025-08-31T21:31:15.766156,"Camera Kit
1.42.0",Snap AR,19 Aug 2025
04F57A155710D17BAF65C57855072B7498940CAEB96D457E6E90C65EC283361F,com.eliferun.music,723,1981-01-01 01:01:02,2025-08-06 09:26:27.086185,50000000,2025-08-06T09:26:58.607875,"Music Player for Android
7.2.3",Leopard V7,18 Jul 2025
01F959BF7706688B2E9E52983E78D3164796E4D13C68F6E4D29099DDB66EE4EF,com.masomo.headball2,161809,1981-01-01 01:01:02,2025-08-27 20:26:24.314918,100000000,2025-08-27T20:27:07.035216,"Head Ball 2 - Online Soccer
1.618",Masomo Gaming,19 Aug 2025
676EC7B81F53BD4E631E82F67C1D78E8F605D8EFF09079A3E0B83577B1B93E5E,com.maleo.bussimulatorid,2006517,1981-01-01 01:01:02,2025-01-15 07:35:26.792385,100000000,2025-01-15T08:03:09.223438,"Bus Simulator Indonesia
4.3.4",Maleo,27 Dec 2024
0E434959BC4AB57B7E9830D1BC5123AC1F02C5C63D8BD207AFD359DFE0A00E63,media.music.musicplayer,782,1981-01-01 01:01:02,2025-01-29 09:31:40.925763,100000000,2025-01-29T09:31:42.297710,"Music Player - Audio Player
7.8.2",Mobile_V5,23 Jan 2025
01BEA55E3437F82AA28D6641BC2F6B774BA474A948125A3B8D131CBDADB2EA77,com.mmm.trebelmusic,1552,1981-01-01 01:01:02,2025-09-14 19:34:54.431394,50000000,2025-09-08T19:58:24.729843,"TREBEL: Music, MP3 &amp; Podcasts
6.8.6","M&M Media, Inc.",20 Aug 2025
0D1F4B143872BF525890CB399113E9CC535FDA3D65803D49BA34B7F607588FDB,com.shopping.limeroad,1619,1981-01-01 01:01:02,2025-03-16 23:19:40.357184,100000000,2025-03-16T23:19:43.524851,"LimeRoad: Online Fashion Shop
7.7.3",By VMart - Online fashion marketplace,13 Mar 2025
0DD75422B5393F7A995ECAB0D08716375DFE28DAACDDAF24455E583D76E6FE49,com.opex.makemyvideostatus,157,1981-01-01 01:01:02,2025-06-23 02:48:37.162702,50000000,2025-06-23T03:10:09.722139,"Lyrical.ly Status Video Maker
57.0",lyrical.ly,13 Jun 2025
027B6BF9D72975E86E595ED1E044EBC11E2D7EB503EA7F2862D951B7636B5CFC,com.instagram.android,376021178,1980-01-01 00:00:00,2025-08-05 11:22:03.901485,5000000000,2024-12-16T07:29:38.908857,"Instagram
360.0.0.52.192",Instagram,10 Dec 2024
4E4CF536D310E7B9005B9AADA437645D8DCC87751D8F279581F069C49B541D86,com.fingersoft.benjibananas,1497,1981-01-01 01:01:02,2025-08-05 22:47:27.969638,100000000,2025-08-05T22:47:59.808148,"Benji Bananas
1.73",Animoca Brands,28 Jul 2025
44B157994D993C2A781B8743150AD2711C3B97F4BE70F8931F5E405F6CD0320D,freeplay.crowdrun.com,768,1981-01-01 01:01:02,2025-04-01 10:06:20.044456,100000000,2025-04-01T10:08:31.305317,"Count Masters: Running Games
1.88.2",Freeplay Inc,28 Mar 2025
137BD3DA4F69E50E0A2991AC9F4737C0F64EBC1ABFED775C75F96BB2E739C5CC,fb.video.downloader,506,1981-01-01 01:01:02,2025-09-10 07:29:11.583351,100000000,2025-09-10T07:30:01.695853,"Video Downloader For Facebook
4.8.3.0.6",FastVid,31 Aug 2025
0117B0ACB8774238B414C340BAA418BE3FE9EDCC93D69C15FA0C90504A39C2BD,com.ohbibi.fps,14218,1981-01-01 01:01:02,2025-01-13 08:03:32.563465,100000000,2025-01-13T08:03:38.284722,"FRAG Pro Shooter
4.4.0",Oh BiBi,6 Jan 2025
052E7463B698299CFD4841120D93B77C657B01429591EA8CB7070B9005DDC304,com.king.blossomblast,575,1981-01-01 01:01:02,2025-09-18 05:22:00.714768,50000000,2025-09-18T05:24:10.517907,"Blossom Blast Saga
100.206.0.0",King,"Sep 12, 2025"
0A8F9621B417EEE02B930937C0D9AF73F2172E80CBECF22C470B89F1AACA8BF4,ru.rostel,8949,1981-01-01 01:01:02,2025-10-16 16:01:47.02265,100000000,2025-10-16T16:02:35.572607,Госуслуги,Минцифры России,13 Oct 2025
251D01F88981C73C7934D3C444ED1B7449BC7BF66267D1318CCBCA3565229576,com.mcdo.mcdonalds,47520,1981-01-01 01:01:02,2025-08-08 08:28:22.836565,50000000,2025-03-07T20:37:01.942707,"McDonald&#39;s Offers and Delivery
4.11.0",Arcos Dorados,18 Feb 2025
18FFA946B26845EB01FF055516152C7449098EF150036B6C1B6EECDE64673BB7,com.oplus.games,52500090,1981-01-01 01:01:02,2025-09-08 04:49:51.545808,500000000,2025-09-08T04:52:15.823928,"Games
5.25.0_global",HeyTap,2 Sept 2025
0EDA1B0DCDF409C17C6EAC51BB38AFEA4CA4C841E8E2682754FAEBE585FD2355,com.crowdstar.covetHome,2025041703,1981-01-01 01:01:02,2025-05-04 06:44:28.247488,50000000,2025-05-04T06:58:11.335754,"Design Home™: House Makeover
1.120.069",Crowdstar Inc,23 Apr 2025
0D3BCBDC802833271F9A55939100BFB9D9CB6AE2DC2D975208A0964AC6EA8249,com.vsco.cam,100025821,1981-01-01 01:01:02,2025-03-25 21:52:25.798728,100000000,2025-03-25T21:54:28.630843,"VSCO: Photo &amp; Video Editor
415",VSCO,6 Mar 2025
1411F3A24658F504542C25FF7F561A78D6452145A47A7CCEEEA2C3803BFCDDDF,share.sharekaro.pro,10208893,1981-01-01 01:01:02,2025-09-04 18:38:40.885844,100000000,2025-09-04T18:49:37.746199,"ShareKaro Lite: File Share App
2.8.89.3",ShareKaro Team,2 Sept 2025
001EEC04026AB31CAEDD63901ACF0E87713CEA3B69A49E2939CE9EA66B466F4B,com.android.chrome,666808131,1981-01-01 01:01:02,2025-08-12 10:58:37.787551,10000000000,2024-10-08T23:33:33.475379,"Google Chrome
129.0.6668.81",Google LLC,1 Oct 2024
0025F7144EBD30747EE311413058AEE5666B01A1C3D9B3902359F632A72537C5,com.king.candycrushjellysaga,400400000,1981-01-01 01:01:02,2025-09-11 19:16:27.559512,100000000,2025-09-11T19:17:01.244465,"Candy Crush Jelly Saga
4.4.0.0",King,5 Sept 2025
0723865242D8C974D33966746390F88B42D9176DCB625B36CB32F9BD92B2E361,com.socialnmobile.dictapps.notepad.color.note,16400,1981-01-01 01:01:02,2025-04-28 13:40:08.85185,100000000,2025-04-28T13:40:25.370618,"ColorNote Notepad Notes To do
4.6.4",Notes,21 Apr 2025
2A20FA7648266D66F6FD2468D92CEAFC38C48D930C5BB6C8883882C0F051EE74,com.outfit7.herodash,202504050,1981-01-01 01:01:02,2025-10-17 02:25:19.25786,500000000,2025-10-17T02:25:54.196463,"Talking Tom Hero Dash
25.4.5.10109",Outfit7 Limited,"Oct 14, 2025"
0D98603A14745EA2C58D9E216D52AD3A5586FE70877B71C43AD518AC90B6AEAC,com.google.ar.lens,250731009,2009-01-01 00:00:00,2025-08-10 03:27:06.679024,1000000000,2025-08-10T03:27:26.695392,"Google Lens
1.18.250731009",Google LLC,5 Aug 2025
094C0784EA913A1DF23866DEFA7587C9B6E9C8D8E1F4D92DB7F5FCED51336857,com.ryanair.cheapflights,991,1981-01-01 01:01:02,2025-08-29 04:37:10.399876,50000000,2025-08-29T04:37:47.651395,"Ryanair
3.212.0",Ryanair Limited,27 Aug 2025
0950839640EFE555CB80E65E9D7EF49C1DCF4E94E82DB529C842F47DC5195F51,com.easygames.race,1434,1981-01-01 01:01:02,2025-05-22 20:13:56.02062,100000000,2025-05-22T20:13:56.761711,"Race Master 3D: Car Racing
3.6.18.1000",Beresnev Games,3 Apr 2025
01589E743794D51C5EAEBA683374BE3F579ED94632DD5924806691BF5B72349F,com.sbi.lotusintouch,1242806,2025-08-07 18:01:40,2025-08-17 07:13:50.719529,100000000,2025-08-17T07:15:22.861127,"YONO SBI: Banking &amp; Lifestyle
1.24.28",State Bank of India,8 Aug 2025
28636E1671F3F3CA25DB7DD7226FF126B1C2C118D2D9C141EADD5F216B044119,com.grand.jail.prison.escape,116,1981-01-01 01:01:02,2025-09-24 18:06:33.41729,50000000,2025-09-24T18:12:20.224056,"Grand Jail Prison Break Escape
2.16",Game Zee,23 Sept 2025
177763527F982A337E0059D1C6657E03D20166570F67EC691FEC6FDC3D92AAF7,com.groupon,472920,1981-01-01 01:01:02,2025-04-09 15:01:08.062942,100000000,2025-04-09T15:01:49.611212,"Groupon - Deals &amp; Coupons
25.5.472920","Groupon, Inc.",3 Apr 2025
1339A72389D94FE7F162A013044FD77038DB48C132C2F823BC751EE804F33F0B,com.halfbrick.dantheman,11256002,1981-01-01 01:01:02,2025-03-13 15:43:56.845722,100000000,2025-03-13T15:45:26.273267,"Dan the Man: Action Platformer
1.12.56",Halfbrick Studios,10 Mar 2025
46CBF1947C8DC805F77C9235D099C80F72C7BEA16AB950A8A87D0AF6A4A9847F,com.no.color,1485,1981-01-01 01:01:02,2025-05-17 21:55:59.361396,100000000,2025-05-17T22:01:37.738250,"No.Pix Color by Number &amp; Pixel
25.8.1",ideaFun - Pixel Art Coloring Games Color by Number,15 Apr 2025
2319F6B9F7F887FB24BAF895B9E052A4D5BF7B54BCC68D6B7D4CCB0C8E3127DB,com.gamovation.tileclub,200,1981-01-01 01:01:02,2025-07-07 21:02:02.227724,100000000,2025-07-07T21:02:19.252110,"Tile Club - Match Puzzle Game
3.1.0",GamoVation,23 Jun 2025
338466B59AD9F1F3096A36497EE2A173D99F2C675C81655F5E4230729CF87E29,com.htetznaing.zfont2,78,1981-01-01 01:01:02,2025-02-04 00:47:52.163777,50000000,2025-02-04T00:47:02.395582,"zFont 3 - Emoji &amp; Font Changer
3.7.5",Khun Htetz Naing,27 Dec 2024
0E5A05CF30B60E428DA74E43BD629B12576900B4C9F6B59B2B52544E330DDCAE,com.ftw_and_co.happn,1102,1981-01-01 01:01:02,2025-08-09 23:32:13.529738,100000000,2025-03-28T05:35:43.652850,"happn: Dating, Chat &amp; Meet
2025.5.0",happn,20 Mar 2025
21DABBA865DA0449FBF67148944E0C1C4E78A0FED8EAFADF0F600ABF4D3A7432,com.playflix.kick.breakragdoll.games,53,1981-01-01 01:01:02,2025-09-13 08:16:42.173957,50000000,2025-09-13T08:19:17.630988,"Kick &amp; Break The Ragdoll Games
9.6.0",PlayFlix,3 Sept 2025
0427D75DAAD9BE415FC9CD4FDADE01905893CF04A3B79FAE716C2E5C513D7D03,com.pixel.gun3d,523631,2025-08-12 14:25:16,2025-08-16 06:09:22.2714,100000000,2025-08-16T06:10:34.191470,"Pixel Gun 3D - Battle Royale
25.8.2",Pixel Gun 3D,13 Aug 2025
018DA88A3740793315C2DB3E9BF4F9DA069DC4AE3A6E608ED2F49729FDA08E3E,com.sega.sonicboomandroid,1812520350,1981-01-01 01:01:02,2025-08-09 09:02:31.352694,100000000,2025-08-09T09:02:33.116006,"Sonic Dash 2: Sonic Boom Run
3.18.2",SEGA,22 Jul 2025
2D313EFBFC936F759B60DFFA5E41B19858229BD468773C57624BAE49B6ACAAA1,app.bible.lite.offline,6082169,1981-01-01 01:01:02,2025-02-01 17:33:38.839524,50000000,2025-02-01T17:33:20.366144,"Bible App Lite - NIV &amp; KJV
1.24.1-rc.1",Life.Church,30 Jan 2025
20C0B165372B90A50898F4A0F2273FF085D0870AA3D22822E59C972511DDCE66,in.org.npci.upiapp,253000067,2025-03-31 11:36:50,2025-04-03 04:25:04.038837,100000000,2025-04-03T04:29:53.650896,"BHIM Bharat&#39;s Own Payments App
4.0.1",National Payments Corporation of India (NPCI),31 Mar 2025
9386EAED02A541AA81C5CE9758AC9BE361105D565DF1344162EE40B5086593AF,com.cclaw.diypaperdoll,4300,1981-01-01 01:01:02,2025-08-17 00:43:00.902607,50000000,2025-08-17T00:44:08.156857,"DIY Paper Doll
4.3.0.0",CrazyLabs LTD,15 Aug 2025
019C520B79E395D64E4F93E153586D17761261F7078B5B4E2381941D5342A4B8,com.google.android.apps.subscriptions.red,564520,1981-01-01 01:01:02,2025-03-20 13:11:44.037051,1000000000,2025-03-20T13:15:35.455050,"Google One
1.255.735882015",Google LLC,11 Mar 2025
1AD5F1974B8CDE2D00651819D9C8DE3DEEB3EE2A668C6E679555B030B79C5070,com.gameloft.android.ANMP.GloftDOHM,88225,1981-01-01 01:01:02,2025-10-03 11:50:09.78289,100000000,2025-10-03T11:51:39.580076,"Dragon Mania Legends
8.8.2c",Gameloft SE,1 Oct 2025
0B9E4369566F3FF95E2B903C231A84A55BAD533C69A7CE452E78D514CA7383C1,com.playstrom.drawonepart,304,1981-01-01 01:01:02,2025-08-09 01:52:36.103333,100000000,2025-08-09T01:53:54.279476,"DOP: Draw One Part
1.2.50",SayGames Ltd,30 Jun 2025
819D346C3E3B3286BD9E3F4EC6F95973B819EE1ECDCC6117068A6F0883FE2060,com.sweetfuirt.candy,138,1981-01-01 01:01:02,2025-07-15 14:19:14.515363,100000000,2025-07-11T23:52:26.684502,"Sweet Fruit Candy
138",Juice Candy,17 Jun 2025
6004AF0369A9DBE11E8EC1722AEAF6E3E3A99396DFEA1EC33D25C809A0C01319,alldocumentreader.office.viewer.filereader,50,1981-01-01 01:01:02,2025-09-08 11:01:55.557673,50000000,2025-09-08T11:02:53.059205,"Document Reader - PDF Editor
1.2.5.50",Simple Design Ltd.,3 Sept 2025
07799218DF42C4E7F59402BE15E04E2756A04ECB53DA3258E02D8451E9FC1F37,com.madfingergames.deadtrigger,210800127,1981-01-01 01:01:02,2025-10-04 01:02:31.986244,50000000,2025-10-04T01:02:37.451466,"Dead Trigger: Survival Shooter
2.2.1",Deca_Games,1 Oct 2025
055E479610575836C31E356479CC71128FA07ACA9D86DC170E75BCA2C381FD44,com.ezt.pdfreader.pdfviewer,131,1981-01-01 01:01:02,2025-11-17 00:42:18.358313,100000000,2025-11-17T00:43:03.303639,"PDF Reader – PDF Viewer
3.1.5",EZTech Apps,5 Nov 2025
7C17E7C6DB1F15EAFCF7A0233463CDD57F44F6124DA689C8E2597F6412514A1D,com.nuance.nmc.sihome.metropcs,820508,1981-01-01 01:01:02,2025-05-25 00:59:51.385994,100000000,2025-05-25T00:59:51.850368,"Metro
10.4.5",Metro by T-Mobile,14 Apr 2025
0C5A0695D78ECEA2537653CF7234B7E3E24B33263D451DF2E8F575FC6EB4AEEA,com.Garawell.BridgeRace,896,1981-01-01 01:01:02,2025-02-14 22:52:45.094907,100000000,2025-02-14T22:53:24.112607,"Bridge Race
3.70",Supersonic Studios LTD,4 Feb 2025
07852E3B6FCBBAC4F4356DF07196276CFA7EDCB506F8F497008FDF5B286506DF,com.sbkgames.RacingLimits,2354,1981-01-01 01:01:02,2025-08-09 11:08:59.205865,50000000,2025-08-09T11:09:13.572739,"Racing Limits
2.3.5",Valvolex,30 Jul 2025
735DB341C1FFCF8AFBFA5AB6B6BF1D942A82C6A80D88E64CE8FC10E1AE03F34A,free.video.downloader.freevideodownloader,46,1981-01-01 01:01:02,2025-07-12 08:47:12.945922,100000000,2025-07-12T08:48:02.784466,"Video Downloader - Downloader
1.4.6",Simple Design Ltd.,27 May 2025
06B11580A77BB8F2FEE23AAEAEF7B89B7D35904222514347B238503CFFE7DAA3,com.waplog.social,653,1981-01-01 01:01:02,2025-08-27 00:24:42.732456,50000000,2025-08-27T00:25:09.918928,"Waplog: Dating, Match &amp; Chat
4.4.0.6",Waplog Dating Apps,18 Aug 2025
17B897A80C6A7928986CE3341AF8801D800ED3B769E9ED1549AB6A282AF052A7,com.officedocument.word.docx.document.viewer,305700,1981-01-01 01:01:02,2025-08-29 00:44:42.151242,50000000,2025-08-29T00:44:25.572189,"Docx Reader - PDF, XLSX, PPTX
305700",iKame Applications - Begamob Global,19 Aug 2025
0388F86347D8B4581E9A4466D92621C5E7B8BDD687A2F756528EC8A605577E4E,com.walmart.android,25340041,1981-01-01 01:01:02,2025-09-07 04:09:38.931152,100000000,2025-09-07T04:11:03.834017,"Walmart: Shopping &amp; Savings
25.34",Walmart,3 Sept 2025
0209A9C8B31D77B072869662CDFA326D3A15035F3182BE035CC711975B6856D8,jp.naver.line.android,140460276,1981-01-01 01:01:02,2025-08-08 15:41:28.541702,1000000000,2025-08-08T15:44:00.120826,"LINE: Calls &amp; Messages
14.4.6",LINE (LY Corporation),9 May 2024
164793081FCBBCBC3725246EA19A6F65F8F04CD324023EEF5D49D24317D175A9,com.confirmtkt.lite,456,1981-01-01 01:01:02,2025-11-16 22:58:08.203411,100000000,2025-11-16T22:58:26.272521,"ConfirmTkt: Train, Bus Booking
8.3.1.1",ConfirmTkt - IRCTC Authorised Partner,14 Nov 2025
179F001909F76E1D32118DB16D6F4784CE1CD229B095267D383D4452D6602ECA,com.tfgco.games.strategy.free.castlecrush,2025013382,1981-01-01 01:01:02,2025-11-21 17:20:07.944988,50000000,2025-11-21T17:21:11.372958,"Castle Crush：Epic Battle
6.5.0",Wildlife Studios,20 Nov 2025
0E7A0260C745FD5FED21C73BED3028858503366C00173345253B41A40F30C15D,com.dstukalov.walocalstoragestickers,29,1981-01-01 01:01:02,2025-09-28 22:23:31.969699,100000000,2025-09-28T22:25:13.394548,"Personal stickers for WhatsApp
1.29",Stukalov,21 Sept 2025
0840D9B3F68D05C9DB3E8E60BAC805AF153F0D88A2509037A53145E8BF8694E6,com.instantbits.cast.webvideo,4960,1981-01-01 01:01:02,2025-08-08 20:49:06.962281,50000000,2024-10-28T22:07:16.046022,"Web Video Cast | Browser to TV
5.11.3",InstantBits Inc,10 Oct 2024
23B37F8DB3A97ADE5988824B530C105CC182E08EE089125F247908326F17FC8E,com.tmobile.vvm.application,784442,1981-01-01 01:01:02,2025-01-09 09:56:08.030394,50000000,2025-01-09T09:56:42.892162,"T-Mobile Visual Voicemail
10.7.0.784442",T-Mobile USA,5 Nov 2024
20F1AD3866FB66FD7AB67B9703B0A0AB906141C7F69007F5F1C586F14BCFE26A,com.ayoba.ayoba,700200,1981-01-01 01:01:02,2025-01-08 04:40:42.098691,50000000,2025-01-08T04:48:57.803201,"Ayoba - Chat.Games.News.Music
0.70.2",Ayoba,12 Dec 2024
219E21A2078E72D282A7B8CD95E2E06E89C8EF1680AC8E27D7C2F3BBEE1EEDBB,com.dramaton.slime,1231,1981-01-01 01:01:02,2025-08-12 00:49:47.291758,100000000,2025-08-12T00:51:36.492059,"Super Slime Simulator: DIY Art
12.30",Dramaton,10 Aug 2025
02807BACA598BF18DF0CC454BF183048B2DB5F0241D18B18D42E9C537656C67E,com.google.android.apps.docs.editors.slides,220646064,1981-01-01 01:01:02,2025-08-04 17:40:39.064949,1000000000,2025-05-13T23:59:32.384261,"Google Slides
1.25.182.02.90",Google LLC,7 May 2025
298A2622592101C9938DD2A6FA103B20D019A8784401EB397D89121A175048A3,com.samsung.android.samsungpay.gear,521020506,1980-01-01 00:00:00,2025-09-21 21:29:03.758893,50000000,2025-09-21T21:30:39.361174,"Samsung Wallet/Pay (Watch)
5.2.10.20506","Samsung Electronics Co.,  Ltd.","Jun 19, 2025"
02C784006506C7F2ED8F1DD793049BB2552FB3E04953F3A73AC468148BAEB6C5,com.superbox.aos.fire2048,24206,1981-01-01 01:01:02,2025-04-01 11:00:41.408224,50000000,2025-04-01T11:02:27.827826,"Drop The Number™ : Merge Game
2.4.2",SUPERBOX Inc,21 Mar 2025
7F698BD133BF7A951F32CE04830D024E99DCABFE1766903B26BBE878DF78FF30,com.mastercomlimited.cardriving_t,614013113,1981-01-01 01:01:02,2025-09-28 17:38:14.613152,100000000,2025-09-28T17:39:56.604051,"Drive for Speed: Simulator
1.32.11",Play365,12 Aug 2025
031A7B394F33022985FC075E8D6B74CF2EFDAA33FE03D3667C9C7DF424FA610B,com.tap4fun.reignofwar,1541000,1981-01-01 01:01:02,2025-09-24 11:46:36.228241,50000000,2025-09-24T11:46:46.200440,"Invasion: Aerial Warfare
1.54.10",Tap4fun (Hong Kong) Limited,19 Sept 2025
50FB117E55CD1048636A4849773E3F3BEDA0F46E3569DEF76D7D058FBA760AC9,com.YovoGames.hair,169,1981-01-01 01:01:02,2025-10-06 11:53:41.029512,100000000,2025-10-06T11:54:37.555060,"Hair saloon - Spa salon
1.6.9",YovoGames,"Sep 26, 2025"
0EF5D924AFF69A422E3574803FC35487597A0104F583B34B0282F2523FFD616C,com.noon.buyerapp,11635,1981-01-01 01:01:02,2025-09-24 12:03:46.314087,50000000,2025-09-24T12:04:04.229154,"noon Shopping, Food, Grocery
4.86 (11635)",noon e-commerce,19 Sept 2025
0B06A71CB07E5F7E66BA0F1510A3EF6E0A085F6F763E81F7173FA5E2044AF58B,com.radio.fmradio,733,1981-01-01 01:01:02,2025-09-22 02:27:39.686232,100000000,2025-09-22T02:28:49.781135,"Radio FM Online
18.4.6",RadioFM,19 Sept 2025
199C89DD704597801AFD0675EE93B3FFDF59AE7F0E6A1BE7B00A76E76FA3355A,com.pepiplay.pepihome,192,1981-01-01 01:01:02,2025-08-10 06:34:09.913042,50000000,2025-08-10T06:35:23.635358,"Pepi House: Happy Family
1.14.6",Pepi Play,4 Aug 2025
1D38DF7078AA0F9A542E0BB69B835C469D618189CA2E905D2BFB5894EB483198,com.xphotokit.app,25072405,1981-01-01 01:01:02,2025-08-09 06:21:56.043228,50000000,2025-08-09T06:23:27.483655,"X PhotoKit
4.4.1",X PhotoKit,24 Jul 2025
2537C190ACA83FD54EEE1C1055C730E3751318608053F7BC97D8263598F0F1D8,com.mediastudio.allvideodownloader.downloadvideoshd.bestdownloader,188,1981-01-01 01:01:02,2025-10-14 23:29:49.671117,50000000,2025-10-14T23:29:50.499252,"X Video Downloader - HD Player
1.0.188",Media Studio Inc - All Video Downloader Apps,3 Oct 2025
277D0714FD69095670ECD538DA31524A0F91595E3A134DD98BE6DFEC51D6DE9E,com.cerebelliumapps.motoextremeracing,167,1981-01-01 01:01:02,2025-02-06 12:13:31.483944,50000000,2025-02-06T12:13:34.792235,"Motorcycle Real Simulator
4.1.7",Cerebellium Apps,27 Jan 2025
8DB95CDA640E8B7BD52EDEFB87F682641CAFCC3C7361B8E75B42F0589D18083D,com.google.android.apps.authenticator2,7001048,1981-01-01 01:01:02,2025-01-29 13:57:17.829113,100000000,2025-01-29T14:01:47.792719,"Google Authenticator
7.0",Google LLC,17 Jan 2025
0D11D8495EA35A559D717E7678EA092566377FE3CA79E4752092187DEC942F57,com.generamobile.zhunter.gp,154,1981-01-01 01:01:02,2025-10-24 01:16:54.490735,50000000,2025-10-24T01:17:58.076419,"Zombie Hunter: Killing Games
3.1.4",Viva Games Studios,15 Oct 2025
257CBF5BF4506691B1D53E7DB24B3F17E3698DF81B2FD554FA74BFBC83F556CD,com.fs.karate.king.fighting,3000185,1981-01-01 01:01:02,2025-02-24 13:47:16.667037,50000000,2025-02-24T13:53:52.190916,"Karate King Kung Fu Fight Game
2.8.5",Fighting Sports,10 Feb 2025
130998F788B9E3262AD0BE482337C07873A241E192F9B42960B430A7054FE92D,com.knights.bikesstunt.motomaster,189,1981-01-01 01:01:02,2025-09-29 21:50:37.359653,100000000,2025-09-29T21:51:13.169105,"Bike Stunt 3D: Motorbike Game
3.189",GAMEXIS,19 Sept 2025
169DEAA120B84F2544561324DB9D2562F77C3B3D6644C2E6416EFA54103C8FC7,com.amazon.kindle,1286157811,1981-01-01 01:01:02,2025-08-28 10:48:11.259157,100000000,2025-08-28T10:53:11.320242,"Amazon Kindle
8.129.0.100(2.0.51515.0)",Amazon Mobile LLC,25 Aug 2025
0657787A9368DFFBFCCC2613040E0185A9856565451830DBBC1683415F878408,com.zzkko,2369,1981-01-01 01:01:02,2025-10-24 01:11:28.619203,500000000,2025-10-24T01:12:18.370204,"SHEIN-Shopping Online
13.6.3",Roadget Business PTE. LTD.,17 Oct 2025
04B1B2260D63935EE44784E509AA2903269D750912DFB663A4FDB3E47DAA08C6,com.fungames.battletanksbeta,37031,1981-01-01 01:01:02,2025-10-15 23:17:23.758339,100000000,2025-10-15T23:17:33.119540,"War Machines：Tanks Battle Game
8.58.1",Wildlife Studios,14 Oct 2025
01007663E5E6AB927017FEAC7A97652200266AC5D161F065C67003A205A47173,com.amelosinteractive.snake,1393,1981-01-01 01:01:02,2025-08-09 22:52:10.745363,100000000,2025-08-04T14:36:10.199804,"Snake.io - Fun Snake .io Games
2.2.41",Kooapps Games | Fun Arcade and Casual Action Games,26 Jun 2025
39102E961AB8C56E7F6140D5CE6920561B6EB3C7BD9D81DA3DA70717E2F241ED,com.hyperkani.trialbike,119,1981-01-01 01:01:02,2025-07-09 19:10:00.346619,50000000,2025-07-09T19:11:23.163936,"Stunt Bike Extreme
0.535",Hyperkani,25 Jun 2025
04FCE32C82AD42CD7BBA119BEF985DEF05324420506AA930F5C5FA29AF415D96,th.co.truemoney.wallet,1122,1981-01-01 01:01:02,2025-01-14 04:56:17.108858,50000000,2025-01-14T05:05:28.209527,"TrueMoney
5.62.0",True Money Co. Ltd.,12 Dec 2024
032FFC66F48C2BBB9E57899B3779041FF02E35BEBA7B2F15C08569B2CED56657,com.google.android.apps.translate,699974522,2009-01-01 00:00:00,2025-06-24 21:44:59.487212,1000000000,2025-06-24T21:48:02.518486,"Google Translate
9.11.109.772530945.7-release",Google LLC,17 Jun 2025
0B7E21339BD46958019A212CC8656AB9D3F49E898A4E9A0C502B6D72DAFAB801,com.lazada.android,4536,1981-01-01 01:01:02,2025-02-26 09:39:51.932622,500000000,2025-02-26T09:40:00.994491,"Lazada 3.3 | Mega Deals
7.70.1",Lazada Mobile,24 Feb 2025
6D7F4B3567D1B3EE7C78F209FD6DC748697AE7E1815E7BACCDF89E19B23695ED,com.VectorUpGames.TallManRun,83,1981-01-01 01:01:02,2025-04-21 20:24:46.812573,100000000,2025-04-21T20:30:50.542652,"Tall Man Run
1.87",Supersonic Studios LTD,8 Apr 2025
005A67D068E38C8B7A4C102F2792571B8B2FAA404897734CF47F8F92927F0E43,com.accuweather.android,210103006,1981-01-01 01:01:02,2025-11-04 03:50:56.720686,100000000,2025-11-04T03:51:05.091521,"AccuWeather: Weather Radar
21.1.3-6-rc",AccuWeather,22 Oct 2025
0746BBA898B0FC447E700456FF54E38BAFBC5F41CF2794BBA67227D0A2F0C07E,com.braindom,226,1981-01-01 01:01:02,2025-09-07 11:17:20.142424,100000000,2025-09-07T11:17:34.029394,"Braindom: Brain Games Test
2.5.9",Lahana Game Studio,29 Aug 2025
3663CDDBBB611640C41FA652B6F20D9D0442F03CEC56E7B1B21B1B5C1A1D0975,com.easytouch.assistivetouch,4023,1981-01-01 01:01:02,2025-07-12 19:26:43.320965,100000000,2025-07-12T19:26:39.781643,"Assistive Touch for Android
4.0.23",Assistive Touch Team,19 Jun 2025
1AA58E66F28255890C81F6CFE38D61587BF592E35F2343B9CCA2B7A77E7E2CD9,com.dagtirmanma.oyunu,200150,1981-01-01 01:01:02,2025-08-12 08:37:45.476645,100000000,2025-08-12T08:37:34.803119,"Mountain Climb 4x4 : Car Drive
10.1",Silevel Games Ltd,13 Jul 2025
194B806F8F2203EB0DE8341F7322538CD93B386A55C0B9099997A3CB71685B11,com.gta.truck.driver.city.crush,376,1981-01-01 01:01:02,2025-10-17 17:58:39.399345,100000000,2025-10-17T17:58:45.136042,Rio crime city: mafia gangster,Naxeex Action & RPG Games,14 Aug 2025
261026CB1836C95DDC04CFA1D7BF4D64193C2D95D8EDD74C5A5F33F12000E120,com.sidheinteractive.sif.DR,3751,1981-01-01 01:01:02,2025-02-22 09:04:27.134852,50000000,2025-02-22T09:09:59.795712,"Into the Dead
2.8.8",PIKPOK,31 Jan 2025
034F1DB18B37297DCC4EE1340B960389EE32F661BDB76D2A36AA53D9533B2A25,media.audioplayer.musicplayer,768,1981-01-01 01:01:02,2025-01-14 21:19:26.067428,100000000,2025-01-14T21:21:26.248209,"Music Player
7.6.8",Leopard V7,22 Dec 2024
54E197C079990C972A2C33C925FC57BE06A6DD7F23AF1ABEE906838FF1EADD24,com.valvesoftware.android.steam.community,9430837,1981-01-01 01:01:02,2025-01-07 22:01:13.825154,100000000,2025-01-07T22:01:16.109372,"Steam
3.9.6",Valve Corporation,20 Dec 2024
1F4852E46326F95C6E797E4329E0427BDF7E999865E9C9ED75A58943AAE5C413,com.dino.race.master,317,1981-01-01 01:01:02,2025-10-10 23:36:22.754236,100000000,2025-10-10T23:38:24.050187,"Car Race
1.317",iKame Games - Zego Studio,7 Oct 2025
01B5F00089A04D561B8568197649FE42ECDD03D233EE5754B6F6D3628E2EB20A,com.surprise.toy.d3,146,1981-01-01 01:01:02,2025-08-30 22:38:24.014085,50000000,2025-08-30T22:38:54.503729,"Super Toy 3D
1.5.27",SayGames Ltd,29 Aug 2025
26BF989C91225190FE8192F481CD7F61F8F8462969ECBF04045C48EFF395FA6D,kjv.bible.kingjamesbible,464,1981-01-01 01:01:02,2025-10-20 06:36:44.736063,100000000,2025-10-20T06:36:46.586160,King James Bible - Verse+Audio,Ozion,"Oct 13, 2025"
1F88F01C6285BA8C6B4F3DACFC7B3AF5EC55CED048ED45B542DE343655BDA024,com.myairtelapp,5797,1981-01-01 01:01:02,2025-10-17 23:18:21.230257,500000000,2025-10-17T23:18:37.386206,"Airtel Thanks: Recharge &amp; Bank
4.129.2",Airtel,"Oct 14, 2025"
007E7F17E7087D6ADAF5E5DB7BB27B4FA0A517CD2AA25C668AE51F605D76205C,free.vpn.unblock.proxy.turbovpn,2025071411,1981-01-01 01:01:02,2025-07-28 13:44:25.525435,100000000,2025-07-28T13:47:18.097125,"Turbo VPN - Secure VPN Proxy
4.2.6",Innovative Connecting,14 Jul 2025
01B13B3DE05B15F58328A16EA98917E959FA7B208645814B7A61D777184C2309,com.fungames.flightpilot,4778,1981-01-01 01:01:02,2025-08-08 12:03:24.801667,100000000,2025-08-08T12:04:25.755422,"Flight Pilot Simulator 3D
2.11.100",Wildlife Studios,5 Aug 2025
1F2E553245F58C3486F8D95C75B76CBBC113B472DFB9125673F1A72B0214BED4,com.matteljv.uno,151288,1981-01-01 01:01:02,2025-06-24 22:40:24.455599,100000000,2025-06-24T22:39:23.496868,"UNO!™
1.15.1288",Mattel163 Limited,12 Jun 2025
188E9D4D5AC3C6684B92B85A3E3C823AEF5F42FC8EF211F10397B451560089D9,com.sygic.aura,261250003,1981-01-01 01:01:02,2025-03-19 19:14:43.703313,50000000,2025-02-27T09:39:05.199458,"Sygic GPS Navigation &amp; Maps
25.0.3-2388",Sygic.,20 Feb 2025
07D6A8C7FD0365DEC6601A0B13B3BA737247C86E5A1FA5CD3CF91F772D4D91C6,com.linkit.bimatri,560003723,1981-01-01 01:01:02,2025-10-15 01:32:03.379411,50000000,2025-10-15T01:32:52.061951,"bima+ -Buy Pulsa/Package- Tri
5.10.0",Indosat Ooredoo Hutchison.,1 Oct 2025
241B20159E65BD2E56A64217F740AF2DA49406F521D31907DCB4E9D2397AAAA7,com.livescore,1750,1981-01-01 01:01:02,2025-09-24 12:20:21.211026,50000000,2025-09-24T12:20:32.131005,"LiveScore: Live Sports Scores
8.13.1",LiveScore Limited,22 Sept 2025
15AE97D519203A219D6C865B243BE14DDFDFDD0333C941558A3FDA9EA57E9051,com.marbleblast.zuma.marblegame,231,1981-01-01 01:01:02,2025-11-15 03:12:53.499844,50000000,2025-11-15T03:13:40.015938,"Bubble Shooter
231.0",JackJonesGame,11 Nov 2025
040C322C2D087DC47BE07789E9D71653D512942D439DA011CFAB3148A228ADE9,com.cyberlink.youcammakeup,63810,1981-01-01 01:01:02,2025-11-21 10:38:33.528723,100000000,2025-11-21T10:38:34.977718,"YouCam Makeup - Beauty Editor
6.38.1",Perfect Mobile Corp.,17 Nov 2025
1D9688086ECD15C8BA2C8102367D589545FA66D4038E2487819731F48958215C,coloring.color.number.happy.paint.art.drawing.puzzle,2741,1981-01-01 01:01:02,2025-09-15 22:10:43.376269,50000000,2024-05-17T00:14:13.380093,"Tap Color Pro: Color By Number
7.4.1",Tap Color Studio,29 Apr 2024
09E524CC0039613D6C97FBF4663596A54B20C87057AE2037DCEC16CAB084ED34,com.droidhen.game.racingmoto,44,1981-01-01 01:01:02,2025-02-06 06:25:07.348771,100000000,2025-02-06T06:55:06.514025,"Racing Moto
1.2.21",DroidHen,9 Jan 2025
1766D2DE010287A2851A762005453265816D102D78D753C1A350B42DF8C50C8E,com.google.android.apps.work.clouddpc,10429280,1981-01-01 01:01:02,2025-08-08 15:50:41.485794,100000000,2025-08-08T15:52:35.932602,"Android Device Policy
138.37.4 (10429280)",Google LLC,31 Jul 2025
0BE3ECBD814993F383298854137617CE979FB27F556FF42A018430A92E65593C,com.google.earth,250834191,1981-01-01 01:01:02,2025-04-01 12:18:19.485275,500000000,2025-04-01T12:19:27.353893,"Google Earth
10.77.0.2",Google LLC,24 Mar 2025
28251D87EB5BA995B6214D292A7911C4FB920052467AB0DFE99FF9539F9DD376,slime.simulator.time.asmr,299,1981-01-01 01:01:02,2025-09-10 21:42:16.281618,50000000,2025-09-10T21:42:17.811309,"Slime Simulator Time: 3D ASMR
2.99",Questzy,28 Aug 2025
08FB11FB18277858E761E9711641829F9CEEF3EC4D7D56DBB9F4E552514320B1,com.shape.change,1897,1981-01-01 01:01:02,2025-08-09 04:45:29.218646,100000000,2025-08-09T04:46:37.555409,"Jelly Shift - Obstacle Course
1.8.69",SayGames Ltd,29 Jul 2025
2E88C4B48AD91876F6AC92FDA025A176F212BF78A87A7BB56B944D90CA0139AD,com.yy.hiyo,49207,1981-01-01 01:01:02,2025-08-14 00:47:20.224519,100000000,2025-03-09T12:14:20.742907,"Hago- Party, Chat &amp; Games
5.31.1",HAGO,13 Feb 2025
349502AEBE2AA59342A6DEB305F1C9405C5E8189A4FE4BB07187B774E306AA2C,com.instagram.barcelona,507508764,1981-01-01 01:01:02,2025-11-10 10:32:17.337525,500000000,2025-11-10T10:33:17.743800,"Threads
405.0.0.57.77",Instagram,4 Nov 2025
06B50724E2CE5280E25B5545C2BE9556733584D309ADE50384559609E906B168,com.iceors.colorbook.release,158,1981-01-01 01:01:02,2025-09-10 21:50:06.055879,50000000,2025-09-10T21:51:09.416330,"Coloring Book: Color by Number
3.5.8",Candy Mobile,"Aug 29, 2025"
029EC27F4D3E22ED61ED6994302F393836F6411D4A639C424B72546DC9160857,com.radio.pocketfm,908,1981-01-01 01:01:02,2025-08-07 23:57:42.124654,100000000,2024-11-13T11:22:49.020561,"Pocket FM: Audio Series
6.9.0",Pocket FM Corp.,7 Nov 2024
0CAC3D2A75682B054D91F22D9AF72EF31D5642B801152CD572015670E4E3E0B0,com.blackpanther.ninjaarashi,17,1981-01-01 01:01:02,2025-09-11 10:10:13.531667,50000000,2025-09-11T10:10:40.926742,"Ninja Arashi
1.9.2",Black Panther,9 Sept 2025
1F6ACFDACD8E66A8042385A7F011B0B5A4BB2A0539E775A2B92E3E292CD6C739,com.tapped.drawrider,210000091,1981-01-01 01:01:02,2025-08-11 15:44:13.364735,100000000,2025-08-11T15:44:13.936392,"Scribble Rider
3.4.6",VOODOO,8 Aug 2025
0F89A078B9EFFDF462433AD19FCEACA8A63D90890B9531313F36D3440E0B5E38,com.pjmasks.moonlightheroes,988,1981-01-01 01:01:02,2025-10-16 08:47:27.145829,100000000,2025-10-16T08:47:17.457500,"PJ Masks™: Moonlight Heroes
4.1.6",Scary Beasties Limited,9 Oct 2025
014306FA3B0F0A45BFCBBDC1AB007478B9775C24AEAC24FE0BBD68B90083CE16,com.handycloset.android.eraser,33,1981-01-01 01:01:02,2025-10-19 16:25:47.013215,100000000,2025-10-19T16:25:53.616071,Background Eraser,handyCloset Inc.,1 Oct 2025
0E4D7C2A159F12233538ECE72F6E75A908449F6AFE2A46FC60724C45BCCEB2CD,com.outfit7.mytalkingtomfree,25100,1981-01-01 01:01:02,2025-02-23 03:24:09.630577,1000000000,2025-02-23T03:44:29.612568,"My Talking Tom
25.1.0.6260",Outfit7 Limited,13 Feb 2025
041E5039C37FF1D424EAF29D9895459F396C3DB2F8DBDAE60130B51EF45DA7D6,com.studio27.MelonPlayground,289,1981-01-01 01:01:02,2025-08-26 23:01:09.442325,50000000,2025-08-26T23:02:03.171361,"Melon Sandbox
31.5.2",playducky.com,"Aug 19, 2025"
15100D21D98082F7D4D0EB84F1B26C952A4254BD08FDD9B341B02E9A7AAFC4EC,com.pixlr.express,38105,1981-01-01 01:01:02,2025-10-11 06:25:15.714369,100000000,2025-10-11T06:25:53.506601,"Pixlr AI Photo Editor
3.8.1",Pixlr Pte Ltd,3 Oct 2025
007705525EB0D7FCB0E4A325A956D6E0EED40238DA3295E3532A02FC5AADCC1B,br.com.brainweb.ifood,321004405,1981-01-01 01:01:02,2025-08-08 10:57:23.817794,100000000,2024-11-20T09:15:07.371352,"iFood comida e mercado em casa
10.44.0",iFood Delivery de Comida e Mercado,8 Nov 2024
07905DCD61D0378F8BE3B9EB5DBF5D67BA9837D2F218178E920A2FC376F7FC73,com.ubercab.eats,112182413,1981-01-01 01:01:02,2025-03-19 20:41:15.509439,100000000,2025-03-19T20:49:02.689514,"Uber Eats: Food Delivery
6.262.10001","Uber Technologies, Inc.",10 Mar 2025
9B44CCCC555FE1FE102D11B9241294914F01A2B175D9627FD8549168CFB86C37,com.robtopx.geometrydashmeltdown,13,1981-01-01 01:01:02,2025-02-03 23:11:24.278578,100000000,2025-02-03T23:11:55.536554,"Geometry Dash Meltdown
2.2.145",RobTop Games,31 Jan 2025
01F23434C0FF0A53E5DF6AFF2E1A537EE48BFD1B43A8E62D4B03BB63F28D962F,com.vkontakte.android,40304,1981-01-01 01:01:02,2025-08-10 00:55:56.112389,100000000,2025-08-10T00:52:02.914713,"VK: music, video, messenger
8.141",VKL,6 Aug 2025
236E985C4E88200EFF187CCFF8C9D781B0EBB9AB1BCA6FEB92E7D8FB5A15FDBA,us.current.android,891,1981-01-01 01:01:02,2025-11-17 21:13:07.203315,50000000,2025-11-17T21:14:37.506309,"Make Money: Play &amp; Earn Cash
1.323.0",Mode Mobile: Make Money On Earn App,7 Nov 2025
A98FB43FEA146DE1D078216606A3AFB1115E9815204476F57D6D77588083B6B5,com.PlayMax.playergames,87,1981-01-01 01:01:02,2025-06-15 10:42:26.827604,100000000,2025-06-15T13:09:14.662802,"Stickman Party 234 MiniGames
2.4.9.1",PlayMax Game Studio,10 Jun 2025
06B5CC55677BE6DC7AEE58FE9193D1A33FE3BE63A8BCA3AD56EAB2C7C1141F1D,com.miniclip.carrom,1177,1981-01-01 01:01:02,2025-07-12 07:26:19.430029,500000000,2025-07-12T07:27:53.375436,"Carrom Pool: Disc Game
18.2.2",Miniclip.com,7 Jul 2025
11B8FA27B09AFF92F2C7BEA22511D5CBD99B692D5A7DCCE1F13ACFA1BE705EAB,bubble.shooter.shooting.shoot.game,119,1981-01-01 01:01:02,2025-09-07 01:03:58.905709,100000000,2025-09-07T01:03:45.439796,"Bubble Shooter
119.0",Candy Bubble Studio,2 Sept 2025
02F039E4A9941A3522047415F3F4D14F81C20E8CC1A2EF33DBD16B25571D65CA,com.sinyee.babybus.princessII,8720001,1981-01-01 01:01:02,2025-03-14 00:49:47.767549,100000000,2025-03-14T01:07:03.701144,"Little Panda: Princess Makeup
8.72.00.01",BabyBus,18 Feb 2025
10E793893E1688B9B2B2F95AA98619A60435EA31E3E5072589AD438D55F4CC45,com.sonyliv,20366,1981-01-01 01:01:02,2025-08-14 10:06:52.895581,100000000,2025-08-14T10:08:10.993774,"Sony LIV: Sports &amp; Entmt
6.18.8",Culver Max Entertainment Private Limited,12 Aug 2025
0B84B8A462458FFB8EE06DBC66DFA034FB93A143826A0F8CC2106BC694A921C4,com.mcdonalds.app,3630,1981-01-01 01:01:02,2025-09-09 00:29:00.791215,50000000,2025-09-09T00:31:34.864807,"McDonald&#39;s
25.82.0","McDonalds USA, LLC",26 Aug 2025
11B6A71B5E18016D310B374AC663664551E6CD20921BDAA627545697B9760AFD,com.ea.game.pvz2_row,906,1981-01-01 01:01:02,2025-01-21 14:35:31.488556,100000000,2025-01-21T14:49:09.578530,"Plants vs Zombies™ 2
12.0.1",ELECTRONIC ARTS,10 Jan 2025
19BF605DA64F8A865377A71831571C9E52825F80CCC10720B4DC523BAB96759A,com.gamedevltd.modernstrike,429889,1981-01-01 01:01:02,2025-10-06 15:54:27.151644,100000000,2025-10-06T16:00:41.562801,"Modern Strike Online: War Game
1.77.7",Azur Interactive Games Limited,25 Aug 2025
1CE0D9143883D56F3744B42A733B471D419F86000392C7876DACCEE30C15F023,com.kayac.park_master,3010419,1981-01-01 01:01:02,2025-08-06 17:18:40.410756,100000000,2025-08-06T17:20:01.126041,"Park Master
3.1.4",KAYAC Inc.,11 Jun 2025
3E32B33BAE1053D45685A73AE7B3FF1A3AC4F82AA84113DB7BB35EE2DF47C2CA,com.llx.chess,18,1981-01-01 01:01:02,2025-05-28 09:51:10.41637,100000000,2025-05-28T10:04:19.621433,"Chess
1.2.3",CanaryDroid,27 May 2025
EB632C1FEA4542BD4ED6C79A662473251BD837DEFADFCCF6E44BD6E6E8953C8D,com.YsoCorp.StretchGuy,3044,1981-01-01 01:01:02,2025-11-26 01:34:05.821608,100000000,2025-11-26T01:34:39.958373,"Stretch Guy
0.14.7",Yso Corp,24 Nov 2025
68C5375557A6D416884D6189AC71535D90FC6DAD2532CDABC2D7B90606ECE045,com.samsung.ecomm.global.in,1600040314,1981-01-01 01:01:02,2025-03-25 01:18:05.684405,100000000,2025-03-25T01:24:16.972555,"Samsung Shop : Meet the New AI
2.0.40314",Samsung Electronics Co. Ltd,13 Mar 2025
0C80CDA3DCE812C7D9F2C74D483B0E9D2ADC8BB6B851ECF67E80D0E824EF2798,ru.yandex.yandexnavi,737813580,1981-01-01 01:01:02,2025-02-19 19:53:36.602014,100000000,2025-02-19T20:01:15.741535,"Yandex Navigator
22.6.2",Direct Cursus Computer Systems Trading LLC,11 Feb 2025
1622AE887F6ED0BD9DDA41B3BF189CB137378C89DBAF922864CCBFED6B05BCFF,com.mmircil.cnb2,530979,1981-01-01 01:01:02,2025-10-17 08:27:11.467077,100000000,2025-10-17T08:27:16.472496,Crafting and Building,GeneRe,13 Oct 2025
1FA11041C5E9034B7F24BEB540F4485E9ABB788F1367F1B619C88D37F9B03B19,com.crazylabs.lady.bug,5943,1980-01-01 00:00:00,2025-02-03 12:54:00.517122,100000000,2025-02-03T13:25:20.740300,"Miraculous Ladybug &amp; Cat Noir
5.9.43",CrazyLabs LTD,24 Jan 2025
042136812888A0787AE1FE75A47FEDAEEFE233006FE911FD83CD8B7A9D785F48,pl.lukok.draughts,3975,1981-01-01 01:01:02,2025-10-24 09:00:48.182652,100000000,2025-10-24T09:01:26.071222,"Checkers - multiplayer
3.4.0",CC  Games,23 Oct 2025
29122EC9F063C5FF910224374EC0948B95167202FB5EB50CFC213347E1EC78F7,com.gf.autotaxi.passengerdriving.rickshawdriver,73,1981-01-01 01:01:02,2025-04-06 03:55:26.247456,50000000,2025-04-06T03:59:46.299328,"Tuk Tuk Auto Rickshaw Game
6.5.3",GamePark,12 Dec 2024
26B8C38FD8AA9C6BEC6E18D058CA02DED1F2B26719AD3FF5F2291187078D98CC,com.apple.atve.androidtv.appletv,1001001,1981-01-01 01:01:02,2025-02-23 05:07:57.883459,50000000,2025-02-23T05:19:49.001826,"Apple TV
1.0.1",Apple,18 Feb 2025
16C4D17B6DEFABF4EA4FFA1AAD3E82924912FCF70B9BA45D438B934113DF8A67,com.solou.catendless.run,444,1981-01-01 01:01:02,2025-09-06 20:06:00.487228,100000000,2025-09-06T20:06:30.866028,"Cat Runner: Decorate Home
5.4.3",Ivy,"Aug 29, 2025"
076F33F53FF85FFAB49882B158856D66B4557EB6CDD2996ACAE53E489BD95590,com.cookingcity.chef.kitchen.craze.fever,37805086,1981-01-01 01:01:02,2025-09-07 02:28:17.930801,50000000,2025-09-07T02:29:08.949616,"Cooking City - Cooking Games
3.78.0.5086","MAGIC SEVEN CO., LIMITED",1 Sept 2025
01D8A9207FC1A61970A12F251DD7E6C89DF54DF6190A17F489E57501FE5475D2,splits.splitstraining.dothesplits.splitsin30days,57,1981-01-01 01:01:02,2025-06-30 19:21:05.079335,50000000,2025-06-30T19:23:43.291301,"Splits Training in 30 Days
1.1.9",Leap Fitness Group,23 Jun 2025
1DF955EEB450B654EB05D0DD0A5055A213C21BE9EFC526567E0E67FEC2AB1774,com.tmob.AveaOIM,314,1981-01-01 01:01:02,2025-05-12 09:18:16.127432,50000000,2025-05-12T09:18:55.132224,"Türk Telekom
10.1.3",TT Mobil İletişim Hizmetleri A.Ş.,16 Apr 2025
37E62617BF37155D0346933FF995CE05892372F62EBFA7DE94462FB8108C048C,com.sinyee.babybus.marketIII,8722300,1981-01-01 01:01:02,2025-06-17 21:42:45.621106,50000000,2025-06-17T21:59:49.039778,"Panda Games: Town Home
8.72.23.00",BabyBus,29 May 2025
08CE377EAFA0854472261D53DD7B059A4F59AF0804770028E1CAB5112DBDAFE2,com.nway.powerrangerslegacywars,60030,1981-01-01 01:01:02,2025-03-21 11:43:33.882599,50000000,2025-03-21T11:44:30.232488,"Power Rangers: Legacy Wars
3.6.1",nWay Inc.,18 Mar 2025
2E1785C955D979815297B16FB959E8406E08298C2B8864A80BA3B7E20002F260,com.cassette.aquapark,269,1981-01-01 01:01:02,2025-08-29 22:16:57.821647,100000000,2025-08-29T22:18:14.722212,"aquapark.io
6.25.0",VOODOO,27 Aug 2025
00EC3EA6FA08E3A3BB2872B2CA769EAF9D762143FDAC7E70F3EB7039CD281F99,de.autodoc.gmbh,804850332,1981-01-01 01:01:02,2025-07-30 04:27:55.385097,50000000,2025-07-30T09:39:28.453395,"AUTODOC: buy car parts online
2.32.0",AUTODOC SE - Auto Parts Online Store,3 Jul 2025
03C1FFB18EC0B3F3DBA38C2A2689ED876372147D01FB3FD9D2426B7D3914D236,com.ketchapp.stack,89,1981-01-01 01:01:02,2025-07-23 13:58:02.043804,50000000,2025-07-23T14:01:01.351534,"Stack
3.66",Ketchapp,18 Jul 2025
15ECEB91D105BDFA58C72DDF71243ED5AEB203587940F968695C2EAEAD950B54,com.gameloft.android.ANMP.GloftOLHM,22000,1981-01-01 01:01:02,2025-08-10 12:47:27.300443,50000000,2024-10-26T00:31:06.927122,"Gangstar New Orleans
2.2.0a",Gameloft SE,2 Oct 2024
2C96D04610E0A3EFAD7053BC6F018783C3984AB23FC7888381214B605115DE85,com.luizalabs.mlapp,7070000,1981-01-01 01:01:02,2025-03-20 06:50:27.09865,100000000,2025-03-20T07:11:36.923195,"Magalu: loja e compras online
7.7.0",Magazine Luiza,27 Feb 2025
463B9A36DA55433D0804EC967F5A9134A20764AB4CFE8F346829C8F425F7F875,com.google.android.apps.fitness,2027068517,1981-01-01 01:01:02,2025-07-18 08:05:30.999442,100000000,2025-07-18T08:07:18.043795,"Google Fit: Activity Tracking
2025.07.03.00.arm64-v8a.release",Google LLC,10 Jul 2025
04958D288792DC9A88DFC9775694A74A534130E080F106524093430B0B24908B,com.tocaboca.tocahairsalon4,10248,1981-01-01 01:01:02,2025-04-09 15:37:08.691343,50000000,2025-04-09T15:38:31.595713,"Toca Boca Hair Salon 4
2.8",Play Piknik,26 Mar 2025
1AEC31C3245A844B260FA55C5C244A37B20842561ECCFF04B526DD2C610A685A,com.coupang.mobile,2308580,1981-01-01 01:01:02,2025-02-19 01:06:40.296221,50000000,2025-02-19T01:06:43.692577,"쿠팡 (Coupang)
8.5.8",Coupang Corp.,13 Feb 2025
1A06CA46B89D421CCB05C9DFE12BCFDE302D0C979712EEFEE7C6D85DB814BAFB,ru.mail.mailapp,123077,1981-01-01 01:01:02,2025-10-02 21:41:03.18974,100000000,2025-10-02T21:47:19.371232,"Mail: Email, Cloud, Calendar
15.55.0.123077",VKL,30 Sept 2025
25583A074BF01FDCC728BF77C707FD56F507BF389BFECE50B41369E56B4299AD,com.media.bestrecorder.audiorecorder,75,1981-01-01 01:01:02,2025-01-18 14:16:38.573881,50000000,2025-01-18T14:16:40.089923,"Voice Recorder
75.1","quality apps (recorder, weather, music)",1 Jan 2025
98FF85BA98721A712524907C187314E86D7A8F2B172DFB759D0A00328BA34F4E,com.transsion.notebook,20501702,1981-01-01 01:01:02,2025-07-23 05:54:13.428247,500000000,2025-07-23T05:56:18.330984,"Notepad - Notes、Todo、Memo
2.5.1.0041",Visha Group,11 Jun 2025
0107B2024B8F3128DC514EF0134DD74E0AA0D4A0D09050F411A120EF933D7C66,com.scores365,1439,1981-01-01 01:01:02,2025-10-14 16:59:42.22301,50000000,2025-10-14T00:06:27.857099,"365Scores: Live Scores &amp; News
14.3.9",365Scores LTD,12 Oct 2025
03482795707743D5F8416BB09B1AB9FC6757AF7C89C9DA8AAF06D2AED40935D2,com.outfit7.movingeye.swampattack,475,1981-01-01 01:01:02,2025-08-10 15:46:44.926746,100000000,2025-08-10T15:46:45.452244,"Swamp Attack
4.4.9.0",Moving Eye,6 Aug 2025
147A3CA85AEF6337DD0C9F92E59A2AD1E7100488B2295658E515BB0BE193F370,com.gamesforgirlsfree.collegegirlsteam,500056,1981-01-01 01:01:02,2025-09-15 19:23:51.881298,50000000,2025-09-15T19:31:48.516529,"College Girls Team Makeover
1.3.6",Teenage Fashion Dress Up,10 Sept 2025
0409CA2D2D05D0FE6CB1FE715B2639FE6F73701665623F2F2B8B0A6557456000,net.omobio.robisc,10000038,1981-01-01 01:01:02,2025-07-15 18:40:57.68518,50000000,2025-07-15T18:41:01.382821,"My Robi - Offers, Usage, More
10.5.0",ROBI AXIATA PLC.,11 Jul 2025
0F882892966E8A51F37EB3AF66CFD8B3B75C4AF14E0488B195E897490253D674,mini.block.craft.free.mc,82,1981-01-01 01:01:02,2025-08-10 17:47:52.179874,100000000,2025-02-20T12:37:53.882720,"Mini Block Craft
82.5.2.mc",Build Block Studio,22 Jan 2025
1E6C2A1451E21CF9F7A77D4593867A0B970A901D5247ACF3AF4DDD9B91D65F65,com.rovio.angrybirdsfriends,374481,1981-01-01 01:01:02,2025-10-02 13:10:58.497561,100000000,2025-10-02T13:03:30.601021,"Angry Birds Friends
13.5.2",Rovio Entertainment Oy,2 Oct 2025
774F351C7B9DA278305E0C45C20D10F7F08FFAC0662DD70513A018F37404A462,net.apex_designs.payback2,177,1981-01-01 01:01:02,2025-08-14 06:59:34.24957,100000000,2025-08-14T07:00:43.023859,"Payback 2 - The Battle Sandbox
2.106.15",Apex Designs Games LLP,13 Aug 2025
0B25C95D7E9EEDC2A24BBAD7DF43E25FBA6B813635E1B5A07FD80E7BE4325A03,com.microsoft.skydrive,2027380202,1981-01-01 01:01:02,2025-09-07 03:13:38.173133,5000000000,2025-09-07T03:13:25.440788,"Microsoft OneDrive
7.38",Microsoft Corporation,28 Aug 2025
DF335CA4A0857E31C4DA6F5FAECF5D0C236F01C23C7841FA385CE75C28A93990,com.rovio.BadPiggies,3467,1981-01-01 01:01:02,2025-10-07 01:37:37.824186,100000000,2025-10-07T01:37:28.192652,"Bad Piggies
2.4.3467",Rovio Entertainment Oy,2 Oct 2025
0606C3187AC1C72A29737D2E70DBFB9FC63B8827CC14C9E42D17D0D5CB3AAD57,com.tinder,16080126,1981-01-01 01:01:02,2025-08-06 09:14:46.923229,100000000,2025-05-22T22:00:13.592014,"Tinder Dating App: Chat &amp; Date
16.8.1",Tinder LLC,21 May 2025
28F957168ABABD9F295AE88B992D5F3B992F70EB120CEECFE091F606010C7245,com.sega.sonic2.runner,230,1981-01-01 01:01:02,2025-03-19 13:54:53.80518,50000000,2025-03-19T13:56:09.980874,"Sonic The Hedgehog 2 Classic
2.0.2",SEGA,23 Feb 2025
006438BF3B35A887A5856F92B3C20BE3EC1A6B8E0E5777F2869C33B373CEC72E,com.avg.cleaner,800011273,1981-01-01 01:01:02,2025-10-15 15:07:05.146528,50000000,2025-10-15T15:07:45.265634,"AVG Cleaner – Storage Cleaner
25.20.0",AVG Mobile,"Oct 14, 2025"
0111E0ED765E1D571EF49654B0514B67E1F553BA770B479640F5A6A1548F01D1,com.alibaba.aliexpresshd,80005398,1981-01-01 01:01:02,2025-02-20 22:43:28.701818,500000000,2025-02-20T22:43:32.818349,"AliExpress: Shopping Online
8.120.0",Alibaba Mobile,12 Feb 2025
0630BF9DFA1FA2D2D34DD089A045DAB3B7D7E00066905DC19197C25DB8165E45,com.media.music.mp3.musicplayer,217,1981-01-01 01:01:02,2025-06-11 15:16:50.390176,100000000,2025-06-11T15:17:28.808683,"Music player
217.01",recorder & smart apps,30 May 2025
5E2D75CA5D48F9A2837BC1787141B4C925A3E272A70E827F7C3A149DD6142256,com.outfit7.talkingben,200406000,1981-01-01 01:01:02,2025-09-02 15:52:57.343854,100000000,2025-08-27T15:54:53.135852,"Talking Ben the Dog
4.6.0.334",Outfit7 Limited,19 Aug 2025
1F190ED1DADEBC1E8A0CCA5209F9B0204311E1E3F04C9145F18A365B5F9FEF55,com.notdoppler.earntodie2,1004058,1981-01-01 01:01:02,2025-10-06 03:50:24.789597,100000000,2025-10-06T03:51:51.543937,"Earn to Die 2
1.4.58",Not Doppler,14 Aug 2025
025A412477557A6D37C24D59CEFCC92F1DC963DFBD2A451A34783621004D4BA9,com.alfaondo.monstersgang,201,1981-01-01 01:01:02,2025-08-09 15:59:47.964074,50000000,2025-08-09T16:18:13.598673,"Monsters Gang 3D: beast fights
5.1.3",MOONEE PUBLISHING LTD,25 Jul 2025
16A0F77A9584174B773D4A375FCEFEABA33F017A1CF2B1F6D21BE0320013DECA,com.miniclip.footballstrike,163,1981-01-01 01:01:02,2025-03-25 10:14:45.29177,100000000,2025-03-25T10:16:07.957090,"Football Strike: Online Soccer
1.53.0",Miniclip.com,19 Mar 2025
10786096229095C3DABC15E3CB0B70BC8E7821E3230900EEDC697F9BED861EF2,com.MadOut.BIG,200258,1981-01-01 01:01:02,2025-09-09 11:58:47.954569,50000000,2025-09-09T12:01:14.255117,"MadOut 2: Grand Auto Racing
17.03",MadOut Games LLC FZ,25 Aug 2025
02EC9B56AEADD7D0184A71584A6B4AB1F38CE4F4BBFD9E79573555AD5277BFE8,com.wondershare.filmorago,14981,1981-01-01 01:01:02,2025-10-11 06:48:10.083882,100000000,2025-10-11T06:49:43.612851,"Filmora: AI Video Editor&amp;Maker
14.9.81",Wondershare Filmora,"Oct 9, 2025"
02433495A31E040722FB420E469C0D741794DFE7CB48A00ED1DA55E199046278,com.slippy.linerusher,201146,1981-01-01 01:01:02,2025-10-17 05:04:33.566453,100000000,2025-10-17T05:04:34.523749,Fun Race 3D — Run and Parkour,CASUAL AZUR GAMES,13 Oct 2025
07E69A7C0ECDCC43EFC6990F374E8E5658155A522F866D1544F46296A10862D4,com.miui.player,5263,1981-01-01 01:01:02,2025-02-20 23:14:38.017833,1000000000,2025-02-20T23:26:04.364865,"Mi Music
9.12.02.012317i",Mi Music,23 Jan 2025
1B09420EB06157E7AACF826A56DFF824819EEEDD2AFD5B18B20DDACA567BEF97,com.sinyee.babybus.bakery,8730000,1981-01-01 01:01:02,2025-09-09 19:23:34.264668,50000000,2025-09-09T19:23:02.175207,"Little Panda&#39;s Cake Shop
8.73.00.00",BabyBus,31 Aug 2025
1E8752107F7B29D84FFF53932ACC1C0C73F68BE69F505AD8B28B73FDDF8176B7,com.runninggames.catrunners.runningpet,122,1981-01-01 01:01:02,2025-08-11 09:26:59.411898,50000000,2025-03-02T13:27:49.069673,"Running Pet: Dec Rooms
2.2.1",IVYGAMES,20 Feb 2025
1908E40A13D7F8026908DB966D52450555C0EFB7BB9EA746F25040B5A94FE4AC,com.google.android.gms,253434029,1981-01-01 01:01:02,2025-09-07 01:53:31.013045,10000000000,2025-09-07T01:55:02.137405,"Google Play services
25.34.34 (190400-800653487)",Google LLC,28 Aug 2025
05CC2D324449F2C8ABD6AF7DE891FB34101CB355C8428A2017267B6A94464C46,com.happykamp.aquariumland,1202,1981-01-01 01:01:02,2025-10-08 21:59:49.780606,50000000,2025-10-08T21:59:50.482307,"Aquarium Land — Fishbowl World
2.10.4",Homa,7 Oct 2025
0076745BDC99588A753A8A008C8E566C786121E649DFB4B3BC54BE82AE7AED83,com.zeptoconsumerapp,592,1981-01-01 01:01:02,2025-11-30 03:21:05.136253,100000000,2025-11-30T03:21:57.359633,"Zepto:10-Min Grocery Delivery*
25.11.4",Zepto Marketplace Private Limited,24 Nov 2025
1F1415676ADF809197A1E447F93F7D010B3DBC7362373A11F3B2F2C49A389287,com.apalon.myclockfree,23356,1981-01-01 01:01:02,2025-09-11 07:52:58.151674,50000000,2025-09-11T07:54:14.987464,"Alarm Clock for Me
2.85.3",Mosaic Srl,27 Aug 2025
0003957062FFD0BAC70E8B8F7729B4ADCBA6B0CBDB06D243A079529A4623B0CF,com.dubox.drive,527,1981-01-01 01:01:02,2025-08-12 15:57:33.69572,100000000,2025-08-12T15:57:34.449820,"TeraBox: 1TB Cloud &amp; AI Space
4.3.5",Flextech Inc.,4 Aug 2025
01E91A4CF5116905F74812B9D4D6DE32D3521DDC14DBE23932409FD04B7EE38B,com.imaginalis.HouseFlipperMobile,423,1981-01-01 01:01:02,2025-07-13 19:19:42.799851,50000000,2025-07-13T19:21:18.126515,"House Flipper: Home Design
1.541",PlayWay SA,11 Jul 2025
013C3F2319846EEB95CE1B89F89EB61F11D2198054FB6F05A798EDFC52B94AB7,com.photoeditor.snapcial,280,1981-01-01 01:01:02,2025-10-06 06:50:44.978266,50000000,2025-10-06T06:51:22.318160,"Collage Maker – Photo Collage
280",Snapcial™ - Photo Editor and Photo Collage Maker,3 Oct 2025
61ECB161DC85FF8FC27F7866E93CBAE4A4F986C3DB44F76B74B61F86E38449B5,com.google.android.apps.nbu.paisa.user,3499435,1981-01-01 01:01:02,2025-09-14 18:19:40.078831,1000000000,2025-09-14T18:20:54.702285,"Google Pay: Secure UPI payment
295.1.1 (arm64-v8a_release_flutter)",Google LLC,2 Sept 2025
0DE13FBF0FF9B1D98BD5C7FB81DDF511B311E2AE2AF4662BC5E5854DB9B8CF56,com.a0soft.gphone.app2sd,230006039,1981-01-01 01:01:02,2025-09-11 10:19:02.764683,50000000,2025-09-11T10:20:14.120739,"AppMgr III (App 2 SD)
6.03",AZSoft Technology Inc.,9 Sept 2025
6D136104FAD2D1F8EAD41C19C7054BAD98433F129F257A6CA8C6A630F9A02872,com.atomic.apps.ringtone.cutter,200006,1980-01-01 00:00:00,2025-10-14 01:14:41.359827,100000000,2021-11-26T18:32:28.669209,MP3 Cutter and Ringtone Maker,Atomic Infoapps,25 Nov 2021
076BF59C8AF2F40B5BC0485892C9057D9AADFF981B4D8AEE97EDD8881633D72B,com.joydo.minestrikenew,1178,1981-01-01 01:01:02,2025-11-15 03:24:11.953461,50000000,2025-11-15T03:24:25.145906,"Cops N Robbers:Pixel Craft Gun
17.6.0",Riovox,3 Nov 2025
036434BBDE783878D180132C9FD3687421D5F74E091F66CA3609EDB47C1AB981,jp.konami.duellinks,171,1981-01-01 01:01:02,2025-05-25 03:27:37.186957,50000000,2025-05-25T03:27:55.731945,"Yu-Gi-Oh! Duel Links
9.8.1",KONAMI,19 May 2025
1055B6971119947518216457DC187AE8B709F94E19B21555E61BB9EF8A8F4B92,helectronsoft.com.live.wallpaper.pixel4d,401,1981-01-01 01:01:02,2025-08-26 20:28:23.876392,50000000,2025-08-26T20:31:04.956700,"Pixel 4D™ Live Wallpaper 4K 3D
3.4.5",TarrySoft,24 Jul 2025
0100E766045781D81E69A146E61FA82C0EA395AFC98E35E49637E1391DE10D07,com.unearby.sayhi,2112,1981-01-01 01:01:02,2025-08-12 12:35:21.869406,50000000,2024-09-18T12:46:59.306289,"SayHi Chat Meet Dating People
21.11",UNearby,12 Sept 2024
03ED48B17DD921FE8960FDE0735E7F43C3B11A769F440E8EA64D8D3DF5E6CC52,com.bitmango.go.blockhexapuzzle,468,1981-01-01 01:01:02,2025-03-08 05:38:29.39788,50000000,2025-03-08T05:43:49.106696,"Block! Hexa Puzzle™
25.0307.00",BitMango,6 Mar 2025
0B6604385B00E3F5595911C386380B9EC83219390450FEF351603B420EB7AD96,com.photoroom.app,1763,1981-01-01 01:01:02,2025-08-15 17:33:54.261706,100000000,2025-02-23T21:03:40.364470,"Photoroom AI Photo Editor
2025.08.05",Photoroom AI Photo Editor,20 Feb 2025
106ADA6D2C9AB1BB14EB1DC25343513CA771F2585DE618220BAF4133362069C1,ru.ozon.app.android,2590,1981-01-01 01:01:02,2025-08-09 14:46:10.272379,100000000,2025-07-16T20:01:13.890147,"OZON: товары, одежда, билеты
18.24.1",Internet Solutions LLC,14 Jul 2025
01045DEC52858712FDA5F8F0EB9C9B56F38F01BD0970F34694677962861C2BDB,com.gameloft.android.ANMP.GloftGGHM,86029,1981-01-01 01:01:02,2025-08-09 00:16:32.06966,100000000,2025-08-06T16:12:05.493170,"Gangstar Vegas: World of Crime
8.6.0e",Gameloft SE,29 Jul 2025
0B1440FF3681DC07AFA64C8C005A336DEB856F8D7071019C2864C2BEED545753,videoeditor.videorecorder.screenrecorder,2442000,1981-01-01 01:01:02,2025-08-18 09:48:07.08756,100000000,2025-08-18T09:49:23.921550,"Screen Recorder - XRecorder
2.4.4.2",InShot Inc.,14 Aug 2025
81355920534A92B0767D9BE3F0F0D3290B8E3FCB1CF7E75A14FBD1052BB1DCE0,com.themekit.widgets.themes,191,1981-01-01 01:01:02,2025-11-26 03:21:04.623186,50000000,2025-11-26T03:22:22.204125,"ThemeKit - Themes &amp; Widgets
19.1",ThemeKit,12 Nov 2025
0A20D8FA2A82D1F17A2B6EB094312C162BB92EEAE6A048FB2F4B601531070222,com.soccer.score.star,301,1981-01-01 01:01:02,2025-01-13 12:01:55.158235,100000000,2025-01-13T12:17:20.692668,"Soccer Superstar - Football
0.3.1",Real Freestyle Soccer,8 Jan 2025
2EDFAE93C6CA3CF4937C45D86149645D0C2CE69EF0DBFB9DD3AC8057E68F1EEE,com.pd.vehiclemasters,492,1981-01-01 01:01:02,2025-10-01 11:00:55.488921,100000000,2025-10-01T11:01:44.296552,"Vehicle Masters
1.0.43",SayGames Ltd,30 Sept 2025
015D6ADFCAE2E402A64A994C6BC105F7B32501A63AD896799F7D23265BF4A9D2,com.casttv.castforchromecast.screencast,40901,1981-01-01 01:01:02,2025-10-03 17:41:59.761777,50000000,2025-10-03T17:42:18.366027,"TV Cast for Chromecast Remote
4.0.9",iKame Applications - Begamob Global,1 Oct 2025
2763EAE530760817141E13BCA0408CA4EA33143B3D3E94B59519EB504B6C48AA,com.playgendary.kickthebuddy,7291,1981-01-01 01:01:02,2025-02-19 03:19:49.940061,100000000,2025-02-19T03:29:27.265594,"Kick the Buddy－Fun Action Game
2.10.5",Playgendary Limited,13 Feb 2025
30BDD24E4B5FDD14E101715E9C576B4EDD6E632E61AC242CFBD3E870FE15CBB1,com.google.android.calculator,85006687,1981-01-01 01:01:02,2025-08-29 03:05:24.813135,1000000000,2025-08-29T03:05:21.240677,"Calculator
9.0 (799007469)",Google LLC,"Aug 25, 2025"
D03135A13FC736E01C5DD9FF5203A2689E9EBA4A91F3944C47840E585F3E84B6,com.playmini.miniworld,67343,1981-01-01 01:01:02,2025-01-14 09:26:29.637029,100000000,2025-01-14T09:43:10.067570,"Mini World: CREATA
1.7.15",MINOVATE HONG KONG LIMITED,6 Jan 2025
394069370D55CA8B6524D5B7D42622F7DA9D50C54662404DCEBEA6E94EEEEB8F,com.howtoloot.pullpin.herorescue,70,1981-01-01 01:01:02,2025-09-19 21:33:06.030603,100000000,2025-09-19T21:35:04.655289,"How to Loot - Pin Pull
1.2.7",Azura Global,18 Sept 2025
0A5D7FC5B526522D3E4371142BCCF2C08513EDF3D453400F0871E630A5D24B6E,remote.control.tv.universal.forall.roku,69,1981-01-01 01:01:02,2025-01-10 02:37:56.128412,50000000,2025-01-10T02:38:39.122722,"Remote Control for TV - All TV
1.0.68",Hitchhike Tech,2 Jan 2025
4E6BA084BB7D9C8ADFBCE094D6E6928C533DCCF3EA8DA556B9D3614ABB19E1C2,com.idle.egg.factory.inc.tycoon,260,1981-01-01 01:01:02,2025-10-01 00:41:49.816909,50000000,2025-10-01T00:43:14.970866,"Idle Egg Factory
3.2.0",Solid Games,"Sep 30, 2025"
57F432EC50ECEABB9AE4E03EA2F4AF13D88A780445BB52243D7DD626575B409D,com.miniclip.realsniper,500291,1981-01-01 01:01:02,2025-08-06 06:22:31.758719,100000000,2025-06-01T00:43:16.209611,"Pure Sniper: City Gun Shooting
500291",Miniclip.com,29 Apr 2025
0102158EB981E99BE852DF891DD8A04FC0C0046BBCF7F388EAFB69A6DB645481,ru.yandex.searchplugin,250200043,1981-01-01 01:01:02,2025-02-24 15:26:32.255251,100000000,2025-02-13T23:50:13.353929,"Yandex Start
25.20",Direct Cursus Computer Systems Trading LLC,31 Jan 2025
038DF3FF2AA44F6AFCB7931581A6CCB58D61C1FE402A62B3B340435BD6CE61C0,paint.by.number.pixel.art.coloring.drawing.puzzle,11786,1981-01-01 01:01:02,2025-01-21 20:34:31.312193,100000000,2025-01-21T20:39:17.130729,"Paint by Number: Coloring Game
4.28.2",Oakever Games,17 Jan 2025
1813D94F477AB1F38D2EE104DCD044909ED9B684E6E7324734AA0A45D8E43D31,com.firsttouchgames.dls7,117,1981-01-01 01:01:02,2025-08-05 12:31:34.605605,100000000,2025-02-22T14:36:18.877644,"Dream League Soccer 2025
12.100",First Touch Games Ltd.,19 Feb 2025
07EE38490C96C43F9F590658334BFA7E12EA0D6741BE63E09B3046CC40A7A1AF,eu.livesport.FlashScore_com,431,1981-01-01 01:01:02,2025-03-18 09:29:12.672474,50000000,2025-03-18T09:30:18.458819,"Flashscore: Live Scores &amp; News
25.3.1",Flashscore,7 Mar 2025
16D63AD4B166A7EE29E8D512D8C82E9272F63D4F7AAB735E9B80132276A895F8,com.iqoption,3317,1981-01-01 01:01:02,2025-09-18 20:52:43.367626,100000000,2025-09-18T20:53:07.238491,"IQ Option – Trading Platform
8.62.3",IQ Option,11 Sept 2025
25C23EA5C544EE74C5560F21F48FFA709E4A0C17CF6EF4C35309A294EB031D8B,com.seenax.HideAndSeek,243,1981-01-01 01:01:02,2025-09-08 23:24:07.533812,100000000,2025-09-08T23:26:14.080091,"Hide &#39;N Seek!
1.9.58",Supersonic Studios LTD,"Sep 8, 2025"
8FF84F45ACC8DDA6577311C7418F998B4C39B39857AD287DCC4B0A7DFC36816D,com.hmdglobal.support,135844,1981-01-01 01:01:02,2025-11-15 03:45:10.949103,100000000,2025-11-15T03:45:40.355236,"My Device by HMD
5.7.5",HMD Global,26 Jun 2025
0AFC9F56EBBC1BC4F965B4C5F3C053DEAA89C3575DAB6709B48124FAA8FC33ED,gogolook.callgogolook2,78104019,1981-01-01 01:01:02,2025-08-05 01:10:04.783093,50000000,2025-03-17T23:12:09.589508,"Whoscall - Caller ID &amp; Block
7.81",Gogolook,11 Mar 2025
133162FDF4B4E807DA470D8D11EDEB572B93A2FA3FED3C9D724C8D5D2C2C9E9A,qrcodescanner.barcodescanner.qrscanner.qrcodereader,78,1981-01-01 01:01:02,2025-09-24 08:18:32.13889,100000000,2025-09-24T08:18:35.311834,"QR Code Scanner &amp; Scanner App
1.6.1",QR Code Scanner.,18 Sept 2025
0E3465A66A9DB276A72E3D4605A69779702982FFA3160AC8CEFA35CCC639F035,com.igg.castleclash,41007000,1981-01-01 01:01:02,2025-08-12 19:47:09.396392,100000000,2025-08-12T19:47:09.963983,"Castle Clash: World Ruler
4.1.7",IGG.COM,10 Aug 2025
487CA6C23FED584255A0797496091B1F6613D2A3ED8ECA22FE5F4E1CA1A4AC04,com.yg.mini.games,223,1981-01-01 01:01:02,2025-08-17 19:22:57.341459,50000000,2025-06-14T11:31:52.310267,"Relax Mini Games
2.2.3",SUPERIOR  STUDIO,6 Jun 2025
07C6922A60F80E2084D75F0EBB075684FC0745311ED86EAB09666790505C93D8,ch.protonvpn.android,605125800,1981-01-01 01:01:02,2025-08-15 18:22:57.95243,50000000,2025-08-15T18:24:15.341884,"Proton VPN: Private, Secure
5.12.58.0",Proton AG,11 Aug 2025
C95B01F145F51E234A6BF95A105A97335AC7D121E1C39E8BB07C754CB60C307B,com.gearup.booster,430,1981-01-01 01:01:02,2025-11-24 04:05:11.181905,50000000,2025-11-24T04:06:17.719537,"GearUP: Lower Lag Game Booster
3.46.0",GearUP Global,6 Nov 2025
18E183778AE4D5BA1A9F2130E3ECD0969175D72CF7496E197DF5927EC8A74D65,sixpack.sixpackabs.absworkout,95,1981-01-01 01:01:02,2025-09-08 13:03:46.308808,100000000,2025-09-08T13:06:14.425202,"Six Pack in 30 Days
1.4.1",Leap Fitness Group,2 Sept 2025
0476CA269EDDA8860E76F7662167A2BB83A1FB6A58EB6C3EF3CB613912BD13F5,de.lotum.whatsinthefoto.us,61354,1981-01-01 01:01:02,2025-08-08 19:42:44.728766,50000000,2025-08-08T19:43:27.411676,"4 Pics 1 Word
63.2.0",Lotum GmbH,5 Aug 2025
0B1E813D112A8B78D67A207753EB8DEB1D75269E828F2344CF3EDB562AF315AE,com.frojo.moy6,115,1981-01-01 01:01:02,2025-08-10 14:40:08.89116,50000000,2025-08-10T14:40:09.729852,"Moy 6 the Virtual Pet Game
2.047",Frojo Apps,29 Jun 2025
14A85D1E00C80D6BC93E81C4C54B56C65581DB1CC20CF3C3EC0658E31994059E,com.pandora.android,25091005,1981-01-01 01:01:02,2025-09-24 16:10:59.242525,100000000,2025-09-24T16:11:48.438341,"Pandora - Music &amp; Podcasts
2509.1",Pandora,22 Sept 2025
0865B0F9425D9E4FE2DC82A021B1320D089FBCFCF47BB1C22446F5C8D8780337,com.playrix.township,1027010,1981-01-01 01:01:02,2025-05-01 08:11:15.36061,100000000,2025-05-01T08:18:42.100980,"Township
27.0.1",Playrix,24 Apr 2025
18B071CEFFD91AA9104214CBD8D1CA80F26464F3CE8A82EEF96D3F82CCB898ED,com.microblink.photomath,70001013,1981-01-01 01:01:02,2025-09-27 19:43:07.097756,100000000,2025-09-27T19:43:01.066266,"Photomath
8.46.0",Google LLC,"Sep 25, 2025"
314F7948D7F0869AA6EF7E088010CCFD9C1270C82107D4A77092E8EDD095BCF1,com.androvid,7093,1981-01-01 01:01:02,2025-10-16 15:34:55.412867,50000000,2025-10-16T15:34:42.144068,Video Editor & Maker AndroVid,Fogosoft Ltd,14 Oct 2025
00429496E1E86E2A3CB84EBEE64EB2FE657314A16913113564A967B022839C5A,com.fitbit.FitbitMobile,110198529,1981-01-01 01:01:02,2025-02-20 07:11:21.169359,100000000,2025-02-20T07:12:21.225976,"Fitbit
4.35.fitbit-mobile-110198529-721201798",Fitbit LLC,12 Feb 2025
0A2D5A890D4C503AAFADB97A6CA58EC2774A01CB99AFBD9D2E88B86E4E46DFF2,com.antivirus,1004626,1981-01-01 01:01:02,2025-02-20 11:10:51.173682,100000000,2025-02-20T11:14:42.388831,"AVG AntiVirus &amp; Security
25.3.0",AVG Mobile,6 Feb 2025
11575493BFDF0AE3C5B93740FC348D519EFCF90B1D59A8935E40DD8FE24542D9,com.matchingham.judgementday,287,1981-01-01 01:01:02,2025-08-07 09:26:54.351145,50000000,2025-08-07T09:29:40.875768,"Judgment Day: Angel of God
1.12.3",Bolga Games,24 Jul 2025
02A5309560BD3846462AA5F519A78700B6F8F59955FD4970CE3CDB5F324C73C4,com.topface.kisskiss,50153102,1981-01-01 01:01:02,2025-08-12 07:55:08.531735,100000000,2025-03-22T10:09:04.535282,"Kiss Kiss: Adult Stories Game
5.1.53102",PLAYNETA LIMITED,21 Mar 2025
13ABA87C4672328760EB5D37BB24E4547F0ECB96624AB72904302CCB8529328B,com.cdgames.fidget3d,200117,1981-01-01 01:01:02,2025-10-15 03:31:05.130586,100000000,2025-10-15T03:32:21.295369,"Antistress - No Wifi Games
1.3.78",Fidget Dev,"Oct 9, 2025"
1717AEEFD5E316599FF2482440E0EF1EDA78B823F303D21742C0A92C526A2805,com.activision.callofduty.shooter,16485,1981-01-01 01:01:02,2025-05-31 22:59:15.737013,100000000,2025-05-28T00:32:56.737107,"Call of Duty: Mobile Season 4
1.0.51","Activision Publishing, Inc.",19 May 2025
0A8810DA6A1D8D38FA3C38E808DDC4BAB537E40EF4C9E8A40F75B2A57A972E5A,com.redberry.glitterdressa2,42,1981-01-01 01:01:02,2025-09-25 16:21:32.730643,50000000,2025-09-25T16:23:34.336915,"Glitter Dress Coloring Game
7.0",Baram FZE,13 Sept 2025
0157EF470753C52EF4B681A596E1CB8EDD11D3F66260E1CC29045989ABAC9331,com.bca,1250,2025-01-21 17:50:54,2025-01-27 07:32:13.257344,50000000,2025-01-27T07:32:40.754079,"BCA mobile
4.5.7",PT Bank Central Asia Tbk.,21 Jan 2025
3913BB3B4FBD9C93482551921714BDA6D746B93248C3EB55E1B4988E8530FC6A,com.ihappydate,204,1981-01-01 01:01:02,2025-08-13 01:46:45.789286,50000000,2025-08-13T01:48:20.415075,"Dating and Chat - iHappy
1.1.42",ihappydate,"Jul 10, 2025"
00399853DA252A3E6271742B24F151FCFC679767D9970DB05CC4C4C86F6AC903,com.flightradar24free,101409860,1981-01-01 01:01:02,2025-08-08 18:07:40.059724,50000000,2025-08-08T18:09:02.232869,"Flightradar24 Flight Tracker
10.14.0",Flightradar24 AB,29 Jul 2025
2A55A3646F0701E5000965BDA08F8359D936EF8A424D5ECBF178401C3C829EB1,com.uc.minigame.relax,200083,1981-01-01 01:01:02,2025-10-11 22:55:28.624472,100000000,2025-10-11T22:56:55.883762,"Mini Games: Calm &amp; Relax
1.0.83",Unicorn Studio Official,"Oct 9, 2025"
0711A2B1AAD9B6D0D266526EE01F3E2AE7C67DD228AEFA1CAFA649BB53A979F1,com.careem.acma,251600,1981-01-01 01:01:02,2025-08-05 15:39:26.379589,50000000,2025-04-28T20:51:30.775348,"Careem: Rides, Food &amp; more
25.16",Careem,21 Apr 2025
164AF146C22C6672A49CE0F3F396B69614A575C0B6E7C93FB3488C794D5387EA,com.runtastic.android,2024070471,1981-01-01 01:01:02,2025-08-14 08:58:13.179146,50000000,2024-07-11T22:22:03.839370,"adidas Running: Run &amp; Work Out
13.39",Adidas Runtastic,4 Jul 2024
20CE63100C5C5C7A0B017A0F4222158BCC8E3D6912B20ECC7DAB4F88E4D372B0,com.keplerians.evilnun,300388,1981-01-01 01:01:02,2025-03-20 21:15:15.819835,50000000,2025-03-20T21:19:29.580151,"Evil Nun: Horror in the School
1.9.1",Keplerians Horror Games,12 Feb 2025
088F005A569A587CE8623716FEAF0E5290CF3F77981B39C5CE8B493BA04528F8,es.socialpoint.DragonCity,1805082392,1981-01-01 01:01:02,2025-08-11 00:19:35.478392,100000000,2025-07-24T00:49:31.700867,"Dragon City: Mobile Adventure
25.9.0",Social Point,18 Jul 2025
0104DA78505BF8F0813AAB3F341ACB377F09CE082C199C2F74BDD171441DDEB8,com.jellybtn.boardkings,31727,1981-01-01 01:01:02,2025-01-26 10:23:25.952366,50000000,2025-01-26T10:38:44.751381,"Board Kings: Dice Online Game
5.21.2",Playtika,24 Jan 2025
D93893B883B1BE221D38BCBFDEC41539F7573A1C1361470E7C9E22DC03105C28,com.tcl.browser,802085,1981-01-01 01:01:02,2025-11-03 16:14:08.556459,50000000,2025-11-03T16:14:38.651775,"TV Web Browser - BrowseHere
8.02.085_eb15043_251031_gp",TCL Group,31 Oct 2025
2FAF8E84F0206B210DEC764C3D57C220BD8A1BD2503AACCBF4BFC5BA191EA8FA,mx.com.bancoazteca.bazdigitalmovil,3146,1981-01-01 01:01:02,2025-08-02 04:18:00.667211,50000000,2025-08-02T04:18:48.477662,"Banco Azteca
3.1.10",Banco Azteca S.A. Institución de Banca Multiple,17 Jul 2025
19238AA35163C669E301DAC84857AE8C63E8F10CF5ED58B6B3951165FCA5E5BC,com.keplerians.icescream,219,1981-01-01 01:01:02,2025-04-12 10:04:35.971441,50000000,2025-04-12T10:05:51.039937,"Ice Scream 1: Scary Game
1.3.5",Keplerians Horror Games,27 Mar 2025
11F91CF375D11F7A4474E42E67A544FB534B3E59FC7E1DEEACD0D7D0859D8F60,com.differencetenderwhite.skirt,115,1981-01-01 01:01:02,2025-08-28 13:43:00.598633,100000000,2025-08-28T13:43:38.121370,"Block Puzzle Jewel
115.0",hua weiwei,19 Aug 2025
1298B0427390FB87A2C202416C01D5F94E39930BF823F2B7EA62FA388447BF50,com.refuelgames.rally,311181,1981-01-01 01:01:02,2025-08-05 22:03:24.907237,100000000,2025-08-05T22:02:57.676241,"Rally Fury - Extreme Racing
1.118",Refuel Games Pty Ltd,1 Jul 2025
00289A4BB91B77FA6E2E4FD69F4B78F86207C4207A3C82232231592C6C45947E,com.phonepe.app,25071107,1981-01-01 01:01:02,2025-08-05 04:08:36.321758,500000000,2025-08-05T04:08:20.454863,"PhonePe UPI, Payment, Recharge
25.07.11.0",PhonePe,30 Jul 2025
303D1F8BCD849C313F9E98BF238078129523B6E3CEE1FB47C4C388523D1C90EB,com.hqgames.pencil.sketch.photo,655,1981-01-01 01:01:02,2025-08-27 03:57:56.431461,50000000,2025-08-27T03:59:53.439755,"Pencil Photo Sketch : Drawing
2.2.55",Minerva Studios Private Limited,"Aug 24, 2025"
2EA122B5E4A8648BCD6B504F9FADAE6DD7E23EDB0C5BAE3529DAED2C754515B7,downloader.vitmate.downloaderapp,43,1981-01-01 01:01:02,2025-07-12 10:22:34.800757,100000000,2025-07-12T10:23:38.842999,"Downloader - Video Downloader
1.4.3",Leap Fitness Group,4 Jun 2025
129F7747009B380ABC915962CDE1F2AAF9CC377B45D6CBBD7436B9413810E26C,com.doubletapsoftware.basketballbattle,2043901,1981-01-01 01:01:02,2025-08-27 13:55:52.92152,50000000,2025-08-27T13:57:59.362854,"Basketball Battle
2.4.39",DoubleTap Software,18 Aug 2025
0560D2143DB0C1C2F7823F3D81994746EB7751FA1B6337E28A6373E02D570FE8,pedometer.steptracker.calorieburner.stepcounter,145,1981-01-01 01:01:02,2025-08-06 22:43:01.374905,100000000,2025-08-06T22:43:57.922132,"Step Counter – Pedometer
1.5.8",Leap Fitness Group,30 Jun 2025
1A340F02C6C1666DA4412E8AC6BAE95397C919DBAEF18E404D7F06FCE111F3A6,com.mindy.grap1,9003056,1981-01-01 01:01:02,2025-06-04 00:22:18.208278,100000000,2025-06-04T00:22:19.302085,"Stickman Hook
9.5.34",Madbox,1 Jun 2025
82A093C978C95565010CAB4C1CD4942C34ACBE43CD145FA5497C1D9661ED8659,com.threed.bowling,28,1981-01-01 01:01:02,2025-06-13 07:46:53.49661,100000000,2025-06-13T08:16:20.092159,"3D Bowling
4.0",Italic Games,5 Jun 2025
1D6A9CB38C90D0EAE6C76BA7310CF520222ACFDC00D5D28939B85A40284D5A89,com.mobadu.BlockyFarmRacing,87,1981-01-01 01:01:02,2025-02-17 23:53:38.376745,50000000,2025-02-18T00:02:29.648814,"Blocky Farm Racing &amp; Simulator
1.56",mobadu,14 Jan 2025
0F57F939C6DB6674A372B70079CBF8B76FABC9A9DE85571969922761631DFD25,io.teslatech.callbreak,3354,1981-01-01 01:01:02,2025-04-12 09:10:30.196336,100000000,2025-04-12T09:17:32.336757,"Callbreak.com - Card game
1.19.2",Teslatech,10 Apr 2025
01663BCCBE8B926E7D4A3361A14E7F7A9B7FFB3C6AE7692F40689F314BCDE325,com.animedressupgames.chibi,500105,1981-01-01 01:01:02,2025-01-11 19:12:46.324069,100000000,2025-01-11T19:16:18.824457,"Chibi Doll Dress Up Games
6.0",Anime Dress Up Games,17 Sept 2024
367E6B0068E19632FD13C365DCEC4818069FE8A9945B5519FF8BFECE1DC3EB57,com.JindoBlu.FourPlayers,1602,1981-01-01 01:01:02,2025-09-17 17:14:51.835069,50000000,2025-09-17T17:15:31.965135,"1 2 3 4 Player Games - Offline
2.22.1",JindoBlu,12 Sept 2025
2B7ABBBFD87150CC68EA14086DCC195385775568C65FDC4E800223E1E0CF4046,free.video.downloader.statussaver,55,1981-01-01 01:01:02,2025-08-07 23:27:38.080452,50000000,2025-08-07T23:30:20.233393,"All Video Downloader
1.55",Vid Downloader & Vast Mate Apps,22 Jul 2025
693DD872E851124E25AA0B7C79B55E924077C0C37FC910508584419DD49E5603,com.lookout,10570009,1981-01-01 01:01:02,2025-09-02 13:15:17.544014,100000000,2025-09-02T13:15:52.184577,"F-Secure Mobile Security
10.57-ff32089",F-Secure Corporation,22 Aug 2025
0682359DDC42E1565A2E1B5ABFBF4ED3771411B8270C3E2D3B321CCA9DBC1870,com.spilgames.UphillRush,4015451,1981-01-01 01:01:02,2025-08-27 21:13:59.809249,100000000,2025-08-27T21:15:46.588836,"Uphill Rush Water Park Racing
4.3.1031",Azerion Casual,17 Aug 2025
063236760DA9EB0C78F56949DB6F8B329DDB7A581D477E06A390CBCE2F34C93F,vsin.t16_funny_photo,9984,1981-01-01 01:01:02,2025-05-14 03:06:00.687109,100000000,2025-05-14T03:07:21.248581,"Photo Lab Picture Editor &amp; Art
3.13.60",PHOTO LAB DMCC,7 May 2025
2EB7FBF22ACC4CAA97B38F4A4BA1AAE1263FC89D4E511ECC7BF09D1CB1E1DB89,com.playstrom.dop2,184,1981-01-01 01:01:02,2025-10-03 14:18:13.200272,100000000,2025-10-03T14:21:38.933193,"DOP 2: Delete One Part
1.3.22",SayGames Ltd,1 Oct 2025
035937F2071E7C3FD26A61B12EA1F02950A5E5ECF13832526F5B68FD1B656225,com.foursgames.camouflagesniper,74,1981-01-01 01:01:02,2025-08-16 16:23:53.273286,50000000,2025-08-16T16:25:22.602362,"Camo Sniper
4.1.0",Supersonic Studios LTD,18 Jun 2025
0C2A27B1745121EC22B4FAD2CC06A7A0CFE149CC66697035FCEDBCDF93AE5A70,com.google.android.keep,220621316,1981-01-01 01:01:02,2025-08-10 01:52:44.025528,1000000000,2025-08-10T01:52:39.955124,"Google Keep - Notes and lists
5.25.302.03.90",Google LLC,5 Aug 2025
14EB5CEFF5118652DD18A004085403EBED775218F44E8CB2EECE8905193CAE2B,com.halfbrick.fruitninjafree,83704300,1981-01-01 01:01:02,2025-11-25 23:04:17.059574,500000000,2025-11-25T23:04:20.497609,"Fruit Ninja®
3.89.3",Halfbrick Studios,20 Nov 2025
01D9AC075BC26E6FCB656FC13094A5A7817AB19DAE7112E0575CD40A96138195,com.unacademyapp,197350,1981-01-01 01:01:02,2025-08-15 04:49:48.628614,50000000,2025-08-11T03:27:16.135351,"Unacademy: Learn &amp; Crack Exams
6.148.0",Unacademy,"Jul 9, 2025"
00B7252490C15089AF4A5C6D2C13F58411A83995E8EE685925B468791E4F8B00,com.fusee.MergeMaster,3045021,1981-01-01 01:01:02,2025-04-04 18:39:42.756907,100000000,2025-04-04T18:40:10.120623,"Merge Master: Dinosaur Monster
3.45.21",Homa,28 Mar 2025
1540D504E30AB67B5A1E9F9E013697F6E9E5CD9718EFEB6987CE33ADBFCC4C4B,com.daraz.android,410,1981-01-01 01:01:02,2025-02-27 18:57:38.116651,100000000,2025-02-27T19:08:38.308531,"Daraz Online Shopping App
9.12.0",Daraz Mobile,23 Feb 2025
119ECEB46386C0B036B5B8E7F936A3DCAC2DB099ABA6310D3D80AFC36673A500,air.com.games2win.internationalfashionstylist,90004808,1981-01-01 01:01:02,2025-09-08 10:47:17.272201,50000000,2025-09-08T10:46:44.435905,"Fashion Stylist: Dress Up Game
15.8",Games2win.com,4 Sept 2025
3243E66DE00CE4D4CBDCACC77B51419212DE3AF3A3A55E187969A3308E137A9C,com.enteriosoft.extremebalancer3,812,1981-01-01 01:01:02,2025-09-07 23:55:22.166465,50000000,2025-09-07T23:55:14.139625,"Extreme Balancer 3
81.2",Enteriosoft,1 Sept 2025
0E3E768755984903BBF7F066BC218E39B9E9E86E267BDBD5841FC9D4C5F01EAB,com.artlife.coloringbook,31922,1981-01-01 01:01:02,2025-07-14 11:57:50.35371,50000000,2025-07-14T12:03:30.786557,"Colorscapes® - Color by Number
3.19.22",Playflux,17 Apr 2025
0DEDD1EAF6E22F71EE0C5265D729493DF334989430C8B6880DD05193125337F2,com.constructor.games,172,1981-01-01 01:01:02,2025-10-03 20:06:44.764,50000000,2025-10-03T20:08:35.861197,"Construction Set
1.5.22",SayGames Ltd,2 Oct 2025
07260D9EE47B2D05A6D8B13AE1A7FC98805639B6A48A09E25EC779BD93EAB127,com.teamviewer.teamviewer.market.mobile,1564688,1981-01-01 01:01:02,2025-03-28 07:04:22.948738,100000000,2025-03-28T07:03:52.631919,"TeamViewer Remote Control
15.64.688",TeamViewer,20 Mar 2025
94BCBB2A0D78A1A73603CB920C9F997951A52759D5195C051C19ED8BD24CED82,com.ludashi.dualspace,123,1981-01-01 01:01:02,2025-03-21 14:52:58.930485,100000000,2025-03-21T15:07:39.967016,"Dual Space - Multiple Accounts
6.0.1",DUALSPACE,12 Mar 2025
00E2F62DBC271A65B6A899EA4A842877AB3ECE23E03B5FF5DF349DABE36E99F4,shareit.lite,5030828,1981-01-01 01:01:02,2025-10-21 04:31:35.489521,100000000,2025-10-21T05:14:19.047833,"SHAREit Lite - Fast File Share
3.8.28_ww",Smart Media4U Technology Pte.Ltd.,15 Oct 2025
4D7C6001D71713B5C66CC93B4B99CCBDA265CC1BBC5C57F268112F90F52A758B,com.google.android.apps.adm,20009911,1981-01-01 01:01:02,2025-11-07 23:14:34.677813,1000000000,2025-11-07T23:15:24.837391,"Google&#39;s Find Hub
3.1.458-1",Google LLC,3 Nov 2025
2B84735F0B959387910C4DAB5D1BB33392A2E65ECFFC1085ECE6F6ED9AB42819,com.next.innovation.takatak,20250104,1981-01-01 01:01:02,2025-03-19 15:21:05.278338,100000000,2025-03-19T15:27:05.443531,"Moj Lite +
2025.1.4",ShareChat,27 Feb 2025
00ED01B6B27545909B6C079A80343986E94232C72E801DE138E8D73CE9570A22,com.gof.global,140,1981-01-01 01:01:02,2025-03-03 13:19:18.137449,50000000,2025-03-03T13:21:03.452128,"Whiteout Survival
1.24.15",Century Games PTE. LTD.,27 Feb 2025
09F04FCE1864DB739B70F38BC70EEC1E93B3C76E452AD2DB7E0CCB71576CC06F,com.rapido.passenger,487,1981-01-01 01:01:02,2025-09-29 10:36:35.3722,100000000,2025-09-29T10:38:05.737022,"Rapido: Bike-Taxi, Auto &amp; Cabs
8.79.2",Rapido Bike Taxi,26 Sept 2025
0AB9E2681FF8A5DB90BED4965A3FCD6479E8380CE3A970387AB44213B02E402F,com.redcat.hypermarket,244,1981-01-01 01:01:02,2025-10-01 05:56:22.592825,50000000,2025-10-01T05:57:17.015141,"Hypermarket 3D: Store Cashier
244",Sunday.gg,22 Sept 2025
311F180B5BA35D932199F42BE16658D30FDFC7293234A720FEDFFA400C5DDEDF,ai.photo.enhancer.photoclear,97,1981-01-01 01:01:02,2025-06-19 06:56:10.996991,100000000,2025-06-19T07:08:43.195134,"UpFoto - AI Photo Enhancer
1.3.4",AI Photo Team,27 May 2025
01D3B18161D28F2362FEDE9E694423802211C56D1D9754C6BCBDD08B9D4FF5BF,com.zaz.translate,2025032817,1981-01-01 01:01:02,2025-03-31 12:38:58.095663,500000000,2025-03-31T12:39:20.213317,"Hi Translate - Chat translator
5.1.2.008.gp",AI Translate,28 Mar 2025
0FDE2CEFB55840704D4532D9A07D91A336B60733105CE434A647B660CFB8A24F,com.tocaboca.tocalifeworld,95644,1981-01-01 01:01:02,2025-11-26 01:56:30.25274,100000000,2025-11-26T01:57:19.269727,"Toca Boca x Wicked: For Good!
1.120",Toca Boca,24 Nov 2025
891DA1CEC01BB271BDFB55A98F6F47138C6CAF30E88C430B86456FDEC48D221B,com.easybrain.make.music,574,1981-01-01 01:01:02,2025-03-19 15:36:36.855297,100000000,2025-03-16T12:42:01.826327,"Groovepad - music &amp; beat maker
1.26.0",Easybrain,10 Mar 2025
021680F6A82956F599B59B9C8553F1A5662482D0649DEB11A75FFAD22BA482FF,com.clue.android,3083,1981-01-01 01:01:02,2025-01-06 13:10:38.365607,50000000,2025-01-06T13:40:25.534207,"Clue Period &amp; Cycle Tracker
185.0",Clue Period Tracker by BioWink,12 Dec 2024
3F7360659E377AE7B8EC786A04753A653895F09A8C9BD45D7DB4A956F959C152,com.banglalink.toffee,192,1981-01-01 01:01:02,2025-10-19 12:38:52.12504,50000000,2025-10-19T12:38:53.017997,"Toffee - TV, Sports & Movies",Banglalink,15 Oct 2025
37DA5B540DA175EEF331CEFED1AEEDB1D4468CA07A2ECF4627158DFCA2BAC27F,net.mobigame.zombietsunami,217,1981-01-01 01:01:02,2025-07-23 14:58:56.857351,500000000,2025-07-23T15:02:49.025665,"Zombie Tsunami
4.6.7",Mobigame SAS,8 Jul 2025
00EBEE7A2EA52E9273FD2CA3A1EEC3C9D8189AA58353510DDB66A5BC7796A050,com.playgendary.tom,199,1981-01-01 01:01:02,2025-08-16 07:51:10.562643,100000000,2025-08-16T07:53:22.571059,"Tomb of the Mask: Fun Games
1.21.3",Playgendary Limited,8 Aug 2025
3ECC838D1D7E442765113BD8C5FE71B1EAA60C87B11F520806668282C4869107,air.au.com.metro.DumbWaysToDie2,5000088,1981-01-01 01:01:02,2025-10-15 18:40:35.868809,100000000,2025-10-15T18:41:22.312504,"Dumb Ways to Die 2: The Games
5.1.21",PlaySide Studios Ltd,5 Oct 2025
86B040DFED98AFF2E6EE1877F45EAB355F051262EC3F00AAB48440F9D6072D22,cris.org.in.prs.ima,279,1981-01-01 01:01:02,2025-03-28 19:14:30.102281,100000000,2025-03-28T19:29:09.956532,"IRCTC Rail Connect
4.2.32",IRCTC Official,13 Mar 2025
0B639A4FE6A73F478A76EC7EE0D444DAD2047D21C5848785F20746D095EDA56D,mbinc12.mb32b,20138,1981-01-01 01:01:02,2025-09-20 22:28:25.02195,100000000,2025-09-20T22:28:51.433302,"Music MP3 Player Lite
201.38",MixerBox© - Music & MP3 Player App,17 Aug 2025
06F25F50C38E24AA5E2B2173AB796DDAC11A86B9441E0FC8E19B74DB052F07E4,com.whatsapp,251880000,1981-01-01 01:01:02,2025-07-07 14:38:07.828074,10000000000,2025-07-03T05:20:29.537363,"WhatsApp Messenger
2.25.18.80",WhatsApp LLC,23 Jun 2025
1D880E8F3C2320BC1EE9DF4ECBBDBE1246AC737DBDD2CF3EDB75DE1B075CAD21,com.billiards.shooting.ball.pool,190,1981-01-01 01:01:02,2025-05-15 17:07:40.990675,100000000,2025-05-15T17:07:28.676644,"Shooting Ball - Billiards
1.0.190",7788`s,11 May 2025
012264DB2EE2A49BD5C15418A28ADF36EED8FC7FA706F79AB79CE9A9950220B0,com.cdg.tictactoe,62,1981-01-01 01:01:02,2025-08-07 14:33:42.241364,100000000,2025-04-22T17:36:39.275155,"Tic Tac Toe - 2 Player XO
1.0.62",CDT Puzzle Studio,15 Apr 2025
3036B960C25BAF4973D7BB17B44FA063949B635484B0C9CE07251DD19AF6C1F4,com.expertoption,1447,1981-01-01 01:01:02,2025-09-14 10:34:05.015436,50000000,2024-06-06T10:11:32.539973,"ExpertOption - Mobile Trading
16.1.0",ExpertOption,21 May 2024
34C2E6104E3C93E77AE616D91604AA78207AFC2C215B30D40423A3C8A02893C2,com.hitrock.hideonline,10000104,1981-01-01 01:01:02,2025-08-11 07:10:06.060322,100000000,2025-08-11T07:29:06.179055,"Hide Online - Prop Hunt
4.9.22",Hitrock,30 Jul 2025
0BB198E8E04BE81175551F3DE29098E126D06E843CECBD6EC54FEEE6F6F4A416,free.vpn.unblock.proxy.vpn.master.pro,2025082111,1981-01-01 01:01:02,2025-08-30 01:23:23.293669,100000000,2025-08-25T16:58:16.153018,"VPN Proxy Master - Safer Vpn
2.6.6.5",SECUREGUARD GROUP PTE. LTD.,21 Aug 2025
10D9EAC0377479F5B109410F4B4005E595FDD2ACB82BCA4B2AF79F52E483D11C,com.dazn,145132,1981-01-01 01:01:02,2025-10-12 21:43:48.874286,50000000,2025-10-12T21:35:12.635876,"DAZN - Watch Live Sports
2.53.12",DAZN,8 Oct 2025
35CC0A807BD0AEE66B2ED4A78BB0F4CAB8805CD75CA896599B6E24F25993C51D,fc.admin.fcexpressadmin,1300,1981-01-01 01:01:02,2025-09-24 13:01:21.059464,50000000,2025-09-24T13:11:37.839831,"FirstCry India - Baby &amp; Kids
9.9.88",FirstCry.com,23 Sept 2025
26B64A2332831ABBE0DF5A970797398268994C2588DACB5A9B494C2A4D1CFA32,com.iconchanger.widget.theme.shortcut,3221,1981-01-01 01:01:02,2025-09-09 06:03:35.682598,50000000,2025-09-09T06:05:36.699312,"Themepack - App Icons, Widgets
1.0.0.3221",YoloTech,29 Aug 2025
0DF70858E07C73E5DCFCB44B40DE9F18BBF200EE1C071D4AA6E5946B540015DA,com.sdpgames.sculptpeople,403000,1981-01-01 01:01:02,2025-08-11 17:18:09.807237,100000000,2024-03-01T07:27:31.359346,"Sculpt People
3.0.0.0",CrazyLabs LTD,30 Jan 2024
217ED44C0DA9D4A4410C3627D592ACDB1B8E40917C3B539B276763EA24780899,com.ction.playergames,5000001,1981-01-01 01:01:02,2025-05-19 22:32:06.869716,100000000,2025-05-19T22:32:32.597288,"2 3 4 Player Mini Games
5.0.1",Better World Games,11 May 2025
025952288889347F6FA626CE636CC10FE71C4E97B2F8B9683995D39A75D75402,com.videoeditorpro.android,3400042,1981-01-01 01:01:02,2025-02-14 03:32:13.163643,100000000,2025-02-14T03:33:02.033228,"VivaCut - Pro Video Editor APP
4.0.4",VivaCut professional video editor,12 Feb 2025
322D6CDB2666B3C0C28BF7565BB546F4600B7EFC1C4CDFB7B5280510DAEAA157,com.steelcloudstudio.luxury.prado.car.parking.challenge,48,1981-01-01 01:01:02,2025-02-09 03:10:45.547493,50000000,2025-02-09T03:12:10.062980,"Prado Car Games Modern Parking
1.5.2",DEHA,4 Feb 2025
1A0EFB3742059477A77F65946E78E179C254F8CCC23E5B5FCB4219633BC21FF5,com.soccer.football.kick,215,1981-01-01 01:01:02,2025-10-04 02:38:11.811255,50000000,2025-10-04T02:40:14.113697,"Super Goal - Soccer Stickman
0.2.15",Gamegou Limited,25 Sept 2025
1832B93E7FF91A989CEC2A43692DDF932F80495840F11D5BB7C98ACB459A4042,com.os.airforce,1412,1981-01-01 01:01:02,2025-01-15 05:20:12.103827,100000000,2025-01-15T05:19:10.696680,"1945 Air Force: Airplane games
14.12",1SOFT,10 Jan 2025
2B3F81550D815ABF8BBEE507BBE44C218083BFAC96F56D88AB6BF72A9F1E3FA6,instasaver.videodownloader.photodownloader.repost,116,1981-01-01 01:01:02,2025-10-12 20:15:11.115544,50000000,2025-10-12T20:15:31.596432,"Video Downloader - Story Saver
1.16.53",Fast Video Downloader & Story Saver - DevBay,8 Oct 2025
47230B5174F84A64E8743B09014F05C6D86D9254903190B6FA75CA6310EA5C64,com.slacker.radio,50120,1981-01-01 01:01:02,2025-09-16 06:28:19.072044,100000000,2022-06-03T22:04:44.093188,LiveOne: Stream Music & Events,Slacker Inc.,11 May 2022
1B6E9AD96E8E193118255925B7BD422F54AFE54009ED9F0ADF19B93219BF71A1,com.railyatri.in.mobile,584,1981-01-01 01:01:02,2025-10-18 06:41:51.492777,50000000,2025-10-18T06:42:54.718781,"Train App: Book Tickets, Food
4.9.6.1","RailYatri - IRCTC Authorized Partner, IntrCity Bus",14 Oct 2025
0FFDFCAD456B038002F8CF01AB67E94F2EDBD61765AF4546988A7A517DA92A8B,com.ahnlab.v3mobileplus,2722,1981-01-01 01:01:02,2025-11-20 19:53:14.015118,50000000,2025-11-20T20:35:27.851204,"V3 Mobile Plus
2.5.35.3",AhnLab Inc.,13 Nov 2025
04D2B4712A5480551FEE16F2CD230700F13D3905976EEA056BC4019036AF1B4B,com.google.android.apps.messaging,274802063,1981-01-01 01:01:02,2025-04-09 01:57:38.474453,5000000000,2025-04-09T02:00:49.501388,"Google Messages
messages.android_20250402_00_RC01.phone_dynamic",Google LLC,4 Apr 2025
0170050593B17216BDC64FA1BA84F837C7CFD3D78F69FA00DAA2984EA5AFD5B8,com.bible.kids,1174,1981-01-01 01:01:02,2025-10-14 15:41:27.482503,100000000,2025-10-14T15:42:34.599391,"Bible App for Kids
3.1.1",Life.Church,13 Oct 2025
23D95A7351943A2A24136CE2F121B563CEE0914F4111514FF37EE67B3FAF4910,com.applylabs.whatsmock.free,86,1981-01-01 01:01:02,2025-08-07 23:01:19.496623,50000000,2025-05-26T03:00:42.351781,"Fake Chat ChatsMock Text Prank
1.16.2",Playfake,24 May 2025
3737CAA2FDF5FCAA1154D4DEC680A978C63B6E12E1908FFB7C012534B05AE078,jp.co.goodroid.hyper.muscle,29,1980-01-01 00:00:00,2025-09-12 18:29:33.821882,50000000,2025-09-12T18:33:15.436654,"Muscle Race 3D
1.2.4","GOODROID,Inc.",20 May 2024
803587C847B72A9B8C51BE18724354AF47E671EDD499DFFDF7A97718A728E0BE,hd.camera,31,1981-01-01 01:01:02,2025-02-07 01:14:17.399292,100000000,2025-02-07T01:14:03.627820,"HD Camera
1.4.11",HD Camera,17 Sept 2024
017ED6388F9EAC84B0820AB4A1FDFAEEC5B7DAF79EF867AC61CFE57D286F6B7D,com.hatsune.eagleee,11000400,1981-01-01 01:01:02,2025-03-07 15:54:20.081085,50000000,2025-03-07T16:05:44.347869,"Scooper News: News Around You
V11.0.400.GP",Transbyte App,6 Mar 2025
66237D8762F7AF83D75553592355AD05B09764C6C5B00B1F813CCD0CBDC138E6,com.wb.goog.mkx,29306,1981-01-01 01:01:02,2025-08-07 07:47:44.089249,100000000,2023-12-13T20:31:47.264370,"MORTAL KOMBAT: A Fighting Game
5.2.0",Warner Bros. International Enterprises,6 Dec 2023
0720C5C82794A4CB9C7B558C67EC60F61A658660B5F62026117D892467608671,com.halfbrick.jetpackjoyride,796892000,1981-01-01 01:01:02,2025-07-10 18:49:16.229049,100000000,2025-06-18T11:19:25.321720,"Jetpack Joyride
1.99.7",Halfbrick Studios,12 Jun 2025
27E933120B2DF1868B851657C7FEEA46BCE6EF622DAE55B1FA02345E9D9A94EC,eu.inlogic.footballcup2018.gplay,171,1981-01-01 01:01:02,2025-06-13 02:06:01.914693,100000000,2025-06-13T02:19:32.109536,"Football Cup 2025: Soccer Game
1.29",INLOGIC SPORTS - football tennis golf soccer,2 Jun 2025
0D1186635C37650AFFF873FFFBA416944811C2476DF6F39386CE8B3B612C2C3E,com.kwalee.transformhunt,3534,1981-01-01 01:01:02,2025-03-25 04:02:28.881772,50000000,2025-03-25T04:10:11.295966,"Hunt &amp; Seek
2.0.4",Kwalee Ltd,12 Mar 2025
0B2489715D4282D50A558976E85BFA5256FB0ACE249334AE22FF9BEAA1DD5265,com.GybeGames.FillTheFridgeTest,1968,1981-01-01 01:01:02,2025-10-17 18:14:02.215659,50000000,2025-10-17T18:14:04.527322,Fill The Fridge,Rollic Games,14 Oct 2025
35069E93CD1DF26E735F34962C11E84E5AE791C1F89847AE35765A820A1D7AF2,com.nordcurrent.sniperarena,274,1981-01-01 01:01:02,2025-02-09 04:07:10.524683,50000000,2025-02-09T04:07:11.191485,"Sniper Arena: PvP Army Shooter
2.1.1",Nordcurrent Games,31 Jan 2025
597C8266B629AF1C7C01A3AB6BA562C2EE98EAE5509BC9973609D36C11840EBE,loseweight.weightloss.workout.fitness,92,1981-01-01 01:01:02,2025-03-12 19:12:44.39886,100000000,2025-03-12T19:12:59.925300,"Lose Weight in 30 Days
1.091.92.GP",Simple Design Ltd.,4 Mar 2025
1F215437A0E941350D662B134CCD4D4F50C47CBA11CD292EA259649B0E6228B1,com.keplerians.icescreamtwo,98,1981-01-01 01:01:02,2025-03-26 16:11:00.332832,50000000,2025-03-26T16:14:35.070083,"Ice Scream 2 - Horror Game
2.0.5",Keplerians Horror Games,13 Mar 2025
1C96EEE8D61DAE17D4E99F3584F8D66787E8B4A5E86AE6422C2CBC054E2FFD7F,air.com.aceviral.motox3m,1021015,1981-01-01 01:01:02,2025-10-09 03:17:34.272631,100000000,2025-10-09T03:18:47.753595,"Moto X3M Bike Race Game
1.21.15",Ace Viral,"Aug 11, 2025"
0719D794866E1E6311173A13A5ED0F2749A6F303191D856DAB0DE6EA18E6C9E0,com.bradesco,100010803,1981-01-01 01:01:02,2025-07-20 02:52:22.130866,100000000,2025-07-20T02:52:15.616411,"Bradesco: Conta, Cartão e Pix!
4.68.0",Banco Bradesco SA,25 Jun 2025
22DE964F509F4CCFDEEC5687D941491F78653DC85E04A860A099A81FE7B9CDB9,com.cdtg.ragdoll.playground,138,1981-01-01 01:01:02,2025-09-07 03:26:10.205549,50000000,2025-09-07T03:25:31.670452,"Ragdoll Playground
1.13.8",Reggae True Love,"Aug 20, 2025"
023F03BE3E38FBD841ED4C62910DA49DD15D218CAA63D0F419B397091A999DEA,com.crowdstar.covetfashion,2025043000,1981-01-01 01:01:02,2025-05-13 01:56:30.611696,50000000,2025-05-13T01:58:05.010114,"Covet Fashion: Dress Up Game
25.01.200",Crowdstar Inc,1 May 2025
07EEBBF72B00D9D6A72954ADC9361CA81699AD0E7B93548F6D248679008DD3C1,gg.sunday.catescape,568,1981-01-01 01:01:02,2025-08-29 18:51:36.970719,100000000,2025-08-29T18:53:14.783329,"Cat Escape
26.8.3",Sunday.gg,29 Jul 2025
2B8F631869D23F3EF944EAA128F4D93FA5700B3C6216C65F6B85424AD4742B56,com.playcreek.DeathWorm_Free,301,1981-01-01 01:01:02,2025-02-03 21:29:03.11442,50000000,2025-02-03T21:28:55.777480,"Death Worm™ - Alien Monster
3.0.001",PlayCreek Games,28 Jan 2025
19B51239AB0ED15B52F7CE799F9DFB599D1EC0AD9C443CF83C5E3FB91AE5D05E,com.imo.android.imoimbeta,25061082,1981-01-01 01:01:02,2025-08-10 23:10:59.815408,100000000,2025-08-03T17:02:20.516123,"imo beta -video calls and chat
2025.06.1072",imo.im,8 Jul 2025
0B7D895411B9A21CD85127969BB1C180124158C0B43CB619A47A11DB67AF8DB7,com.game.minicraft.village,39,1981-01-01 01:01:02,2025-06-02 18:24:20.600845,50000000,2025-06-02T18:24:57.041114,"Village City Life Building
1.2.12",RabbitStudio,16 May 2025
01563A6FCFD99167F4297F7CB59FFDFF8DC883CC5B7EEC5DC296E2BB89B65659,com.deepseek.chat,99,1981-01-01 01:01:02,2025-08-27 04:24:02.834588,50000000,2025-08-18T13:22:46.239594,"DeepSeek - AI Assistant
1.3.1",DeepSeek,15 Aug 2025
9B08D1A71C8439AB5CCC58C5EB7AD7C3251CE49FA3C6973B6A6ACC04257C810F,com.celltick.lockscreen,7502,1981-01-01 01:01:02,2025-08-11 17:45:07.73483,100000000,2025-08-11T17:45:00.529788,"Start
7.5.2",Taboola News,17 Jul 2025
224616FA701FE03193A862B08028144EB00549620872C5A7365961FCC72D0EA2,com.tutotoons.app.kpopsiescuteunicornpets,1018167,1981-01-01 01:01:02,2025-10-17 09:51:29.977837,50000000,2025-10-17T09:51:43.481977,Kpopsies - Hatch Baby Unicorns,TutoTOONS,14 Oct 2025
39A0E884653A9B7D6F8E5F6228FE9754A0EBD887C1E6CE675BC5D3BC9CCE0413,com.vivo.browser,28433,1981-01-01 01:01:02,2025-08-29 07:07:15.234969,1000000000,2025-08-29T07:07:02.089391,"Vivo Browser
10.8.3.3",PT vivo mobile Indonesia,4 Aug 2025
3DA1F7D644502CB91D724D802C71CAE24BC7889D00F8A986316E6317F145E6D1,com.outfit7.gingersbirthdayfree,200305020,1981-01-01 01:01:02,2025-08-27 08:26:49.824251,100000000,2025-08-27T08:28:23.291218,"Talking Ginger 2
3.5.2.356",Outfit7 Limited,13 Aug 2025
2724BC4760889239DF7B5D8C0974DF2A9DE88128A45B243AB0AE340CFE7F9CD1,com.igoldtech.streetchaser,145,1981-01-01 01:01:02,2025-05-31 17:09:44.256961,100000000,2025-05-31T17:09:44.713671,"Street Chaser
6.3.0",iGold Technologies Private Limited,20 May 2025
022C14B08977EBF440132861AACD70CF50906287158C4434E6FC475813B20293,com.google.android.apps.docs.editors.sheets,220663272,1981-01-01 01:01:02,2025-11-15 06:49:10.115618,1000000000,2025-11-15T06:49:58.025987,"Google Sheets
1.25.451.00.90",Google LLC,3 Nov 2025
0C42FFE56E692A7D342847E761333C4671D57DD2B9997237CE24156C8F18682F,com.fingersoft.hcr2,687,1981-01-01 01:01:02,2025-06-02 09:48:23.845896,100000000,2025-06-02T09:48:35.212315,"Hill Climb Racing 2
1.66.0",Fingersoft,26 May 2025
091866BE6DF2F7572B38EE300A40089B4362A5249E6E37D99FA4E94F036A5BCE,net.bat.store,3681,1981-01-01 01:01:02,2025-09-27 10:55:23.663894,500000000,2025-09-27T10:55:14.495813,"AHA Games: 10K+ Offline Games
V6.6.38.2",AHA Games,23 Sept 2025
2532F52EB1AEAEFD47DAD0EBDE85A2122A55708D0E2EFAD8A528D8EFBA033815,com.mobisystems.fileman,52122,1981-01-01 01:01:02,2025-08-09 17:59:30.438808,100000000,2024-11-14T03:05:26.767735,"File Commander Manager &amp; Vault
10.0.52122",MobiSystems,4 Nov 2024
034BA61B78AC4B5664B28B0D4C7B4EAC998111FCC15CE66C236C726BCAC9C776,com.jsdev.instasize,366,1981-01-01 01:01:02,2025-01-11 08:31:52.974536,50000000,2025-01-11T08:33:05.912762,"InstaSize Photo Editor＋Resizer
4.5.5","Instasize, Inc.",10 Dec 2024
0CB8BA9053B6E031DB3FA22CB81889276FD32850C0B6E8E6E2A76F55D433CB7C,br.com.intermedium,33683833,1981-01-01 01:01:02,2025-09-13 09:31:51.526055,50000000,2025-09-13T09:33:53.813519,"Inter: Conta, Cartão e Pix
14.3.2",Banco Inter SA,8 Sept 2025
02D6ADD52156B8A9987138E7B7D8A5B3AB9C1A00A30167F33A3DE0924AADEE34,com.expressvpn.vpn,12030040,1981-01-01 01:01:02,2025-05-13 22:43:10.676505,50000000,2025-05-13T22:44:41.190041,"ExpressVPN: Fast &amp; Secure VPN
12.3.0",ExpressVPN,7 May 2025
0FBF5496DA5CB8CCFEB4D0102850DADD0BF589579FA6F4BD064AB2F2B6DB4A42,live.shorttv.apps,2300,1981-01-01 01:01:02,2025-06-18 04:29:00.203586,50000000,2025-06-18T04:29:01.531014,"ShortMax - Watch Dramas &amp; Show
2.3.0",SHORTMAX LIMITED,12 Jun 2025
0BF6DEB6DFC8B30CFF6572897340AABAC24EBCCC987530331BFEB9513C3051B9,com.twitter.android,311140000,1981-01-01 01:01:02,2025-08-27 13:53:44.849711,1000000000,2025-08-26T22:57:50.669160,"X
11.14.0-release.0",X Corp.,19 Aug 2025
0258CFACC17EC497316F8F4BCE16F23EDFCBB3C64BC351EE9BFBA563921576E2,com.lemon.lvoverseas,15401600,1981-01-01 01:01:02,2025-10-22 05:12:19.227962,1000000000,2025-10-22T05:18:20.569551,"CapCut - Video Editor
15.4.0",Bytedance Pte. Ltd.,21 Oct 2025
1CFFB90E4629641CA325EB0966A18D006A560EEA3B250BB76B8606FE6C9194D7,jp.co.dwango.HcgDW007SandwichRun,251006597,1981-01-01 01:01:02,2025-10-15 03:23:40.031728,100000000,2025-10-15T03:23:18.824792,"Sandwich Runner
0.3.45",株式会社ドワンゴ,"Oct 8, 2025"
0656962E080CE0F5CFD2BBCAEF4FA4BCB73086D79B5F918BF2207B24871022CE,com.life360.android.safetymapd,2827560,1981-01-01 01:01:02,2025-06-05 09:42:12.564144,100000000,2025-06-05T09:41:58.920520,"Life360: Live Location Sharing
25.22.0",Life360,3 Jun 2025
0E9AA5CA45660F1086F35EC3EEA40D37AF77297EBFB81C00DA3CB896B2689A47,com.bti.myPiano,38,1981-01-01 01:01:02,2025-10-11 06:41:44.703929,50000000,2025-10-11T06:42:30.361068,"My Piano - Record &amp; Play
4.7",Trajkovski Labs,5 Oct 2025
060D28D2D825F92FA407F659F4615EE43BCF3F8246AB2543B53C36245708FADA,con.hotspot.vpn.free.master,2451,1981-01-01 01:01:02,2025-08-11 21:07:58.047112,50000000,2025-07-07T20:10:54.422135,"Free VPN Super™ -Fast &amp; Secure
2.4.5.1",TOPAPPS TECH PTE LTD,28 Jun 2025
033DF81E7FFEBAECC99CD9000A5E1A77E8551279C338652658D0FA4F9DCAFDAF,sg.bigo.live,3884,1981-01-01 01:01:02,2025-08-26 20:51:19.057515,500000000,2025-08-22T16:14:59.182269,"Bigo Live - Live Stream, Chat
6.35.4",Bigo Technology Pte. Ltd.,18 Aug 2025
04C57D91CAC9F65990A705B06790BE1B95E663003CB04525795E8177715187E1,com.mico,131151,1981-01-01 01:01:02,2025-08-11 11:00:51.651805,50000000,2024-10-20T06:52:27.916098,"MICO: Live Streaming &amp; Meet
8.2.5.1",Mico World,29 Sept 2024
51DDBDEC3330069D7E7B39A5D195C50B2B212308808FE1019D06847A6E5C905C,com.xgame.trafficmoto,21400,1981-01-01 01:01:02,2025-10-17 12:54:01.223283,50000000,2025-10-17T12:54:02.870880,Moto Race Go,XGAME STUDIO,14 Oct 2025
40E84ED008D2AAEF5CC5C267E9AF55E0CDAF93163646D7410C0F5F1F5EDBD41F,screenrecorder.recorder.editor,201,1981-01-01 01:01:02,2025-06-13 02:39:25.170635,100000000,2025-06-13T02:56:23.895397,"Screen Recorder Video Recorder
8.2.0.0",VIDEOSHOW Video Editor & Maker & AI Chat Generator,15 May 2025
1D4B0E093FFFE4DF6FE2D3AD81C33645CA2B73B45780B900ED7446219F20899E,com.Bingo.Fighter,14117,1981-01-01 01:01:02,2025-07-18 07:07:00.788535,100000000,2025-07-18T07:19:18.178779,"Sky Fighters 3D
2.7",Doodle Mobile Ltd.,12 May 2025
09E79058528F1C7485F49A3B61C05DA7466BDE1BAFBC05D6080B6D93BEC447FA,com.transsion.magazineservice,1512071,1981-01-01 01:01:02,2025-09-09 05:38:57.129834,50000000,2025-09-09T05:38:51.929265,"Magazine Lockscreen
15.1.2.25071",Transsion Holdings,3 Sept 2025
002493B34F9E1C9F353209A9D61840BD22D8D059A663BCFC8E0F34413219B5C9,com.ismaker.android.simsimi,883,1981-01-01 01:01:02,2025-01-18 16:49:09.587581,100000000,2025-01-18T16:49:10.869072,"SimSimi
8.8.9",SimSimi Inc.,15 Jan 2025
113396470C1FC56542B09529FDEB0A49BB7CF82ADD597F71BA1B0D58E0C89839,com.my.hc.rpg.kingdom.simulator,709,1981-01-01 01:01:02,2025-08-09 17:31:32.812436,50000000,2024-06-28T06:57:05.605333,"Hustle Castle: Medieval games
1.95.1",MY.GAMES B.V.,19 Jun 2024
31BE008F6A9B2272C226F99D1F39F85FE085D5AEAB6EDF7B1280583D33CED598,com.kidgame.supermarket,223,1981-01-01 01:01:02,2025-07-07 19:00:28.375924,50000000,2025-07-07T19:00:53.607653,"Supermarket: Shopping Games
4.2.3",Hippo Kids Games,11 Jun 2025
1AC8CB85EA3C431725BC4D448DAD1D863D89BA2B9F1C5735BC05EAEB3A753F84,com.horus.beach.head,462,1981-01-01 01:01:02,2025-07-01 00:55:14.71615,100000000,2025-07-01T01:38:05.266325,"World War: Fight For Freedom
0.1.9.8",Horus Entertainment,1 Jun 2025
1C1852128163233FC92662BDB3FAAC8DC80BF3A7E98EDC7911E4E863BE2D25CD,com.jtsniper.game,102,1981-01-01 01:01:02,2025-01-23 05:48:28.080914,50000000,2025-01-23T06:02:23.641555,"Johnny Trigger - Sniper Game
1.0.48",SayGames Ltd,10 Dec 2024
0CFF6ECA92B225B7DCAED903A7EA1A80C81DD62D688719A25A50DD4F88CB4EC7,com.budgestudios.HelloKittyNailSalon,2884,1981-01-01 01:01:02,2025-08-27 02:39:23.423136,100000000,2025-08-27T02:41:52.481038,"Hello Kitty Nail Salon
2025.3.0",Budge Studios,15 Aug 2025
004D30E9F0B9A4EFAC7863B842DFADE4E82854999C751C645D30B1E6213AC301,com.nianticlabs.pokemongo,2025070901,1981-01-01 01:01:02,2025-07-15 09:21:22.359675,500000000,2025-07-15T09:22:13.076190,"Pokémon GO
0.369.1","Niantic, Inc.",11 Jul 2025
7405C649FEA1FD37F4123686FD1A12890D7DB7B371C8562A47F7C00DF569FC83,fashion.girl.makeover.stylist.makeup,126,1981-01-01 01:01:02,2025-11-03 11:26:24.149055,50000000,2025-11-03T11:27:36.406081,"Makeup Project: Makeover Games
1.26",TapMagic,23 Oct 2025
26068BF90D701FE263FC336B07C2C270BE0FEA56237EE8BE9D41930C435150C5,com.teacapps.barcodescanner,194,1981-01-01 01:01:02,2025-08-16 16:16:52.7672,100000000,2025-08-16T16:23:20.442637,"QR &amp; Barcode Reader
3.2.4-L",TeaCapps,10 Aug 2025
00957D0BADE4E99716784F5B8B6AF636C084F08D761BA864AB4754D2D9630B53,com.instagram.lite,759731154,1980-01-01 00:00:00,2025-07-12 02:20:59.561048,500000000,2025-07-12T02:20:53.763504,"Instagram Lite
467.0.0.8.113",Instagram,8 Jul 2025
1D4057D2044E6D9430BA565CFA407E1DBD346E22B7A4B415298A1B37E6AE9678,com.tms,796,2025-08-27 17:16:46,2025-09-09 17:30:17.055002,50000000,2025-09-09T17:33:07.206797,"T 멤버십 – 할인과 적립을 원하는 대로, 맞춤형 혜택
20.5.6",SKTelecom,"Aug 27, 2025"
0616F9B8930C75D464F05BBBE131E4B7CCD6FC08543A4B1567498C06CF11AEAB,com.tinyco.potter,6070200,1981-01-01 01:01:02,2025-09-19 02:22:53.135109,50000000,2025-09-19T00:08:08.645515,"Harry Potter: Hogwarts Mystery
6.7.2","Jam City, Inc.",17 Sept 2025
3F588FDF8DEFEA8BA86AA200502590032F7887E9A2A4F8AC28A82D4F2E329FB0,com.paperdoll.diary.dressup.game,45,1981-01-01 01:01:02,2025-11-25 22:24:04.822699,50000000,2025-11-25T22:24:59.034281,"Paper Doll Diary: Dress Up DIY
1.4.5",Bravestars Games,14 Nov 2025
23A202252B5512A5C2C356F60E3933DC6457E3A8C4DF7F7BCEAF434F57A4883D,br.com.neon,645,1981-01-01 01:01:02,2025-10-22 03:17:11.291654,50000000,2025-10-22T03:17:58.639429,"Neon cartão de crédito e conta
6.3.1","Neon conta digital, cartão de crédito e empréstimo",18 Oct 2025
2B307B74238C118CEA0922EFBAA6A30268FC802D5161CB207481194AF8654428,com.fyxtech.muslim,111,1981-01-01 01:01:02,2025-08-08 00:10:24.784872,50000000,2025-07-30T09:39:41.620763,"WeMuslim: Athan, Qibla&amp;Quran
2.7.0",Metaverse Technology FZ-LLC,10 Jul 2025
09E3D076F6F6EF9832971825D57F2E87C4A1622234AC592A3FF1A521C12EDA17,com.Dominos,308,1981-01-01 01:01:02,2025-10-01 15:22:15.116765,100000000,2025-10-01T15:31:37.442213,"Domino&#39;s Pizza - Food Delivery
12.1.26",Jubilant Foodworks,30 Sept 2025
2EBAF981E0923AEABF81FE9BFC1E57D99FBB65458380E5BFF49CEC704AD9A93B,com.youthhr.phonto,160,1981-01-01 01:01:02,2025-09-12 10:28:16.364734,50000000,2025-09-12T10:33:24.061426,"Phonto - Text on Photos
1.7.117",youthhr,11 Sept 2025
0680DA1E5143081981C905A71F163610E488A0310F3CA89AD4EFC8B55D98AD2D,com.astrotalk,404,1981-01-01 01:01:02,2025-10-16 11:23:55.129422,50000000,2025-10-16T11:24:10.928748,"Astrotalk - Talk to Astrologer
1.1.404",Astrology & Horoscope,7 Oct 2025
015A9A75017FDCCE827F15125692E64A051DF5CB121591410EF7F50CF49DBB97,com.inditex.zara,24001185,1981-01-01 01:01:02,2025-08-09 04:56:12.162228,50000000,2025-01-14T05:42:49.190967,"Zara
15.17.4",Inditex,7 Jan 2025
34D6E0551B80D5DF9C6F5BACF094880857DDA7877D7C88E34F10472A3511B589,com.hp.pregnancy.lite,492,1981-01-01 01:01:02,2025-09-06 21:10:46.866643,50000000,2025-09-06T21:11:52.157682,"Pregnancy + | Tracker App
7.2",Philips Electronics UK Limited,2 Sept 2025
0E26267FDB069026F0D0327B834BC8BF90F770D4642D38189BB9A66D325BD122,com.etermax.trivia.preguntados2,435,1981-01-01 01:01:02,2025-01-12 20:07:43.230939,50000000,2025-01-12T20:10:12.453988,"Trivia Crack 2
1.207.2",etermax,9 Jan 2025
28D8E62C22C1213BF000B35B3A7A1565D0B5E7A47EA74AD3C2FDF327C89A9121,game.puzzle.blockpuzzle,58,1981-01-01 01:01:02,2025-05-24 23:13:48.255623,50000000,2025-05-24T23:14:22.285858,"Block Puzzle
5.8",Block Puzzle - Puzzle Games,1 May 2025
09008B217485B88AB9A64D577089678E9456821A9E24C928FF138600669901C7,com.kidsthree.princessfashionsalon,975096,1981-01-01 01:01:02,2025-09-10 01:12:32.911296,50000000,2025-09-10T01:13:58.702710,"Princess Makeup Salon
9.7.5096",Tap Happy,14 Aug 2025
0F04BC9A6318E1B2796E6B4F62D58D7550447753F4C95DA91820BAF77EA33A10,com.dressup.fashionshow.leftright,29,1981-01-01 01:01:02,2025-09-28 06:01:34.341943,50000000,2025-09-28T06:48:58.821093,"Left or right: Magic Dress up
2.8",ABI Games Studio,23 Sept 2025
019525AFCC7AC0B55E38917224D0FBB1CF626766BA8780EC006FA7A8A8791250,com.discord,295016,1981-01-01 01:01:02,2025-09-06 21:57:38.847327,500000000,2025-09-06T21:57:51.853855,"Discord – Talk, Play, Hang Out
295.16 - Stable",Discord Inc.,2 Sept 2025
01C3DB47062634619713A17CEFFC33CA0059A28A981600C3FB664BB82D585B7F,com.samsung.android.app.watchmanager,2125093061,1980-01-01 00:00:00,2025-11-10 15:39:56.562533,500000000,2025-11-10T15:40:40.186315,"Galaxy Wearable
2.2.65.25093061","Samsung Electronics Co.,  Ltd.",30 Sept 2025
C4E575A3C23E2371155189F6656F2E57FF70B016E70DD856D3C703D50468DE28,onetap.game.tictactoe,49,1981-01-01 01:01:02,2025-11-06 02:33:24.379363,100000000,2025-11-06T02:36:44.406265,"Tic Tac Toe 2 Player: XO Game
0.49",Onetap Global,3 Nov 2025
18E94A2B038C0274463A982F06458E96F2B3DCD5D9FB60819DE06CD6FA50ADD4,com.nordcurrent.canteenhd,11193,1981-01-01 01:01:02,2025-05-09 06:05:19.45302,100000000,2025-05-09T06:00:26.986024,"Cooking Fever: Restaurant Game
24.0.1",Nordcurrent Games,5 May 2025
0681A470C219BAE29AF48A9AB7F76B4B6F64EC442ED79EE249C39299F9FCD39F,com.FDGEntertainment.redball4.gp,11503,1981-01-01 01:01:02,2025-08-16 12:29:26.767548,100000000,2025-08-16T12:29:47.220814,"Red Ball 4
1.15.03",FDG Entertainment GmbH & Co.KG,14 Aug 2025
04090364F0D0D7E06DAFD276817C2E4DA977748BF53E4EDBDB45ED1288A44401,com.nexstreaming.app.kinemasterfree,35478,1981-01-01 01:01:02,2025-10-17 09:22:17.382776,500000000,2025-10-17T09:22:36.990171,KineMaster - Video Editor,"KineMaster, Video Editor Experts Group",15 Oct 2025
190135C2E7FF8B6014C81E3DCC6E36CBB3FA2B4675337B4A53EFFE0067FB9722,com.agoda.mobile.consumer,505392,1981-01-01 01:01:02,2025-10-09 07:12:11.228468,100000000,2025-10-09T07:12:03.846777,"Agoda: Book Hotels and Flights
13.38.0",agoda.com,6 Oct 2025
009CCF3CE1E1EBDD7D7C2D2BD0DA5DF0CC3377CB433E9AEF9ED32798DD5D8F90,id.dana,21010102,1981-01-01 01:01:02,2025-10-18 09:49:18.70686,100000000,2025-10-18T09:50:02.782313,"DANA Indonesia Digital Wallet
2.101.1",PT Espay Debit Indonesia Koe,13 Oct 2025
72ED53C50676EC168E28065D83EABEE57386859A6AACA5C38088E53F3814E7DD,com.jio.media.ondemand,2504100,1981-01-01 01:01:02,2025-06-07 22:08:59.66321,100000000,2025-06-07T22:20:20.865346,"JioCinema-Shows, Movies &amp; More
25.04.100-ce3c406",JIOSTAR INDIA PRIVATE LIMITED,10 Apr 2025
06EF014B177AAD387426B52647DACBC5D863BAE2B09B00673C8F9AD4FE787561,com.blacklightsw.ludo,3780,1981-01-01 01:01:02,2025-10-19 20:22:19.31472,100000000,2025-10-19T20:22:26.112854,Ludo Superstar - Fun Game,BlackLight Studio Games,"Oct 17, 2025"
02EA0E69F5EBC4D994130C1547C51300C084F2257F535A032CB75D6593388730,com.afmobi.boomplayer,7611,1981-01-01 01:01:02,2025-10-24 09:00:34.742444,100000000,2025-10-24T09:01:25.938069,"Boomplay - Download Music MP3
7.6.11",Transsnet Music Limited,16 Oct 2025
19264B9D8DA4322F56C2BCAF7EC979EC7EABF74EAA2E67A4C7ED0C2AF6385B80,com.Polystation.BuildABabe,56,1981-01-01 01:01:02,2025-08-09 00:57:03.007821,100000000,2024-07-04T20:34:51.259592,"Build A Queen
3.6",Supersonic Studios LTD,3 Jul 2024
10E0BF8B71F42FA4E88DD9D76F93359704604B8545715E71BC98E369BD21F5B2,io.voodoo.holeio,21828,1981-01-01 01:01:02,2025-01-19 15:16:48.10896,100000000,2025-01-19T15:49:32.704159,"Hole.io
2.20.4",VOODOO,10 Jan 2025
2E99280FDB5CC8F05951257C2D2895A02D887C96B22A42F5A3092025F5C0D001,photo.editor.photoeditor.filtersforpictures,165,1981-01-01 01:01:02,2025-01-09 16:11:23.332847,50000000,2025-01-09T16:11:27.005200,"Photo Editor - Lumii
1.690.165",InShot Video Editor,17 Dec 2024
2E319DCC1DE4ED6C84B8F3BB3BE5F6BC7F2FB6ABEE27971BE3F35127489F4F58,com.tbegames.and.top_speed_racing,755014413,1981-01-01 01:01:02,2025-10-02 15:09:43.538239,50000000,2025-10-02T15:09:48.158389,"TopSpeed: Drag &amp; Fast Racing
1.44.13",T-Bull S A,11 Sept 2025
EB5FACD28942C8B9AE77CB1841F44FC7BE2AAFFFAFB1361A6CC96D4C8FB68CFA,mobi.gameguru.racingfevermoto,200001,1981-01-01 01:01:02,2025-08-11 22:35:02.243335,100000000,2025-08-11T22:36:40.635594,"Racing Fever: Moto
2.0.0",Gamebeam,2 Aug 2025
022125EB36DE3793FAD6980C780D7F674D5314A0B4A41CF50AE7C00EFA33EB26,com.dropbox.android,41020600,1981-01-01 01:01:02,2025-02-04 07:19:28.118547,1000000000,2025-02-04T07:19:48.385414,"Dropbox: Files &amp; Cloud Storage
410.2.6","Dropbox, Inc.",29 Jan 2025
0B7F30DA29F81832B6BBCADC3126FDABA51655B599A859974AF6239BEA7BBCBF,com.addictive.strategy.army,7560,1981-01-01 01:01:02,2025-02-13 01:15:35.261762,50000000,2025-02-13T01:17:12.406525,"Art of War: Legions
7.5.6",Fastone Games HK,22 Jan 2025
03391E601CEA5474A4037E718ACDC9810BC575EAD96FAB04112CE8BFA38F1ED3,com.gameloft.android.ANMP.GloftPOHM,1033002,1981-01-01 01:01:02,2025-08-07 23:19:54.679783,100000000,2025-07-16T11:52:06.752324,"My Little Pony: Magic Princess
10.3.3a",Gameloft SE,11 Jul 2025
9553E5CB2446CD062F21A1DFBFFDE38BECB78C4C6B6688D74E5309355020C381,com.iz.tizi.royal.princess.dollhouse.life.games.home.design.world.my.wonder.town,117,1981-01-01 01:01:02,2025-09-15 23:37:45.259701,50000000,2025-08-03T23:14:15.363682,"Tizi Princess Home Design Game
5.4.4",IDZ Digital Private Limited,22 Jul 2025
19DF0269340987295EA535AE341836B5B76313FB3F16442572A06F53BB00819F,com.allenmm.archery,362,1981-01-01 01:01:02,2025-03-17 14:00:34.761058,100000000,2025-03-17T14:13:45.546678,"Shooting Archery
3.62",7788`s,13 Mar 2025
E6902CF50BA3B797FC45B6A2AB8B69703004CA390A519B816C38616631BE3A3A,com.mkarpenko.worldbox,719,1981-01-01 01:01:02,2025-09-13 08:35:19.406581,50000000,2025-09-13T08:35:49.688274,"WorldBox - Sandbox God Sim
0.51.2",Mako Mako,12 Sept 2025
08D578A360E3F97FD25DBD27D75976FF65ABD62400BB03E49EC087C2533D9270,com.magicv.airbrush,107180001,1981-01-01 01:01:02,2025-10-18 03:22:07.51712,50000000,2025-10-18T03:22:08.963059,Airbrush: Face & Photo Editor,PIXOCIAL TECHNOLOGY (SINGAPORE) PTE. LTD.,"Oct 16, 2025"
037EC64B3E46D6B9B9F438863F8DD181FD040A99F1C40A8D465B99102EE119CB,com.yahoo.mobile.client.android.mail,1880440,1981-01-01 01:01:02,2025-10-15 05:45:52.635648,100000000,2025-10-15T05:47:18.668411,"Yahoo Mail – Organized Email
7.74.1",Yahoo,"Oct 14, 2025"
00EB74336E5243CBCC4535AC8BDA03269F374394EA7361761664FAFC55FE9710,com.impp.city.traindriver.simulator,108,1981-01-01 01:01:02,2025-01-22 14:48:01.60474,100000000,2025-01-22T14:48:05.084509,"City Train driver: Train Games
5.1.20",Imperial Arts Pty Ltd,30 Jul 2024
9346479F03588EFCE16EF067C97B55A498CBB769D090526277DB1D8AA16EF6F3,com.musicplayer.music,143,1981-01-01 01:01:02,2025-09-28 16:21:03.653195,100000000,2025-09-28T16:21:49.477022,"Default Music Player
7.1.7",JAYAVELU V,20 Sept 2025
236D29E51BCC9224003302B2E56DE6072DFCBC9F4E8FAD4F1A3CDCBFAA4FD7A8,com.naturalmotion.customstreetracer2,5905202,1981-01-01 01:01:02,2025-09-02 20:14:51.324012,50000000,2025-09-02T20:15:05.838193,"CSR 2 - Drag Racing Car Games
5.9.0",Zynga,20 Aug 2025
23174C12985A14A2AD46873E228ABC1B121281FC95A761B170641C1E1E07F07C,com.PepiPlay.PepiHospital,243,1981-01-01 01:01:02,2025-10-18 01:07:25.587574,100000000,2025-10-18T01:07:49.575664,Pepi Hospital: City Life,Pepi Play,17 Oct 2025
3984A404C75D0D2A903B3676736B0E398AD33B1DA204811590A69E2E0D20BA80,com.creativemobile.DragRacing,32000235,1981-01-01 01:01:02,2025-09-17 16:45:35.198006,100000000,2025-09-17T16:47:02.399016,"Drag Racing
5.3.0",Supercharge Mobile,11 Sept 2025
068B317748F62B77FC64BA88FAD9453C3C8240B7096D8228BF2839ADFF0D45B0,photo.editor.photoeditor.photoeditorpro,227000,1981-01-01 01:01:02,2025-09-20 11:19:43.281743,100000000,2025-09-20T11:19:48.865050,"AI Photo Editor - Polish
1.672.227",InShot Inc.,9 Sept 2025
10618422D0D5629FB30D7B7C9F89B5F1614D4C2374A6AFBF080B291D0A582751,com.nordvpn.android,1661,1981-01-01 01:01:02,2025-11-04 04:07:42.592743,100000000,2025-11-04T04:08:49.305159,"NordVPN – fast VPN for privacy
8.23.1",Nord Security,24 Oct 2025
020F6DF9BB70B883A275A26E8B1B1FFE0A5C42051E4AF903C41B8D0BA1A3C456,homeworkout.homeworkouts.noequipment,133,1981-01-01 01:01:02,2025-11-06 04:05:57.037972,100000000,2025-11-06T04:06:49.210844,"Home Workout - No Equipment
1.6.0",Leap Fitness Group,3 Nov 2025
1840E8B341C131A950E5E22C261872CB8631EE3D9A151B254450600E5F062DBC,com.yogavpn,86145,1981-01-01 01:01:02,2025-06-03 10:04:20.536091,50000000,2025-06-03T10:04:23.952838,"Yoga VPN -Secure Proxy VPN
8.6.145",Sarah Hawken,28 Feb 2025
0484C5D001C29592D8109A1A32A4C71987613F4C08D8282E0479B32FC0C604BF,com.crazylabs.tie.dye.art,52000,1981-01-01 01:01:02,2025-08-07 03:29:53.159825,100000000,2025-02-28T22:41:26.519020,"Tie Dye
5.2.0.0",CrazyLabs LTD,18 Feb 2025
11B8E1A927D038BE86F39213A5476382843FC798CBB22A6798E9183DA980281D,com.oppo.music,101501402,1981-01-01 01:01:02,2025-06-19 01:08:28.719966,100000000,2025-06-19T01:06:07.254666,"Music
58.15.1.40.2_3664b16_250422",AllSaints Music Group - HeyTap,22 Apr 2025
0A23D72D062094DF5890E507A7648AD54948BB1D54348BD4551F8DA465C93F33,com.peacock.flashlight,91100,1981-01-01 01:01:02,2025-04-02 23:28:41.495106,100000000,2025-04-02T23:51:56.007043,"Flashlight
9.11.0.20250115","Lighthouse, Inc.",16 Jan 2025
12498249BB4EA2E6370992F7E69D96F31BF28B24302D73DC425DAF5D66BA2A8E,com.sebby.rebaixadoselitebrasil,399,1981-01-01 01:01:02,2025-03-02 14:52:55.139776,50000000,2025-03-02T14:54:07.152884,"Rebaixados Elite Brasil
3.9.46",Sebby Games,9 Feb 2025
0042415BEB51F8CEDABE0E0EAB9B44F25F38CB61CC3432C0D149AF15D3F4607A,com.xvideostudio.videoeditor,1815,1981-01-01 01:01:02,2025-04-08 13:51:44.218949,100000000,2025-04-08T13:52:05.405769,"Video Editor &amp; Maker VideoShow
10.3.0.4",VIDEOSHOW Video Editor & Maker & AI Chat Generator,28 Mar 2025
004E7C4FB77E42F04B9747C5DF6BB310C92A7B2485CC8277C1FCEABF342C57F4,com.linkedin.android,203000,1981-01-01 01:01:02,2025-09-30 23:40:26.184435,1000000000,2025-09-30T23:41:57.707448,"LinkedIn: Jobs &amp; Business News
4.1.1122",LinkedIn,26 Sept 2025
1687F56FECBFB65DE3B93D484105BA5566EF4F6A7648A405D855AEF3AE79D272,in.redbus.android,811060,1981-01-01 01:01:02,2025-11-30 10:44:37.764821,100000000,2025-11-30T10:45:14.279371,"redBus Book Bus, Train Tickets
81.1.6","redBus - Bus, Ferry, Train, IRCTC Auth. Partner",24 Nov 2025
0356A781326F8B94A859FACEDE1A76423CBBE98163049C9F69CF1877AF2E231B,com.my.cooking.chef.kitchen.craze.fever,1101835086,1981-01-01 01:01:02,2025-08-04 02:58:42.938292,50000000,2025-08-04T02:59:22.236780,"My Cooking: Restaurant Game
11.1.83.5086",gameone,1 Aug 2025
48E3E45FC62300820FE5D8C67F2F3F4F18015AF28C55D442D818128D86D3E420,com.blockchainvault,94,1981-01-01 01:01:02,2025-01-25 08:47:49.802335,100000000,2025-01-25T08:58:10.886556,"Pi Network
1.39.0",SocialChain,31 Oct 2024
15A8B5F5EC09A1C2D0BF56DE29592321804364996F51FF3AF17CB6B703705FE4,com.lf.sniper.gun.shooter.free.apps,102,1981-01-01 01:01:02,2025-08-31 10:58:46.86293,50000000,2021-10-29T05:00:06.612570,Zombie offline Sniper Games,GAMEXIS,27 Oct 2021
1311AD583C978F847BE1803E51ECC5BDFBBB0AFC975C41D573C3ED4C7EB61D6F,com.wildlife.games.battle.royale.free.zooba,18276,1981-01-01 01:01:02,2025-04-08 11:14:21.792023,100000000,2025-04-08T11:15:20.463995,"Zooba: Fun Battle Royale Games
5.3.1",Wildlife Studios,6 Apr 2025
0B7B5B50F22179CF6BCA2B18E02B007BDE75D7CA496132482A3FD6E6A4CCFEB0,com.tocaboca.tocakitchen2,4854,1981-01-01 01:01:02,2025-06-10 03:57:16.248939,100000000,2025-06-10T04:07:50.543811,"Toca Boca Jr
3.5",Play Piknik,2 Jun 2025
25BD1FFE5BB53DBC4EBF82B4F7BA6FEE71F59B47043A34E9BD30EBB83EF07BA5,com.ea.gp.pvzheroes,286,1981-01-01 01:01:02,2025-05-14 09:09:24.768211,50000000,2025-05-14T09:11:08.075446,"Plants vs. Zombies™ Heroes
1.61.37",ELECTRONIC ARTS,29 Apr 2025
0566E1B60F19D9A7A47E593355F9D57D799C3488B51E6388BA48C94A035B5AC7,com.nu.production,1000124026,1981-01-01 01:01:02,2025-08-31 15:05:13.950561,100000000,2025-08-31T15:06:24.569340,"Nu
9.33.46-minApi28",Nu,27 Aug 2025
0D207E8D3224A52899F991B09F9975B0F5488CD1F1A681432B4291B6E9BD811E,com.sandboxol.indiegame.bedwar,10261,1981-01-01 01:01:02,2025-08-04 05:33:03.930884,100000000,2025-08-04T05:33:32.300848,"Bed Wars
1.9.59.1",Blockman GO studio,1 Aug 2025
3AFA2DCD3AC49D96B6AC41B9C0AA7641D3345B2EA04173C5D657C49D18DC4DEE,com.transsion.hilauncher,38023,1981-01-01 01:01:02,2025-08-12 14:56:47.350823,500000000,2025-06-08T18:03:08.645028,"HiOS Launcher - Fast
13.9.043.2",Transsion Holdings,27 May 2025
286FAFA06DDCD775CE8AAB9393EC32924839DB46DC655BDE7C1B0E124C5E7B86,photo.android.hd.camera,67500,1981-01-01 01:01:02,2025-06-05 10:46:27.473652,50000000,2025-06-05T10:58:40.236798,"HD Camera for Android
6.7.5.0",Mobile_V5,27 May 2025
02BFD41ABD07070983484C80B086CDB6DF96E1365B6FD718D85D36209E1003A8,com.nhn.android.search,12100302,1981-01-01 01:01:02,2025-01-11 05:27:37.369792,100000000,2025-01-11T05:23:27.906191,"네이버 - NAVER
12.10.3",NAVER Corp.,2 Jan 2025
071C1D3C9C673269818E4E721E51C7C25C44ACF357FF81E34C98670A5DC7603A,com.sinyee.babybus.icecream,8711292,1981-01-01 01:01:02,2025-03-09 18:33:21.036472,100000000,2025-03-09T18:40:43.541535,"Little Panda&#39;s Ice Cream Games
8.71.12.92",BabyBus,20 Feb 2025
0682FCEFDF1ACC0081D4ABF3128CF0A28EBF76856AD03DEF56D0CAFABFCFF04E,com.snowcorp.stickerly.android,1030309,1981-01-01 01:01:02,2025-08-10 13:07:03.216947,100000000,2024-08-01T06:27:16.970126,"Sticker.ly - Sticker Maker
3.3.9",Naver Z Corporation,23 Jul 2024
159F25AB5440F69A2706D7D5D938A6ECFD920024DE0D9D4CDFF59B0373B7AF8B,com.vivo.website,47001,1981-01-01 01:01:02,2025-03-05 09:52:36.95404,1000000000,2025-03-05T10:10:26.338029,"vivo Store
4.70.0.1",Vivo Website,11 Feb 2025
04FE53FAEB7D58B13CC331CDA344260AEF3753CA755B7B28B774F1D87E463978,com.sega.sprint,1125023110,1981-01-01 01:01:02,2025-01-29 09:34:54.263109,100000000,2025-01-29T09:37:53.268844,"Sonic Forces: 3D Battle Runner
5.4.2",SEGA,23 Jan 2025
02E7AC154DF9C1B09675C629CBB3FA1AEEC1FC94093A7F111AB541A6FAE89827,com.video.editor.greattalent,160,1981-01-01 01:01:02,2025-10-03 00:10:31.807348,50000000,2025-10-03T00:11:51.025851,"EasyCut - Video Editor &amp; Maker
1.7.5.2001",Great Talent Video Inc. Video Editor App,22 May 2025
1BFA94168366D41F3D68C1BF5C76860F859E336A3324A275CC79F9D77290D9A9,com.maxmpz.audioplayer,991004,1981-01-01 01:01:02,2025-05-07 18:40:43.290381,50000000,2025-05-07T18:47:47.757712,"Poweramp: Music Player (Trial)
build-991-bundle-play",Poweramp Software Design (Max MP),17 Apr 2025
5272B5410536BFDE91481028D2E24403D224BD74D1BBE11A794956A1BF05FE9F,com.miracle.savethedoge.an,1010001,1981-01-01 01:01:02,2025-02-04 09:15:23.964864,100000000,2025-02-04T09:16:41.666527,"Save the Doge
1.1.0.1",WONDER GROUP,22 Oct 2024
00A2075C9FADBDBEF9E0F3A0E1FC7FA56F2B4F0FA0D733086551C88872251175,com.tumblr,1400800102,1981-01-01 01:01:02,2025-08-12 14:42:56.98658,100000000,2025-08-12T14:48:16.222943,"Tumblr—Fandom, Art, Chaos
40.8.0.102","Tumblr, Inc","Aug 8, 2025"
2FA6075A7584621AD3340C6CF549A8D127CCEA401D2632D863A7D3D1682F5A2D,com.game.colorroll3d,200261,1981-01-01 01:01:02,2025-01-24 09:25:04.52429,100000000,2025-01-24T09:27:21.023761,"Color Roll 3D
2.4.8",CASUAL AZUR GAMES,16 Jan 2025
3E5076909DB02A753403C560E03EF9A23660C780CCC471484998B38A5CC091B5,com.sunsetgames.bordersecurity,5679,1981-01-01 01:01:02,2025-08-04 19:17:20.926643,100000000,2025-08-04T19:17:22.146031,"Airport Security
2.7.1",Kwalee Ltd,21 Jul 2025
095A5443357DD4BE8B9C55A004D01E9AC6DF5EC239AC8FCC33349735E0210EE4,jp.co.canon.bsd.ad.pixmaprint,331000,1981-01-01 01:01:02,2025-01-10 11:53:14.606054,50000000,2025-01-10T12:01:30.501887,"Canon PRINT
3.3.1",Canon Inc.,21 Nov 2024
019F635E65B93A764F484C5C71DB1CA4F2EC5D4A77761C810512D9213AFA6BDC,mp3videoconverter.videotomp3.videotomp3converter,226201,1981-01-01 01:01:02,2025-04-19 05:04:35.730317,50000000,2025-04-19T05:09:24.677148,"Video to Audio - MP3 Cutter
2.2.6.2",InShot Inc.,9 Apr 2025
2B0D1980FAE1633FAA04223A7980475FA19800EB24648BBF26D40078125F615A,com.sgs.antiterrorism.counterattack.commandomissiongame,1341,1981-01-01 01:01:02,2025-08-04 08:55:27.175402,100000000,2025-08-04T09:11:10.344998,"FPS Commando Secret Mission
13.4.1",Hazel Mobile Games,4 Jun 2025
130FE8F432AB5E402C5BF9D1E6CC12B34A86AA780473B4205AAD5C3DF59A69F5,com.portonics.mygp,481,1981-01-01 01:01:02,2025-11-30 07:29:01.650494,50000000,2025-11-30T07:28:56.753496,"MyGP - Offer, Recharge, Sports
5.23.1",Grameenphone Limited,20 Nov 2025
9D50D13A9BECD1789DD7FF5AB3E3247B7E5DE46BC41BC27F75A4107CBF6B3E56,com.tencent.iglite,15155,2024-01-15 11:33:52,2025-09-27 10:10:50.740359,100000000,2025-09-27T10:11:12.222226,"PUBG MOBILE LITE
0.27.0",Level Infinite,16 Jan 2024
06BFAFFD46E8825CFB1425088ECBE57D15C2DC3DE500830504C7C6BB30EE986C,com.budgestudios.googleplay.BarbieDreamhouse,15116,1981-01-01 01:01:02,2025-10-18 16:26:29.126374,100000000,2025-10-18T16:26:32.323113,Barbie Dreamhouse Adventures,Budge Studios,17 Oct 2025
115A3F14E568723F858514B3E0F00BB1C92329087F0C448CA81CB036B50ECBF0,com.whizdm.moneyview.loans,568,1981-01-01 01:01:02,2025-03-30 04:29:55.952436,50000000,2025-03-30T04:29:58.267670,"Moneyview: UPI, Personal Loans
KOI-7711.568",Moneyview - WhizDM Innovations Pvt. Ltd.,27 Feb 2025
095ECA7E8A1200212617E14E1C6CE3DEC27C3877123AE6C1AC7DEFA6CF9FE886,com.freegamesstudio.thesurvivalhuntergames2,205,1981-01-01 01:01:02,2025-08-16 15:03:45.57271,50000000,2025-08-16T15:04:43.314072,"The Survival Hunter Games 2
1.205",Aeria Canada,"Aug 13, 2025"
01EC7F2F8FE82BBAFD4DE080DF11B364896EAE60015024AC1201F969461940B6,com.hkfuliao.chamet,2024121811,1981-01-01 01:01:02,2025-08-07 05:43:21.311348,50000000,2025-01-11T01:57:17.124305,"Chamet - Live Video Chat&amp;Meet
4.1.5",Chamet Team,18 Dec 2024
9646BD5BECEF41BEBA14F3ED276A17A7222AFA63310DB5767305804E4F4545C5,com.autoscout24,2504708,1981-01-01 01:01:02,2025-11-26 15:13:35.958778,50000000,2025-11-26T15:14:09.806215,"AutoScout24: Automobile market
25.47.8",AutoScout24 GmbH,20 Nov 2025
006233991F2867989A525C7531439A8AE621B977ED5ADA57BC8739DDAAB91A42,com.jio.media.jiobeats,498,1981-01-01 01:01:02,2025-10-11 13:29:36.673157,100000000,2025-10-11T13:31:08.560205,"JioSaavn - Music &amp; Podcasts
10.0.3",Saavn Media Limited,"Oct 10, 2025"
0D5698926E6651872C0334DC831E892F38DB214BCB9A395A0A1E61F76776E1E0,jp.co.canon.android.printservice.plugin,21300,1981-01-01 01:01:02,2025-10-02 13:32:58.789281,50000000,2025-10-02T13:33:43.478695,"Canon Print Service
2.13.0",Canon Inc.,24 Sept 2025
044F46E4402A3EDA153D5FB289AB55891D849F61AB2768C3A792D33470D825C3,com.vuclip.viu,755,1981-01-01 01:01:02,2025-08-10 17:30:17.480996,100000000,2025-08-10T17:44:27.967404,"Viu - Mzansi&#39;s Favourite Shows
2.19.1",Vuclip Mobile Video,17 Jul 2025
1B8E40A6DA182C938748620A0603616F56A2C19BD577F174A332893973541DBD,com.heytap.pictorial,1271000,1981-01-01 01:01:02,2025-09-08 01:42:55.718343,1000000000,2025-09-08T01:43:35.026139,"Lock Screen Magazine
12.7.1_expp",HeyTap,1 Sept 2025
090F85722C746509557C9E59E0E1C143D3E8EF8BF1C18023388C30BFEF1B56C4,com.boombitgames.DrivingSchoolParking,617,1981-01-01 01:01:02,2025-09-14 01:02:57.041107,50000000,2025-09-14T01:05:17.196377,"Car Driving School Simulator
3.31.6",BoomBit Games,10 Sept 2025
022D9BACFD951CCAE4019FB1FB9B354EB62BAC27ECD213BAB3ADA129216F02B0,com.fungames.blockcraft,1854,1981-01-01 01:01:02,2025-08-10 01:52:38.461349,100000000,2025-07-24T02:19:58.612811,"Block Craft 3D：Building Game
2.21.32",Wildlife Studios,23 Jul 2025
08A434A8A7C988FC92B9038E06F46AF93189D6F29D786FA57753575BCDB0BB15,com.bandainamcoent.opbrww,83130,1981-01-01 01:01:02,2025-10-06 20:45:32.883596,50000000,2025-10-06T20:47:00.492165,"ONE PIECE Bounty Rush
83130",Bandai Namco Entertainment Inc.,5 Oct 2025
27078DBE800EC3898EA8CE0E908B94735C3CC115A40A5C4EF166CF8DE1FCD82B,com.gamovation.chessclubpilot,253,1981-01-01 01:01:02,2025-03-07 08:52:59.381253,50000000,2025-03-07T08:57:31.933332,"Chess - Offline Board Game
2.5.19",GamoVation,24 Feb 2025
231FDF37AF06C785138CE220C5C83E1890B16BA5C17744E3867C562ED0AE1D93,com.stickman.warriors.stickwarriors.dragon.shadow.fight,198,1981-01-01 01:01:02,2025-06-02 10:27:22.858868,100000000,2025-06-02T10:28:45.325888,"Stickman Warriors
1.9.8",SkySoft Studio,27 Apr 2025
061937178D2C8C5200FB52A941DCA1AD1DFCE83E4A7BF53D40BC12CC1CC104C8,com.gameloft.android.ANMP.GloftFWHM,740217,1981-01-01 01:01:02,2025-08-10 23:23:57.449855,100000000,2025-01-08T16:03:08.987646,"Sniper Fury: Shooting Game
7.4.0h",Gameloft SE,11 Dec 2024
1793C5C4A9F57DFAE7FEE04783789D172C88DCCC5B2738E1EFE144EF1137B06F,com.byril.seabattle2,288,1981-01-01 01:01:02,2025-08-13 09:44:45.118742,50000000,2025-08-13T09:50:14.739628,"Sea battle 2: Warship Online
3.13.1",Byril,31 Jul 2025
0CADEBD5834E3672F625F53DB38C119F6A714953B6DF2A3C734FE41E950BAE4F,me.mycake,306030203,1981-01-01 01:01:02,2025-09-16 14:20:26.880855,100000000,2025-09-16T14:21:24.558385,"Cake - Learn English &amp; Korean
6.3.2",Cake Corp.,14 Sept 2025
1467333CC959FDBF3E9E03BF51D062E484F6101886C2EB521A9D79939D6B1F6C,com.hecorat.screenrecorder.free,70350,1981-01-01 01:01:02,2025-02-07 03:07:56.758225,100000000,2025-02-07T03:07:58.729249,"Screen Recorder - AZ Recorder
6.4.2",AZ Screen Recorder,6 Feb 2025
1689B197520A1A1DDB25789643022B8695B4B8D614B8B2A60ECE297175946996,com.freevpnintouch,80600,1981-01-01 01:01:02,2025-08-15 23:16:34.795234,50000000,2025-08-15T10:55:48.232191,"Betternet: Fast VPN Hotspot
8.6.0","Betternet, LLC",6 Aug 2025
054C524F4FCA815020206D2CC54960C45ACA6F07527AE3DD2FD80E867F9AFA4D,com.spotify.music,126357776,1981-01-01 01:01:02,2025-08-04 21:00:55.46237,1000000000,2025-04-02T15:14:02.345820,"Spotify: Music and Podcasts
9.0.32.624",Spotify AB,31 Mar 2025
1FFC0CCF13A05C8584147432AF1F3E3FC3D9A4472FD627A097CAC024F77B6BDD,com.outfit7.mytalkinghank,200306010,1981-01-01 01:01:02,2025-08-07 19:03:48.133707,100000000,2025-08-07T19:03:48.699790,"My Talking Hank: Islands
3.6.1.43674",Outfit7 Limited,23 Jun 2025
1A39108C9C973FC79E7A8DF8C6DA9AEEFD2EFA932DE173FC9115BE6D2F645766,com.sandboxol.blockymods,5421,1981-01-01 01:01:02,2025-09-27 15:00:10.301261,100000000,2025-09-27T14:59:39.475470,"Blockman Go
2.125.1",Blockman GO studio,25 Sept 2025
057091AAB93D1AEDBEDDAA661D9E49773B2230E8191D0E1331F34C72A3FDE23C,eu.nordeus.topeleven.android,8623,1981-01-01 01:01:02,2025-01-31 20:27:44.470976,100000000,2025-01-31T20:30:10.046890,"Top Eleven Be Football Manager
25.19",Nordeus,28 Jan 2025
21EA10D28E5D050F6CDF019C37F96897589ED74B21156EBFDAB9029A572AB913,com.yourstoryinteractive.sails.pirate.adventure,13044600,1981-01-01 01:01:02,2025-07-20 15:26:03.918988,50000000,2025-07-20T15:25:53.499094,"Romance Club - Stories I Play
1.0.44600",Your Story Interactive,17 Jul 2025
0546F4B5E8B26A9405CD8D043CF2B3AAB82DF138F1C761B9B88C3BB1D6BB20B3,com.miniclip.basketballstars,174,1981-01-01 01:01:02,2025-01-12 17:40:20.958494,100000000,2025-01-12T17:54:53.385288,"Basketball Stars: Multiplayer
1.49.9",Miniclip.com,3 Dec 2024
1D20724A40FF233FC6278AB451E5255858C8688AA83F609EAE548B54FA9DBB35,ridmik.keyboard,251,1981-01-01 01:01:02,2025-05-28 16:55:27.918279,100000000,2025-05-28T16:56:57.707830,"Ridmik Keyboard
16.3.3",Ridmik Labs,28 Apr 2025
02B3A58CB92749656E53F9F7F553C32AE38DF69BBB0AACB51B3006943025C337,com.kgs.housedesigner,95,1981-01-01 01:01:02,2025-01-06 12:48:02.542524,100000000,2025-01-06T12:48:32.302664,"House Designer : Fix &amp; Flip
1.55",Karate Goose Studio,26 Dec 2024
0A9CAED501B522F9235E878C3F7C6B40659CD0F6084B6C006A09EF128F4FD4E3,com.barsstudios.swordplay,997,1981-01-01 01:01:02,2025-02-09 22:36:57.031823,100000000,2025-02-09T22:38:12.068920,"Sword Play! Ninja Slice Runner
10.10.1",CASUAL AZUR GAMES,7 Nov 2024
16A093712721A8547232AC6B05E18EEE17A7FFC261686ECC3F40034A1619F8B9,babyphone.freebabygames.com.babyphone,80,1981-01-01 01:01:02,2025-07-21 01:24:40.872491,50000000,2025-07-21T01:43:10.332190,"Baby Phone for Toddlers Games
8.9",GunjanApps Studios,19 May 2025
10DA77E82828819F47FBE9CF59F0191C63D88C7E3768030F4168608CE2AD5E55,com.snakeattack.game,333,1981-01-01 01:01:02,2025-01-07 03:27:18.288854,50000000,2025-01-07T03:27:21.158001,"Snake Run Race・3D Running Game
1.36.14",Freeplay Inc,2 Dec 2024
35DE9FA5D5BC3E05148A575D6B8B141C5C3AD5477A26785AAAE9F14248D5EC60,com.psv.vlad_and_nikita.supermarket,118,1981-01-01 01:01:02,2025-09-08 18:49:49.238056,50000000,2025-09-08T18:51:21.908818,"Vlad &amp; Niki Supermarket game
2.1.8",Hippo Kids Games,17 Aug 2025
0569A63AEDF4132CC72832C0B3D672476B5EF930B377E68E8AE1DF87DFCA514D,com.audible.application,2090252516,1981-01-01 01:01:02,2025-07-15 13:58:11.470272,100000000,2025-07-15T13:59:18.333406,"Audible: Audio Entertainment
25.25.00","Audible, Inc.",8 Jul 2025
0795164BFF69CAB2C737A42C19F27B42DC4465D60F79B8F9924F6D6E992BE76D,com.aldagames.zombieshooter,187,1981-01-01 01:01:02,2025-08-06 07:55:16.354826,50000000,2025-08-06T07:55:09.767233,"The Walking Zombie 2: Shooter
3.41.0",Alda Games,1 Aug 2025
025C00ACF4C30433583C3D066E4442385AB57C54C711C2CB3E6F0D7E0AA0CE82,com.cam001.selfie,1719,1981-01-01 01:01:02,2025-06-06 11:43:00.600902,100000000,2025-06-06T11:43:20.751668,"Sweet Selfie: AI Camera Editor
5.5.1719",Selfie Camera & Photo Editor & Beauty Snap,26 May 2025
01EF5D31EF3FC1C7348317F4472E0814F072808FF770B27400E6E011A21813BA,com.gi.talkinggummybear,10460101,1981-01-01 01:01:02,2025-07-30 05:59:43.306031,50000000,2025-07-30T06:03:42.513999,"Talking Gummy Bear kids games
6.1.1",Viva Games Studios,14 Jul 2025
204F94FBF871004D681EE853C1E8EBDEFBB6413528D51296D4883F9F3B3580DE,com.orangeapps.piratetreasure,2020000178,1981-01-01 01:01:02,2025-08-27 12:07:57.290214,50000000,2025-08-20T03:14:27.094719,"Pirate Treasures: Jewel &amp; Gems
2.0.178",TAPCLAP,11 Aug 2025
0A79934C74747AC03B9DC9204C2346ADD5B44650A9022CF3A5443C01541FEBA5,com.rhythmdance.taptile.rt,52,1981-01-01 01:01:02,2025-08-29 06:02:18.44533,50000000,2025-08-29T06:02:56.312494,"Rolling Twins: Music Ball Rush
0.2.2",Cobby Labs,8 Aug 2025
CDF6971E212526EB5BBD77DD942DD0C48AEB82CC0FF355BE81B35670AD7BB048,com.google.android.apps.googleassistant,76,2009-01-01 00:00:00,2025-07-03 12:38:08.594091,1000000000,2025-07-03T12:54:14.121655,"Google Assistant
0.1.766117055",Google LLC,17 Jun 2025
09F0923DFAA0E1B8BA4F0F984C37AF88F77B208EB6D1A26D84EA25EC86874AA5,com.madfingergames.deadtrigger2,2100000027,1981-01-01 01:01:02,2025-09-02 15:07:02.779819,50000000,2025-09-02T15:08:47.385917,"DEAD TRIGGER 2: Zombie Games
2.6.0",Deca_Games,28 Aug 2025
069D34BAD529107F9A79DDD19D4B7AD5366885FAD1D2C3A83DD3E6F7148A6656,com.JindoBlu.OfflineGames,1477,1981-01-01 01:01:02,2025-01-13 03:09:25.619818,100000000,2025-01-13T03:11:08.919347,"Offline Games - No Wifi Games
2.11.3",JindoBlu,3 Jan 2025
30C50069A4D20A3BC2ED8BE990FC75022E89E7004B209B8FE325FC279535A03C,ai.perplexity.app.android,260511,1981-01-01 01:01:02,2025-11-28 11:47:06.681561,50000000,2025-11-28T11:47:37.085469,"Perplexity - Ask Anything
2.63.1",PerplexityAI,27 Nov 2025
0A07687C9E47A2A6EA7AFD80201EA8DCCC2A4E7CC2C3FD1F8B342451849B51DC,com.rvappstudios.baby.toddler.kids.games.learning.activity,259,1981-01-01 01:01:02,2025-03-19 22:28:37.377283,50000000,2025-03-19T22:31:49.101401,"Kids Games: For Toddlers 3-5
1.4.6",RV AppStudios,19 Mar 2025
00E62279AFC5EB0473FC59CBBBDE393A6419A9E27117D168370AADBAA3C057FF,com.topwar.gp,19225329,1981-01-01 01:01:02,2025-07-29 02:19:56.357133,50000000,2025-07-29T02:30:13.622125,"Top War: Battle Game
1.583.0",RiverGame,25 Jul 2025
1540D3FA9054F49ADB5BECBE81289DB8CAC254CBF144016D4B3256126828A105,video.reface.app,442,1981-01-01 01:01:02,2025-08-07 02:53:51.064897,100000000,2025-01-07T21:50:31.462583,"Reface: AI Face swap videos
5.6.0","NEOCORTEXT, INC.",24 Dec 2024
81BE1A573BE3B1DD4B75A6A5CB609318EBB3A8EB8F4A0F932FAA64A549B18FFB,com.halo.wifikey.wifilocating,2510101,1981-01-01 01:01:02,2025-10-19 07:42:47.565183,100000000,2025-10-18T12:05:01.736330,WiFi Master: WiFi Auto Connect,LINKSURE NETWORK HOLDING,26 Sept 2025
1D4BDFBC48452F690044F541AEE272838ED1581EA3071B8363C9924584B9351A,com.supercell.hayday,1966,1981-01-01 01:01:02,2025-01-26 11:51:06.078747,100000000,2024-12-10T21:15:09.302264,"Hay Day
1.64.109",Supercell,4 Dec 2024
12C19C482387BF6AC96D43D0606EBC3576BADFBF81F51B4FBCFC8F431E420628,com.kakao.talk,28250621,1981-01-01 01:01:02,2025-08-05 08:18:46.822744,100000000,2025-07-16T15:04:46.767781,"KakaoTalk : Messenger
25.6.2",Kakao Corp.,12 Jul 2025
050396EDAD6D9489C68B51A3D655C030989CDEB193B523B34450CC1D329662D3,pdf.pdfreader.viewer.editor.free,96,1981-01-01 01:01:02,2025-04-07 11:27:16.089268,100000000,2025-04-07T11:28:50.784715,"PDF Editor - PDF Reader
1.7.9",QR Code Scanner.,2 Apr 2025
11A56A81BC1F9F5025CCA53D931506B8B49969EA2849E8847C59C2CC92EBD224,com.calculator.lock.hide.photo.video,114,1981-01-01 01:01:02,2025-01-24 13:13:02.298383,50000000,2025-01-24T13:14:07.094413,"Calculator Hide Photo, Video
1.114",Applus Studio,21 Jan 2025
0419A132103DC5048DFD1DCE58D628787550148C09234EAAF49FA4A7FC5A17B5,com.lyrebirdstudio.facelab,40426,1981-01-01 01:01:02,2025-08-27 05:32:51.281484,50000000,2024-05-24T20:13:11.232367,"FaceLab: Face Editor, Aging
4.4.26",Lyrebird Studio,24 May 2024
05D4EEFA65EFC5ED0A793C724A0E1B301ED65B857FBDEB986783B8459B306DF4,com.amazon.dee.app,955136213,1981-01-01 01:01:02,2025-09-11 03:10:32.277847,100000000,2025-09-11T03:10:33.287783,"Amazon Alexa
2.2.641142.0",Amazon Mobile LLC,"Sep 4, 2025"
1936DE6A428C60AE6AC24843285B1ACFDC24C1DF8C06E6FA883A6D02A10A12C1,com.bitmango.rolltheballunrollme,620,1981-01-01 01:01:02,2025-08-30 12:41:39.451127,100000000,2025-08-30T12:43:19.947851,"Roll the Ball® - slide puzzle
25.0827.00",BitMango,25 Aug 2025
778CEE84F09B63B6FCC53182F452FBA7968404FFC6E1F7FA6A2E8C6959716BE3,com.volcano.city.airplane.pilotflight,337,1981-01-01 01:01:02,2025-08-13 16:33:32.954524,100000000,2025-08-13T16:34:06.349241,"SkyDrift: 3D Airplane Game
3.3.7",GAMEXIS,24 Jul 2025
8ABCD9B1D2C42ABF058DED36E31F56405C36958D37C541C911B7DF7B8F7E5BB8,proxy.browser.unblock.sites.proxybrowser.unblocksites,203,1981-01-01 01:01:02,2025-09-06 23:05:02.431029,100000000,2025-09-06T23:05:07.129388,"Proxy Browser
5.0 RC1",DS tools,26 Aug 2025
22FB07EDA6E17851781B69F064057D517085365B16DCADE0C974D103C7DEAB2B,free.vpn.unblock.proxy.vpnmaster,2025060601,1981-01-01 01:01:02,2025-08-27 10:23:18.533755,100000000,2025-06-21T20:39:34.981743,"Snap Master VPN: Super Vpn App
8.1.1",SECUREGUARD GROUP PTE. LTD.,6 Jun 2025
04FECD43F0A81FD8CAC176FCC70E33B2B149A0C0A8C2E6D5895BC75863ACB0ED,com.free.unlimited.lemon.vpn,55618,1981-01-01 01:01:02,2025-09-13 14:12:55.907783,100000000,2025-09-13T14:12:56.707228,"3X VPN - Smooth Browsing
5.5.618",Fruit Security Studio,31 Aug 2025
04AE8B74400A7F04BADF72D6516F370773952BB102C3474FE2538BA414AEA679,io.supercent.burgeridle,127,1981-01-01 01:01:02,2025-07-26 16:19:33.147869,50000000,2025-07-26T16:19:12.900484,"Burger Please!
28.0.0","Supercent, Inc.",8 Jul 2025
17EFD90817DF36DB80B44EC6CF6A2986BFE2154CB18BDC1C09D14E3AB74F559A,com.collagemaker.photo.frames,198,1981-01-01 01:01:02,2025-08-30 23:09:51.558346,50000000,2025-08-30T23:10:31.301699,"Photo frame app, collage maker
1.14.1",Love Photo Frames,25 Aug 2025
2B2DFD5CD822C63EFC284AD4AFB8BEABA863FDD1FD8B3377A4932CB63E2C298F,com.zeptolab.cats.google,2698533,1981-01-01 01:01:02,2025-07-12 21:00:46.097045,100000000,2025-07-12T21:02:10.937595,"CATS: Crash Arena Turbo Stars
3.21",Nazara Publishing,27 Jun 2025
03F47598095F5AE7640153B27C745ABB4F33BFF27410A67709BACA19BCB0495F,com.google.android.dialer,19000468,2009-01-01 00:00:00,2025-08-29 17:27:15.245799,1000000000,2025-08-29T17:28:04.728391,"Phone by Google
188.0.797346580",Google LLC,"Aug 25, 2025"
7DE86F744ADC49D63F6F731EAACFD993681E7111E402E769A9878BF3EB53A5E7,com.ne.hdv,2024103101,1981-01-01 01:01:02,2025-06-25 03:29:28.080011,100000000,2025-06-25T03:40:20.338350,"HD Video Downloader
3.2.4",Video and music apps,30 Oct 2024
5BDE5552D4A3F8A398814CD501B7E96130EE5F5698C45B182A47C628F18327FD,com.ig.moto.racing,146,1981-01-01 01:01:02,2025-10-12 21:57:20.42014,100000000,2025-10-12T21:57:56.698211,"Moto Rider, Bike Racing Game
1.146",iKame Games - Zego Studio,"Oct 7, 2025"
2A90863BB5A751E8AAEC4960953E8AB61D22E89E62A30CDE7811466C1A89E749,com.gameinsight.gobandroid,489,1981-01-01 01:01:02,2025-11-30 07:02:13.330336,50000000,2025-11-30T07:02:58.991341,"Guns of Boom Online PvP Action
30.0.449",Game Insight,6 Nov 2025
0135AE182350D6D55BBE616F718F37C4A4B00DF94A995FDF21A137D89E18F776,com.Upperpik.HairChallenge,902,2025-08-12 09:39:10,2025-08-15 13:35:15.917207,100000000,2025-08-15T13:40:30.718132,"Hair Challenge
30.0.3",Rollic Games,12 Aug 2025
025E6327AB9CAD43A16A6702123777A867D1969A5B984D2E15C0DDAF6CB0AE57,com.einnovation.temu,34900,1981-01-01 01:01:02,2025-04-14 14:37:48.972164,500000000,2025-04-14T14:36:56.554533,"Temu: Shop Like a Billionaire
3.49.0",Temu,12 Apr 2025
0153035438640C2AE924429C67E582ACA16FF60229A615A13F546C13C15864B7,com.zitga.ninja.stickman.legends,6062,1981-01-01 01:01:02,2025-06-15 16:49:38.726476,50000000,2025-06-15T17:08:39.291580,"Stickman Legends Offline Games
7.0.9",ZITGA,22 Apr 2025
02555CBB5D7D2ADBFA568CB7069E02AC3C83C01E64895C25FE5C1EEAA0F69FD8,com.tubitv,872,1981-01-01 01:01:02,2025-02-28 11:35:04.070667,100000000,2025-02-28T11:48:02.676798,"Tubi: Free Movies &amp; TV
9.8.0",Tubi TV,24 Feb 2025
1C262C0DBF196D15107A89EE5A4256058B655B0D854E276CD68BCC37D8343DE3,com.grammarly.android.keyboard,20054851,1981-01-01 01:01:02,2025-10-15 04:13:34.1007,50000000,2025-10-15T04:13:55.602997,"Grammarly-AI Writing Assistant
2.93.54851","Grammarly, Inc.","Oct 2, 2025"
4AAC600EFD3600E60D2F1E7156ACDC6CF5D6353E89FF785E030EC4EB95BA3B78,roll.unblock.ball.block.puzzle,151,1981-01-01 01:01:02,2025-09-28 16:27:56.162778,100000000,2025-09-28T16:41:02.494224,"Unblock Ball - Block Puzzle
151.0",Fun Free Fun,25 Sept 2025
0AF56DF024870E7A7EFAB5EAAB65A5C5BCD45DA132F56AB8726851F9FE081060,com.gameloft.android.ANMP.GloftM5HM,59927,1981-01-01 01:01:02,2025-02-24 16:27:34.974455,100000000,2025-02-14T00:09:46.189261,"Modern Combat 5: mobile FPS
5.9.9a",Gameloft SE,9 Feb 2025
29D6CD87653841BB3C22E5BC94DAF356D0927CE6F2337941C5C293FE8BA235E0,com.fungamesforfree.colorfy,605,1981-01-01 01:01:02,2025-09-11 13:13:36.52813,50000000,2025-09-11T13:14:38.915117,"Colorfy: Colouring Book Games
3.32",Wildlife Studios,25 Aug 2025
46C267436EA4A8F65E9033E4B53937471F827033E5A0ADF1E0E82DE8B2742619,com.bsbportal.music,1322,1981-01-01 01:01:02,2025-03-27 10:24:04.845241,100000000,2025-03-27T10:34:45.690610,"WynkMusic- Songs, MP3, Podcast
3.72.0.2",Airtel,8 Oct 2024
0D2ECC52502D53A0236BCBAE9D411F2A6DCDB8C4A08F38C37F74423EF4CE0953,video.like,6921,1981-01-01 01:01:02,2025-01-11 13:08:15.255254,500000000,2025-01-11T13:09:01.367964,"Likee - Short Video Community
5.39.1",Likeme Pte. Ltd.,1 Jan 2025
153267FDD8E6B631E191B674B2203ACBD0462F6F9856E97018E156CDCD4DF70F,com.match3blaster.DropStackBallFall,81,1981-01-01 01:01:02,2025-08-31 14:44:25.554164,100000000,2025-08-31T14:45:06.195182,"Drop Stack Ball - Helix Crash
4.31",Tazkan Games,28 Aug 2025
2F726A9E987F63F766A2CA4A7440EA5AE3CF49821CD5325FBE492EC9165F3D26,com.gameloft.android.ANMP.GloftIAHM,369400,1981-01-01 01:01:02,2025-11-04 09:05:22.09019,50000000,2025-10-29T04:19:53.196016,"Ice Age Village
3.6.9a",Gameloft SE,26 Oct 2025
1BFE8F82EB5D1F298A120A3B22B065F8EA9A280046D4E46EC2D28DB24485C53F,com.lyrebirdstudio.montagenscolagem,207763,1981-01-01 01:01:02,2025-04-20 15:26:00.778885,100000000,2025-04-20T15:33:43.396548,"Photo Editor Picsa: Collage
3.1.3",Prometheus Interactive LLC,25 Mar 2025
076856268E1EE6C12E9BCCD6BB3855CF7706256F0F5E6164B51FF86D8DB3B2D5,com.painter.cutandpaint,200318,1981-01-01 01:01:02,2025-08-06 08:30:20.722583,50000000,2025-08-06T08:31:07.388324,"Cut and Paint
200318",CASUAL AZUR GAMES,23 Jun 2025
4A080537D4636700F173671788AD56ED52B51FB41F28541D205F5477A55CC8A2,com.outfit7.talkingangelafree,200308020,1981-01-01 01:01:02,2025-08-15 00:13:39.453225,100000000,2025-08-15T00:16:07.273256,"Talking Angela
3.8.2.280",Outfit7 Limited,13 Aug 2025
02305AB8F2AC00ABA260053B8C3A3B4B6392D35311BD93D4796B7ECEA6E5C4B3,com.microsoft.xboxone.smartglass,326420353,1981-01-01 01:01:02,2025-02-13 22:40:17.072041,100000000,2025-02-13T22:40:04.233781,"Xbox
2502.1.1",Microsoft Corporation,10 Feb 2025
1BC1CEB994AE98CEAA443D7070C42E67191510897924D2271FF68789B100CBBA,com.episodeinteractive.android.catalog,2600001,1981-01-01 01:01:02,2025-03-14 14:33:22.569116,100000000,2025-03-14T14:33:58.408187,"Episode - Choose Your Story
26.00",Episode Interactive,11 Mar 2025
98CD3B06523C249FFFF504CD18127CCFC241F003F2615C8C810009A31106773C,com.forthblue.pool,52,1981-01-01 01:01:02,2025-06-05 17:03:29.011832,100000000,2025-06-05T17:34:47.311442,"Pool Billiards Pro
5.2",TerranDroid,30 May 2025
019F32330CAA0A6DF14C6B08D10B4202E5404A0D0B95D28612ACDA820DEF7001,org.ppsspp.ppsspp,119030000,1981-01-01 01:01:02,2025-07-21 05:34:27.054601,100000000,2025-07-21T05:34:07.290383,"PPSSPP - PSP emulator
1.19.3",Henrik Rydgård,14 Jul 2025
1586695D894C7DA70145D45A8357696C781BE9828F25B0E7B0E6C4C03EB236B6,hr.podlanica,158,1981-01-01 01:01:02,2025-08-05 00:48:43.970845,50000000,2025-08-05T00:48:44.969146,"Music Volume EQ - Equalizer
7.32",Dub Studio Productions,24 Apr 2025
00295BA66D7F926A93A2533C2E39CBE4D8B9575A5C508DE8777BF59AA9D471C4,com.creativemobile.nno,50017196,1981-01-01 01:01:02,2025-11-30 06:27:23.735772,50000000,2025-11-30T06:27:16.822706,"Nitro Nation: Car Racing Game
8.1.1",Supercharge Mobile,19 Nov 2025
231D1DE4B5E4D39F86A427934AC4B224C09A58E5E918BD3388806A039E0B1340,link.merge.puzzle.onnect.number,25231720,1981-01-01 01:01:02,2025-04-01 13:17:53.335433,50000000,2025-04-01T13:20:11.612157,"Tile Connect - Matching Games
1.19.2",Higgs Studio,17 Mar 2025
17D3A4F1F891BD8BA773C3028C345B8C59FCD8CEFBDA18301D73180D95CDE261,com.BallGames.Woodturning,4015,1981-01-01 01:01:02,2025-03-08 12:41:18.774045,100000000,2025-03-08T12:49:35.516108,"Woodturning
3.10.07",VOODOO,5 Mar 2025
1600823D5044CCF7BB563A85F6448812D04BB8ED956E1A68D56BBD4B1986F06A,com.paurau.MakeHer,530,1981-01-01 01:01:02,2025-05-11 13:27:00.237028,100000000,2025-05-11T13:51:05.536048,"Move People
5.3",Supersonic Studios LTD,24 Apr 2025
7BE5AF97A282C712210A8A20C6329AC41B24EA766F2FABD9FA203C159B74BA50,flipboard.boxer.app,3196,1981-01-01 01:01:02,2025-04-01 13:27:50.383594,1000000000,2025-04-01T13:27:59.615348,"Briefing
3.4.7",Flipboard,28 Mar 2025
056E98D24F04EAA6D54D44BEB62D02CC8977D4BBD982B1EE900C5033B32A63CF,com.emoji.coolkeyboard,432101,1981-01-01 01:01:02,2025-08-28 13:18:19.745036,100000000,2024-07-06T10:44:27.541305,"Emoji keyboard - Theme, Font
3.4.4321",Emoji Keyboard & Sticker Design Team,28 Jun 2024
1501023FB8082F4B3FEC1DDB92903DBF2C5249D28DA5BF826B79AFF36139C24F,com.playrix.gardenscapes,108600,1981-01-01 01:01:02,2025-03-11 10:43:04.572321,500000000,2025-03-11T10:48:25.060646,"Gardenscapes
8.6.0",Playrix,5 Mar 2025
08533DB31774151B0A425DC8B0F02F6B01D089FB9CBF599FEC5C553F9814D6B1,com.campmobile.snow,91130304,1981-01-01 01:01:02,2025-08-09 19:33:59.81089,100000000,2024-08-29T12:53:13.811613,"SNOW - AI Profile
13.3.4",SNOW Corporation,28 Aug 2024
06CC40DB172D31628630BBB31D5C8169482D55B07466131A3D21197DFDEDCB1B,com.ufotosoft.justshot,100948,1981-01-01 01:01:02,2025-02-24 07:31:49.566397,100000000,2025-02-24T07:59:46.645040,"Sweet Snap: Beauty Face Camera
5.1.100948",Mivo studio,11 Feb 2025
09F7DC77264056D71A3BC6B976BACB3A6397FA348EB837DE903980AD72BA160E,com.cricbuzz.android,1521062501,1981-01-01 01:01:02,2025-08-02 09:36:15.452718,100000000,2025-08-02T09:38:01.138454,"Cricbuzz - Live Cricket Scores
6.25.01",Cricbuzz.com,23 Jul 2025
25A2DEC9EB8BB304D78B80C30B01F7CC9D786F692B55F3C1A557E7AF17CFC1FE,videostatusmaker.videostatus.boo,94,1981-01-01 01:01:02,2025-02-05 21:02:47.200016,50000000,2025-02-05T21:04:55.226630,"Boo - Video Status Maker
9.7",The One World Apps,29 Nov 2024
0903C55DC895B30D1C6BF934A3ED0351DB692033DC9C6275D931055F87005D18,com.cnn.mobile.android.phone,15018711,1981-01-01 01:01:02,2025-08-09 14:15:10.824656,50000000,2025-02-27T22:20:31.985410,"CNN: Breaking US &amp; World News
25.3.0",CNN,7 Feb 2025
82D8B4DB1A9DCE27FC6C658CC0AA63CF7145C56C5BD3335AC474790FACEBD3A5,com.vzw.hss.myverizon,496,1981-01-01 01:01:02,2025-05-27 22:39:19.089461,100000000,2025-05-27T22:39:34.584397,"My Verizon
20.9.1",Verizon Consumer Group,6 May 2025
0FCA4644FBB9E7150971FD4593BA4345903F22DCAA530DC37A403C3558391E80,com.mobirix.zombieking,85,1981-01-01 01:01:02,2025-08-12 10:56:30.786501,50000000,2025-08-12T11:01:26.635739,"Zombie Hunter King
1.0.56",mobirix,"Jul 22, 2025"
694305DF5704A12E32FF877F6E866941DA8020FD0AC984822084A2DF85918CA6,com.skgames.trafficrider,840,1981-01-01 01:01:02,2025-01-09 23:32:52.327612,500000000,2025-01-09T23:30:14.188895,"Traffic Rider
2.0",skgames,2 Jan 2025
021B8C9AA481A5E1855999021B4BA3E9D7E6F9E25A800D882897A3F46811A2C8,women.workout.female.fitness,120,1981-01-01 01:01:02,2025-09-11 03:47:16.218614,50000000,2025-09-11T03:47:10.218420,"Workout for Women: Fit at Home
2.1.3",Leap Fitness Group,1 Sept 2025
2A6215C39A3FCA604925EEF504B6FDC5E08EAAEBCEAFE8105797D7CC2375D417,com.gamexis.sniper.professional.action.game.apps,150,1981-01-01 01:01:02,2025-09-07 06:55:47.397281,50000000,2025-09-07T06:57:31.592961,"Sniper Shooting: Offline Game
15.0",GAMEXIS,11 Mar 2025
A5EB2817B372DFC20C41360B5A7EBAD3F2BA621331FA56F4450B4313BE755E1A,com.rapid.short.tv,480,1981-01-01 01:01:02,2025-11-21 14:14:43.472031,50000000,2025-11-21T14:15:50.428817,"RapidTV - Short Dramas
4.8.0",Kennedyy,5 Nov 2025
29292CF9D06901FB9340B52007185BB244F8A15BADEA0A7DE805143B44E3A444,com.colorhole.game,50000066,1981-01-01 01:01:02,2025-10-17 17:37:34.288702,50000000,2025-10-17T17:38:18.165344,"Color Hole 3D
3.0.6",CASUAL AZUR GAMES,7 Oct 2025
45B03B06E79753A39F070DD0BF0BF858E30D37A7B72D61D78BC4EECDDF3A40C1,com.JindoBlu.Antistress,931,1981-01-01 01:01:02,2025-01-10 16:53:48.75707,100000000,2025-01-10T17:06:37.571587,"Antistress - relaxation toys
10.3.4",JindoBlu,19 Dec 2024
0ADCBE3432C036350A434E03DD0DB86B72372DB6571CF30FFEE0FB29B0BD21EB,com.comuto,340000516,1981-01-01 01:01:02,2025-08-05 13:47:23.071348,100000000,2025-05-06T04:25:08.589706,"BlaBlaCar: travel by carpool
5.201.0",BlaBlaCar,30 Apr 2025
279855B2713A85C29DD1ABB6A95AA6645E0DAB9DC47D0E4584479BCFD7D950A5,com.fengiiley.frlegends,133,1981-01-01 01:01:02,2025-09-12 11:15:45.472325,50000000,2025-09-12T11:17:12.969666,"FR Legends
0.3.7",TWIN TURBO GAMES,10 Sept 2025
21D748DCB5F65419E365641648CA9925FAF5D57117D1DEC9A3A812B3E2F0A99E,com.superplaystudios.dicedreams,26684,1981-01-01 01:01:02,2025-06-06 18:21:35.291917,50000000,2025-06-06T18:23:06.219043,"Dice Dreams™️
1.92.1.26684",SuperPlay.,5 Jun 2025
0CC1BBA6D175FCB5909FA1DE068315EE7D565AF5C503A7ADE11CA6BFC7069DCA,com.opera.app.news,131078570,1981-01-01 01:01:02,2025-08-09 18:50:16.493886,100000000,2025-08-05T06:26:31.722999,Opera News: breaking & local,Opera,
016C7EA21764041855E2F307E91174F51FE47C4730C4FCA0120CCD8A0F8D241D,me.zepeto.main,400000,1981-01-01 01:01:02,2025-08-07 02:09:36.006211,100000000,2025-05-23T02:30:25.277779,"ZEPETO: Avatar, Connect &amp; Live
4.0.000",Naver Z Corporation,15 May 2025
01E29EE1ED2E4FA99027D30FCB892355576799F731DEB87488BCF3A44189E597,com.trivago,2025041001,1981-01-01 01:01:02,2025-04-12 17:47:44.23228,100000000,2025-04-12T17:47:36.014438,"trivago: Compare hotel prices
6.33.0",trivago N.V.,10 Apr 2025
2286F8363DAE7BCCD6BBB041CD1BBEDC7B184F5ECF40AD9E4CAB0708C7608E89,com.zuuks.bus.simulator.ultimate,224,1981-01-01 01:01:02,2025-11-01 11:19:26.546449,100000000,2025-11-01T11:41:10.242694,"Bus Simulator : Ultimate
2.2.4",Zuuks Games,31 Oct 2025
064177CE03C6671D14C52490D8892662AA6E6B1FA0B9E0017CC195145EFC02BC,io.yarsa.games.ludo,81,1981-01-01 01:01:02,2025-01-11 17:19:00.450721,100000000,2025-01-11T17:52:23.140925,"Ludo
0.5.7",Yarsa Games,18 Dec 2024
0E2A3E8701431BE82978C03C953591254B13A3EFD4416D3BC0B52A017D4A2EC6,pampam.ibf2,377,1981-01-01 01:01:02,2025-02-16 00:03:44.516354,100000000,2025-02-16T00:04:38.343863,"Bottle Flip 3D — Tap &amp; Jump
1.7.0",Azur Interactive Games Limited,10 Feb 2025
583A1D5DC7FEB49190BD9D7FD745DAFB5D299C31F53DE83C03E98CA6120BCE03,com.redforcegames.stack.colors,45360,1981-01-01 01:01:02,2025-08-09 02:33:51.110136,100000000,2025-08-09T02:35:02.266930,"Stack Colors!
4.5.40",VOODOO,4 Jun 2025
23BE4BC29C2FEF4754464D152425DFC2A6133ACF13061D115B016B7BD75C9237,com.edkongames.ww2,477,1981-01-01 01:01:02,2025-07-21 00:52:16.891227,50000000,2025-07-21T00:54:39.560726,"World War 2－FPS Shooting Games
4.77",Edkon Games GmbH,1 Jul 2025
12207C26D4A903D09C854C1B841A709FFCC358425C0506C9F859D5184BFD1158,com.swiftappskom.thewolfrpg,200223,1981-01-01 01:01:02,2025-10-09 00:14:53.569085,50000000,2025-10-09T00:16:36.068327,"The Wolf: Animal Game MMORPG
4.2.0",Rage Quit Games Group,2 Oct 2025
0B57EA5E571BB94DE9EE58083A3A7EC66EE5468AE882CE65B8EBAC3E3F0EAC8D,online.cashemall.app,526,1981-01-01 01:01:02,2025-07-21 09:51:33.957386,50000000,2025-07-21T09:52:47.657516,"Cash&#39;em All - Play &amp; Win Gifts
5.2.6-CashemAll",Cash'em All,9 Jul 2025
2B7FE26906480F468290B58292BB70CD5B78CDF622BEEBB717B4E85276592A5E,com.larus.wolf,10000005,1981-01-01 01:01:02,2025-08-26 04:08:27.548024,50000000,2025-08-26T04:24:19.370867,"Cici: Smart AI assistant
10.0.0",SPRING (SG) PTE. LTD.,19 Aug 2025
036E890177F56A8F0B2A4813E1B6AE05AFCA227D0E3375CEF5802B76C70D370B,com.matchington.mansion,990,1981-01-01 01:01:02,2025-08-07 03:03:11.02867,100000000,2024-03-05T11:19:03.482692,"Matchington Mansion
1.153.0","Magic Tavern, Inc.",1 Mar 2024
6247D75022B9582382CC573925D36FB4BE74CA6AC7F70F192EB03752B68113BB,com.cloudflare.onedotonedotonedotone,4861,1981-01-01 01:01:02,2025-07-20 00:40:45.821729,100000000,2025-07-20T00:41:43.675560,"1.1.1.1 + WARP: Safer Internet
6.38.4","Cloudflare, Inc.",9 Jun 2025
4523A2DE108A1C089CD5C06AA5676B4D93AEA9F0D3F71CFFCE73A97AA655A3D7,com.google.android.apps.bard,272,1981-01-01 01:01:02,2025-08-27 01:58:16.659432,500000000,2025-08-26T00:50:31.490614,"Google Gemini
1.0.795460806",Google LLC,15 Aug 2025
30D384DC5050A06BD63F4EBEE9769C9653D1E48633EEC8557F44B26361461A66,vault.gallery.lock,214,1981-01-01 01:01:02,2025-08-08 17:05:43.045768,100000000,2025-06-15T06:03:03.536607,"Photo Lock App - Hide Pictures
2.1.5",Battery Stats Saver,22 May 2025
2AB1C1CD3CF9659620544EE97CB8645C907C4317919BBFE5746572E2F1208B1A,gallery.photogallery.pictures.vault.album,1362,1981-01-01 01:01:02,2025-09-23 11:13:07.688937,50000000,2025-09-23T11:14:20.712387,"Galleryit - Photo Vault, Album
1.3.6.2",AI Photo Team,22 Sept 2025
113199198DCDC2321C9049E09DCFEBBE652A896733D48CCEA6F67D51E0EEB1C7,com.edjing.edjingdjturntable,63071900,1981-01-01 01:01:02,2025-08-07 22:37:22.474728,100000000,2024-07-08T04:48:30.480668,"edjing Mix DJ Music Mixer App
7.19.00",MWM - AI Music and Creative Apps,2 Jul 2024
0F3001230C60E293A9D15D862ABEA7B939BC20C9580601070011205F3ECD244B,com.alphainventor.filemanager,2103056,1981-01-01 01:01:02,2025-03-04 14:20:49.638001,100000000,2025-03-04T14:20:56.099871,"File Manager
3.5.6",File Manager Plus,19 Feb 2025
595EA885A3691BAB609F40C79A865078A1074EF3ECC40D325E1FB097C98E10E8,com.yoosee,6363,1981-01-01 01:01:02,2025-11-30 06:22:47.261396,50000000,2025-11-30T06:23:39.896516,"Yoosee
6.37",Gwell,14 Nov 2025
2075AFEBCECCA8AB9E2E0DFE2D59619C3C58D4BA56F841BD077497B9DB463238,com.hideitpro,20250127,1981-01-01 01:01:02,2025-02-03 17:17:59.925647,50000000,2025-02-03T17:26:45.249620,"Hide Photos, Video-Hide it Pro
8.7.23",Goaffpro,26 Jan 2025
1668795096854E73378F81F6C057B1E7CE5A86D97300C35F0B71D186660DC034,com.nextbillion.groww,125846024,1981-01-01 01:01:02,2025-07-03 18:29:15.625699,100000000,2025-07-03T18:50:12.446653,"Stocks, Mutual Fund, IPO Groww
17.88","Groww: Demat, Invest & Trade, SIP, Personal Loans",24 Jun 2025
1AFFDE00ABCBC451525741B55078084A4426F14DA00BFDAA5FA76B83FC51F535,com.ak.ta.dainikbhaskar.activity,484,1980-01-01 00:00:00,2025-08-14 19:07:05.646954,50000000,2022-06-12T10:46:53.454952,Hindi News by Dainik Bhaskar,Dainik Bhaskar Group,21 Apr 2022
096D157163AEA203E1475D4F52DDBBBF6FC83B860A8716A74DC36A97FEECE03F,com.eterno,10250,1981-01-01 01:01:02,2025-08-04 05:39:28.113866,100000000,2025-08-04T05:40:06.888363,"Dailyhunt - News &amp; Magazines
31.3.12",Eterno Infotech,23 Jul 2025
524B75B8336328F2D284F23007F38F06FB04AC5680153BE3FD75A5EB8BCB64F7,com.transsion.magicshow,81501,1981-01-01 01:01:02,2025-03-06 04:18:20.36009,500000000,2025-03-06T05:11:49.980221,"Visha-Video Player All Formats
8.1.5.01",Visha Group,25 Feb 2025
4F44719A43A20FCFA274E4A11DD138220D9B9F9121C35C3AFB01463F03B45961,com.dancing.smash.hop.game.tiles.circles.beat.paino,224,1981-01-01 01:01:02,2025-03-09 00:17:22.314474,100000000,2025-03-09T00:35:46.661289,"Smash Colors: Music Ball Rush
1.1.49",BADSNOWBALL HONGKONG LIMITED,26 Dec 2024
0CAC8AD3DBD635C90994B94FD06E9F6132566589EC0AC5ACF1C4911ACB224C5B,com.blendergame.smash,296,1981-01-01 01:01:02,2025-10-24 06:03:51.453596,100000000,2025-10-24T06:03:37.478142,"Blend It 3D
1.3.88",SayGames Ltd,13 Oct 2025
22F96AFDC1EBF8FD6579079DED7CA03F8B329BBF0C9F1125EFFC8E253D697716,com.vidio.android,3191608,1981-01-01 01:01:02,2025-08-03 16:34:50.511488,100000000,2025-08-03T16:37:28.277099,"Vidio: Sports, Movies, Series
7.7.8-b865c19d7a",PT Vidio Dot Com,27 Jul 2025
1FB04F0EDBE0A39029373E87708F31703401EDAF32384ED9ABC338C588EF4B51,com.mastercomlimited.racethetraffic,614020101,1981-01-01 01:01:02,2025-09-10 05:18:19.288095,50000000,2025-09-10T05:19:28.172004,"Race the Traffic
2.1.1",Play365,17 Aug 2025
23C92685268E0BBD1599F6EB0AA938585B61048383BA30D38895F5524A0C4006,com.snapwork.hdfc,228,1981-01-01 01:01:02,2025-05-19 14:06:56.748306,50000000,2025-05-19T14:07:48.575721,"HDFC Bank MobileBanking App
11.3.0",HDFC BANK,21 Apr 2025
0AAD191E675F935CF4C07707192671EA2D732CD63F9B3BDCA2D52F70A3158AFB,com.tripledot.triple.tile.match.pair.game.three.master.object,2915,1981-01-01 01:01:02,2025-04-03 14:45:53.891486,50000000,2025-04-03T14:47:06.185431,"Triple Tile: Match Puzzle Game
2.66.02",Tripledot Studios Limited,26 Mar 2025
00EC63BD7FF2CF9FEAE976390F869B05FD75FF883D374F7E04FB3D2F040DA000,com.fsn.nykaa,30385,1981-01-01 01:01:02,2025-03-11 05:21:57.603789,50000000,2025-03-11T06:00:14.321412,"Nykaa - Beauty Shopping App
3.7.4",NYKAA,7 Mar 2025
67EDF28D879ED401CD2841A6EE3FEF78907C8B06C1B867A48B864749B1C3DC2A,com.youdao.hindict,389,1981-01-01 01:01:02,2025-08-28 08:22:00.495193,100000000,2025-08-28T08:22:40.565441,"U Dictionary Translator
6.7.2",Youdao (Hong Kong) Limited,18 Aug 2025
0177DCF4F858AC444AD575D1B0CD2BFAC9FC5EA400F8B185C6FF1DC679B384C7,com.frontrow.vlog,6127,1981-01-01 01:01:02,2025-06-05 19:31:38.392718,100000000,2025-06-03T15:15:33.329582,"VN - Video Editor &amp; Maker
2.6.0","Ubiquiti Labs, LLC",27 May 2025
016A2FAB54AE1BE819F2F1F1F292648AD859F0066BE1BB318077DE85BB5295C8,com.bigbluebubble.singingmonsters.full,412,2025-03-19 09:02:36,2025-03-27 10:44:43.380082,50000000,2025-03-27T10:46:07.493193,"My Singing Monsters
4.7.2",Big Blue Bubble Inc,19 Mar 2025
022B9483634BE4A1E50AF5FE2E861AAC092AA05F0D5ADC375DE2219252710BBD,com.rubygames.assassin,2564,1981-01-01 01:01:02,2025-11-20 08:51:57.315412,500000000,2025-11-20T09:17:31.837373,"Hunter Assassin
2.029",Ruby Games AS,14 Nov 2025
0886B72C863611320B33E13BDBAF65868AF56B9C75B27F119EDA560CBED09818,com.bittorrent.client,7603,1981-01-01 01:01:02,2025-08-16 14:16:57.841907,50000000,2025-08-16T14:17:25.404429,"BitTorrent®- Torrent Downloads
8.2.51","Rainberry, Inc.",15 Aug 2025
453CA6680B34119B9CAE594D6868AEEC6F04C64ECE09DADB7720B3F80F6A57CB,tv.accedo.airtel.wynk,13010,1981-01-01 01:01:02,2025-06-18 21:52:49.223111,100000000,2025-06-18T21:49:17.827394,"Airtel Xstream Play: 25+ OTTs
1.103.1",Airtel,10 May 2025
0782038EB0AD9B253EB29969F1DFA0DA712F3EBF37BFC04CF3F4064853F2D8F3,com.yottagames.mafiawar,610,1981-01-01 01:01:02,2025-08-12 08:43:11.888297,100000000,2024-06-07T08:49:01.961206,"Mafia City
1.7.297",Phantix Games,27 May 2024
109535396950873B5660399F09F035F3208BFE15094B874DA32E564FB15B9767,org.wikipedia,50515,1981-01-01 01:01:02,2025-01-10 20:07:55.607156,50000000,2025-01-10T20:10:45.497038,"Wikipedia
2.7.50515-r-2024-12-16",Wikimedia Foundation,8 Jan 2025
061F6C5461F2750AE9182876157EC82382A5AFC8A7BA6FD9DF5BB270375DC8B8,com.wemesh.android,1940,1981-01-01 01:01:02,2025-04-16 01:44:54.49687,50000000,2025-04-16T01:56:27.797366,"Rave – Watch Party
8.0.0",Rave Inc.,2 Apr 2025
0FE595E31A3EFB7A29720F3474C84198EC5AF4C1C32E94707638DD2B2C5EE4B9,in.cricketexchange.app.cricketexchange,541,1981-01-01 01:01:02,2025-10-24 04:11:19.724736,50000000,2025-10-24T04:11:26.395212,"CREX - Just Cricket
25.10.02",CREX,13 Oct 2025
07A5A55DFD8E29C7E88B9AF5152D8680114CEEF2D87B665D8D99B1D235063D1E,com.rsupport.rs.activity.rsupport.aas2,304,2009-01-01 00:00:00,2025-08-28 11:48:51.265038,100000000,2021-12-07T14:26:44.823123,Smart Tutor for SAMSUNG Mobile,"Samsung Electronics Co.,  Ltd.",11 Nov 2021
0C98E47EDCC69BFEF6DDD1DA82D25A5AA5F8155AEF37914AFE0E59ECD1ACA616,com.google.android.apps.books,261566,1981-01-01 01:01:02,2025-01-28 12:08:42.735306,1000000000,2025-01-28T12:18:57.237637,"Google Play Books &amp; Audiobooks
2025.1.10.0 (261566)",Google LLC,10 Jan 2025
0443A34060D2F66E863541003FDB812E3CBE64F508C43F7398D6A933DBE233C4,com.yandex.browser,1923088914,1981-01-01 01:01:02,2025-08-08 20:24:26.079178,100000000,2025-04-19T20:40:37.194057,"Yandex Browser with Protect
25.3.0.33",Direct Cursus Computer Systems Trading LLC,14 Apr 2025
E103004FA8D055E47CCAF0D2169A84760059944B160687C5B93C177BCAA96237,com.Celltop.SpiralRoll,48,1981-01-01 01:01:02,2025-03-02 09:15:44.632115,100000000,2025-03-02T09:15:53.833660,"Spiral Roll
1.22.0",VOODOO,6 Jan 2025
304BB2D15F37C8AA338728B8DE1F57B0257C7FEC8457B1F6DED4A8EC2E82032D,com.qoni.guesstheiranswer,301,1981-01-01 01:01:02,2025-10-07 11:59:11.030683,50000000,2025-10-07T11:59:26.938274,"Guess Their Answer - IQ Games
5.0.12",TapNation,2 Oct 2025
05DEF306D5DF1221CCBE33D304FE281B0FCC3B342333053DB82FD9FC340E1302,com.tranzmate,1677,1981-01-01 01:01:02,2025-08-08 17:10:19.32856,100000000,2025-01-16T05:16:35.266351,"Moovit: Bus &amp; Rail Timetables
5.160.1.1677",Moovit,7 Jan 2025
0CF659EE6BA5E3AD6180A1BE84B3C40B7AE5D6FBF3FD262B62CD0853CB3F0E41,com.gma.water.sort.puzzle,693,1981-01-01 01:01:02,2025-02-03 13:33:16.555318,100000000,2025-02-03T13:34:18.412859,"Water Sort Puzzle
18.0.2",IEC Global Pty Ltd,14 Nov 2024
113447FA7159083979A0D02C53846A9543FA9CF88A07F640D397DC84A57159D3,com.mousemobile.explorationcraft,14119,1981-01-01 01:01:02,2025-10-02 09:41:12.896448,50000000,2025-10-02T09:42:36.145889,"Exploration Lite Craft
1.1.9",CanaryDroid,18 Aug 2025
00551BE6AB29A37A7986A1A18FEB360D223CD890BFDFC15C4F54A2B19D1710CD,com.maxgames.stickwarlegacy,2023005875,1981-01-01 01:01:02,2025-03-31 10:09:18.876149,100000000,2025-03-31T10:22:25.495032,"Stick War: Legacy
2023.5.875",Max Games Studios,28 Mar 2025
03622B927F2496D231F98478F0D1D3A4ECC5A413AEB07B2092C6000CB72D4348,com.google.android.apps.walletnfcrel,932720864,1981-01-01 01:01:02,2025-07-02 14:45:34.741424,1000000000,2025-07-02T14:56:54.474427,"Google Wallet
25.24.772650276",Google LLC,18 Jun 2025
3A4FCC2FF82BF16C425FB59D2F855866A20E1716C6E9C21320094FCC38486583,com.crazylabs.asmr.cut,2314,1981-01-01 01:01:02,2025-08-09 12:44:17.800182,100000000,2024-12-14T21:35:38.022145,"ASMR Slicing
2.3.1.4",CrazyLabs LTD,29 Nov 2024
07B1BE7AAFD17F8326F9E380CAC815DDCDAA71EDB86FA159FF3DC98CD0D20FBB,com.fun.lastwar.gp,1325,1981-01-01 01:01:02,2025-04-18 07:27:52.25271,50000000,2025-04-18T07:31:53.811625,"Last War:Survival Game
1.0.287",FUNFLY PTE. LTD.,15 Apr 2025
052B22D108149B712E8E60EBC27FF2D7D3E3E08B187013F147EF1903043C29EC,com.game.colorslime,200283,1981-01-01 01:01:02,2025-10-04 02:09:25.838328,50000000,2025-10-04T02:11:26.641708,"Jelly Dye: Jelly Games &amp; ASMR
2.9.1",CASUAL AZUR GAMES,"Sep 30, 2025"
05ADE65FEE22AC16C51CEA2EA1F68345890A0393E20EA2AB9C38D68472500D62,com.freeshooting.specialforces.war3d,134,1981-01-01 01:01:02,2025-10-07 13:58:14.327993,50000000,2025-10-07T13:59:28.423171,"Special Ops: PvP Sniper Shooer
1.3.4",Fun Shooting Games - FPS,17 Sept 2025
071EEE2A900F1E073E15AF9F947FB33445204CAB524031FEF8A95E22D5D3923E,com.joytunes.simplypiano,5225,1981-01-01 01:01:02,2025-05-12 14:43:31.926895,50000000,2025-05-12T14:44:15.015417,"Simply Piano: Learn Piano Fast
7.29.4",Simply Ltd,11 May 2025
0319244C1329181A3DE216F6D550E0E8F65C3D8D23534EF31E02800F3E8F24ED,com.camscanner.documentscanner.pdfscanner.textscanner.photos.scanner,107,1981-01-01 01:01:02,2025-08-12 12:00:25.163287,50000000,2025-08-12T12:04:34.604929,"PDF Scanner App: Document Scan
6.0.9",Tools & Utilities Apps,22 May 2025
01824D9F289591F9B98A57448B3443ECAF24E9C66A38CD852F5B45E7492572D8,com.zatg.scaryneighbor.hellgame,137,1981-01-01 01:01:02,2025-07-27 14:15:41.258927,50000000,2025-07-27T14:17:25.503376,"Scary Stranger 3D
6.8",Z & K Games,3 Jul 2025
16658212795E934C190FB457FA9DEF595CE404095E11C4D366503CE9F60410D4,com.motionvolt.flipbounce,10103270,1981-01-01 01:01:02,2025-05-28 20:21:44.244718,50000000,2025-05-28T20:27:03.879566,"Flip Master
3.2.70",MotionVolt Games Ltd,13 May 2025
2AAC8B6FD667B8E7BA60CA8F023EEE599DCF39E1777A5FDDBC706EDE7EF180E3,com.xiaomi.hm.health,50818,1981-01-01 01:01:02,2025-05-15 21:02:01.436204,100000000,2025-05-15T21:04:44.998410,"Zepp Life
6.14.0","Anhui Huami Information Technology Co.,Ltd.",23 Apr 2025
400F532F005F84D99DB7BEC395BE4B84AB88580B84FA36047EACD6F10C70DBAD,com.playspare.supermarket.store.simulator,107,1981-01-01 01:01:02,2025-11-17 23:21:51.179943,100000000,2025-11-17T23:22:06.010809,"My Supermarket Simulator 3D
1.22.4",Game District LLC,22 Oct 2025
05FC6F5AAA60E7B84204E5AADCC6D288B6DDB28B96FAE2CE5EF11FDF39D8D1B1,com.teslacoilsw.launcher,81004,1981-01-01 01:01:02,2025-11-10 12:41:32.805505,100000000,2025-11-10T12:42:35.245297,"Nova Launcher
81004 (8.1.4)",Nova Launcher,3 Nov 2025
1106CCAC891550AB7D1685AFEE086C9D36F71AC144BDAF6464A0A6D487B0285B,com.psiphon3.subscription,424,1981-01-01 01:01:02,2025-05-14 02:08:42.110703,100000000,2025-05-14T02:10:28.295400,"Psiphon: Fast and Secure VPN
424",Psiphon Inc.,1 May 2025
28B337E2E78BB32EAFF6D64843104E08BA12AE87CF2A14C9B303EF4D2572DE09,com.clean.road,337,1981-01-01 01:01:02,2025-10-05 10:37:23.519162,50000000,2025-10-05T10:39:03.876087,"Clean Road
1.6.62",SayGames Ltd,30 Sept 2025
00C164F3C7D2D39F8C6B08145251035711EBE0E356982016EF78DEE000E5FF14,com.bancomer.mbanking,375994160,1981-01-01 01:01:02,2025-10-16 09:25:36.091311,50000000,2025-10-16T09:25:48.401512,"BBVA México
25.90.24",BBVA,8 Oct 2025
03CBF0FEBC98F6F3DFE210B8DFBD8609B84336203B25AA8D5231F0445961FB0D,com.google.android.inputmethod.latin,163542538,1981-01-01 01:01:02,2025-03-31 23:21:14.805217,10000000000,2025-03-31T23:23:12.996726,"Gboard – the Google Keyboard
15.1.08.726012951-release-arm64-v8a",Google LLC,18 Mar 2025
0C13441381856845E8E37102527D8CC3A97CE1D2E18E91E864A3F2A23E9063AB,com.balancehero.truebalance,65700,1981-01-01 01:01:02,2025-04-15 14:10:12.072693,50000000,2025-04-15T14:10:15.864131,"TrueBalance-Personal Loan, UPI
6.57.00",True Balance - Balance Hero,27 Mar 2025
9B8F618C4AC40D5E7EF35F19EAAC5385310E11E877A5B12F23D0DE11E04DD98F,com.baklabs.taxi.two,2101,1981-01-01 01:01:02,2025-03-31 13:05:58.561827,100000000,2025-03-31T13:09:54.652458,"Taxi Game 2
2.5.1",baklabs,25 Apr 2024
358D38A0B0E32FEDE5D89D884B7FE334DDAE1C8FE885EF49F24C87AE2D1360E9,com.NikSanTech.FireDots3D,20013,1981-01-01 01:01:02,2025-10-17 22:52:25.163315,50000000,2025-10-17T22:53:08.573152,Fire Balls 3D,VOODOO,15 Oct 2025
030978E556FE18A0E9F6D474C5413964A3BBD0AC360FA2B2EF472237E0ECAAAD,com.opera.browser,1908320205,1981-01-01 01:01:02,2025-08-06 11:43:10.195024,100000000,2024-06-28T08:29:02.421271,"Opera Browser with AI
83.2.4388.80550",Opera,25 Jun 2024
7F887DBC04D9B2F72ED2E3379C5610089C7B307E496F4A1DC1263DEBDFC26A2D,com.playappking.busrush,614012502,1981-01-01 01:01:02,2025-08-28 01:28:24.047235,100000000,2025-08-28T01:30:08.950447,"Subway Bus Rush Runner
1.25.2",Play365,17 Aug 2025
198075B60E42223227B4AF4D37CEBE2575E8CDFE96C4CBC62D074FB24ED3424B,com.yodo1.crossyroad,214290,1981-01-01 01:01:02,2025-06-06 11:49:49.288579,100000000,2025-06-06T11:46:18.804136,"Crossy Road
7.4.0",HIPSTER WHALE,25 May 2025
2633C323B2F8236755E82AABB9C3C719AE5B82E1F9881F624494931A2F683B0C,com.leodesol.games.classic.maze.labyrinth,254,1981-01-01 01:01:02,2025-09-14 21:22:05.209587,50000000,2024-05-17T01:35:57.969622,"Mazes &amp; More
3.8.0(254)",Maple Media,18 Apr 2024
21F961BBFE38D90C049EDF664D14B599FE9D074748505D329675B8B0125C759C,com.sinyee.babybus.cosmetology,8730000,1981-01-01 01:01:02,2025-10-20 03:37:17.114495,50000000,2025-10-20T03:37:28.006788,Little Panda's Pet Salon,BabyBus,"Oct 14, 2025"
0324FF6A9F78C6F3DE566AF811120136C7A0429F0A9CD5FF869FD59B3AA10879,com.sec.penup,392133000,2009-01-01 00:00:00,2025-11-03 13:38:38.978335,100000000,2025-11-03T13:39:40.485868,"PENUP – Drawing-sharing SNS
3.9.21.33","Samsung Electronics Co.,  Ltd.",29 Oct 2025
5CF8329D4A8CF26D0732DEB48FFE9340A5DA3CB8BC5793BBE844B833D3D930FC,su.canoe.zoo.elephant,116,1981-01-01 01:01:02,2025-06-17 16:39:06.00257,100000000,2025-06-17T16:41:26.793807,"Zoo - Happy Animals
1.4.8",SayGames Ltd,27 May 2025
1C67C4A31BD03033EB6E412F38E06F173E9B45D4C72A69C4EE248F354C509806,com.rioo.runnersubway,730,1981-01-01 01:01:02,2025-08-06 07:50:26.325965,500000000,2025-03-11T12:23:56.220765,"Subway Princess Runner
8.2.8",Ivy,9 Mar 2025
2FB59D77B2653F3245DA71F6C45A6692681147565FFD4545FBA359ECD7E5D911,com.bravestars.doll.dressup.princess.coloringgame,426,1981-01-01 01:01:02,2025-03-30 15:06:28.513598,50000000,2025-03-30T15:08:24.833369,"Doll Dress Up: Makeup Games
1.22.0",TapNation,27 Mar 2025
01605059006440E7F3C811B56018ADE9AD14DA96A6E1186F2639BA63FF311CE4,com.evernote,1234730,1981-01-01 01:01:02,2025-08-05 01:38:29.051941,100000000,2025-01-17T12:25:17.365910,"Evernote - Notes Organizer
10.122.0",Evernote Corporation,13 Jan 2025
0013D2BC5301B9141335E9F2F0B1B21B8CBBD53DA7F12F9454C5E821F7B666CF,com.google.android.apps.dynamite,5569392,1981-01-01 01:01:02,2025-08-07 02:15:11.93737,50000000,2024-11-23T21:42:43.774995,"Google Chat
2024.11.10.698526134.Release",Google LLC,21 Nov 2024
2F14C74F1270D530ACAF5EE33835AB67432AA4CA1FC0069915D09DB81C1120E2,com.music.ops.retroappdownload2,44,1981-01-01 01:01:02,2025-09-19 14:07:06.610613,50000000,2025-09-19T14:09:07.243925,"Download Music Mp3
44 17-09-2025",Bayzid Hossain Shaded,17 Sept 2025
3019002BA94D335A1102D1CDA4FDC1571174B40C11DC0814DCB9FBD288E70DDD,com.devexpert.weather,264,1981-01-01 01:01:02,2025-01-28 11:01:57.317725,50000000,2025-01-28T11:33:32.233000,"Weather &amp; Clock Widget
6.5.4.6",Interactive Saudi Arabia,20 Sept 2024
9ADD59B6CA307CE6486954F56994896D04C0FD164BBB3BDDB691484BA5124C0C,com.newreading.goodreels,2642064,1981-01-01 01:01:02,2025-11-30 09:11:01.454766,50000000,2025-11-30T09:12:32.885133,"GoodShort - Short Dramas Hub
2.6.4.2064",GoodNovel,24 Nov 2025
169C7A10D628427104942B8603DBBF384973897E2823AF7749B44E924D155568,at.nerbrothers.SuperJump,256500,1981-01-01 01:01:02,2025-03-17 14:02:28.157383,100000000,2025-03-17T14:02:03.478072,"Lep&#39;s World
5.5.6.5",nerByte GmbH,13 Mar 2025
353BFFAFB130FB24A8042725BC2CC2BD90424D06B42BF0392B0222FD639540BE,br.gov.meugovbr,194,1981-01-01 01:01:02,2025-07-15 16:11:12.5955,100000000,2025-07-15T16:13:23.457624,"gov.br
3.7.31",Serviços e Informações do Brasil,13 Jun 2025
0AA9956A0E23638799A68CAC774F99C1E66A6BD727B4915190266EA50A5E8C08,com.fanatee.cody,386,1981-01-01 01:01:02,2025-10-02 12:43:01.356848,100000000,2025-10-02T12:43:19.221799,"CodyCross: Crossword
2.5.0","Fanatee, Inc.",26 Sept 2025
028FE90BE105AF78CE2FAA8428C4604C981145F8CA649E1BAD8F7477A5E4DF17,com.amazon.avod.thirdpartyclient,402000547,1981-01-01 01:01:02,2025-04-08 02:38:10.576835,500000000,2025-04-08T02:38:12.042043,"Prime Video
3.0.402.547",Amazon Mobile LLC,4 Apr 2025
07DE7639BFA64DDCEC6A760D8A9FA35DAC54A94451269064AA2FBB88477380C2,com.igg.android.lordsmobile,626,1981-01-01 01:01:02,2025-08-31 15:45:51.159174,500000000,2025-08-31T15:47:49.421655,"Lords Mobile: Kingdom Wars
2.170",IGG.COM,27 Aug 2025
114A5AD1A3162759464534FE5B729AC37A29B4CE3AC69D57377F5D37DBF2F045,com.dream_studio.animalringtones,135,1981-01-01 01:01:02,2025-09-09 13:45:45.245645,50000000,2025-09-09T13:48:29.978405,"Animals Ringtones
20.1",Dream_Studio,19 Aug 2025
A3A74E459D3EA748B4AE90C5E1EECE67983B17FB77FFD5976B37906058E49A66,com.dv.adm,140039,1981-01-01 01:01:02,2025-09-13 17:15:21.673422,100000000,2025-09-13T17:15:22.384878,"Advanced Download Manager
14.0.39",admtorrent,3 Sept 2025
11D8B38AF9BC45D9C66727A17D8849120D2A9B248A991E4B71D529C724314CD6,com.brokendiamond.advance.car.parking.car.driver.simulator,53,1981-01-01 01:01:02,2025-06-09 01:36:36.126728,50000000,2025-06-09T01:53:25.824534,"Advance Car Parking: Car Games
1.11.9",Broken Diamond,2 May 2025
0AB8C8BBE69FA809629738129E21B635A68A653583365270BF0F43D9255B9989,com.cyworld.camera,35040520,1981-01-01 01:01:02,2025-09-29 06:44:09.147916,100000000,2025-09-29T06:55:39.206297,"Cymera - Photo Editor Collage
4.5.2",NATE Communications Corporation,24 Sept 2025
05C213F3FA2F67ED2BE178A7F50EAFB03C688D1C78F44A7024AF1624F1BA2AFC,com.glu.zbs,371467080,1981-01-01 01:01:02,2025-09-17 21:20:58.153807,50000000,2025-09-11T11:50:51.461488,"Left to Survive: Zombie Games
7.8.0",MYGAMES MENA FZ LLC,5 Sept 2025
36AC13E79F1E3E29BADADDEB103B44F82AC4F1CB9F0B3C06EC85D82A6F8C5121,software.simplicial.nebulous,1309,1981-01-01 01:01:02,2025-08-04 19:28:54.350085,50000000,2025-08-04T19:30:50.764034,"Nebulous.io
9.0.0.3","Simplicial Software, LLC",10 Jun 2025
18168A646A7033D50BAFD83CF88B768351B90ED2C9A8D72607D7DD93925222B6,com.MegaJoy.PrisonBreak68,106,1981-01-01 01:01:02,2025-02-28 18:20:37.82257,100000000,2025-02-28T18:25:28.415433,"Prison Break: Stick Story
1.60",FARM STUDIO,8 Feb 2025
3B35D5009802F98E8D8A9873942246319EB2A7689902D4896E5B892EB12B4CC7,com.downlood.sav.whmedia,191,1981-01-01 01:01:02,2025-08-13 02:37:52.652299,100000000,2025-08-13T02:40:48.335597,"Status Saver - Video Download
2.91",Shree Ganesha Labs,5 Aug 2025
2A522CB16C6585E2CE16724DDD5F6747D15308EE24CDA42FBCA30420D040B53C,com.loudtalks,6000402,1981-01-01 01:01:02,2025-04-28 10:09:37.976206,100000000,2025-04-28T10:11:31.830218,"Zello PTT Walkie Talkie
6.4.2",Zello Inc,18 Apr 2025
07BDEB3134A355C315ADFBCAB08BDD2EB155819EA3EC0638765ABBC0C4A71F55,com.nomonkeys.ballblast,3728,1981-01-01 01:01:02,2025-10-09 00:31:12.3185,50000000,2025-10-09T00:31:59.448013,"Ball Blast Cannon blitz mania
4.1.1",VOODOO,8 Oct 2025
458C3CE8691225FD80279AEC303CD55D509202556C04476C8BD7BF18BC49B97F,com.fdgentertainment.bananakong,109161703,1981-01-01 01:01:02,2025-07-09 15:55:51.244272,100000000,2025-07-09T15:56:26.091365,"Banana Kong
1.9.16.17",FDG Entertainment GmbH & Co.KG,7 Jul 2025
04FE7063010A67E59AD41AB592140FB573D81E101909E64D0F8F5A04FBC45FCA,com.phonepe.app.business,1325073001,1981-01-01 01:01:02,2025-08-18 04:59:14.445909,50000000,2025-08-13T02:11:55.024963,"PhonePe Business: Merchant App
25.07.30.0",PhonePe,31 Jul 2025
2402BDC34FC1A6A0AC0F123F7AE3189B977DAB7E9FE043331635C83241994C3A,com.dnddream.headsoccer.android,323,2025-11-05 22:15:54,2025-11-12 09:30:26.064488,50000000,2025-11-12T09:30:30.430361,"Head Soccer
7.0.5",D&D Dream,5 Nov 2025
2FBE5F782C7FE8C2622D4E01EFE4AF30D5BC1A72F5018B27BA4A33861162701E,musicplayer.musicapps.music.mp3player,169,1981-01-01 01:01:02,2025-05-02 14:51:01.184917,100000000,2025-05-02T14:50:21.903335,"Music Player: Play Music
3.5.1.169",InShot Inc.,17 Apr 2025
10FB3425D28F1547545B52F55570D7FC0D00DAEDFAE4977654FDC8382D0A03B9,com.dropdom.blockpuzzle.hwwgame,232,1981-01-01 01:01:02,2025-08-13 17:43:37.637697,50000000,2025-01-18T09:41:21.645155,"Dropdom - Jewel Blast
2.3.2",hua weiwei,25 Dec 2024
1132290019A9B0BA9A4BCA8EBCED29D31CA5AB5FF2BA41CD8CF0B3C565AFF9C7,com.taxis99,1206550002,1981-01-01 01:01:02,2025-10-18 00:14:17.984227,100000000,2025-10-18T00:14:19.338185,"99: Rides, Food, Pay",99 Tecnologia LTDA,"Sep 25, 2025"
0952F87894A23C3B4218CB6DCE3598097106AA124FE83B338BA82A93F4E4AA11,easy.sudoku.puzzle.solver.free,425,1981-01-01 01:01:02,2025-11-22 08:40:46.950213,100000000,2025-11-22T08:40:55.447533,"Sudoku - Classic Sudoku Puzzle
5.36.0",Oakever Games,20 Nov 2025
191E2F34D7EE1E533FD63F72F51AA6D80D3DFAFD8C8874E9BDDF8D59BF351A69,com.tfgco.apps.coloring.free.color.by.number,1120,1981-01-01 01:01:02,2025-02-07 05:45:08.394671,50000000,2025-02-07T05:46:30.826788,"Colour by Number：Paint Games
4.3.2",Wildlife Studios,4 Feb 2025
0AF7D54DDD683BBCCC358525EDE67B100A173FE00057A4F5DCE632988E0C1148,com.melesta.coffeeshop,100707,1981-01-01 01:01:02,2025-02-24 08:56:13.530822,100000000,2025-02-24T08:57:15.593521,"My Cafe — Restaurant &amp; Cooking
2025.2.0.4",Melsoft Games Ltd,18 Feb 2025
A98FECDB7FC23D6E1C14D1761405A484386003FD2C631E4961C287083F0A9FA3,com.gun.black.ops,851,1981-01-01 01:01:02,2025-08-29 18:14:59.725663,100000000,2025-08-29T18:16:24.872402,"Cover Strike - 3D Team Shooter
1.8.51",FPS Shooter & Action Game,12 Jun 2025
2F69E97FFCE6C2717DF1E6FA825065D4144167B510BFC8C1B22D0B86E894E6A3,com.paradyme.solarsmash,189,1981-01-01 01:01:02,2025-01-10 00:44:59.438365,100000000,2025-01-10T01:05:28.893757,"Solar Smash
2.5.3",Paradyme Games,13 Dec 2024
01FB5FF26B4EC14139E5911D900D50F266B9F8FBAEAE7D1EC30B4EA79855CB58,com.tapblaze.pizzabusiness,1860,1981-01-01 01:01:02,2025-02-11 23:29:16.725228,100000000,2025-02-11T23:30:34.616727,"Good Pizza, Great Pizza
5.22.5.1",TapBlaze,11 Feb 2025
27F2C62C4B1562AB5489BA85A3B40107F3EB37E21787BF4C3B37963F94625EB9,com.oppo.quicksearchbox,16010016,1981-01-01 01:01:02,2025-09-19 19:04:47.866417,1000000000,2025-09-19T19:04:37.010384,"Global Search
16.1.0",HeyTap,28 Aug 2025
33089225F7C7C3C7B8E8E98954E2D6034557B5B75920BFA214BD7639D24EED99,com.sharekaro.app,10208690,1981-01-01 01:01:02,2025-06-21 20:21:47.051315,100000000,2025-06-21T20:21:49.629543,"ShareKaro:File Share &amp; Manager
2.8.69",ShareKaro Team,15 Jun 2025
0061DE5F6320C69CE4433D695091728C1A3E0C04EB0773CD599A18E7F1DFB7AC,ru.yandex.music,24025141,1981-01-01 01:01:02,2025-08-07 01:45:16.333266,50000000,2025-03-07T11:49:38.538549,"Yandex Music, Books &amp; Podcasts
2025.02.4 #86gpr",Direct Cursus Computer Systems Trading LLC,26 Feb 2025
0029EF1277805545509B625F60E4351AD7369B10C337C8E9E4F53E676B2B090A,logos.quiz.companies.game,186,1981-01-01 01:01:02,2025-08-01 06:54:09.854726,50000000,2025-08-01T06:54:55.846613,"Logo Quiz
35.6",bubble quiz games,28 Jul 2025
3BEE01B12868E2FDE2E11B497D20DF733602071F8C7AE42E67E77C7F32C336BF,com.lockwoodpublishing.avakinlife,2014010033,1981-01-01 01:01:02,2025-11-28 12:08:42.733017,100000000,2025-11-28T12:08:33.421586,"Avakin Life - 3D Virtual World
2.014.01",Lockwood Publishing Ltd,20 Nov 2025
0C3962AD97C3885A64DCD058613C12D082C4F34A78A80C8DC4B767E546829D72,com.chase.sig.android,466015738,1981-01-01 01:01:02,2025-08-04 22:40:12.676098,50000000,2025-07-24T06:27:51.202623,"Chase Mobile® U.S.
4.660",JPMorgan Chase,16 Jul 2025
35D9141FA4074F6274D7CEDB55CB20F43303DA201ACEDCCE36644D7117BEA5D0,com.tictactoe.wintrino,99,1981-01-01 01:01:02,2025-04-03 11:53:16.806397,50000000,2025-04-03T12:00:49.569913,"Tic Tac Toe
400.2.99",Wintrino,3 Oct 2024
02E696BA3F869E2C835D5096AAD4A73712D236FAA93F1C994C9B6A03AE0562D7,com.mobirix.fishinghook,251016,1981-01-01 01:01:02,2025-10-15 22:48:58.458398,100000000,2025-10-15T22:49:38.320766,"Fishing Hook
2.6.8",mobirix,14 Oct 2025
07C9E82831309C92592994B388464524BF325BC4F85F669D47002EEFD82698E5,com.tiramisu.driftmax2,270,1981-01-01 01:01:02,2025-01-10 05:19:49.071171,100000000,2025-01-10T05:28:21.419578,"Drift Max Pro Car Racing Game
2.5.70",Tiramisu,3 Jan 2025
2B90F991ADBCE10E2BD146B662AAA8D9E006EACF00D9A363D76C3DA055D1367A,com.dating.for.all,596,1981-01-01 01:01:02,2025-09-07 04:17:05.997249,50000000,2025-09-07T04:17:31.728015,"FRND: Talk To Friends Online
2.266",FRND,"Aug 15, 2025"
0EA0DB7F747EDCF31E1CAC64C06D26B97241D047E6D59962FC4E1C894D16DDC0,com.cookapps.ff.moderncity,300010,1981-01-01 01:01:02,2025-02-26 05:51:03.637197,50000000,2025-02-26T05:54:10.092883,"My Home Design - Modern City
5.5.8",CookApps,3 Feb 2025
34AD143201B3CBA13583BB4E3D27B2962B45E395E14B11BFD7CE5CC466E09CD3,com.gnarlygamestudio.agenthunt,3320,1981-01-01 01:01:02,2025-09-09 01:53:16.099998,100000000,2025-09-09T01:54:50.698700,"Agent Hunt: Jeux d&#39;action
33.2.0",Homa,5 Sept 2025
09AD4F9ED71ED9E28BA88F901AD207CD2A462953509064A5C6A32352229758D7,com.atpc,20250918,1981-01-01 01:01:02,2025-09-21 19:51:31.283564,100000000,2025-09-21T19:53:40.231165,"MP3 Downloader - Music Player
20250918",Super Music Player Downloader,18 Sept 2025
09D3E431E2A2450AECBC135971A8435D136BA43E3430C61E6F4FFDBFE7FCF98E,com.tinybytes.massivewarfare2,200484,1981-01-01 01:01:02,2025-02-02 23:32:20.658931,50000000,2025-02-02T23:37:41.250918,"Massive Warfare: Tanks PvP War
1.92.484",TinyBytes,13 Jan 2025
083FDC3A2E930CF6444461957AB0E3293448AC489321B520EB67E6FD2810382B,com.ketchapp.knifehit,59,1981-01-01 01:01:02,2025-07-21 09:52:48.836887,100000000,2025-07-21T09:54:23.076392,"Knife Hit
1.8.28",Ketchapp,30 Jun 2025
0DAA54590F6A0393B5AD63CE64E3F97E75947BD4310E1ED968763D3F4EA0D496,com.ea.gp.fifaultimate,26010,1981-01-01 01:01:02,2025-09-25 12:21:44.393139,50000000,2025-09-25T12:23:52.403056,"EA SPORTS FC™ 26 Companion
26.1.0.10243",ELECTRONIC ARTS,19 Sept 2025
07D1D0786170C08C8FCF64AEE7C07B7BA503BBE18C38CF6C74B8EE1E3E5696C8,com.yelp.android,28250708,1981-01-01 01:01:02,2025-08-08 05:04:28.215752,50000000,2025-02-19T22:38:07.472190,"Yelp
25.7.0-28250708","Yelp, Inc",11 Feb 2025
0FD6B1EA6533E5C34620B2F83EBFEDA667D1AFD884C319A70AFAF721A625824F,com.quran.labs.androidquran,3457,1981-01-01 01:01:02,2025-01-06 15:22:54.415131,50000000,2025-01-06T15:22:56.849938,"Quran for Android
3.4.5",quran.com,29 Dec 2024
00E0A1DCE3FA526C300AE7E9A24DBBE8D87AD1A3D537657227EC220998C6876B,com.brave.browser,428216624,1981-01-01 01:01:02,2025-09-13 12:45:47.062664,100000000,2025-09-13T12:47:12.735170,"Brave Private Web Browser, VPN
1.82.166",Brave Software,10 Sept 2025
09B7E868DAF899E9DD8BE0D60D4D459C04CE3055CEF32044C9E3F91E474F88DF,air.com.goodgamestudios.empirefourkingdoms,4107031,1981-01-01 01:01:02,2025-08-05 09:46:07.818087,50000000,2025-06-21T19:13:16.753928,"Empire: Four Kingdoms
4.107.31",Goodgame Studios,13 Jun 2025
03F9B7CF10B6E47E44B629D36CE5404C0DC090D8DDF8D6FB60CEFE3438AFE680,com.thankyo.hwgame,1316,1981-01-01 01:01:02,2025-08-08 02:56:54.497459,50000000,2025-03-07T11:06:09.064647,"StreamKar - Live Stream &amp; Chat
9.16.1",Tipping Points Technology Ltd.,21 Feb 2025
02D79B2832C4356010210D1C5C19A54C0D6D3CDB57C75B69739FDB39CA79124D,com.king.candycrushsodasaga,12880030,1981-01-01 01:01:02,2025-03-20 23:22:13.641141,500000000,2025-03-04T15:01:34.104871,"Candy Crush Soda Saga
1.288.3",King,27 Feb 2025
07602D7A3692E649E7D7C3671D3EFDED3224882F8EF8B3D054C835AEB4E3D730,com.king.candycrush4,401001000,1981-01-01 01:01:02,2025-04-18 17:41:11.991619,50000000,2025-03-30T07:14:53.243870,"Candy Crush Friends Saga
4.10.1.0",King,26 Mar 2025
0B78EBF40AFA00C549BB2AB6AFE7FAEE1EA86599C213FDE303FE7C423A052430,com.hwg.sos,1393,1981-01-01 01:01:02,2025-01-13 18:10:27.697505,50000000,2025-01-13T18:13:11.887625,"Brain Wash - Thinking Game
1.35.8",SayGames Ltd,12 Dec 2024
1837A9561A7E76F993B9FF923901DA3CAACBD14A3210F4C730397E4D542DE093,com.candle.magic_piano,130,1981-01-01 01:01:02,2025-03-30 11:33:40.786339,50000000,2025-03-30T11:35:38.467896,"Piano Tile 2024:music game
2.0.0",XGAME STUDIO,21 Mar 2025
043008A144428914318073F80BF3D7EEB80D9D02BF9AB2A14331CD518143D01C,com.free.vpn.super.hotspot.open,21400,1981-01-01 01:01:02,2025-08-10 21:37:12.241078,100000000,2025-08-05T05:51:17.270112,"VPN - Super Unlimited Proxy
2.14.0",VPN Super Inc,27 Jul 2025
073DB941ED7E0F62CC9CA663D5B304636433453FE4E75FC7D73C555EED6BCB24,com.banggood.client,761004,1981-01-01 01:01:02,2025-10-16 08:20:38.446464,50000000,2025-10-16T08:22:19.165199,"Banggood - Online Shopping
7.61.4",Banggood,10 Oct 2025
524AE0C07D7C302E44DDFC9E0384640D3F45B06CDB6EF33EF70C0876A295C24D,com.YovoGames.dentist,57,1981-01-01 01:01:02,2025-11-26 13:07:03.311314,100000000,2025-11-26T13:08:15.865749,"Children&#39;s doctor: Dentist
1.5.7",YovoGames,24 Oct 2025
032CDBBBEECD2D86711CED19ECD2152D8CA8B6759A8DBF5373DCDE5AD619DE40,com.peoplefun.wordcross,17471,1981-01-01 01:01:02,2025-10-10 15:44:28.297834,100000000,2025-10-10T15:45:19.822740,"Wordscapes
3.4.0",PeopleFun,"Oct 8, 2025"
03791884402741E15C712FE2EF0660674D4888330BD73A5CE43991FAF5EBF268,com.merge.animals,2198,1981-01-01 01:01:02,2025-10-06 19:26:24.399419,50000000,2025-10-03T22:25:46.402584,"Merge Animals 3D - Mutant race
1.12.6",SayGames Ltd,1 Oct 2025
112B7AE362B834A6EFBC0DF3A7DC290B917F02A11AAAA2FDEA79DF5000566AEA,jigsaw.puzzle.game.banana,237,1981-01-01 01:01:02,2025-08-29 03:58:24.063137,50000000,2025-08-29T03:59:25.433080,"Jigsawscapes® - Jigsaw Puzzles
4.1.11",Oakever Games,20 Aug 2025
034E4B832F3AD240D83EDF8856DB01AC6F347E6841476A7979D1106BF1A87C8F,com.topgamesinc.evony,467925,1981-01-01 01:01:02,2025-11-12 11:35:52.999064,100000000,2025-11-12T11:35:46.764824,"Evony: The King&#39;s Return
5.12.0",TG Inc.,6 Nov 2025
0F80FF7758D186948F8B4C3CEC266B7FC20B1C4AFC3A3B759344E0E583E1C264,com.skisosoft.pts,348,1981-01-01 01:01:02,2025-07-17 12:19:04.098475,50000000,2025-07-17T12:19:05.247866,"Public Transport Simulator
1.37.3",SkisoSoft,4 Apr 2025
121860D668599D5CDF3C27D5A57706F0D6D3498A482281BAA6123590C00C5C86,com.google.android.apps.youtube.kids,163400030,1981-01-01 01:01:02,2025-08-29 21:35:45.341912,500000000,2025-08-29T21:35:48.406889,"YouTube Kids
10.34.0",Google LLC,"Aug 26, 2025"
061648CC37BE57D143356577BB210430B45792D261FC5BA07FF84671CBDB28CA,io.supercent.linkedcubic,122,1981-01-01 01:01:02,2025-08-13 17:44:01.445625,100000000,2025-08-13T17:46:34.009605,"Snake Clash!
67.0.0","Supercent, Inc.",6 Aug 2025
13FAA3FC68168D48C4A65EB5FB2EDAA9ACBA1127FA15ECD58AC11B8E1639C67F,com.bigduckgames.flow,50702,1981-01-01 01:01:02,2025-04-01 10:34:32.861333,100000000,2025-02-22T05:14:10.055653,"Flow Free
5.7",Big Duck Games LLC,13 Feb 2025
013CCDE1506B5EE26EC51E261BBA7622924D19FF77EE1A16554081C26C46A6DC,com.fusionmedia.investing,1481,1981-01-01 01:01:02,2025-08-09 11:56:03.947095,50000000,2023-12-02T18:07:31.919765,"Investing.com: Stock Market
6.18.3",INVESTING.com,15 Sept 2023
004B6BEE64C607B6A888227305A6151241257D1C55AB4BA9D87452CAB252CB18,com.mgc.runnergame,200298,1981-01-01 01:01:02,2025-09-27 02:07:03.037303,100000000,2025-09-27T02:08:39.219101,"Run Race 3D — Fun Parkour Game
2.0.28.3",CASUAL AZUR GAMES,22 Sept 2025
5ECE23E4D9F263059C19FEA6E97B34B7B3361C7AA6A7C1BE23860305AD9B7C9C,steptracker.healthandfitness.walkingtracker.pedometer,113,1981-01-01 01:01:02,2025-08-06 09:50:50.329424,50000000,2025-08-06T10:12:22.074696,"Step Tracker – Pedometer
1.5.8",Leap Fitness Group,29 Jul 2025
13DE34ECBE80574E6437C8E605114DFA6FCE0EABEFA20FF8073B7F76A0F001DD,com.offerup,2025350002,1981-01-01 01:01:02,2025-09-07 01:46:51.472351,50000000,2025-09-07T01:46:52.141935,"OfferUp: Buy. Sell. Simple.
2025.35.0",OfferUp Inc.,26 Aug 2025
0327BBBBFDA5DFF49A8F4C675EF83C755E9E53D8B67763744451EB2B462A0E94,com.opera.mini.native.beta,948078493,1981-01-01 01:01:02,2025-07-20 00:06:03.031045,100000000,2025-07-20T00:06:18.339105,"Opera Mini browser beta
94.0.2254.78493",Opera,18 Jul 2025
2972997CD3BAA66E286EAB56244B1D0571763CA6649CFD4289E5D578DE99A25F,all.documentreader.filereader.office.viewer,63,1981-01-01 01:01:02,2025-07-20 23:57:01.620638,50000000,2025-07-20T23:57:55.124069,"Document Reader &amp; PDF Editor
1.2.5",QR Code Scanner.,11 Jul 2025
36C10F2DDCD83052A40A2F5C61D101192D65BA249B239BF2614BD118ADD1C7C6,com.game.foldpuzzle,200366,1981-01-01 01:01:02,2025-01-13 14:47:27.971549,100000000,2025-01-13T14:56:41.298650,"Paper Fold
200360",CASUAL AZUR GAMES,20 Nov 2024
2BA105E5B1BA028E853A9D508287755AEFBCAEC33C81E5949B070AC625B4BB46,com.assassingames.ninjafrogrope,396,1981-01-01 01:01:02,2025-02-08 22:39:17.133997,50000000,2025-02-08T22:40:11.205190,"Rope Frog Ninja Hero Car Vegas
2.8.2",HGames-ArtWorks Studio,26 Nov 2024
19B88E3FA183F89D80B7572C2D6692B08DC5AE6EC7B4AF2CADE658459C2B5AE5,com.hm.goe,248,1981-01-01 01:01:02,2025-08-06 20:01:06.582306,50000000,2025-07-24T08:38:47.900564,"H&amp;M
25.28.1",H&M,22 Jul 2025
1340DAB5716A1BD532E9CF37F4C2FAA6CA01825CB763DC6AC8D5FAB3BF927194,com.lszenlamzr.parkingjam,2160002,1981-01-01 01:01:02,2025-02-03 10:56:32.903873,100000000,2025-02-03T11:11:40.880794,"Parking Jam 3D
216.0.2",Popcore Games,30 Jan 2025
0DC5ABB55E11695E75AD9E178A5455C97FD6E7EA2CA5D58D919D581E877E6846,com.anghami,7001260,1981-01-01 01:01:02,2025-08-28 02:17:45.957394,50000000,2025-08-28T02:17:34.052654,"Anghami: Play music &amp; Podcasts
7.0.126",Anghami Technologies,19 Aug 2025
12F22BB0DC399BE41B0B8DE66BFA75A29D0EF4B5E78BFDB5BDE22049882E4F1F,com.mojang.minecrafttrialpe,972107003,1981-01-01 01:01:02,2025-03-27 22:09:11.063203,100000000,2025-03-27T22:34:04.948266,"Minecraft Trial
1.21.70.03",Mojang,12 Mar 2025
8608C2450E0BFF29F924C4B0E0C1AB5EFA175A756DCC299A79A4D0293049D735,free.video.downloader.freevideodownloader2021.video.saver.videosaverlite,128,1981-01-01 01:01:02,2025-08-27 03:28:47.068914,50000000,2025-08-03T10:57:52.431196,"4k Video Downloader and Player
1.0.128",Vidpal Apps Studio,22 Jul 2025
098D114626712AFA9771CDD712202FE3819B6B72EF364C617A44CD8690AE0E6F,com.loltap.farmland,3020014,1981-01-01 01:01:02,2025-11-03 13:02:22.547098,100000000,2025-11-03T13:03:09.923407,"Farm Land: Farming Life Game
3.20.14",Homa,28 Oct 2025
2D18A58B141DB07D0434899376E7BB6C4A720EA8B1F008D259FD967D172EF60D,com.lima.doodlejump,3920086,1981-01-01 01:01:02,2025-08-01 06:43:45.473066,50000000,2025-08-01T06:51:33.043021,"Doodle Jump
3.11.36",Lima Sky LLC,25 Jul 2025
07FD26D30F9A390DD58A9862D442DD579B2383C277B79D652D191921F2B47902,com.mgs.sniper1,500202,1981-01-01 01:01:02,2025-04-17 06:49:11.074038,50000000,2025-03-23T15:25:43.432280,"Sniper Strike FPS 3D Shooting
500202",Mobile Gaming Studios Ltd.,21 Jan 2025
36EAC7431727A03891C4741F70E1C219FCB9DC4DFD4867330F1B3FF26B15DDF3,com.musicplayer.playermusic,175,1981-01-01 01:01:02,2025-03-09 12:46:23.539647,50000000,2025-03-09T12:47:46.577327,"Music Player - Audify Player
1.174.1",Audify Player.,4 Mar 2025
10420A2416CC224EE718415FBEB708CECE53BA69C051C3DA35CA9CF8C7995440,com.easybrain.block.puzzle.games,31500009,1981-01-01 01:01:02,2025-10-10 13:17:10.258872,100000000,2025-10-10T13:19:10.093364,"Blockudoku - Block Puzzle Game
3.15.0",Easybrain,2 Oct 2025
1C1C360E6AA4E1C64B81E897C967B18588E2DE975627C660C014597130EE494D,org.thunderdog.challegram,1752020,1981-01-01 01:01:02,2025-08-05 00:54:04.753409,100000000,2025-07-23T19:34:22.516759,"Telegram X
0.27.10.1752-arm64-v8a",Telegram FZ-LLC,18 Jul 2025
049E0D9CC1F107F5930B6C62BDA12EC8B39C4BBACBA1103656BE1EE34931260E,com.truecaller,1429006,1981-01-01 01:01:02,2025-08-05 23:25:29.260968,1000000000,2024-11-15T02:52:21.973118,"Truecaller: Identify Caller ID
14.29.6",Truecaller,30 Oct 2024
0B8A139BABC5D294B666745D3F47B81482650E12455A078BE00EB30AB7FA8284,mega.privacy.android.app,250411204,1981-01-01 01:01:02,2025-02-24 12:18:22.424726,100000000,2025-02-24T12:18:27.826169,"MEGA
15.1(250411204)(2e6d6d7cdf)",Mega Ltd,10 Feb 2025
1C7402B5475A2D97CDC2DB524869BBC8FD4B28DE3ED0FFC3EB695E307C2A2F44,com.viki.android,72600,1981-01-01 01:01:02,2025-01-15 20:48:05.878841,50000000,2025-01-15T21:06:35.769209,"Viki: Asian Dramas &amp; Movies
24.12.0","Viki, Inc",5 Jan 2025
166C753CBF3525852D76B5B8A48463EB1600FD925B7FD9F3E37B86740B4EE5B6,jp.konami.pesam,309050101,1981-01-01 01:01:02,2025-08-06 04:15:39.338511,100000000,2025-08-06T04:20:07.672745,"eFootball™
9.5.1",KONAMI,17 Jul 2025
174834D5294F4675EBD84D3B8BDA75C242A3400D4D71F583BDCDAD44A5D2B2CD,es.treebit.decisionroulette,30111,1981-01-01 01:01:02,2025-09-24 20:39:48.562506,50000000,2025-09-24T20:53:26.688221,"Decision Roulette
3.0.111",Treebit Technologies,21 Sept 2025
0958DF22421DF6C096A4120380546F1A537D479E4B437515317F49FA44ED769A,com.aceviral.petrun,139,1981-01-01 01:01:02,2025-08-10 06:38:16.993654,50000000,2025-08-10T06:38:08.138540,"Pet Run - Puppy Dog Game
1.25.8",Ace Viral,16 Jun 2025
056EADFA51D7BCFE84721975FBB3EEC877FC58EDECD51C7CAD346F1656C0511F,net.zedge.android,88400100,1981-01-01 01:01:02,2025-08-06 21:59:34.388989,500000000,2025-08-06T22:02:50.935380,"Zedge™ Wallpapers &amp; Ringtones
8.84.1",Zedge,30 Jul 2025
00E066F322E50E272A4A40F0B0DA85739D7BF907883CFB4A0566DEF1EFB7817B,com.bubbleshooter.popbubbles.shootbubblesgame,180,1981-01-01 01:01:02,2025-10-13 16:34:13.926359,100000000,2025-10-13T16:34:43.651094,"Shoot Bubble - Pop Bubbles
2.7.9",IVYGAMES,10 Oct 2025
02D00A3DAEEE1818B1858ADB3D2A0E6C61A3D5770A9CAD151739D47002A38358,com.iexceed.appzillon.ippbMB,110,1981-01-01 01:01:02,2025-10-06 10:49:43.580267,50000000,2025-10-06T10:47:48.934044,"IPPB Mobile Banking
1.26.0.0",India Post Payments Bank Ltd,4 Sept 2025
71B83A2AB67DA9B782B2EAAB918629EDCFDAB91A79E81A1607A0CA6F2994E1A1,br.com.vivo,452250130,1981-01-01 01:01:02,2025-02-26 22:40:48.281595,100000000,2025-02-26T22:41:20.971656,"Vivo - Telefónica
25.1.30",VIVO S.A.,14 Feb 2025
0D6E370714CC9329CF02C6152900E3DC659993BF7DACFE543462F4709A5E4BA6,com.jaumo,1001403,1981-01-01 01:01:02,2025-08-07 22:53:27.271327,50000000,2024-03-01T06:08:49.383753,"JAUMO Dating App: Chat &amp; Date
202402.1.3",Joyride GmbH,26 Feb 2024
17507FC6C2AE9E90526D55D06D772E33B2357049D20CB42312907451CF4D5283,com.chillingo.incrediblejack.android.rowgplay1,136000,1981-01-01 01:01:02,2025-09-10 04:14:01.17608,50000000,2025-09-10T04:14:21.527736,"Incredible Jack: Jump &amp; Run
1.36.0",BrainMount Ltd,12 Aug 2025
060C0AEFF387CC054DFA9DDF84750498C35061FA3F8C6DB34C7FC9D5A1859D42,com.skout.android,19612,1981-01-01 01:01:02,2025-08-11 00:53:56.378241,50000000,2025-03-19T10:50:02.089965,"Skout - Meet, Chat, Go Live
196.2",Skout Inc.,13 Mar 2025
0945BA3A3457C95395D7F6711A799940AFF9D7CFAC90A94384AE70317D648988,zombie.survival.craft.z,600788,1981-01-01 01:01:02,2025-01-07 12:15:43.701001,100000000,2025-01-07T12:23:00.177094,"Last Day on Earth: Survival
1.31.0",KEFIR,19 Dec 2024
0A91D7EB043BD38210DA6CD096B035AAC5A4FDF1EAD0BB6135606490922C945A,ctrip.english,83802001,1981-01-01 01:01:02,2025-11-28 12:06:11.131751,50000000,2025-11-28T12:08:32.631514,"Trip.com: Flight, Hotel, Train
8.38.2",Trip.com,20 Nov 2025
088129DD66EEB2415E7A5EBDE8624B358220993782B029FED0750F732574CA09,com.pazugames.avatarworld,142,1981-01-01 01:01:02,2025-05-03 14:41:38.639763,100000000,2025-05-03T14:58:02.373870,"Avatar World ®
1.141",Pazu Games,30 Apr 2025
095CC59D54A704880F55945DEF09EBDE80823D71F2B035D5E70DFFF7F295EBA2,br.com.tapps.vloggergoviral,307,1981-01-01 01:01:02,2025-03-16 03:52:58.074696,50000000,2025-03-16T03:49:00.320845,"Vlogger Go Viral: Tuber Life
2.43.64",Tapps Games,11 Mar 2025
0668D4267D57B044860BC9A81542A1C88D1A316A76898D45C857485E8B383B9F,com.ht2.stick.hero,200097,1981-01-01 01:01:02,2025-09-09 03:41:24.34494,50000000,2025-09-09T03:42:20.074962,"Stick Hero: Tower Defense
1.0.97",Galaxy Astronaut Games,20 Aug 2025
7961209EBCEC2704396E068C7A9E08AEFF78BA78B573483A5DBA14B4FC961353,com.game.shape.shift,106489,1981-01-01 01:01:02,2025-11-04 00:06:39.656575,100000000,2025-11-04T00:06:31.469036,"Shape-shifting
2.3.5",Sixcube,21 Oct 2025
2B543C1FCAD3FC0294D12B4B8E69A5CEC14A0BAD9153541D51CE5A7D4BFF07B4,com.joyjourney.PianoWhiteGo,20132,1981-01-01 01:01:02,2025-10-10 02:26:41.114355,100000000,2025-10-10T02:27:37.770291,"Piano Music Go-EDM Piano Games
2.132",Joy Journey Music Games,8 Oct 2025
0B086354370965671971EF106FDE4F2F9EA4AB94A5AAE0EDEB3DE93E9D09E460,com.venmo,5171,1981-01-01 01:01:02,2025-08-14 05:54:26.086491,50000000,2025-07-23T05:27:39.380743,"Venmo
10.69.1",Venmo,11 Jul 2025
02AD5E2AC75BB8A7ED936ADAC066A2DF3D2028D4405FF0E79E8BCD09E09FE775,com.fast.free.unblock.secure.vpn,202503250,1981-01-01 01:01:02,2025-04-07 04:43:37.710483,100000000,2025-04-07T04:46:39.117840,"Secure VPN－Safer Internet
4.3.7",Secure Signal Inc.,24 Mar 2025
0B4B0DD68BFC9EAC9C174E146343804B098EC76B88B0A75EB5E1AC47AD8504CC,jp.pokemon.pokemonunite,1093590,1981-01-01 01:01:02,2025-11-24 04:07:15.502749,50000000,2025-11-24T04:07:48.828706,"Pokémon UNITE
1.20.1.9",The Pokémon Company,10 Oct 2025
893625482383F55E9D697A9A0A43C767E81CC994D69895CBB9B698AB407AEA07,com.google.android.apps.accessibility.voiceaccess,98221,1981-01-01 01:01:02,2025-07-09 19:46:47.829444,1000000000,2025-07-09T19:47:50.861084,"Voice Access
16.0.772996896",Google LLC,18 Jun 2025
144A300C0C4A2C965DF0C16DAB01D00B87DD09698087C6C0158B0D50B73D1E91,com.dts.freefiremax,2019115073,1981-01-01 01:01:02,2025-05-14 00:06:34.283981,500000000,2025-05-14T00:06:16.893310,"Free Fire MAX
2.110.1",Garena International I,23 Apr 2025
3CD2BA0D7246144C0AF1154A41D345DF27A7BD753A0791CA2480CF0CAA65E87C,applock.lockapps.fingerprint.password.locker,181,1981-01-01 01:01:02,2025-08-09 20:59:16.054515,50000000,2025-08-09T20:59:24.630414,"App Lock - Lock Apps, Password
1.8.1",InShot Inc.,1 Aug 2025
1A620966FCDC050232DA56A0DEF225EF988979D4DDEF330CC803ECE035D946B2,com.omnewgentechnologies.vottak,359,1981-01-01 01:01:02,2025-08-15 01:40:23.685905,50000000,2025-08-15T01:43:03.998532,"VotTak: Short Video App
2.59.0",OM NEWGEN TECHNOLOGIES PTE. LTD.,6 Aug 2025
00E6D44AFB31FC096B587E94C15E6F9C173FE83A37E3EDE9DF9437DD1A42A562,com.bgg.jump,1201,1981-01-01 01:01:02,2025-08-13 07:19:04.506654,100000000,2025-08-13T07:19:33.271764,"Project Makeover
2.120.1","Magic Tavern, Inc.","Aug 6, 2025"
06A9F644899F0E6170A5DA683910A618A153748A2B9E8E5EFAC1CA6FCB3D3296,com.zeptolab.ctr.ads,2353140,1981-01-01 01:01:02,2025-01-11 19:14:35.24552,100000000,2025-01-11T19:27:58.707804,"Cut the Rope
3.68.0",ZeptoLab,13 Dec 2024
2063BE4B21B6450505C58AFA0663BF4C6A947FCB55C62A9BA3076D8F81679EA5,com.creditkarma.mobile,17400838,1981-01-01 01:01:02,2025-03-01 19:28:21.5718,50000000,2025-03-01T19:24:49.055609,"Intuit Credit Karma
25.9","Credit Karma, LLC",20 Feb 2025
0271C3B2155225C8C1EF300C5E6C8E4E4492FAE3D6C0D1094E20FB767DB722DF,com.samsung.android.galaxycontinuity,491706000,2009-01-01 00:00:00,2025-05-30 13:26:05.469762,50000000,2025-05-30T13:35:09.496555,"Samsung Flow
4.9.17.6","Samsung Electronics Co.,  Ltd.",7 Apr 2025
3586B161E71C377AFDA5F92C15C8075EEA250C92C13FB931F8A3512F30224671,racearena.io,200,1981-01-01 01:01:02,2025-03-24 11:25:45.877171,50000000,2025-03-24T11:28:05.321612,"Cars Arena: Fast Race 3D
2.39.0",CASUAL AZUR GAMES,6 Mar 2025
1D48B02145EB20BD6AED21F67499E5C4A190CC699DE972A1B1855E6211409902,cat.game.liftapp,204515,1981-01-01 01:01:02,2025-07-27 09:57:51.679817,50000000,2025-07-27T09:58:04.723382,"My Cat - Pet Games: Tamagotchi
4.6.1.0",Appsyoulove,16 Jul 2025
0729DB63B7A1BAA96E3498AC1D9AA1F3173A2F0DA12E83C096BD0FDA13BAC837,br.com.rodrigokolb.realguitar,276,1981-01-01 01:01:02,2025-08-27 20:48:10.096918,50000000,2025-08-27T20:49:57.077011,"Real Guitar: lessons &amp; chords
8.36.1",Kolb Apps,18 Aug 2025
0D81C5CDBC51CC4D70E20A7FAFCBB8C9F239FCD6DA1E88558E4C2D1D6CD3548C,de.zalando.mobile,1121,1981-01-01 01:01:02,2025-05-19 21:30:10.829578,50000000,2025-05-19T21:34:25.303323,"Zalando – online fashion store
25.9.1",Zalando SE,15 May 2025
002F173F43DD720D35A877114F5B7A4B0D3601DF7FEE9B86101A6431CF289120,com.tripadvisor.tripadvisor,250428012,1981-01-01 01:01:02,2025-08-07 04:48:12.36423,100000000,2025-05-05T20:14:46.350917,"Tripadvisor: Plan &amp; Book Trips
62.7",Tripadvisor,29 Apr 2025
08A97DEDD4F6CD1F22D7409FC1A258703382D1EDC0AD41B535C10A3455B67112,sg.omi,703100200,1981-01-01 01:01:02,2025-08-12 17:05:47.211877,50000000,2025-08-12T17:09:21.961788,"Omi - Dating &amp; Meet Friends
7.31.2",MatchUp UK Limited,11 Aug 2025
2FA033A69481FD31EDC2BC938F33421F2CAE57B2765600E629E57C271954BBDE,ru.mamba.client,27722,1981-01-01 01:01:02,2025-08-12 02:38:48.428346,50000000,2025-08-01T05:59:07.714433,"Mamba - Dating and Meet People
3.227.1 (27722)",Media Solutions LLC,14 Jul 2025
071AC9E34780DCD98A6F2ED3E3C5CE2BD172FFD4FA919418596ECEB3E85F8E0C,com.critical.strike2,208147,1981-01-01 01:01:02,2025-07-31 16:06:09.71262,50000000,2025-07-23T16:31:56.821265,"Critical Strike CS: Online FPS
14.003",VERTIGO GAMES,14 Jul 2025
26C0AE2960331687566CB384633EDF7939D83CC5C0636AE79D6B5D38DBBD7F12,ru.mts.mymts,150530035,1981-01-01 01:01:02,2025-09-24 11:55:22.069022,50000000,2025-09-24T11:55:03.086586,"Мой МТС
6.53.1",MTS Pjsc,18 Sept 2025
0000CF68378030514DC66F1DF6B8294709251E7E4736C71A2BFC4CA3F6244933,air.com.buffalo_studios.newflashbingo,50700279,1981-01-01 01:01:02,2025-08-09 00:09:40.816641,50000000,2025-05-15T20:06:50.787403,"Bingo Blitz™️ - Bingo Games
5.70.2",Playtika Santa Monica,8 May 2025
02037F188F89FC1FB611954EA64E175CAA1EE98BD1B8EFB7FFBBBE33C9C98977,com.soundcloud.android,315050,1981-01-01 01:01:02,2025-08-26 20:03:51.070006,100000000,2025-08-23T00:23:46.691503,"SoundCloud: Play Music &amp; Songs
2025.08.14-release",SoundCloud,14 Aug 2025
0B6ED4484277E701FC5B809DF0016362C70C925B60E13C4FCFA202DD77111732,com.ril.ajio,3482,1981-01-01 01:01:02,2025-06-07 10:10:58.20568,100000000,2025-06-07T10:27:27.506623,"AJIO Online Shopping App
9.21.3",Reliance Retail Ltd,23 May 2025
098B8991DCD99B08BDFD079452791304C62C0E82925D9F6082BE68B39785B75F,com.zm.watersort,3244,1981-01-01 01:01:02,2025-04-30 00:33:42.704573,50000000,2025-04-30T01:09:06.132755,"Get Colour - Water Sort Puzzle
5.19.0",Tripledot Studios Limited,21 Apr 2025
2349BB7167B1A1CC92E23F4EF45954C8DCDC7B7C03E5D12DEDC845BE625589A5,mytown.home,2323,1981-01-01 01:01:02,2025-01-17 02:47:11.22602,50000000,2025-01-17T03:07:04.387242,"My Town: Home Family Playhouse
7.02.03",My Town Games Ltd,10 Jan 2025
1FEBECEDAB0F33C7F9830D0860517C332F2C7E935724218FDEAF5890FF05EF70,myfiles.filemanager.fileexplorer.cleaner,91,1981-01-01 01:01:02,2025-11-17 23:29:45.597439,50000000,2025-11-17T23:30:24.350118,"Phone Cleaner - AI Cleaner
1.0.91",Brain Trust,31 Oct 2025
0D4B205D3425702C3BE44EF61FA59771D041CDEF3EEA864AB48ECE3BAC3E6EC8,com.Game.SpongeArt,200103,1981-01-01 01:01:02,2025-09-10 19:11:49.777539,50000000,2025-09-10T19:14:32.450197,"Sponge Art
2.16.0",CASUAL AZUR GAMES,"Aug 18, 2025"
20DCE58E09708264099E37CDB39E4E118E1AAB415F1014F614C8FDBA7C5BA1BE,com.newstory.DrawHappyPolice,100,1981-01-01 01:01:02,2025-10-15 01:29:44.256269,50000000,2025-10-15T01:29:55.830096,"Draw Happy Police - Draw Games
0.7.8",New Story Inc.,8 Oct 2025
085515FA15689D02714400F55A62EE0F56903A300D6753E3F43A88893C1FB051,com.funtomic.matchmasters,3051290,1981-01-01 01:01:02,2025-06-30 05:20:11.17877,50000000,2025-06-30T05:17:37.153303,"Match Masters
5.129",Candivore,25 Jun 2025
8BEBA306B06708DC84C5626535DFBD9D8FB933FCDA5A1145FFB6BEC092462F57,com.no1ornothing.color.water.sort.woody.puzzle,208,1981-01-01 01:01:02,2025-08-09 08:38:32.044677,50000000,2025-08-09T08:39:44.228092,"Color Water Sort Wooden Puzzle
2.0.8",FALCON GAMES,28 Jul 2025
2EAA08F4AF3AE2D95966DE1F298EF2BEC5C6C627788B354DBCF514D52E79E742,com.robtopx.geometrydashworld,13,1981-01-01 01:01:02,2025-02-04 01:20:43.23413,100000000,2025-02-04T01:21:06.604847,"Geometry Dash World
2.2.145",RobTop Games,31 Jan 2025
A7328CB0E67C472DC3C1A5EEE36C6BB8FB8E0FBA60DE6B4F54C7F1441E378482,com.microsoft.copilot,431125003,1981-01-01 01:01:02,2025-11-30 10:54:14.284416,50000000,2025-11-30T10:55:31.450466,"Microsoft Copilot AI Assistant
30.0.431125003",Microsoft Corporation,25 Nov 2025
18D2D721D019A02978F142F67AC329BA5D7655F91673EE8ACFB8EBBAE886AF95,com.hit.master,180,1981-01-01 01:01:02,2025-11-21 12:30:21.872285,100000000,2025-11-21T12:30:23.948610,"Hit Master 3D - Knife Assassin
1.8.32",CASUAL AZUR GAMES,13 Nov 2025
06C58F30CC0E9A411B50C05CEE8EB9F7ACEF7C84EA2E54681BDB10BA37EF93D5,com.king.bubblewitch3,1000001000,1981-01-01 01:01:02,2025-08-09 19:39:19.274793,100000000,2025-04-23T00:27:44.022006,"Bubble Witch 3 Saga
10.0.1.0",King,17 Apr 2025
9DDD25C4CD850E4AF6A11FC95124109D902BF4D0C9C4B3F96B4F2D1D5F595A0F,jpark.AOS5,209,1981-01-01 01:01:02,2025-01-26 02:43:40.865221,100000000,2025-01-26T02:58:47.771685,"Anger of stick 5 : zombie
1.1.89",Button E&M,14 Dec 2024
0A5A253F6A06B284919331003B8B7A39B2029ACBBF722DDBB193ABE565A5F86F,com.google.android.apps.docs.editors.docs,220659394,1981-01-01 01:01:02,2025-09-30 01:07:34.755306,1000000000,2025-09-30T01:05:15.664633,"Google Docs
1.25.391.00.90",Google LLC,22 Sept 2025
69A4468A24A372DF82E0A66CAF1B7D473DB21BD90E25C8971FB12894ACC35572,video.editor.videomaker.effects.fx,1494,1981-01-01 01:01:02,2025-10-18 18:53:07.303763,50000000,2025-10-18T18:53:13.259994,AI Video Editor: ShotCut AI,Shotcut Video Workshop,17 Oct 2025
0CC70519889EAE5E222F546918A950DB10FEB194CEC81637E7F3EEDAB9257B5F,com.scee.psxandroid,25010001,1981-01-01 01:01:02,2025-02-16 22:10:59.885376,100000000,2025-02-16T22:11:36.954332,"PlayStation App
25.1.0",PlayStation Mobile Inc.,23 Jan 2025
0E099F168F5ADE77841E67A770128D5536CA800C42D9476D6B5C66333940B8C6,com.gamma.find.diff,184,1981-01-01 01:01:02,2025-10-20 04:27:21.1612,100000000,2025-10-20T04:27:21.860225,Find the Difference 1000+,Gamma Play,16 Oct 2025
6ABAD3F06D9BC9AB8CC0C37CC08EE66523C081A198628FC41C9CC4763BA340CE,com.gpsmapcamera.geotagginglocationonphoto,153,1981-01-01 01:01:02,2025-10-19 19:10:37.112659,100000000,2025-10-19T19:10:46.700756,GPS Map Camera,GPS Map Camera,17 Oct 2025
07E606CCE6723AF12EE7FEDCA15E92FAFFE936DCB6B6C84BDB85B80C9E8DBB42,com.cardfeed.video_public,8010685,1981-01-01 01:01:02,2025-03-03 13:03:42.924383,100000000,2025-03-03T13:02:00.899860,"Public - Indian Local Videos
2.58.5",Public app,20 Feb 2025
D4381861F91E1D6F390E2DFAB24C412A61DF296968D11B2D279E2EE736752DB5,com.miui.huanji,45106,1981-01-01 01:01:02,2025-06-21 12:31:44.120821,100000000,2025-06-21T12:37:19.443584,"Mi Mover
4.5.1.6",Xiaomi Inc.,13 May 2025
2263956C0F5F6F31E324F4ED7AA963A5976D54F6D8ABD2D36BA19900F8F40011,com.secondarm.taptapdash,2036,1981-01-01 01:01:02,2025-06-05 10:25:27.783481,50000000,2025-06-05T10:25:57.948122,"Tap Tap Dash
2.036",JOX Development LLC,23 Apr 2025
747C5AB9012BCC8214D0E3731F7B529365E21FE4627560026F1017B2794112BD,com.eloelo,200024895,1981-01-01 01:01:02,2025-09-05 17:44:32.122766,100000000,2025-08-30T14:52:57.552223,"Eloelo: Live Video, Chat, Call
6.15.0",Connect on Live Video and Audio Chatrooms,22 Aug 2025
176496CAC6E60A9B790D4D81084DA18E07826F0705B2559A18A94A876DB992CC,com.piriform.ccleaner,800011173,1981-01-01 01:01:02,2025-08-07 11:04:03.714718,100000000,2025-07-10T12:46:20.921591,"CCleaner – Phone Cleaner
25.12.0",Piriform,11 Jun 2025
00EEC4C95AB387546067137CD7A2C51BD2BE42307C9C538F0F4CF82A10D22BE6,co.brainly,650203010,1981-01-01 01:01:02,2025-08-05 17:00:00.935029,100000000,2024-07-29T03:47:52.332381,"Brainly-Scan &amp; Solve Study App
5.203.0",Brainly,16 Jul 2024
00D3DC892E73E9645044273BCBC8D77CDCCE0A5F40B4CCA1E71248DFD86B4F63,com.google.android.apps.nbu.files,1281487,1981-01-01 01:01:02,2025-04-29 09:08:25.982058,5000000000,2025-04-29T09:17:59.064309,"Files by Google
1.6902.749774836.3-release",Google LLC,28 Apr 2025
1165D2A64BD7610DFE362B7C71BF41D35BCC0FD67898361DA023AF997CB8EC41,com.easybrain.nonogram,52501001,1981-01-01 01:01:02,2025-08-10 11:50:09.260435,50000000,2025-07-29T16:13:30.431944,"Nonogram.com - Logic Games
5.25.1",Easybrain,16 Jul 2025
0518F2FE7F73DCF3B8F8CBFADD461C324D89074BC768AEA07E8D20A5AB9842D4,com.yandex.yango,50127049,1981-01-01 01:01:02,2025-08-05 14:39:21.846442,50000000,2025-07-24T07:18:35.000350,"Yango — different from a taxi
5.38.0",Y Hub Zaf,16 Jul 2025
087D78C7DFCF84AC5ABF45D52E1421C7ED925AF5EDEA28C43AD0D5F0F67B2322,com.speedymovil.wire,1475,1981-01-01 01:01:02,2025-09-27 17:25:11.516136,100000000,2025-09-27T17:26:31.354494,"Mi Telcel
14.4","Telcel, Radiomovil Dipsa S.A. de C.V.",23 Sept 2025
254E073A72DBD4B2103CD1ADD1D40CA8D1EB53BD65F1A7A7255ACDFFB2368CB4,game.bubble.shooter.dragon.pop,164,1981-01-01 01:01:02,2025-11-03 14:12:35.069115,100000000,2025-11-03T14:13:16.255530,"Bubble Shooter
164.0",Happy Dragon Inc.,14 Oct 2025
1A69AFDCBC209AF586DD03D3651775F6237390D4CC954BF23D752C714F1834EC,premium.gotube.adblock.utube,50260017,1981-01-01 01:01:02,2025-02-01 06:20:55.932047,50000000,2025-02-01T06:35:06.057569,"GoTube: Video &amp; Music Player
5.2.60.017",Niko Entertainment Company Limited,3 Jan 2025
2AE604FBD0CFD415280B77C16B707DBCCCE0678DFB240E167787B46611F5CAA0,de.axelspringer.yana.zeropage,15157,1981-01-01 01:01:02,2025-02-04 22:07:46.55102,100000000,2025-02-04T22:22:08.719843,"upday news for Samsung
3.1.15157",upday GmbH & Co. KG,26 Jan 2025
04B55DBF34B981123C9E456AD569C889CDD2BB6EBC46F72F187E52EA622BFEB8,com.yalla.yallagames,1040501,1981-01-01 01:01:02,2025-09-07 06:17:01.811052,100000000,2025-09-07T06:18:29.239734,"Yalla Ludo - Ludo&amp;Jackaroo
1.4.5.0",Aviva Sun,28 Aug 2025
1AFA76E501C8B44983581C2E57CDB5BA488600C4AE201BAD8AF44AA3843719AF,com.gamestar.perfectpiano,2101760,1981-01-01 01:01:02,2025-09-16 03:17:54.940905,100000000,2024-10-24T14:27:45.483576,"Perfect Piano
7.8.8",Revontulet Soft,24 Sept 2024
038A4C0DA74CF31A93E8D806D609FAEC999D727F3F5D4001329960401FF2A0E8,com.myklarnamobile,634381,1981-01-01 01:01:02,2025-08-07 07:32:17.200547,50000000,2025-08-07T07:32:17.867037,"Klarna | Shop now. Pay later.
25.31.201",Klarna Bank AB (publ),31 Jul 2025
009759419383841C5953C60E569CF4FDFA0FB3DE51974B0250C43216F39AC320,free.vpn.unblock.proxy.vpnpro,2025082801,1981-01-01 01:01:02,2025-08-31 22:16:19.718996,50000000,2025-08-31T22:18:33.536283,"Snap VPN: Super Fast VPN Proxy
4.7.6.3",AUTUMN BREEZE PTE. LIMITED,28 Aug 2025
05980379125AF0B87858B35F353620E6518E0D0165CDA4C4081F906F570F3D17,com.hihonor.health,171601304,1981-01-01 01:01:02,2025-08-28 03:08:10.522606,50000000,2025-08-28T03:08:10.930003,"HONOR Health
17.16.1.304","Honor Device Co., Ltd.",24 Jul 2025
35F1706FF44F01C2FDEB599713206754D4CBD94239B3F425E6A305B185DAFDC0,com.jimaapps.city.coach.bus.simulator.driving,163,1981-01-01 01:01:02,2025-03-03 15:17:33.380114,100000000,2025-03-03T15:25:18.216462,"Bus Simulator - Bus Games 3D
1.5.8",Jima Apps,1 Nov 2024
04F38D7EDC0502D4DBFAA08173C95CF9B389BA5EE595BB1FC7FABD875A78C8F9,com.starplay.spider.fighter.openworld,1759999472,1981-01-01 01:01:02,2025-10-10 03:02:43.12353,100000000,2025-10-10T03:02:28.898093,"Spider Fighter 3: Action Game
3.46.20",Starplay DMCC,9 Oct 2025
035E6575C4CBBECB108134F37137C87EC7A231C53A01899A5A78CC1DD77482E7,com.whatsapp.w4b,253275000,1981-01-01 01:01:02,2025-11-06 01:14:43.382407,1000000000,2025-11-06T01:15:06.645483,"WhatsApp Business
2.25.32.75",WhatsApp LLC,31 Oct 2025
06CA2CC5E98295F5C908199F19A88B5AC7A82DE53B03968878B03EB92B5F79E4,com.vng.g6.a.zombie,547009263,1981-01-01 01:01:02,2025-03-25 00:59:54.825007,100000000,2025-03-25T00:57:52.994493,"Dead Target: Zombie Games 3D
4.147.0",VNGGames Studios,17 Mar 2025
869CF24B5D11F61ECE2AC50F20A06EDD4C0AFE3147090E40A795CAAA4871B8C1,com.sec.app.samsungprintservice,3980,1981-01-01 01:01:02,2025-09-16 00:41:03.730904,1000000000,2025-08-31T17:10:03.633735,"Samsung Print Service Plugin
3.11.250805",HP Inc.,5 Aug 2025
05A331E5CA05382D606CAE14C0D4E867F3CC4BD3F1E9FBE9E14280AE23CA4D87,in.playsimple.wordsearch,228,1981-01-01 01:01:02,2025-06-20 20:47:32.510951,50000000,2025-06-20T21:16:11.221950,"Word Search Explorer
1.228.0",PlaySimple Games,4 Jun 2025
0A809BB8869BE51391B45E155FF023C8C7CA2A917CF8DA483BFDE4111CC6E505,com.microsoft.teams,2025183425,1981-01-01 01:01:02,2025-10-08 21:47:41.486914,500000000,2025-10-08T21:48:41.986208,"Microsoft Teams
1416/1.0.0.2025183402",Microsoft Corporation,5 Oct 2025
2DB00D5B22068C617BBDF68360F3397B8ECDC34EB5658BBCED9DEDB04F7EB3D7,com.rimashev.nextbots.sandbox,384,1981-01-01 01:01:02,2025-09-28 18:31:13.505518,50000000,2025-09-28T18:31:57.558279,"Nextbots In Playground mod
8.9.3",HOOKAH GAMES IT SERVICE L.L.C,26 Sept 2025
09E3BF4137C9816CFEC5899EF1BCCAE84050DDB7DCAA23CD31A46A7997171B16,com.habby.archero,1653,1981-01-01 01:01:02,2025-03-28 13:39:58.067676,50000000,2025-03-28T13:40:00.579674,"Archero
6.11.0",Habby,26 Mar 2025
1E52FC267B76F8B4FC8FF216E3A69BD2C12E54C913FF078A2819262AD9CF8744,com.disney.frozensaga_goo,987,1981-01-01 01:01:02,2025-08-27 09:42:08.690531,100000000,2025-08-27T09:41:53.210470,"Disney Frozen Free Fall Games
14.8.0","Jam City, Inc.",14 Aug 2025
400BF04C9C2993BAECFC27C74D1D517B796D0BB66F4A9A33675220570086FC0A,com.domobile.applockwatcher,2025061603,1981-01-01 01:01:02,2025-06-24 20:06:45.721085,100000000,2025-06-24T20:10:07.702793,"AppLock
5.13.3",PIPS Tech,16 Jun 2025
070C043A665D84866C5C0EF41400BCB1510D05521BAB5D2F78BBB7532130AB1F,com.ttech.android.onlineislem,191203,1981-01-01 01:01:02,2025-01-24 19:13:32.244302,50000000,2025-01-24T19:17:44.743864,"Turkcell
19.12.3",Turkcell İletişim Hizmetleri A.Ş,17 Jan 2025
0A932F7787CAA4D89861D7F651A828538384BC648739017CA7B6699462F6544A,com.dogerescue.drawpuzzle.save,37,1981-01-01 01:01:02,2025-06-05 21:28:54.643109,50000000,2025-06-05T21:30:39.518342,"Doge Rescue: Draw To Save
1.2.4",SuperBazooka Global,2 Apr 2025
1182BDEE804C432059ED6025BDA21D2A364F2AD3D5B8A6B722BA96B63380351E,com.star.union.planetant,1742213448,1981-01-01 01:01:02,2025-03-21 11:24:06.520184,50000000,2025-03-21T11:25:24.523626,"The Ants: Underground Kingdom
3.63.3",StarUnion,17 Mar 2025
1724F9490E4D69960B6BE13DDFBDCC2E98EECAFBA6E4A51FBF9985AAABD9F5B0,com.higgs.tilemaster3d,25082718,1981-01-01 01:01:02,2025-08-31 03:17:11.038345,100000000,2025-08-31T03:18:21.049149,"Tile Master 3D®-Matching Games
1.12.2",Higgs Studio,27 Aug 2025
0FF28ED6E47354622A130447D112E55D344F306946117E491F4DE5B7B66C8644,com.ig.screw.puzzle.nuts.botls,142,1981-01-01 01:01:02,2025-05-18 21:17:16.547196,50000000,2025-05-18T21:17:28.578526,"Wood Screw Puzzle
2.5",iKame Games - Zego Studio,29 Apr 2025
24B5D9B96BD5E948606A666A831A11BF38ABDCB71F2DBF00DDE5C2FF211C8971,com.crack.screen.prank.bfun,59,1981-01-01 01:01:02,2025-08-11 06:11:22.164668,50000000,2025-08-11T06:13:21.830382,"Broken Screen Prank
7.0.4",HappySpark,6 Aug 2025
07E9EAD067A5C5D06EC9A96B92A4A55739EE03F0D971643F11E64AE5CAE8086A,com.nekki.shadowfight,30000060,1981-01-01 01:01:02,2025-09-16 19:27:47.711586,100000000,2024-10-09T17:49:50.077821,"Shadow Fight 2
2.38.0",NEKKI,3 Oct 2024
08DC2527A678985037068B58F387BB863BF39184E00933A41B585D987DDA61C0,com.baklabs.taxi.simulator,2017,1981-01-01 01:01:02,2025-03-31 12:38:44.470141,50000000,2025-03-31T12:37:21.248581,"Taxi Game
2.1.4",baklabs,23 Feb 2024
B61BD0B8E20779E70087E759E56AC12DCE3F80941D7ECB83F03DB662C71971D6,com.apple.movetoios,3038,1981-01-01 01:01:02,2025-05-22 09:04:20.673743,100000000,2025-05-22T14:44:55.192153,"Move to iOS
4.0.3",Apple,19 May 2025
0B9BC9143D146884E69787CDDB7E97AB8215ED32A3E408AA34E6467870356AF6,com.gameloft.android.ANMP.GloftA9HM,2460142,1981-01-01 01:01:02,2025-06-03 15:08:23.147409,100000000,2025-05-28T20:13:55.681080,"Asphalt Legends Unite
24.6.0h",Gameloft SE,23 May 2025
BC3C154EA716FF010CF380D985EDF2D406BC991F5785B8B1F6367449ACDC1871,com.game5mobile.lineandwater,380,1981-01-01 01:01:02,2025-07-30 02:48:07.14179,100000000,2025-07-30T02:58:49.469162,"Happy Glass
1.3.0",Lion Studios,14 Jul 2025
1585994F10CFBA3CE37A13F6FB888C19DADA7A82CE43D9EE325E792D63941594,br.com.bancopan.cartoes,687,1981-01-01 01:01:02,2025-03-20 11:32:23.482955,50000000,2025-03-20T11:45:22.650186,"Banco PAN: Conta, Cartão e +
2.95.6",Banco Pan,12 Mar 2025
0137C272614A6C951883F552B6358C84D57BF8093E6DEB10EC5E69EA0314C06B,com.amanotes.pamadancingroad,25071811,1981-01-01 01:01:02,2025-08-01 12:45:16.095534,100000000,2025-08-01T12:46:25.760431,"Dancing Road: Color Ball Run!
2.8.9",AMANOTES PTE. LTD.,18 Jul 2025
1F1516103584F24B59CEF8869D26246B827092CA9D368268F5116BF4B0B1F050,com.zynga.livepoker,228101104,1981-01-01 01:01:02,2025-08-12 07:13:26.637784,50000000,2024-07-29T18:47:06.383018,"Zynga Poker- Texas Holdem Game
22.81.1104",Zynga,9 Jul 2024
06C04C18225DC5CDF1DC96D76E3005ECD22CD7D3A036075B7F7923D5ED220892,com.playit.videoplayer,20733004,1981-01-01 01:01:02,2025-04-17 03:22:29.238359,500000000,2025-04-17T03:22:31.663624,"PLAYit-All in One Video Player
2.7.33.4",PLAYIT TECHNOLOGY PTE. LTD.,10 Apr 2025
0132F97750FC18552995EDD734659190B2287A9F86FD277DFEC6367DDD6154B9,net.supertreat.solitaire,6710,1981-01-01 01:01:02,2025-06-02 11:46:51.81255,50000000,2025-06-02T11:58:47.290663,"Solitaire Grand Harvest
2.391.3",Supertreat - A Playtika Studio,30 May 2025
0ABC1218A4948909DCCD097CD9D47C2A1F0CEF22502F498366E36A1F9D88C43C,com.cardinalblue.piccollage.google,71613,1981-01-01 01:01:02,2025-08-02 01:59:00.110681,100000000,2025-08-02T01:59:38.809643,"PicCollage: Photo Video Editor
7.16.13","Cardinal Blue Software, Inc.",29 Jul 2025
401FF623A0C3FDA3E95E80C9C1E9095F6EC7C36A06B01D7123C4032EC70A6BE9,se.illusionlabs.touchgrindbmx2,2086,1981-01-01 01:01:02,2025-08-05 23:37:58.62994,50000000,2025-06-03T19:35:38.139431,"Touchgrind BMX 2
2.2.6",Illusion Labs,23 May 2025
1C11B53C291E6C727213790E1569C04560BF3B6F82228016B3278A06F3F35EAA,com.orbitalknight.ridiculousfreekick,1600232002,1981-01-01 01:01:02,2025-08-16 19:17:17.738859,100000000,2025-08-16T19:17:18.338311,"Crazy Kick!
2.32.2",VOODOO,4 Aug 2025
06A61A131747EBD9AE8FEC954420C168D38FAD8FD6D689FC080EC36869D56144,com.orbital.brainiton,600,1981-01-01 01:01:02,2025-07-10 09:56:55.48553,50000000,2025-07-10T09:57:41.343092,"Brain It On! - Physics Puzzles
1.6.377",Orbital Nine Games,3 Jul 2025
03DF29D2464021EC55E8FA488AF7FC0975975FD6FAEEE1CB3BF15872CC3C6D94,com.bt.bms,17511,1981-01-01 01:01:02,2025-04-13 17:40:52.770926,100000000,2025-04-13T17:42:43.227160,"BookMyShow | Movies &amp; Events
17.5.1",Bigtree Entertainment Pvt. Ltd.,9 Apr 2025
168A2893C05E63EF3EB00B8990A87C8270836F53F58863974EEF1D87EB725491,com.sbkgames.rallyracerdirt,265,1981-01-01 01:01:02,2025-09-28 21:21:47.123045,50000000,2025-09-28T21:22:20.745021,"Rally Racer Dirt
2.6.5",Valvolex,26 Sept 2025
22656C29E8B204AF478C9F96C608D4B5A41AA0E841440AAFDA93B173BF09319A,in.AajTak.headlines,3850809,1981-01-01 01:01:02,2025-06-18 14:55:43.924022,100000000,2025-06-18T14:54:50.880768,"Hindi News:Aaj Tak Live TV App
9.95.66",TV Today Network Limited,2 Jun 2025
193A5CFAD227C68C3CC8B84A7B569D350147D15858EBD79A3CB4F7BD17C01D69,com.rvappstudios.jigsaw.puzzles.kids,222,1981-01-01 01:01:02,2025-01-06 11:54:20.582242,50000000,2025-01-06T11:55:57.943008,"Puzzle Kids: Jigsaw Puzzles
1.8.7",RV AppStudios,26 Dec 2024
02C19E3402C0990679F1BA21108CDDC073541D3D10CA7F6648CDFAA63F037DA6,com.wallet.crypto.trustapp,1736348664,1981-01-01 01:01:02,2025-01-12 12:01:41.231354,50000000,2025-01-12T12:14:24.890146,"Trust Wallet: Bitcoin Wallet
8.30.2","DApps Platform, Inc.",8 Jan 2025
1D33F298777793A1E6ABC3571A3244D7DAA17E8B3C43BAB99B7165C9F7296A7B,com.zeptolab.ctr2.f2p.google,2353579,1981-01-01 01:01:02,2025-02-25 02:00:43.347361,100000000,2025-02-25T02:02:09.199907,"Cut the Rope 2
1.44.0",ZeptoLab,7 Feb 2025
067C981D2CC8027D0DAF893DD547179B51B4675E016FBE83DFDB05338E7F768B,com.foxnextgames.m3,1566203,1981-01-01 01:01:02,2025-03-29 12:07:16.238166,50000000,2025-03-29T12:09:08.527296,"MARVEL Strike Force: Squad RPG
9.0.1",Scopely,24 Mar 2025
892268847C4CACBFDB7211BB33F6A7A75035100E5E1A41165827C2740546FF08,com.coloros.filemanager,15012040,1981-01-01 01:01:02,2025-10-11 17:08:20.874313,500000000,2025-10-11T17:08:29.476816,"My Files
15.12.40",ColorOS,5 Sept 2025
16EC379762C24099116C286E158A09C8F166F2CB80BB55D0D1ED285F912F5CFD,jp.naver.linecamera.android,189,1981-01-01 01:01:02,2025-01-13 06:22:21.569656,100000000,2025-01-13T06:32:11.295455,"LINE Camera - Photo editor
17.0.2",SNOW Corporation,8 Jan 2025
07634415B324037401B881724F4D0CB06947C297AEE7C36A767AC612418515EA,com.heytap.browser,1291000,1981-01-01 01:01:02,2025-08-15 13:06:40.637809,1000000000,2025-08-15T13:05:18.460179,"Internet Browser
45.12.9.1",HeyTap,11 Aug 2025
2F2F752FE8E37DEE9981BE59EC68EE8FEF97EB1229C34F2174B664A6E024086E,com.syubestgames.teachersimulator,3528,1981-01-01 01:01:02,2025-04-01 03:04:41.935313,100000000,2025-04-01T03:21:35.340011,"Teacher Simulator
2.2.3",Kwalee Ltd,6 Mar 2025
19C1A6A91DA70DF4106648454222990954F196596E89E5BDC30D30A7AE339C9A,com.espn.score_center,19119,1981-01-01 01:01:02,2025-09-30 19:52:46.127736,100000000,2025-09-30T19:56:09.216632,"ESPN
8.3.0",Disney,26 Sept 2025
0DD8DC9313A146163B2E08C4107B875ED25D9953899D2E5E8E7F025B08BA81FF,com.money.run.hypercasual3d,208,1981-01-01 01:01:02,2025-10-05 01:06:37.119933,50000000,2025-10-05T01:09:23.718808,"Money Run 3D
3.1.41",XGame Global,"Oct 1, 2025"
1B9394F5AA6B8009AEC4790A3578C17E96C51E21C1E936E1C3673F1B263D90D9,com.youmusic.magictiles,2022418513,1981-01-01 01:01:02,2025-08-05 13:50:10.749269,500000000,2024-07-12T02:11:37.864673,"Magic Tiles 3: Piano Game
11.064.004",AMANOTES PTE LTD,3 Jul 2024
258FA27D3D006FF46FDCEF6CFF72CC291270C5C0BA7A6997E9653CD7C9DA7A90,com.submarineapps.mill,700869,1981-01-01 01:01:02,2025-08-10 21:55:15.124841,100000000,2025-08-10T21:55:03.660476,"Trivia Quiz 2025: Fun IQ Games
1.7.9.8",Quiz & Trivia Games by Submarine Apps,8 Aug 2025
6230AE79213BCC059EA5A09D5D99114EEC681DF8959E32ACBAC7FB9AB8C7CFF2,com.duokan.phone.remotecontroller,6383,1981-01-01 01:01:02,2025-03-31 13:12:44.811007,100000000,2025-03-31T13:13:44.362364,"Mi Remote controller - for TV,
7.1.3G","Beijing Xiaomi Mobile Software Co.,Ltd",26 Mar 2025
1F75BC148F99C738D9E1B3584ADA42381179C7AA6F11398DDF43A3329ECCF2D6,com.google.android.apps.wearables.maestro.companion,10222911,2009-01-01 00:00:00,2025-10-28 06:00:39.969512,100000000,2025-10-28T06:40:02.242952,"Google Pixel Buds
1.0.822017632",Google LLC,22 Oct 2025
2984283F0DA574591E1ECA594FA3636938730E8A60C9A0B4623CC51AC2375590,com.ironmeta.security.turbo.proxy.vpntomato.pro,28834,1981-01-01 01:01:02,2025-07-21 04:57:16.754612,100000000,2025-07-21T04:57:46.208289,"Tomato VPN | VPN Proxy
2.88.34",IronMeta Studio,3 Jul 2025
0F26C045F0D3199CD1E4AEF6251B8BC49AD2CA56C70BDF48C11390BF32D7350B,com.fast.free.unblock.thunder.vpn,202507030,1981-01-01 01:01:02,2025-07-08 01:16:42.68401,100000000,2025-07-08T01:17:03.677997,"Thunder VPN - Fast, Safe VPN
5.3.11",Secure Signal Inc.,3 Jul 2025
31CC6EC7C8FB390308AB0CAB02F3E072A15C76EAFE52865648E43276F3C7776A,com.manekigames.fashionqueen,193,1981-01-01 01:01:02,2025-11-15 06:59:18.168018,50000000,2025-11-15T06:59:26.306608,"Fashion Queen: Dress Up Game
1.7.0",CASUAL AZUR GAMES,28 Oct 2025
02174A09AC1C90E9BF9FEBB4FEBDFD4077ACAB08D64931D26BA19ECE3E580576,net.peakgames.toonblast,119049,1981-01-01 01:01:02,2025-09-02 00:48:46.381372,100000000,2025-09-02T01:15:40.633181,"Toon Blast
19049",Peak,29 Aug 2025
26C17EC07ECF3F8A779746F215FA826C879668FD561FFBD8414F57F5FB281F57,ru.appache.findphonebywhistle,162,1981-01-01 01:01:02,2025-08-09 19:32:18.834916,50000000,2025-08-09T19:32:15.474773,"Find My Phone Whistle: finder
7.7.1","Wooden Toys: slime games, antistress simulators",23 Aug 2024
202858194DDCF34C5519FF3888A4D0A2EABE5FC56F4D770C398437C5ECBBBFED,com.transsion.XOSLauncher,9524,1981-01-01 01:01:02,2025-09-09 06:18:46.29094,500000000,2025-09-09T06:18:49.799422,"XOS Launcher - Cool,Stylish
13.9.43",Transsion Holdings,2 Sept 2025
18598EAE4BBC7EC4B4B051AE5D7765876E6C963685019EC3CDBCCCE4CA1C85AC,com.vectorunit.cobalt.googleplay,432,1981-01-01 01:01:02,2025-01-09 04:15:28.457287,50000000,2025-01-09T04:18:48.290356,"Beach Buggy Racing 2
2024.12.05",Vector Unit,5 Dec 2024
0BF86C211E3B4FDAE860F360A738443C62EF6AAF6F0BECA312258EE3F5A954F5,sinet.startup.inDriver,1166,1981-01-01 01:01:02,2025-08-10 00:46:12.214788,100000000,2024-12-10T19:25:15.865435,"inDrive. Rides with fair fares
5.103.0",® SUOL INNOVATIONS LTD,5 Dec 2024
056BA0362187FBDE11964F922F442DBD2EF84D67E578A4D42CE84BD9032C60C9,com.wsandroid.suite,621000307,1981-01-01 01:01:02,2025-04-24 02:46:53.10096,50000000,2025-04-24T02:53:03.689997,"McAfee Security: Antivirus VPN
9.3.1.307",McAfee LLC,17 Apr 2025
391CAE18389E103C05EABE96F70DA7944D15EAEA9E39C008CCF2E768A7A9AFC2,ocean.nomad.survival.simulator,292,1981-01-01 01:01:02,2025-08-14 08:07:39.534939,100000000,2025-08-14T08:08:53.494257,"Raft® Survival - Ocean Nomad
2.5.4",Survival Games Ltd,"Aug 7, 2025"
0D306BDF3A7900796DAD9DB5A3E6B64C2FA1B2429B297FB88B7C835BAE2919F1,com.guibais.whatsauto,237,1981-01-01 01:01:02,2025-06-06 07:24:17.45692,50000000,2025-06-06T07:46:26.491764,"Whatauto - Auto Reply
4.27",Bringar Apps,23 May 2025
03E4F00A24698E56CB1B64199BE7A7EDDD219E9E8BFDBF021E3F814E5AA06FDD,com.my.defense,118259,1981-01-01 01:01:02,2025-10-04 02:04:34.402536,50000000,2025-10-04T02:04:40.017115,"Rush Royale: Merge Games Tower
32.0.118259",MYGAMES MENA FZ LLC,3 Oct 2025
07B8D307D9774DD278F029B31E04CD61B9EAE6A541B0C2A5345A6E2C89CDC692,com.socialquantum.acityint,54053,1981-01-01 01:01:02,2025-08-08 17:19:31.315645,100000000,2025-08-08T17:19:45.365801,"Megapolis: City Building Sim
13.1.1",Social Quantum Ltd,4 Aug 2025
011FA9DF6E5DBCF7CC0A14E27CC121985C6D97CF0603DC2B47BCA8CBD53F775C,com.mercadolibre,1816180973,1981-01-01 01:01:02,2025-01-16 03:45:29.694372,100000000,2025-01-16T03:55:47.101945,"Mercado Libre: Compras Online
10.392.2",Mercado Libre,8 Jan 2025
15FDA02A3A1EC671CDDAE865A50C224D7B1672953B052F72A7F70EE63BE0527A,com.mt.mtxx.mtxx,102703,1981-01-01 01:01:02,2025-01-10 16:45:32.777423,100000000,2025-01-10T16:48:34.861409,"Meitu-Photo Editor &amp; AI Art
10.27.3",Meitu (China) Limited,2 Jan 2025
051BA569094C5BF9019B6151F314FE4DF82462E2A8FB983B907D997312ECABB3,invaders.os.galaxy.space.shooter.attack.classic,100400,1981-01-01 01:01:02,2025-04-17 13:34:02.809897,50000000,2025-04-17T13:41:31.194901,"Falcon: Classic Space Invaders
100.40",1SOFT,12 Apr 2025
0030E5A9F6D6D3C104030E6F469BFB52A99EF2251A6792AECD22D1B27D8D7955,com.fsn.nds,14981,1981-01-01 01:01:02,2025-11-13 11:11:54.906168,50000000,2025-11-13T11:12:15.778324,"Nykaa Fashion – Shopping App
3.0.4",NYKAA,5 Nov 2025
0D04A57F73AB17514453687BF246D8AB7042D6959099656B62F87F714CC99439,com.cutestudio.neonledkeyboard,377,1981-01-01 01:01:02,2025-02-25 12:38:24.698982,50000000,2025-02-25T12:39:05.061493,"Neon LED Keyboard: RGB &amp; Emoji
3.7.7",Maxlabs Personalization Tools,18 Feb 2025
01F0269254C345336B09EFE0E20CE889C8A3BE2847D866317B9FC73560E7ADD8,com.appswing.qr.barcodescanner.barcodereader,20010202,1981-01-01 01:01:02,2025-03-03 22:16:43.682844,50000000,2025-03-03T22:25:17.383687,"QR Scanner - Barcode Scanner
2.1.2",Red Sky Labs,17 Feb 2025
00F363BCE53A0E3D13B413CDC481EC38FAEC587D4147859C0B2F2E8A72D3A0C2,com.facebook.lite,508501272,1980-01-01 00:00:00,2025-03-20 17:18:12.805386,1000000000,2025-03-20T17:26:23.400473,"Facebook Lite
451.0.0.9.108","Meta Platforms, Inc.",18 Mar 2025
0D75F104FB5C2FC1FAE90D53B8694542B1121CC9A9E5D5B8C5B4A9AF0607A6C7,com.google.android.gm,65209744,1981-01-01 01:01:02,2025-07-18 10:59:31.408375,10000000000,2025-07-18T11:00:20.038303,"Gmail
2025.06.29.783109818.Release",Google LLC,15 Jul 2025
81E8B3B3523827049D2291663BED3B282107A62ABC512E9544E440AB433D49C6,ru.yandex.androidkeyboard,31070800,1981-01-01 01:01:02,2025-10-17 22:44:37.653185,50000000,2025-10-17T22:44:40.065408,Yandex Keyboard,Direct Cursus Computer Systems Trading LLC,12 Oct 2025
3FCBD6A2B106CD806E424376674C1C2E22762485D9F146AEC2A30FD4F0AB580F,com.Rohit.IndianBikes,52,1981-01-01 01:01:02,2025-08-11 02:04:32.563016,100000000,2024-08-29T16:31:17.505769,"Indian Bikes Driving 3D
52",Rohit Gaming Studio,27 Aug 2024
0AF9E69F592AD20D1EB553A5179F270EB5A1DFF10C5423D8DD5F7270DB5999FB,com.audiomack,29795,1981-01-01 01:01:02,2025-08-05 16:17:30.685715,100000000,2025-06-25T06:04:20.182020,"Audiomack: Music Downloader
7.1.2",Audiomack Music Apps,10 Jun 2025
15124F8700106D7F4233629EF096267C989EA45ADEA0A2F0FA61403F48CD1681,net.sourceforge.opencamera,93,1981-01-01 01:01:02,2025-08-29 13:14:06.437102,100000000,2025-08-29T13:17:38.605593,"Open Camera
1.55",Mark Harman,"Aug 18, 2025"
1C70EFD3EFE650C0EE261964FF3C24E1F73D510D6DA63FD97557CBFB3731B891,br.gov.serpro.cnhe,3226547,1981-01-01 01:01:02,2025-10-18 10:08:08.174339,50000000,2025-10-18T10:08:35.572980,"Carteira Digital de Trânsito
6.10.17",Serviços e Informações do Brasil,16 Oct 2025
025B5C5C02A917FE13DE243038296FA41E5CBB50045134012B55A18E8F0488EA,com.google.android.tts,210582114,1981-01-01 01:01:02,2025-08-26 19:57:22.961941,10000000000,2025-08-26T19:59:50.173994,"Speech Recognition &amp; Synthesis
googletts.google-speech-apk_20250804.02_p2.796535246",Google LLC,22 Aug 2025
10F23B8B85EE30F210090D927EB7C3EC5D03569CA8F9C66AD73884B57332841B,com.wn.hairtattoo,158,1981-01-01 01:01:02,2025-02-24 01:13:02.863467,100000000,2025-02-24T01:18:21.050205,"Hair Tattoo: Barber Shop Game
1.9.8.1",CASUAL AZUR GAMES,21 Jan 2025
0AF7F3A7485C5DAE246DFF768B49CA92FFF6E41E3877376C2DC125CD14332A4D,com.xt.retouchoversea,67003,1981-01-01 01:01:02,2025-07-15 11:42:37.68892,50000000,2025-07-15T11:43:25.134387,"Hypic - Photo Editor &amp; AI Art
6.7.0",Bytedance Pte. Ltd.,14 Jul 2025
2F4CD13C868CE5A83FE905F0D4E34D1EFADC0C2CAC5A1039BC15D500E50E63DB,com.hg.cupcakebaking.cakemaker.bakinggames.icecreamcake,64,1981-01-01 01:01:02,2025-08-26 20:33:32.72848,50000000,2025-08-26T20:35:47.123946,"Icecream Cone Cupcake Baking
1.5.3",The Fashion Valley,26 Sept 2024
29FCD842082B1AFBD9848DE69C6D922D785FDC37104EE71079B75EFDC9E81C7F,mytown.police,2707,1981-01-01 01:01:02,2025-09-27 15:12:27.60772,50000000,2025-09-27T15:13:49.293935,"My Town: Police Games for kids
7.03.01",My Town Games Ltd,"Sep 22, 2025"
129122E3AE26664FA27025D633F21D63DFCDAC058C75A675C466D60D585E7D79,com.hiroba.helix,290,1981-01-01 01:01:02,2025-02-02 08:00:20.815216,50000000,2025-02-02T07:58:20.177336,"Helix Stack Jump: Smash Ball
2.3.7",Kooapps Games | Fun Arcade and Casual Action Games,21 Jan 2025
2893B953B6A050C7E69DA96D2A1CA8FE998FB39502E8554761A37B5E879F6DC9,com.ea.gp.nbamobile,249100,1981-01-01 01:01:02,2025-03-19 14:13:12.737325,100000000,2025-02-23T02:30:08.970428,"NBA LIVE Mobile Basketball
9.1.00",ELECTRONIC ARTS,16 Feb 2025
04FD70C11018AFC4596A1E40974E59094F68E3E996F402912DD44691DED41D6D,com.moonactive.coinmaster,3244134,1980-01-01 00:00:00,2025-08-05 11:37:42.106992,100000000,2024-07-23T22:31:39.907526,"Coin Master
3.5.1710",Moon Active,17 Jul 2024
3EFE363942473C2273F8E7D0573CF0B8F84601FF53F4CD798BB5267562F1C3AF,com.google.android.marvin.talkback,60154082,1981-01-01 01:01:02,2025-05-24 23:48:24.194985,10000000000,2025-05-24T23:48:26.530514,"Android Accessibility Suite
16.0.0.758099302",Google LLC,13 May 2025
2285D5DA3F80F9602DFD185AD15960FB6A141E5FFC1EDF9B447FE5DEF84272D2,com.linkdesks.iBubble,1152,1981-01-01 01:01:02,2025-03-17 11:49:37.170183,50000000,2025-03-17T11:50:24.415919,"Bubble Shooter Legend
2.95.0",Bubble Joy,4 Mar 2025
0EBD30BEEAEDD67133DE6FFA68512B789B9B942643D4AD22C2B1C3EC5DD18C6F,com.lguplus.tsmproxy,40218,1981-01-01 01:01:02,2025-08-04 20:25:55.107135,50000000,2025-08-04T20:27:47.944041,"U+ USIM
04.02.18",LG유플러스(LG Uplus Corporation),27 May 2025
69A654FBF6E353DC96EF2F11C8CE317AEC8C69880CB3AC93E62F4596710122A0,com.robtopx.geometryjumplite,41,1981-01-01 01:01:02,2025-01-10 20:54:40.413143,100000000,2025-01-10T21:12:21.673531,"Geometry Dash Lite
2.2.144",RobTop Games,20 Dec 2024
919FCEF4F6ED2683EBC7AE29F3CEF9FC44DE2623864298CB6BB5A2AAABBAF7E7,com.carxtech.carxdr2,200563,1981-01-01 01:01:02,2025-11-12 13:13:58.809223,50000000,2025-11-12T13:14:44.047117,"CarX Drift Racing 2
1.40.0",CarX Technologies,31 Oct 2025
45AF94E9A2C5FC91FFF8732A7A0EBECCBE6C930156DF30264C3EFB830968CD6D,com.gameloft.android.ANMP.GloftDYHM,1100027,1981-01-01 01:01:02,2025-11-06 00:30:51.714698,100000000,2025-11-06T00:31:11.133261,"Disney Magic Kingdoms
11.0.0g",Gameloft SE,30 Oct 2025
04B04D0F3C8AA764BF0F20E74FE94CC0608D1AD7C5421505CC404676AE197BD8,com.outfit7.talkingtomtimerush,480,1981-01-01 01:01:02,2025-03-16 15:41:03.708369,50000000,2025-03-16T15:42:40.802953,"Talking Tom Time Rush
1.3.6.18273",Outfit7 Limited,10 Mar 2025
019873BB7BFF3F10161F9E0D7E8200AC7D713EB0C4E7E1EC88C8AC13C768775F,com.application.zomato,1710018380,1981-01-01 01:01:02,2025-08-08 09:10:44.380743,100000000,2024-08-12T11:03:20.826151,"Zomato: Food Delivery &amp; Dining
18.3.8",Zomato,9 Aug 2024
06A148ECB06D6F0C31B013BB1E11C5BF0CA0A570C7250EBAB3A3E497D7BE6FD3,com.begma.bhoppro,217,1981-01-01 01:01:02,2025-08-17 03:22:49.684467,50000000,2025-08-17T03:23:51.682689,"bhop pro
2.5.3",begma,10 Aug 2025
33D9E1B6AA18D61C6CBC346C24415BD4E9D33E4AB5865081DE71ECD003C71734,com.leftover.CoinDozer,28711948,1981-01-01 01:01:02,2025-08-05 10:10:31.808709,100000000,2024-08-14T15:09:41.827399,"Coin Dozer - Carnival Prizes
30.2","Game Circus Studios, LLC",6 Aug 2024
0315E73B9FBC776F8D6263DD8C50197CC7E3D4D8EC8F1874CA951242DA52C31B,free.alquran.holyquran,110,1981-01-01 01:01:02,2025-05-02 13:32:01.215351,50000000,2025-05-02T13:43:05.521808,"Al QURAN - القرأن الكريم
4.4.22","9D Muslim Apps - Quran, Qibla Direction & Prayers",9 Apr 2025
2A1962C93AF6D04AFF44A7CBE97480DAA9A449C77994C96A280ADE8989AD6C23,com.superwings.jettrun,109,1981-01-01 01:01:02,2025-02-01 19:34:39.290543,50000000,2025-02-01T19:47:45.399547,"Super Wings : Jett Run
4.2.6",JoyMore Inc,9 Jan 2025
140019879E866AE664F3B6DAD6C26CA9C9EEA0D5F3C1AE27CD7FF56C9681EF2A,epson.print,7120700,1981-01-01 01:01:02,2025-01-28 00:06:25.25848,50000000,2025-01-28T00:17:49.192914,"Epson iPrint
7.12.7",Seiko Epson Corporation,16 Jan 2025
06E7068E80CF7848D8A04E60AB962CFFB4B2FF365BDA63E6BAB4D943347B72DB,com.sofeh.android.musicstudio3,230,1981-01-01 01:01:02,2025-01-24 12:41:23.429218,100000000,2025-01-24T12:47:40.420019,"ORG 24: Your Music
2025.01.12",Sofeh Sunrise,7 Jan 2025
0E484AFE435F527AF1E31D68B2A7A6FDCDE060BCBB054010537BC3CDBC131BCC,com.tul.tatacliq,319,1981-01-01 01:01:02,2025-06-07 02:25:02.088058,50000000,2025-06-07T02:28:16.053216,"Tata CLiQ Fashion Shopping App
103.4.1",Tata Unistore Limited,21 May 2025
157B620424BE9575457F62CDF09CE118CA917C33BAADA1D775706E1D9D9759E4,com.amazon.mShop.android.shopping,1241296016,1981-01-01 01:01:02,2025-06-06 15:23:07.349776,500000000,2025-06-06T15:24:13.141665,"Amazon Shopping
30.11.0.100",Amazon Mobile LLC,28 May 2025
06808A1E8241F18A8C25CE81CA0F397C30EB0A21A2494A3F4D46381EF6555639,com.digilocker.android,12055,1981-01-01 01:01:02,2025-09-08 02:09:58.222666,100000000,2025-09-08T02:11:53.347342,"DigiLocker
9.2.0","National eGovernance Division, Government of India","Sep 4, 2025"
031B204066FB54429CDF932DB67F66D31978082C44DA08C62493EC5735B6C832,es.monkimun.lingokids,10033598,1981-01-01 01:01:02,2025-01-25 00:38:55.384934,50000000,2025-01-25T00:38:57.379043,"Lingokids - Play and Learn
8.96.0",Lingokids - English Learning For Kids,9 Jan 2025
184937D726F7C490C88741D63DE1DB5E72045C16D6BA23AC7B468276DC0BFE2D,com.craftgames.worldcrft,3912,1981-01-01 01:01:02,2025-05-31 00:06:00.79441,50000000,2025-05-31T00:06:02.428573,"World Craft: Block Craftsman
3.8.22","Playlabs, LLC",6 May 2025
1AB4C3230141F2D31A070D092D2D79BB6207CC6D6FEF411FFABD3200D909316C,photoeditor.layout.collagemaker,185000,1981-01-01 01:01:02,2025-07-16 20:05:29.233387,100000000,2025-07-16T20:05:23.099755,"Collage Maker - Photo Editor
2.322.185",Photo Editor & Collage Maker,14 Jul 2025
435684DB09CA19E99C081932B00870B35D369D74DB84B457BE71E5277D734EFE,com.lyrebirdstudio.collage,304217,1981-01-01 01:01:02,2025-08-30 21:45:10.853018,100000000,2025-08-30T21:44:52.414438,"Photo Collage Maker &amp; Editor
4.1.9",Firehawk,12 Aug 2025
1AEBB6CBDF6CC0D0EF32C57EC463AEABA446560670E5388DB812333DF639B642,com.jeffprod.cubesolver,10147,1981-01-01 01:01:02,2025-08-10 01:05:52.94775,50000000,2024-12-15T16:22:16.933223,"Cube Solver
4.4.8",LOLAGRE,1 Dec 2024
1094406A4446A2A1987046DCD2811E4590828A4FEF07E8E851EF531F9663F069,com.fa.tag.karate.fighting,200211,1981-01-01 01:01:02,2025-08-29 12:01:43.121649,50000000,2025-08-29T12:02:06.239522,"Karate Fighter: Fighting Games
3.5.21",Fighting Arena,16 Jul 2025
08BE35B10BDE19D82750315627188A47E892B0BF9D5170612072CA33391F67B7,com.manash.purplle,573,1981-01-01 01:01:02,2025-09-18 14:59:46.710686,50000000,2025-09-18T14:59:47.690295,"Purplle Online Beauty Shopping
3.0.53",Purplle.com,"Sep 17, 2025"
0CC1F666578E78BF8EB61439B838CF17480B959A1632294D7CEE92727811B40D,com.vivo.easyshare,2425,1981-01-01 01:01:02,2025-07-13 11:04:45.142393,1000000000,2025-07-13T11:05:46.258769,"EasyShare
5.10.5.8_gp",PT vivo mobile Indonesia,25 Jun 2025
070845A99A832CF55135D6ED13B80506772A789FD195E22C4318EFCABA01DA5E,com.freecharge.android,541,1981-01-01 01:01:02,2025-08-07 02:36:13.859084,50000000,2025-08-07T02:38:20.920153,"Freecharge UPI &amp; Bill Payments
20.12.2",Freecharge - An Axis Bank Subsidiary,28 Jul 2025
226A012EB392FC91FDA7AC49FE94C44997BA63B3B0DE7167EE33917637919B49,com.goodcatchgames.mrbeanhillclimb,404,1981-01-01 01:01:02,2025-06-06 09:49:54.17629,50000000,2025-06-06T09:49:56.438076,"Mr Bean - Special Delivery
2.0.2.5",Mr Bean,21 May 2025
627188E421D9E519CF75C80512D90626B7BBA5B725BCA5B16CCC448D832E8F76,com.metropcs.metrozone,30800011,1981-01-01 01:01:02,2025-09-17 10:18:14.686162,100000000,2025-01-28T05:20:08.352884,"MetroZone
3.8.0.1.1",Metro by T-Mobile,6 Jan 2025
021DF6CBEA572DDA4A87D01D57C7533215AB0FE09C4BE35171EA32B31B3B7242,org.jw.jwlibrary.mobile,679769,1981-01-01 01:01:02,2025-08-30 00:35:54.501532,50000000,2025-08-30T00:36:50.118362,"JW Library
15.4.1",Jehovah's Witnesses,26 Aug 2025
067074A2C3511EB8F20F6243636CE92467A713CA3D5BCD79C00BEB5C74E67896,com.snapdeal.main,500729,1981-01-01 01:01:02,2025-07-03 18:03:24.794489,100000000,2025-07-03T18:03:46.621300,"Snapdeal: E-Commerce Shopping
8.1.9",Snapdeal Limited,30 Jun 2025
0FDE96CA881D73E3C96AF9BB2681D57A5235A9FB91BD754CFCA3AFF6DADA216A,com.security.xvpn.z35kb,5011,1981-01-01 01:01:02,2025-10-13 17:36:05.842014,50000000,2025-10-13T17:36:00.818389,"X-VPN - Private Browser VPN
205.1",Free Connected Limited.,29 Sept 2025
1853EEB7C718E65391BD57CDC9F2B61BF6CF84622EA8ACC353C4BA047B11C087,free.vpn.unblock.proxy.turbovpn.lite,2025092301,1981-01-01 01:01:02,2025-09-25 00:04:41.396575,50000000,2025-09-25T00:10:34.212980,"Turbo VPN Lite - VPN Proxy
1.4.5",Innovative Connecting,22 Sept 2025
15C08D16D1F541DF8148E79CF66D600511276F35B3E34D7E4535195C92B3AC56,com.nvt.cs,18251,1981-01-01 01:01:02,2025-09-26 16:27:19.72922,50000000,2025-09-26T16:29:52.572189,"Minha Claro
18.25.0",Claro Brasil,"Sep 24, 2025"
10E142EEAD0ABAEA79B7CCD61C3EBDC0024F83C6627EF3CE3FAE24782C717EC9,com.sinyee.babybus.garden,8730003,1981-01-01 01:01:02,2025-08-27 17:19:49.210144,50000000,2025-08-27T17:19:54.823367,"Little Panda&#39;s Farm
8.73.00.03",BabyBus,20 Aug 2025
EDBA20A78A9B0E69BC7DD6745F5E306FCBCF3CBE649C291AEAA934115D22343F,com.arcsys.tictactoe,11600002,1981-01-01 01:01:02,2025-08-06 17:12:29.254857,100000000,2025-08-06T17:14:06.204019,"Tic Tac Toe Glow: 2 Players
11.6.2",Arclite Systems,30 Jul 2025
0268D18C758E207B0314EB49AB3E0C152DC359500C8F18E50FC7161753A844CF,com.litatom.app,595,1981-01-01 01:01:02,2025-08-08 19:52:48.882911,100000000,2025-07-24T03:58:04.532600,"Litmatch—Make new friends
7.27.1",CONSTRUCT TECHNOLOGY,20 Jul 2025
32210D9369260B033E493D1C093C8769AE9FD2D78CD71F139DC51EFAC2604E4E,com.wedding.run,168,1981-01-01 01:01:02,2025-09-27 18:54:04.440205,50000000,2025-09-27T18:55:40.534428,"Dream Wedding: Dress &amp; Impress
10.1.4",MagicLab,"Sep 23, 2025"
0007C36628F17FAFD98EB9ABE6A4A9CA3BCEEF65205927847A4BF30951280417,hotspotshield.android.vpn,110601,1981-01-01 01:01:02,2025-08-10 15:56:01.906992,100000000,2025-07-30T10:52:45.916606,"Hotspot Shield: Fast VPN Proxy
11.6.1",Anchorfree LLC,25 Jul 2025
F3D94D477892040647A1B508745EB49D384A7220E4D2D23CD0D54FEEB0AD6329,com.gismart.realpianofree,728,1981-01-01 01:01:02,2025-08-27 08:22:25.692352,100000000,2025-08-27T08:21:55.940353,"Piano - Music Keyboard &amp; Tiles
1.74",Gismart,20 Aug 2025
0EB9EC073D41365CFF73D20F23ED6A8F25F9BB6FCA69A34D3E1ABE6CD5E7905A,app.bpjs.mobile,162,1981-01-01 01:01:02,2025-08-04 08:59:51.042608,50000000,2025-08-04T08:59:52.261667,"Mobile JKN
4.13.1",BPJS Kesehatan,27 Jul 2025
1ADB9EB76C8B5780E5299F4E7EFEDA07B538DDC8ADE518EA8562DAC09DC66D78,com.tap4fun.ape.gplay,44099,1981-01-01 01:01:02,2025-09-17 15:36:31.236164,50000000,2025-09-17T15:36:59.710441,"Age of Apes
0.79.1",Tap4fun (Hong Kong) Limited,16 Sept 2025
124166D9422991C914C8BD2BAAF9EACBC47357355E6ECA4A4FDD65E7B8B9CB48,com.gokids.tbdoll,24007000,1981-01-01 01:01:02,2025-01-15 16:44:31.28008,50000000,2025-01-15T16:59:59.887135,"Fashion Dress up girls games
24.7.0",GoKids! publishing,23 Dec 2024
330E344082012B0155B78C101DABEAA98393F7CE6349FBE88BD3421B5E645D2C,com.sec.spp.push,342400200,1980-01-01 00:00:00,2025-09-14 23:15:18.996411,5000000000,2025-09-14T23:15:15.645992,"Samsung Push Service
3.4.24.0","Samsung Electronics Co.,  Ltd.",7 Sept 2025
979FB53FC1782F2B600AA09CD94A098E2835C1D3B366D592A9812889918B12E8,com.prettysimple.criminalcaseandroid,1809111,1981-01-01 01:01:02,2025-09-02 11:24:25.679811,100000000,2024-08-28T14:11:05.753657,"Criminal Case
2.42",Pretty Simple,21 Aug 2024
04E2763B5E2BC8A5E6DA735674B8DF86403066708F2800FC86EC582854E08944,es.socialpoint.MonsterLegends,1805065867,1981-01-01 01:01:02,2025-01-28 18:49:06.772891,50000000,2025-01-23T18:06:45.257565,"Monster Legends
17.7.5",Social Point,20 Jan 2025
16D49817FACF5660802C322DCE683340A3FAB612CD0AFB1A664DC629101F18D6,com.jio.jioplay.tv,384,1981-01-01 01:01:02,2025-03-25 00:47:28.047485,100000000,2025-03-25T00:45:59.806420,"JioTV: Live TV, Catch-Up &amp; OTT
7.1.7",Jio Platforms Limited,7 Mar 2025
1A63F31566E9B1AB0275B8181C48D5269195F44E83C8E93BD62EE9A5B4D856C3,com.xmonetize.quizzland,3401,1981-01-01 01:01:02,2025-05-13 03:05:24.628185,100000000,2025-05-13T03:06:20.979302,"QuizzLand. Trivia Brain Test
3.8.010",Quiz & Trivia Games by Mno Go Apps,22 Apr 2025
08976D816DF1780F913397C974F4C9EF491B17D0A79BA37C6CED0E4BA98A4E72,com.baviux.voicechanger,43010,1981-01-01 01:01:02,2025-03-25 05:07:38.090828,100000000,2025-03-25T05:22:06.358343,"Voice changer with effects
4.3.1",Baviux,20 Mar 2025
27665D5A76DBECDC75888D24186C31E518384CD0E29E208E35ACC8DE927BF937,com.superplusgames.hosandroid,691,1981-01-01 01:01:02,2025-02-10 01:46:49.866723,100000000,2025-02-10T01:49:59.670933,"Hills of Steel
7.4.1",Superplus Games,4 Feb 2025
2D34346BAF4B2465A74084A3057BFFBC133141925AD15C4C13C2BEE89231E606,wild.west.sniper,288,1981-01-01 01:01:02,2025-10-04 03:04:14.066223,50000000,2025-10-04T03:05:16.501708,"Western Sniper: Wild West FPS
3.2.1",CASUAL AZUR GAMES,30 Sept 2025
4FC0E7AED8E0A04A7C40DC6DF2FFDD8B4F05E870178A4D13DFAA2694389EBF62,cn.xender,1000252,1981-01-01 01:01:02,2025-07-09 22:41:30.537491,500000000,2025-07-09T22:43:02.303105,"Xender - Share Music Transfer
16.5.1.prime",Xender File Sharing Team,30 Jun 2025
5EDF72750C05246676A74D94450F975ADD77F90E15E2AC83D2430F8425B8F5C5,com.facebook.talk,783966016,1980-01-01 00:00:00,2025-09-08 12:06:34.549613,50000000,2025-09-08T12:06:57.119105,"Messenger Kids – The Messaging
302.0.0.74.235","Meta Platforms, Inc.",27 Aug 2025
2A0BCCA3C0F95C216210B62DD9BB90A1F7C5B972969DABFFDB6D9B72CE4415E1,com.unicostudio.braintest2new,258,1981-01-01 01:01:02,2025-08-09 04:33:31.301139,100000000,2025-08-01T06:45:16.190616,"Brain Test 2: Tricky Stories
1.20.38",Unico Studio,15 Jul 2025
09DEE3CB15DCCD16105B50EFC34537A5E164EAC47BB0932CA1E013E18581FB47,com.textmeinc.textme,349000008,1981-01-01 01:01:02,2025-08-11 01:38:25.428515,50000000,2025-07-13T14:18:27.392079,"Text Me: Second Phone Number
3.49.0","TextMe, Inc.",16 Jun 2025
13D9EAF48B8447F0EBD8E5F967367EF8A372DCA3C92AA1548F641C9883F57F1F,com.lyrebirdstudio.mirror,200741,1981-01-01 01:01:02,2025-08-09 08:19:30.998667,50000000,2025-08-09T08:21:10.891134,"Mirror App: Magic Photo Editor
3.1.3",Prometheus Interactive LLC,18 Apr 2025
0FB072EF2A3E46AE590D486EA67A39A898F843463CCE3658CFAE04DBB614C220,com.prequel.app,10500542,1981-01-01 01:01:02,2025-04-19 12:04:44.531713,50000000,2025-04-19T12:14:15.209155,"PREQUEL Video &amp; Photo Editor
1.85.0",Prequel Inc.,11 Apr 2025
06B473F11BD98737A71CEFF9ED18A0E8489391742AC2A60CF72A87C0719EAA30,com.tfgame.criticalstrike,10125,1981-01-01 01:01:02,2025-08-13 19:18:23.744174,50000000,2025-08-13T19:20:38.160826,"Anti Terrorism Mission : CS
1.1.25",Gunfire Game,"Jul 19, 2025"
095BF4020DAE33FA706A989D6DCC33469F0E7C43C37C0F168733648F72853011,com.mi.global.shop,41701,1981-01-01 01:01:02,2025-04-14 13:18:19.927046,100000000,2025-04-14T13:52:05.769127,"Mi Store
4.17.1",Xiaomi,13 Mar 2025
100866383FB0C6EAC6974AE56EB4C7972270945660B577202400CBA257F60327,com.babydola.launcherios,295,1981-01-01 01:01:02,2025-02-20 00:46:42.726903,50000000,2025-02-20T00:58:35.984162,"Launcher OS™
5.2.5",Apps Genz,22 Jan 2025
005E8F2EE5AA31D65DB8E13968278C84D10C94BD56ADFB4DA01D9FD0107A3909,com.aa.generaladaptiveapps,573,1981-01-01 01:01:02,2025-08-28 15:46:15.682845,50000000,2024-06-24T11:53:10.993958,"aa
5.5.3",General Adaptive Apps Pty Ltd,23 Jun 2024
0517CAD22E4BE96EA515AA38414E8B71914E1780C72EF3C97C5E303675DA90AA,com.whereismytrain.android,2023468,2009-01-01 00:00:00,2025-03-26 20:56:31.203297,100000000,2025-03-26T20:59:05.418132,"Where is my Train
7.1.5.726837772",Sigmoid Labs and its affiliates,18 Feb 2025
0AAC1C08B9360F3C561B6B1C5D45CD30F23D1F73F8D568B754145275252DB6F6,in.mohalla.video,250202,1981-01-01 01:01:02,2025-08-06 22:47:13.239974,100000000,2025-03-07T06:08:44.094393,"Moj: Short Videos &amp; Reels
2025.2.2",ShareChat,26 Feb 2025
4A911B8783193E9D9B61463893729157964A84E13D9EE360EA7E72B730E899A3,com.mobile.legends,199310904,1981-01-01 01:01:02,2025-06-21 03:08:15.039247,500000000,2025-06-21T03:43:05.054160,"Mobile Legends: Bang Bang
1.9.93.10904",MOONTON,18 Jun 2025
15C60DC1853083CFA1CF86D75A4074CF6DB43D280BA628EAFAD58CB21B527067,com.ludo.master.hippo,339,1981-01-01 01:01:02,2025-08-28 12:46:26.9393,50000000,2025-08-06T02:06:49.395822,"Ludo Master™ - Ludo Board Game
3.27.3",Hippo Lab,4 Aug 2025
002DFAA7DFC5B189B0360EFFAAAAC6EB9A832EAAD4695D96ACE24B2CBD2FCA97,com.novapontocom.casasbahia,250000570,1981-01-01 01:01:02,2025-02-11 03:57:07.627375,50000000,2025-02-11T03:57:42.331590,"Casas Bahia: Compras Online
8.9.18",Grupo Casas Bahia S.A.,3 Feb 2025
0176C76838620DB0F97C68D162407E8426099A0556C72169FE9FF3280265DBC2,com.funplus.kingofavalon,5818,1981-01-01 01:01:02,2025-04-30 02:28:28.708051,50000000,2025-04-30T02:28:45.518233,"Frost &amp; Flame: King of Avalon
21.1.5",FunPlus International AG,18 Apr 2025
00C158B1E3BFE0860F173E00F94F8B19C3639E5C7B3DC43882A7CA443F0CF8EB,com.bubadu.bubbu,142,1981-01-01 01:01:02,2025-10-15 02:58:10.652985,100000000,2025-10-15T02:59:01.064028,"Bubbu – My Virtual Pet Cat
1.142",Bubadu,"Oct 13, 2025"
0A301DFCE7591718F0094A8E0CE899487211603C668CE2FAD2E7E9B00C5A4B46,com.europosit.pixelcoloring,1120909003,1981-01-01 01:01:02,2025-01-20 00:35:00.250976,100000000,2025-01-20T00:38:13.640296,"Pixel Art - Colour by Number
9.9.0",Easybrain,13 Jan 2025
13FFC4678D9C2ACB932D799A61034CA742CF44C0A404BCC5B80A901CE167D455,com.zhiliao.musically.livewallpaper,331,1981-01-01 01:01:02,2025-01-16 18:07:41.654952,100000000,2025-01-16T18:24:34.815072,"TickTock-TikTok Live Wallpaper
33.1",TikTok Pte. Ltd.,14 Jan 2025
017158ED00B1FF5AF0B68A269231C24728969B39F2569C5CCA8ED2E34183234B,com.generagames.soccerstarleaguesfootball,178,1981-01-01 01:01:02,2025-05-12 21:31:27.90751,50000000,2025-05-12T21:32:33.054749,"Soccer Star Top Leagues 25
3.0.2",Viva Games Studios,25 Apr 2025
EF04A5E60B739B78F7F6F60F78425E0099DA57AB30C2A337C7669729AABDC0AC,merge.archers,474,1981-01-01 01:01:02,2025-11-06 02:50:07.024129,50000000,2025-11-06T02:50:21.915032,"Merge Archers: Castle Defense
1.8.4",CASUAL AZUR GAMES,3 Nov 2025
00E81FA2C87A0E676470DA74AD73A14F375CF40B3E5F1EE8031158AFC25A836D,solitaire.patience.card.games.klondike.free,25070764,1981-01-01 01:01:02,2025-07-09 18:24:47.242254,50000000,2025-07-09T18:26:11.304090,"Solitaire - Classic Card Games
5.1.1-25070764",Guru Puzzle Game,7 Jul 2025
43D50D7950510F85E1E292577EAA40BE44AB8F62A12A9D5D60443735D5735BB7,ru.kinopoisk,1220182,1981-01-01 01:01:02,2025-11-26 03:11:56.845674,50000000,2025-11-26T03:13:04.487681,"Кинопоиск: кино и сериалы
7.59.4",Direct Cursus Computer Systems Trading LLC,19 Nov 2025
187E177EB48A99773086D4C11E0FA049F800155B79DE8E81A3A68E35B2D57471,com.gamestar.pianoperfect,1200996,1981-01-01 01:01:02,2025-08-15 20:50:12.687362,100000000,2025-08-15T20:50:33.607687,"Walk Band - Multitracks Music
7.6.8",Revontulet Soft,"Aug 11, 2025"
224469EDE29F3AB753021D323A13BE4BC518F6D047FF003C8D049D9DBC597784,com.corestudios.storemanagementidle,74,1981-01-01 01:01:02,2025-10-05 04:13:15.661508,50000000,2025-10-05T04:14:13.372509,"Outlets Rush
2.0.0","Supercent, Inc.",3 Oct 2025
26450C85F0EB068FF4E6D235F09ED2307149D02CC9CA6AFC2D006E4EA8DA001D,com.rvappstudios.math.kids.counting,302,1981-01-01 01:01:02,2025-06-25 02:52:23.107402,50000000,2025-06-25T02:59:14.455238,"Math Kids: Math Games For Kids
2.0.2",RV AppStudios,18 Jun 2025
2F60EC304972F9451BF8FBE3153042C4DDEED4D830EDF380DA5261B1B98A61CA,com.hambastudio.linecolor,40,1981-01-01 01:01:02,2025-09-15 22:52:11.547227,100000000,2024-05-15T15:08:11.091575,"Line Color 3D
1.45.0",Azur Interactive Games Limited,16 Apr 2024
12B1A89921A63400BBD112251098AE40B81DA758FC11939371ED4FAD573D5C25,com.hutchgames.rebelracing,1885402,1981-01-01 01:01:02,2025-08-08 02:36:36.373915,50000000,2025-08-08T02:31:49.398923,"Rebel Racing - Car Racing Game
26.90.18854",Hutch Games,21 Jul 2025
0054951B6AF950B9D385245F60EDEEFA332F67AE800250606AB0D1671C4BC230,com.fingersoft.hillclimb,738,1981-01-01 01:01:02,2025-06-25 04:12:49.027672,1000000000,2025-06-25T04:34:25.185593,"Hill Climb Racing
1.66.0",Fingersoft,13 Jun 2025
2C08FE8014E7717F51C83048732A7DEA1C80E535510480F698C836321B9B29F4,com.dvloper.granny,69,1981-01-01 01:01:02,2025-08-08 16:03:28.20852,100000000,2025-08-08T16:06:03.827404,"Granny
1.8.3",DVloper,7 Aug 2025
0307F90E00BB6D8BDEB7C3EFB931474C4C389938EA961A2888ECFF82285CBE79,com.facebook.orca,328813894,1985-02-01 00:00:00,2025-02-21 08:59:30.724709,5000000000,2025-02-21T09:10:26.501730,"Messenger
494.0.0.61.104","Meta Platforms, Inc.",11 Feb 2025
043C5DA7792F22BBF6FFD8436F9CF84468523A2778A74D6EEE1FA9383D53FBD9,com.supervpn.vpn.free.proxy,401,1981-01-01 01:01:02,2025-09-15 18:52:04.738795,50000000,2025-04-27T21:33:36.055698,"VPN Proxy Speed - Super VPN
4.0.1",TOPAPPS TECH PTE LTD,25 Apr 2025
034AF5535AA7FD6C604FFCF3CED3E40276560AD5AF3C2975E0C6E57ED3ADE615,com.dewmobile.kuaiya.play,503,1981-01-01 01:01:02,2025-05-11 19:05:14.570325,100000000,2025-05-11T19:21:25.637796,"Zapya - File Transfer, Share
6.5.9.7 (US)","Dewmobile USA, Inc.",21 Apr 2025
00B7895A724BCA3BFB46450D1854BB30FE01E7BEFB40D81D6EFBE899A25D6C70,com.ea.game.simcitymobile_row,1060001,1981-01-01 01:01:02,2025-01-13 09:15:04.535761,100000000,2025-01-13T09:17:13.134787,"SimCity BuildIt
1.60.1.133743",ELECTRONIC ARTS,18 Dec 2024
42F7D8E82049EFB2C197667A5EBEE592CBEFD2B790CF79E25512DAB505540009,com.olacabs.customer,70308006,1981-01-01 01:01:02,2025-08-14 22:45:14.519949,100000000,2025-08-14T15:01:28.553364,"Ola: Book Cab, Auto, Bike Taxi
7.3.8",Ola (ANI TECHNOLOGIES PRIVATE LIMITED),11 Aug 2025
04A2C8AD727651801E2A68AA89443956A1B0A2AAB04FAE5D478DFE4E78D84983,ru.yandex.taxi,50126410,1981-01-01 01:01:02,2025-08-15 03:54:35.952201,100000000,2025-02-17T17:43:52.027273,"Yandex Go: Taxi Food Delivery
5.16.0",Mikromobilnost LLC Belgrade,12 Feb 2025
219E9CE6B576E5606C70D45C7F6DC6AB135113C17BC514FFB036A1EC75C13B1E,com.RedLineGames.Game49,113,1981-01-01 01:01:02,2025-09-16 06:50:25.103596,100000000,2024-09-14T13:38:14.327514,"Ice Cream Inc. ASMR, DIY Games
1.4.1",TapNation,9 Sept 2024
2A6C6D53D9690F4381E80CC26B8AE5BBA36DD7E866AA1688F31474CF8FB6250F,com.DVloper.Granny3,10,1981-01-01 01:01:02,2025-08-11 11:40:36.33341,100000000,2025-08-09T12:28:26.683166,"Granny 3
1.2.1",DVloper,3 Aug 2025
2178B9A03168950C94D9A1E9F8DBDE488755BBF0AFB5D64965A6EBBA95743B2B,com.mxtech.videoplayer.ad,2001002685,1981-01-01 01:01:02,2025-08-27 17:33:28.155227,1000000000,2025-08-19T02:03:15.044724,"MX Player
1.98.5",Amazon India.,15 Aug 2025
213E31BCF4EF0D4AC77B90EA1424CA209028B6DD9CD5BAB1157D467E0CD4B415,sortpuz.water.sort.puzzle.game,4041,1981-01-01 01:01:02,2025-09-08 20:55:50.387316,50000000,2025-09-08T20:56:13.199941,"SortPuz™: Water Sort Puzzle
4.041",Dark Halo,4 Sept 2025
098E0D66E63D6E14823BA4B0423D08A132FD45FAAEF6BA3215071A3FF4062676,bodyfast.zero.fastingtracker.weightloss,138,1981-01-01 01:01:02,2025-11-26 05:54:02.590723,50000000,2025-11-26T05:54:31.278692,"Fasting - Intermittent Fasting
2.3.8",Leap Fitness Group,14 Nov 2025
02596EDD4FE2A8B3090450B0AE883A5CDC22D941E4FC615CE53CB7F9051FEF4C,com.rvappstudios.abc_kids_toddler_tracing_phonics,330,1981-01-01 01:01:02,2025-11-21 17:49:17.019462,50000000,2025-11-21T17:49:11.803668,"ABC Kids - Tracing &amp; Phonics
2.3.0",RV AppStudios,11 Nov 2025
04361BE4E0184974D9670DE0C91DE6FA2E97E1FD9DDE4D2234524AD1051EC811,com.exiongames.exionhillracing,2505019,1981-01-01 01:01:02,2025-08-15 05:37:55.421203,50000000,2025-08-15T05:40:02.502949,"Exion Hill Racing
25.5.19",Varga György,"Jul 12, 2025"
81C9673C4C8C9A6EF9EB699074860B28FFF715A529AA8F96BA1F2C83BAC2DC77,io.voodoo.crowdcity,300003,1981-01-01 01:01:02,2025-08-16 03:33:32.912512,100000000,2025-08-16T03:33:57.127119,"Crowd City
2.9.32",VOODOO,12 Aug 2025
0A114AF38D935572F5D11DD0F906B5D7131EFC68EE0521181F13C814AC3DD6D1,sun.way2sms.hyd.com,334,1981-01-01 01:01:02,2025-02-08 22:51:09.351613,50000000,2025-02-08T22:52:37.202637,"Way2News Daily News App
8.74",Way2News ( Formerly Way2SMS ),3 Feb 2025
1E73E50C18BF57D4D75A4A200BA823A39A86C62C1F898556AFAC3C834642026E,com.sinyee.babybus.ambulance,8730700,1981-01-01 01:01:02,2025-09-10 05:49:20.604443,50000000,2025-09-10T05:51:35.204029,"Baby Panda&#39;s Emergency Tips
8.73.07.00",BabyBus,3 Sept 2025
2EAB436A35ACE82788B4A2ED240B332B2E1EAA72C7CE08E1ED3019E946DC0F95,de.stocard.stocard,1192,1981-01-01 01:01:02,2025-01-09 09:43:41.661138,50000000,2025-01-09T09:42:44.304933,"Stocard - Loyalty Cards Wallet
10.59.0",Stocard,13 Dec 2024
171A0E9C783DE4FCF90AB0BC39E22989514C1AE4833FFAAB0014FA791411E984,jp.co.ofcr.cm00,287,1981-01-01 01:01:02,2025-01-28 09:07:25.225475,50000000,2025-01-28T09:08:22.697889,"Cooking Mama: Let&#39;s cook!
1.115.0",Office Create Corp.,17 Jan 2025
1C778F3FC7F224F55945ABF063E12358403A9AE27FA50B3938A1704D942ACA0B,ru.ok.android,25031700,1981-01-01 01:01:02,2025-03-20 16:30:55.438177,100000000,2025-03-20T16:40:49.444185,"OK: Social Network
25.3.17",Odnoklassniki Ltd,16 Mar 2025
4CFE5A22613E2350B1BC183AB9E33958BB83CB83CC41E90B35B5DF16EBE91F58,com.rocks.music.videoplayer,1092,1981-01-01 01:01:02,2025-10-08 15:42:15.024427,100000000,2025-10-08T15:43:10.363534,"HD Video Player All Formats
v12.1.357",ASD Dev Video Player for All Format,4 Oct 2025
178703153BDC6D88CC49545E8105DEAE0CA9E3EDBA313F200AC2EED9DFA29219,com.vtool.photovideomaker.slideshow.videoeditor,1370,1981-01-01 01:01:02,2025-08-27 20:52:34.511002,50000000,2025-08-27T20:53:23.918476,"Photo Video Maker With Music
2.5.59",Eco Mobile Editor,14 Aug 2025
274F82B44CF031E518E423FD4C203FE9CF55307475364296F918A2B9277A4F05,video.downloader.videodownloader,138,1981-01-01 01:01:02,2025-04-20 15:33:36.801006,100000000,2025-04-20T15:49:06.622347,"Video Downloader
2.3.8",InShot Inc.,11 Apr 2025
087C5878A7EFB7A89A083A0E6298D56A8592A34529BB1AA787C1BCDA59E8461D,com.snapchat.android,165972,1981-01-01 01:01:02,2025-08-07 02:21:37.812121,1000000000,2024-10-31T02:39:29.637743,"Snapchat
13.14.0.45",Snap Inc,29 Oct 2024
032339570CB894006B08285A76142B6EB29464B3803901A410BF0C6533BEEF5B,com.adobe.lrmobile,711004300,1981-01-01 01:01:02,2025-07-07 19:08:15.34976,100000000,2025-07-07T19:09:10.260837,"Lightroom Photo &amp; Video Editor
10.4.3",Adobe,3 Jul 2025
0DA6B9CDA9D296B05B92D017DEA4CDDF2C7DB874A146B1B79BD0B89F927EE830,com0.Company.ProductName1,505,1981-01-01 01:01:02,2025-09-06 19:58:37.907237,50000000,2024-07-08T16:36:32.365294,"3D Driving Class
31.31",John 3:16,5 Jul 2024
03D704E4810FA94F8B57C7A653AD475D0FC0FB311D7293A55896401C914A61CC,com.til.timesnews,600,1981-01-01 01:01:02,2025-09-16 12:52:03.83369,50000000,2025-08-14T18:22:39.222566,"Newspoint: Public News App
5.0.0.0",TIL (Times Internet Limited),6 Aug 2025
0158F469F691EEE33E48EDEB264F9D1E12C96245950EFB9013A5AE9CED0154E7,com.king.petrescuesaga,400601000,1981-01-01 01:01:02,2025-08-08 10:55:58.863487,100000000,2025-07-21T02:19:47.980860,"Pet Rescue Saga
4.6.1.0",King,15 Jul 2025
069E90A336F7354B6E2661570AA34594CACD852231B8EFDC4E2AD06146B013D8,com.wordgame.words.connect,164,1981-01-01 01:01:02,2025-08-09 14:31:58.682696,50000000,2024-10-08T13:56:36.706049,"Word Connect
7.927.437",ZenLife Games Ltd,27 Sept 2024
1A42483D1855596B819DC7A24507B6955325698044772E66DCB3F9203E787899,com.goodev.volume.booster,34,2015-08-06 22:36:42,2025-09-16 00:38:55.560104,50000000,2023-12-02T21:07:57.115911,"Volume Booster GOODEV
2.1.2",GOODEV,6 Aug 2015
0338C583E5501DCF37AB988C5DC3083752E25E8D69289F0A311488FE98818A54,com.glovo,339320,1981-01-01 01:01:02,2025-08-06 17:33:24.282956,50000000,2025-03-03T13:39:10.942326,"Glovo: Food &amp; Grocery Delivery
5.309.0",Glovoapp 23SL,28 Feb 2025
51F43F952A4063AD1ED2207BA4A6E2EBA55B25E8BA018417C9616223F7B8AA55,com.noorgames.basketbattle,74,1981-01-01 01:01:02,2025-09-08 14:46:05.588616,50000000,2025-09-08T14:48:01.582853,"Basket Battle
3.8",Supersonic Studios LTD,4 Sept 2025
280C3FAC4F51CD2128A2C669AEA086A494E3F7A9D6E79DA0D6839C3C2AE8DFB3,com.microsoft.office.word,2004603091,1981-01-01 01:01:02,2025-05-19 20:04:09.465772,1000000000,2025-05-19T20:03:03.151256,"Microsoft Word: Edit Documents
16.0.18827.20066",Microsoft Corporation,16 May 2025
0FE63898BF94C7CCB08321D21679AF9A9ADBA453D71D337A41651CD36A7BFAC9,org.nanobit.hollywood,1495,1981-01-01 01:01:02,2025-05-12 19:41:33.404731,50000000,2025-05-12T19:59:24.793340,"Hollywood Story®: Fashion Star
13.1",NANOBIT,8 May 2025
6295EB5287CC8296EF5BCA7963CF720148220CDEE73DFE274709772C62228AF2,com.intsig.camscanner,70552,1981-01-01 01:01:02,2025-11-21 11:51:27.209225,500000000,2025-11-21T11:51:16.816020,"CamScanner- scanner, PDF maker
7.5.5.2511180000",INTSIG PTE,18 Nov 2025
0B46A9CA2D350CF986524CAF969F51EDB1DDC0A8A3281E652BE3603B78826C1C,com.plexapp.android,966828479,1981-01-01 01:01:02,2025-09-06 20:41:45.884348,50000000,2025-09-04T17:49:35.808346,"Plex: Stream Movies &amp; TV
2025.24.0","Plex, Inc.",29 Aug 2025
4BE0A21D24330351C8ECEE84502BED12E744DF591AA485777C47B6E38EC7F308,com.ffgames.racingincar,155,1981-01-01 01:01:02,2025-01-29 22:22:31.919345,100000000,2025-01-29T22:37:37.773412,"Racing in Car
1.5",ckgames,15 Mar 2024
0873F13E637C02E69701B8330DDDE5BED1D81AEADB7EC358616F97B8BBA02132,com.instabridge.android,101715,1981-01-01 01:01:02,2025-10-18 10:50:38.982091,100000000,2025-10-18T10:51:44.495732,"Instabridge: Wifi Map
22.2025.10.16.2154",Instabridge Sweden AB,16 Oct 2025
14ADCFF7717CC518108E0EA99FD25BC8EF60EC709E16202828EEF7A92C169E46,de.wetteronline.wetterapp,2217108,1981-01-01 01:01:02,2025-11-26 05:03:15.474132,100000000,2025-11-26T05:03:42.658966,"Weather &amp; Radar - Forecast
2025.24",WetterOnline,20 Nov 2025
3416434CAEB1B741FF78EE8E593CD396147D763B86B12033FCFEE395E4D7120A,badminton.king.sportsgame.smash,58050890,1981-01-01 01:01:02,2025-11-03 12:36:17.352043,100000000,2025-11-03T12:36:20.405706,"Badminton League
5.80.5089.0",RedFish Games,2 Nov 2025
4CA19933F64B2D41A270B64643EDB355C889D0AE8EB025A6AE54AB2EC6E3FBE5,com.miniclip.plagueinc,2727,1981-01-01 01:01:02,2025-11-21 13:53:27.471854,100000000,2025-11-21T13:53:58.259524,"Plague Inc.
1.22.0",Ndemic Creations,20 Nov 2025
032E5DA9DCFAFA433BD7655212F8FA552CD679AB50B2FD12143BB703AC1E3548,com.tutotoons.app.fluvsies.free,16000012,1981-01-01 01:01:02,2025-09-06 19:40:30.859554,100000000,2025-09-06T19:41:37.956852,"Fluvsies - A Fluff to Luv
16.0.12",TutoTOONS,"Sep 2, 2025"
46C56AACEF582909A881000BA57B46A970E6F10E5968C01BFF4B7498DC785A9A,com.bitstrips.imoji,1181109999,1981-01-01 01:01:02,2025-09-09 06:31:57.884256,100000000,2025-09-09T06:34:04.914890,"Bitmoji – Your Personal Emoji
11.81.1.9999",Bitmoji,27 Aug 2025
0515B8D63E4419EDB45061593CE8A6D9CDAA3A1842C164FCF7423C7E86429CBA,com.nextwave.wcc2,183,1981-01-01 01:01:02,2025-09-18 23:47:19.174591,100000000,2025-09-18T23:47:57.487788,"World Cricket Championship 2
5.4.3",Nextwave Multimedia,16 Sept 2025
075F6CE99347FFCB19B67C648D1B4EEEBBCC4B57C1789331A57D5D5AE2FA6B16,net.skyscanner.android.main,2021112146,1981-01-01 01:01:02,2025-01-31 21:16:08.263573,50000000,2025-01-31T21:32:17.251005,"Skyscanner Flights Hotels Cars
7.130",Skyscanner Ltd,24 Jan 2025
06DA2E2CEC832D6859EA3A972D3AD60E6D0E0B54B25DF65CD8F3D96F6ABA3732,org.telegram.messenger,63192,1981-01-01 01:01:02,2025-11-26 17:39:11.161939,1000000000,2025-11-26T17:39:34.245504,"Telegram
12.2.6",Telegram FZ-LLC,25 Nov 2025
35FB1604FB2293131FEAFC027F3BC6821BECAEFB014AC7834B11B4807622E52F,com.moon.craft.buildingcraft,198,1981-01-01 01:01:02,2025-10-03 02:12:20.241442,100000000,2025-10-03T02:12:07.915668,"Town Building Life Simulator
4.0.53",XGame Global,7 Sept 2025
02FEC275399E81E5033CF006DF7679696F71052BA3CDF00F7D7881716173C1B7,in.sweatco.app,12370,1981-01-01 01:01:02,2025-07-18 13:04:57.853225,100000000,2025-07-18T13:06:29.943461,"Sweatcoin・Walking Step Counter
212.0.0",Sweatco Ltd,16 Jul 2025
1E0FC9A5281C95E45C6D4B8CCF99D30D9E1C30601CBE9C484F8CE4AECA472E6D,com.supercell.brawlstars,53170,1981-01-01 01:01:02,2025-09-06 22:00:32.26162,100000000,2023-12-12T16:52:25.570824,"Brawl Stars
53.170",Supercell,11 Dec 2023
0FA09FA4C182B5390E68B9507B6CEAC3D26678586D5080FFCC23573F5321A8F4,com.ziraat.ziraatmobil,2012301583,1981-01-01 01:01:02,2025-11-21 10:05:42.612531,50000000,2025-11-21T10:05:30.315501,"Ziraat Mobile
3.3.4",T.C. Ziraat Bankası A.Ş.,6 Nov 2025
0545ED9E641CCB9CA9CE03D0200752552D3B9939120D6E5227032CCFB19A5C95,com.apalon.weatherlive.free,391,1981-01-01 01:01:02,2025-07-21 07:56:40.641533,50000000,2025-07-21T07:58:36.409737,"Weather Live° - Forecast
7.8.6",Mosaic Srl,30 Jun 2025
4C112793C8DC40FAF2EDDD54310239C3F2A4A3FF2C69865347363B492F44A818,com.snake.io.slither.merge.fun.game,73,1981-01-01 01:01:02,2025-06-02 18:20:44.456635,50000000,2025-06-02T18:20:55.680073,"Worms Merge: io snake game
1.15.1",Hippo Lab,25 May 2025
12EA6C49B157F933AC8D99CA9A41E8821CA0DC083CF55C90E5C351F02160431A,com.felicanetworks.mfw.a.main,222,2018-06-18 19:36:36,2025-10-02 01:16:36.081985,50000000,2025-10-02T01:31:48.032121,"おサイフケータイ Webプラグイン(連携用)
2.2.2","FeliCa Networks, Inc.",5 Sept 2018
03C8F5339F41D8ECACA7FA4F5ADFBC17397DDF28164CC16A17491BBC195018B5,linkdesks.pop.bubblegames.bubbleshooter,25608,1981-01-01 01:01:02,2025-09-19 09:47:08.847916,50000000,2025-09-19T09:48:40.324065,"Bubble Shooter
7.9.2.37850",LinkDesks - Jewel Games Star,"Sep 9, 2025"
08B28322F9DC2C8406D2FE3A29D2554B32421330E7EA65E01B245D6ADCC9CAE5,com.alibaba.intl.android.apps.poseidon,250700,1981-01-01 01:01:02,2025-09-12 13:02:31.490595,500000000,2025-09-12T13:03:11.402238,"Alibaba.com - B2B marketplace
25.7.0",Alibaba Mobile,9 Sept 2025
0A8F0C126D205D3DC3181D5BB2B03FC532CE80427C8D95CA59EEB98A92FE94E3,com.lidl.eci.lidlplus,1470408322,1981-01-01 01:01:02,2025-08-05 21:28:56.125286,100000000,2025-08-05T21:31:41.946453,"Lidl Plus
16.32.4",Lidl,5 Aug 2025
0A306F592C2E75F1D74CA7AFDDD563322889D407C2090B3758B93B938AFA896C,com.manboker.headportrait,90020374,1981-01-01 01:01:02,2025-08-07 20:07:11.249723,50000000,2025-03-31T15:48:08.149063,"MomentCam Cartoons &amp; Stickers
6.1.6",Battery Stats Saver,6 Mar 2025
23D9124C52CAB5BDEC97F971FD288BC03CC270797BCB388FD5B1E91CB2970A53,com.techlogix.mobilinkcustomer,9125,1981-01-01 01:01:02,2025-09-11 10:32:52.697204,50000000,2025-09-11T10:30:40.516078,"JazzCash - Your Mobile Account
9.1.25",JazzCash,4 Sept 2025
03908896E99788A0394578A26EAE517BF93C42F16237754BCCB7E84D447B334F,com.uefa.ucl,1643660426,1981-01-01 01:01:02,2025-08-07 13:13:08.231696,50000000,2025-05-13T15:36:57.221502,"Champions League Official
14.1.0",UEFA,9 May 2025
12DE7B0BFF94A606A2D444F1F83374A8943B793CC7836A8E0CAD48E664458B74,com.decor.life,878,1981-01-01 01:01:02,2025-06-24 19:24:11.180541,100000000,2025-06-24T19:24:13.734490,"Decor Life - Home Design Game
1.0.41",SayGames Ltd,20 Jun 2025
1B513F5258A10995E07C028B57ED7F9158AC286A8BE8D3F10B2DC8DBB3EB9F60,com.apnatime,1068,1981-01-01 01:01:02,2025-08-30 06:18:43.111369,50000000,2025-08-30T00:28:57.584157,"apna: Job Search, Career India
2025.22.08",apna: Search Latest Job Vacancies in India,"Aug 22, 2025"
1963046A0F7DBDC2394744D23F45A8ADBBEB0FC502A74809CEA857AA9EC9A978,com.symantec.mobilesecurity,250424441,1981-01-01 01:01:02,2025-05-05 22:12:16.248386,50000000,2025-05-05T22:14:15.726977,"Norton360: Virus Scanner &amp; VPN
5.111.4.250424441",NortonMobile,24 Apr 2025
1EF1794C00A9AD7E3D4C8CD99899A46708DE3E9B5E5A731AAF0AA122C45AB29F,imagetopdf.pdfconverter.jpgtopdf.pdfeditor,79,1981-01-01 01:01:02,2025-01-24 01:18:10.297077,50000000,2025-01-24T01:30:47.240260,"Image to PDF - PDF Maker
1.6.8",Simple Design Ltd.,24 Dec 2024
122A598131AED8B803867A92819C55B08B19FD89E40774C5C30856374192AFE2,com.amazon.clouddrive.photos,902146801,1981-01-01 01:01:02,2025-08-05 04:04:27.782002,50000000,2025-08-05T04:06:01.600998,"Amazon Photos: Photo &amp; Video
2.32.0.400.0-aosp-902146801g",Amazon Mobile LLC,28 Jul 2025
2D9ADD1BC7FA278D0828940F3E24D73C92964CAA543344849AEECEC45FACA152,com.fundrivegames.mega.ramp.ultimate.cars.stunts.impossibletracks,44,1981-01-01 01:01:02,2025-08-30 02:16:25.401775,100000000,2025-08-30T02:19:10.457780,"Ramp Car Games: GT Car Stunts
4.9",Fun Drive Games,23 Apr 2025
0B9E1B851400EBFACD25BB159CE7B930C2E3E2AAE0382196F4069C8E47A914E9,com.playgendary.hitmasters,806,1981-01-01 01:01:02,2025-02-20 02:00:41.67009,100000000,2025-02-20T02:00:44.253659,"Hitmasters
1.26.0",CASUAL AZUR GAMES,31 Jan 2025
0391ACE430029820A4AF1DC636FFBF10ACD6E45828192FC97D38A1C5A05D8FAC,com.muscle.rush,126,1981-01-01 01:01:02,2025-09-02 14:43:03.109633,100000000,2025-09-02T14:44:28.972906,"Muscle Rush - Smash Running
1.2.39",SayGames Ltd,22 Aug 2025
044A611FD5A12E7C2804D499B3C65FC33855A17FE8569C7E40EA2BDE6AE4D9D4,com.mtsfreegames.trainracingmultiplayer,88,1981-01-01 01:01:02,2025-05-04 03:40:36.934896,50000000,2025-05-04T03:42:14.246466,"Train Racing Games 3D 2 Player
8.8",Freepost Digital Media Games,23 Jan 2025
087E74FD685181789910B011A441360703D85775A924EEAEF149C53C4C502070,video.player.videoplayer,247600,1981-01-01 01:01:02,2025-09-02 13:09:36.902737,100000000,2025-09-02T13:10:09.427167,"Video Player All Format
2.4.7.6",InShot Inc.,20 Aug 2025
02CCA33B7C0D92155CB8533436603B37000C46E2B3A4CFEF8A189C91987966B1,ru.yandex.yandexmaps,737981490,1981-01-01 01:01:02,2025-04-07 14:26:51.563561,100000000,2025-04-07T14:28:33.866918,"Yandex Maps and Navigator
23.3.1",Direct Cursus Computer Systems Trading LLC,1 Apr 2025
0A7B926E0674BAD9AE0D676AF9FB047C98A57696BE79C7D4609B585E9CE42F74,com.git.carromking,132,1981-01-01 01:01:02,2025-07-29 00:25:47.201097,50000000,2025-07-29T00:26:53.009332,"Carrom King™
5.7.0.132",Gametion,21 Jul 2025
2E063756C30968D4F042F186415D9B35108BB830F3147C6A4C52AF1020B35F63,org.videolan.vlc,13060509,1981-01-01 01:01:02,2025-06-05 12:28:51.707094,100000000,2025-06-05T12:28:54.050229,"VLC for Android
3.6.5",Videolabs,7 May 2025
0E1FE2807AA370ADA5FEBB2D405715F3C52BB3C3ECCFE640DE6032A38E5CFDE4,com.jumpgames.rswrb,99991121,1981-01-01 01:01:02,2025-08-12 23:56:06.109582,50000000,2025-07-13T12:48:14.918541,"World Robot Boxing
99.99.112",Reliance Games,26 Jun 2025
091EE22441D6EDFABB318A2AFE40CED52900309706FF1D6451B357AE82274082,com.sh.fidget.toys.mini.relaxing.antistress.games,78,1981-01-01 01:01:02,2025-10-02 19:26:19.186364,50000000,2025-10-02T19:27:05.191040,"Mini Relaxing Game- pop it
8.7",stick hunter,30 Sept 2025
04D37B38560F680DA3CB81929E45A880A9DDA32E750683047308B040FE53256E,com.fgol.HungrySharkEvolution,10586,1981-01-01 01:01:02,2025-09-30 15:37:47.207441,500000000,2025-09-30T15:38:52.560336,"Hungry Shark Evolution
13.2.3",Ubisoft Entertainment,25 Sept 2025
340EBD745B566738700AC5F80D746E50271335E243AA10719009CAED497DFF67,com.redlinegames.attackhole,80,1981-01-01 01:01:02,2025-03-14 11:24:37.022945,50000000,2025-03-14T11:25:40.926023,"Attack Hole - Black Hole Games
1.28.3",Homa,26 Feb 2025
0CDB94D1B9127793B727FC2DD62FA9AE9551947B64137CAAB3E4E5477485163C,com.nautilus.RealCricket3D,788,1981-01-01 01:01:02,2025-02-07 04:36:10.660027,50000000,2025-02-07T04:37:35.621952,"Real Cricket™ 20
5.9",Nautilus Mobile,6 Feb 2025
1EA4FC1775BE1980BB7594A4A7E77DA14DA4622E1F4DD300CED0CDEB61DAF89D,com.felicanetworks.mfm.main,1352512,1981-01-01 01:01:02,2025-03-06 20:12:37.960727,100000000,2025-03-06T20:27:53.937673,"おサイフケータイ アプリ
35.25.12 (250116a1)","FeliCa Networks, Inc.",11 Feb 2025
126FA626B5B9C4216394EFB2EE91AA5A33DED4D2D9AFACC08C8FC226177746DE,com.indigokids.mim,1710041875,1981-01-01 01:01:02,2025-03-05 04:06:31.565482,50000000,2025-03-05T04:16:36.847483,"Masha and the Bear Child Games
3.7.5",DTC Lab,16 Jan 2025
0DBC5727DE6AE66454E7FD4E4F593CEF22E86DEBC0A966D8071C35D0B9CFA599,com.outfit7.talkingtom,200404000,1981-01-01 01:01:02,2025-07-10 16:44:06.109114,500000000,2025-05-21T21:31:43.178349,"Talking Tom Cat
4.4.0.526",Outfit7 Limited,14 May 2025
35BEC8DA1738312C5753F32726987420DD4C3E946797EE724DF1D6CD82B989A7,com.smule.magicpiano,3230,1981-01-01 01:01:02,2025-11-24 02:37:18.079098,50000000,2025-11-24T02:38:11.829514,"Magic Piano by Smule
3.2.3",Smule,3 Nov 2025
22126757F8B64CF0A68EAE237BE69D375643ABAD9F3547BBAD2A0D8878822C8E,com.mast.status.video.edit,230,1981-01-01 01:01:02,2025-08-10 06:58:08.495581,100000000,2025-08-10T07:00:34.473513,"mAst: Music Status Video Maker
2.7.2",mAst App,25 Apr 2025
20BB24758F1E965C6996EB7B6A9FFB1BD3586EA24CBD90F108E0EE1F1D21DD4A,com.rvappstudios.kids.drawing.games.coloring.book.paint,272,1981-01-01 01:01:02,2025-03-11 14:20:25.01201,50000000,2025-03-11T14:21:12.444610,"Drawing Games: Draw &amp; Colour
1.6.5",RV AppStudios,7 Mar 2025
05ABE2AE1D8F6E05DAB72A28D1146D391A8223951A487A5AA249A7B941D2F8FB,com.dreamplug.androidapp,50402002,1981-01-01 01:01:02,2025-09-15 00:28:04.54863,50000000,2025-09-15T00:37:15.541355,"CRED: UPI, Credit Cards, Bills
5.4.2.2",Dreamplug Technologies Private Limited,9 Sept 2025
13ACC813A6C56B914A49C9F90D6728C0084E2E187EA9CD5663F78C5FFA640338,com.airbnb.android,28010379,1981-01-01 01:01:02,2025-08-04 23:33:33.644036,100000000,2025-05-13T18:38:52.255379,"Airbnb
25.19.2",Airbnb,12 May 2025
2E2A9E3215A6D5E3AEB9EF4C0EACF1A84A0B580DEADB4623F1A2FDDCD9436389,com.spilgames.ThrillRush1,501527,1981-01-01 01:01:02,2025-09-20 22:22:50.920594,50000000,2025-09-20T22:39:02.568242,"Thrill Rush Theme Park
4.5.27",Azerion Casual,18 Sept 2025
1E1E3BD1ABF79DBA7B6F44DE48BD497145857EE0FAFD3EA636DCCE593C47751D,com.reliancegames.rschampions,686832411,1981-01-01 01:01:02,2025-08-13 21:39:46.463791,50000000,2025-07-13T22:30:59.665032,"RS Boxing Champions
68.68.324",Reliance Games,8 Jul 2025
0D51214C5F2DA67FC38CA448A2C771B6A9945CC6E89CE49787C8B9AD926A06D0,com.criticalforceentertainment.criticalops,2944,1981-01-01 01:01:02,2025-08-27 15:53:15.649435,100000000,2025-08-21T15:36:12.454983,"Critical Ops: Multiplayer FPS
1.50.1.f2952",Critical Force Ltd.,14 Aug 2025
2B590444FF713702F3F5DBB8C4316187366CD2C5CECD33EB2321403F9634823E,com.eabdrazakov.photomontage,1401358,1981-01-01 01:01:02,2025-09-08 01:24:54.519467,50000000,2025-09-08T01:25:42.080947,"Cut Paste Photo Seamless Edit
35.8",Peml Art FZC LLC,24 Aug 2025
0115AF0035176BF706143D497587009B98B7E195AF099672EC81900EDD466D71,cn.wps.moffice_eng,1546,1981-01-01 01:01:02,2025-10-13 00:08:48.807136,500000000,2025-10-13T00:08:50.450262,"WPS Office-PDF, Word, Sheet
18.21.1",WPS SOFTWARE PTE. LTD.,9 Oct 2025
052935C0E151D3DD0699188F316DC5FDD23C6391C8F18857D7CB060669C77365,com.mi.globalbrowser,202507107,1981-01-01 01:01:02,2025-08-06 02:32:07.78937,1000000000,2025-07-18T10:21:43.699581,"Mi Browser Pro
14.37.1-gn",Zhigu Corporation Limited,11 Jul 2025
1DAC98C2C31A3E147C5DC112E72C8E90C382A6DD052F4043E179DBD180BA2566,com.gta.real.gangster.crime,622,1981-01-01 01:01:02,2025-08-09 05:47:02.201214,100000000,2025-08-09T05:47:06.899250,"Real Gangster Crime
6.2.2",Naxeex Action & RPG Games,10 Jul 2025
291A020396231B2A2D88AFF2A80695FD101B8CCCAECE7E928CAC886FB85F559B,com.pd.thecook,417,1981-01-01 01:01:02,2025-03-12 04:51:32.214759,50000000,2025-03-12T04:51:36.734552,"The Cook - 3D Cooking Game
1.2.32",SayGames Ltd,14 Feb 2025
26521C19CC81302C7A6FE353B19C3ECDB4CB5F65183E9AD13DB0A1E4871EBE3E,com.mediamushroom.copymydata,30020800,1981-01-01 01:01:02,2025-01-22 04:11:56.778653,50000000,2025-01-22T04:11:58.385916,"Copy My Data: Transfer Content
3.2.8",Red Sky Labs,13 Jan 2025
1904ED29952A4D7CAB35CB857468841D1FA2A8319B1870BFE2D0C95B5059D1AE,vh.one,336901,1981-01-01 01:01:02,2025-01-28 07:37:24.167464,100000000,2025-01-28T07:37:28.142996,"I, The One — Fun Fighting Game
3.69.01",CASUAL AZUR GAMES,17 Jan 2025
1DBC9AC47ABBB4A829862B180A66CD17DAC8F3A384B32A2C2235CB171B0A5DF3,com.ta.strike.ops,121,1981-01-01 01:01:02,2025-08-10 12:23:46.504859,50000000,2025-08-10T12:25:06.398927,"FPS Strike Ops : Modern Arena
1.2.1",FPS Shooter & Action Game,30 Jul 2025
00AB49BE45F6B387AD172ECAAF20589F8D59D4502879BBA193AB72784BBC216D,com.outfit7.talkingtomgoldrun,202504000,1981-01-01 01:01:02,2025-09-06 19:41:36.546582,500000000,2025-09-06T19:41:37.979124,"Talking Tom Gold Run
25.4.0.11835",Outfit7 Limited,"Sep 4, 2025"
163FE89C038E00C12351C47007E79C3C25261BF34D014AC6EBDEFCDC0F6937F1,hd.video.downloader.app.hdvideodownloaderapp,34,1981-01-01 01:01:02,2025-03-13 22:07:31.319318,100000000,2025-03-13T22:35:39.450788,"HD Video Downloader App
1.3.4",Leap Fitness Group,14 Feb 2025
008710D25B21C597FF53A3556AA36C9BE609E4FDE79E4DE49A8360D1395B1D9A,com.global.foodpanda.android,252200214,1981-01-01 01:01:02,2025-06-06 13:14:56.668724,100000000,2025-06-06T13:16:10.700127,"foodpanda: food &amp; groceries
25.22.0",Foodpanda GmbH a subsidiary of Delivery Hero SE,4 Jun 2025
21DE21E5887F54FEEDF7AAC2E16677D80E541AB7B6DA8B4C556B2FF20BDD78A2,com.amanotes.pamarollingtiles2,200700,1981-01-01 01:01:02,2025-01-09 09:48:43.624464,50000000,2025-01-09T09:56:42.879414,"Hop Ball 3D: Dancing Ball
2.14.2",AMANOTES PTE LTD,18 Dec 2024
0539D3F17D7E683A5FDEB95581512EFC683BAF2B8C77B78438D0F97F26895F83,com.gau.go.launcherex,764,1981-01-01 01:01:02,2025-08-30 22:58:01.893533,100000000,2025-08-30T22:58:54.828158,"GO Launcher -Themes&amp;Wallpapers
3.42",go live llc,27 Aug 2025
938197A09139CCDB2DE4BA9FE073ABFBBB8A695D8F70F2869FC237567A0CE371,com.turborilla.MadSkillsMotocross2,4993,1981-01-01 01:01:02,2025-01-20 11:54:05.28015,50000000,2025-01-20T12:04:20.635729,"Mad Skills Motocross 2
2.54.4993",Turborilla,12 Dec 2024
0D370B557D609DA6A14B272896447626FE790973BE6017B3C25F4F46E3351642,com.innersloth.spacemafia,5033,1981-01-01 01:01:02,2025-04-01 02:45:30.843644,500000000,2025-04-01T02:48:00.886324,"Among Us
2025.3.28",Innersloth LLC,28 Mar 2025
158395BADDD5B315CF9FF51AC2D22209CB99E9FE107C4234FE4766448450B3EB,com.geishatokyo.trafficrun,14893,1981-01-01 01:01:02,2025-09-17 03:31:39.289866,100000000,2024-10-31T01:19:09.377075,"Traffic Run!: Driving Game
3.0.4","Geisha Tokyo, Inc.",29 Oct 2024
30E9D10ED8057858BAF63F47612064AE4D258DBEB0BEAD2E7B9B953FA8AF54B3,com.edkongames.mobs,953,1981-01-01 01:01:02,2025-06-18 21:58:58.375583,100000000,2025-06-18T22:16:42.935328,"Modern Ops: Gun Shooting Games
9.53",Edkon Games GmbH,11 Jun 2025
000D5E1A43E1F43E8500A0FF0AE5E56CAD52EB0CEEA5DDF69E82ADEC4B36606D,com.zhiliaoapp.musically,2024100030,1981-01-01 01:01:02,2025-07-30 02:02:56.346548,1000000000,2025-07-30T09:39:13.782455,"TikTok - Videos, Shop &amp; LIVE
41.0.3",TikTok Pte. Ltd.,25 Jul 2025
2F42A9580CAD8C6D8FA14CE909B990159971AA21C691DE3C1C200CC5D4BA2136,com.zinio.mobile.android.reader,2025103118,1981-01-01 01:01:02,2025-11-10 14:59:36.724764,50000000,2025-11-10T14:59:41.162879,"ZINIO - Magazine Newsstand
4.72.0",ZINIO,31 Oct 2025
3EA49279A10EEFB7FFA11A305FAD85F6887BF2FAECAA8901048EC87BFE0982CA,com.vlv.aravali.reels,5050001,1981-01-01 01:01:02,2025-09-11 08:52:06.641199,100000000,2025-09-11T08:53:46.283894,"Kuku TV: Reel Shows &amp; Movies
5.5.0",Mebigo Labs Private Limited,6 Sept 2025
3E293C300E8E0837564111969078D90CD6D2A02002E3686FCBBD378B8BC11A25,com.realme.as.music,101508471,1981-01-01 01:01:02,2025-09-30 19:32:58.841072,100000000,2025-09-30T19:33:58.785078,"Music
68.15.8.47.1_d604119_250923",AllSaints Music Group - HeyTap,23 Sept 2025
1078A6834520CC80F831C8A89A172B099D9422ECCB0189B7F823F445F5F069E4,com.turkcell.bip,3959,1981-01-01 01:01:02,2025-08-16 15:30:28.019863,100000000,2025-08-16T15:31:40.699761,"BiP - Messenger, Video Call
3.105.60-HEAD",Turkcell İletişim Hizmetleri A.Ş,"Aug 14, 2025"
036AE334DE08319873308C99E56846D35013D77EC8E2C0DF2E3D88819BA9B16F,com.azarlive.android,2113,1981-01-01 01:01:02,2025-11-21 12:07:26.557483,100000000,2025-11-21T12:07:37.664898,"Azar: Video Chat, Meet Friends
6.18.1",Hyperconnect LLC,19 Nov 2025
242F7D626E2B96D05C8E10CC5B5D3A3AF604A9F5AF7112A95E2D7764F1CA4516,applock.lockapps.fingerprint.password.lockit,155,1981-01-01 01:01:02,2025-09-25 18:19:13.588168,100000000,2025-09-25T18:19:34.553089,"App Lock - Applock Fingerprint
1.5.5",Trusted Tools,23 Sept 2025
0369EB927B46E86EA4B46A690ED487F9F98D92B22EEFC644ED05926D2C12609A,com.google.android.apps.tachyon,6664342,1981-01-01 01:01:02,2025-11-10 15:45:59.360975,10000000000,2025-11-10T15:46:56.065520,"Google Meet
331.0.824395750.duo.android_20251027.00_p0",Google LLC,30 Oct 2025
4F29CF8124410182B205E09C37128B94384E31CA3C5B15712986C132FDDB2DA1,com.google.android.webview,725815831,1981-01-01 01:01:02,2025-09-06 19:57:58.82973,10000000000,2025-09-06T19:59:51.672148,"Android System WebView
139.0.7258.158",Google LLC,26 Aug 2025
13642E2577D3012C0AE5423F8D146BBDC86F138E6A964B322477739067B67931,app.source.getcontact,3136,1981-01-01 01:01:02,2025-10-05 13:56:48.615754,100000000,2025-10-05T13:56:39.873787,"Getcontact
8.9.0",Getverify LDA,26 Sept 2025
030419CD8B14AC6CF4BA3B2FB589D8031B9675AA367BF3C7218896A8BB5BC530,video.like.lite,41500,1981-01-01 01:01:02,2025-08-28 12:41:25.006449,100000000,2025-08-28T12:41:44.653308,"Likee Saya - Games&amp;Party
4.15.0",CUBE NETWORKS,19 Aug 2025
043454CBFB10166BB6B2B70AD78DCDDD137B4B6DA6E29397095125763D86342B,com.JindoBlu.TwoPlayerGamesChallenge,2168,1981-01-01 01:01:02,2025-06-15 19:26:49.357477,100000000,2025-06-15T19:39:28.194722,"2 Player games : no wifi games
7.7.3",JindoBlu,30 May 2025
628BD47804DC247693A3BE603826E504AD6D7712B1C09E17B309390F76FBDCF5,com.jb.gosms,523,1981-01-01 01:01:02,2025-09-17 21:52:47.280278,100000000,2025-09-17T21:54:38.729909,"GO SMS Pro - Messenger, Free T
8.05",Video Editor & Video Maker Dev,"Sep 5, 2025"
61B0019DD9676B1DF579C89D42D334CC70902AB3D889E95595B07033E8E3C608,com.namcobandaigames.pacmantournaments,12549,1981-01-01 01:01:02,2025-02-02 10:47:20.281304,100000000,2025-02-02T11:07:29.398069,"PAC-MAN
11.5.4",Bandai Namco Entertainment America Inc.,31 Jan 2025
34F8650CA02B766424822DC472EFCBF15E08651FE8B5557E936AD298210427CE,com.strava,12395131,1981-01-01 01:01:02,2025-11-21 12:08:09.987365,100000000,2025-11-21T12:09:31.347598,"Strava: Run, Bike, Walk
438.9",Strava Inc.,17 Nov 2025
06D931F944CF2EA6B5239CCFAFED8794BC88E87A7EEF446EC6D657D1ECCA753C,com.teenpatti.hd.gold,77984,1981-01-01 01:01:02,2025-01-27 02:14:35.506976,100000000,2025-01-25T14:59:17.974978,"Carioca CLUB (with Poker)
9.84",Moonfrog,15 Jan 2025
00EF28F6261705F3426F9A95B65A2E0F9A9C8DE409AFEBE336F127F523977952,com.smallgiantgames.empires,22701,1981-01-01 01:01:02,2025-08-05 19:30:24.795845,50000000,2025-08-05T19:31:22.022031,"Empires &amp; Puzzles: Match-3 RPG
78.0.4",Small Giant Games,28 Jul 2025
00F071225C9981F4A369674ECB5DC7F0814BF17B1AFB6E88ABE13F13390B74EE,free.tube.premium.advanced.tuber,50200007,1981-01-01 01:01:02,2025-01-08 10:32:49.770742,100000000,2025-01-08T10:38:31.547075,"Pure Tuber: Video &amp; MP3 Player
5.2.0.007",High5 Animation Company Limited,11 Dec 2024
7E28099F58737CA321DA9404C269054492E95BFB9B9314654E24C27E67219235,com.playstrom.popus,192,1981-01-01 01:01:02,2025-10-03 18:19:33.300429,50000000,2025-10-03T18:20:50.456951,"Pop Us!
1.1.41",SayGames Ltd,1 Oct 2025
02613A0B08A8BC0B0424AC1B0FD3A0D23BD205007EE2599DBF36FAFE45B2E3CC,io.wifimap.wifimap,8439,1981-01-01 01:01:02,2025-08-28 05:44:59.464131,100000000,2025-01-19T08:09:45.090347,"WiFi Map®: Password, eSIM, VPN
8.4.2",WiFi Map LLC,6 Jan 2025
1AC092EE9BF29668D7AA75FA010AEA2CD02D785D91E9B85C9A38C6881EC3576C,com.budgestudios.googleplay.PawPatrolRescueWorld,8738,1981-01-01 01:01:02,2025-06-26 01:25:29.155535,50000000,2025-06-26T01:25:31.200452,"PAW Patrol Rescue World
2025.4.0",Budge Studios,12 Jun 2025
9058BFB528C64B27D7D5A664805E420162F69476D149CC6F075ED8F7076A770D,com.pubg.imobile,20325,2025-08-23 03:27:10,2025-09-14 11:40:03.660376,100000000,2025-09-14T11:45:24.693754,"BGMI: Online Multiplayer Game
4.0.0","KRAFTON, Inc.",25 Aug 2025
118E0E52FC7E0B505CBD516DC1689D186A02E4B3D43B2F4B98D8899F9B00DD48,com.tayu.tau.pedometer,75,1981-01-01 01:01:02,2025-04-30 16:44:02.840879,50000000,2025-04-30T16:48:47.804571,"Pedometer - Step Counter App
5.52","ITO Technologies, Inc.",18 Apr 2025
8861DB431FE17B7EF263BAA51175733F1D914F53FE93703503835A3A5213F291,mnw.mcpe_maps,96,1981-01-01 01:01:02,2025-09-11 11:43:34.91959,50000000,2025-09-11T11:44:00.081776,"Maps for Minecraft PE
5.1.2",igmi,1 Aug 2025
156C64366A7D7825E81E9BE851C94ECF7185C73C2E49DE7BDBEADDEB16AC780C,com.motionvolt.flipdiving,10104250,1981-01-01 01:01:02,2025-10-12 09:34:17.590976,100000000,2025-10-12T09:34:30.508173,"Flip Diving
4.2.50",MotionVolt Games Ltd,8 Oct 2025
20CE717E10B772D43AD0DE2BFC29A015CB660EE57705352EB78B4A166C208A4A,com.bunbunstudio.magicblocktiles,2025012448,1981-01-01 01:01:02,2025-11-07 19:59:04.157791,50000000,2025-11-07T20:00:24.020767,"Piano Music 7: Rush Song Games
3.2.0",Melodya Muses,4 Nov 2025
06E2225C7A9017D588BE6AEEDD8C29B27A4E417A4593D318F194610BE0E179AC,com.google.android.deskclock,76007130,1981-01-01 01:01:02,2025-04-18 18:26:25.750857,1000000000,2025-04-18T18:45:42.924612,"Clock
7.13 (745094482)",Google LLC,8 Apr 2025
576EDC9E0C88E0E3BE95BFCD8DAC2C71966BD2DE8FD3B0A4D1AB78869E88E199,com.roposo.android,104805,1981-01-01 01:01:02,2025-03-27 15:54:08.348624,100000000,2025-03-27T16:04:03.646930,"Roposo - Video Shopping App
10.48.5",Glance InMobi Pte. Ltd.,3 Oct 2024
044B0E2C35C6E4C92088FFC37072BFBE9B5A146A2BC07CE2663086742534C5AD,com.aurecas.stickmanzombieshooter,300715,1981-01-01 01:01:02,2025-03-01 07:15:26.265387,50000000,2025-03-01T07:16:40.810104,"Stick vs Zombies
1.5.58",Aurecas,24 Feb 2025
0873B449074C7F1246E5C1A286EA94E59E5C96F075F88B058276E4B557528FCD,com.kingsgroup.sos,4277,1981-01-01 01:01:02,2025-02-09 18:01:09.636238,50000000,2025-02-09T18:02:30.463596,"State of Survival: Zombie War
1.23.300",FunPlus International AG,23 Jan 2025
0D41FD58C543ED79B92D342E59AA852463D89EB694431B43EB51E3C9AEB64175,com.samsung.android.voc,520203000,2009-01-01 00:00:00,2025-03-31 15:47:20.449082,1000000000,2025-03-31T16:20:43.386091,"Samsung Members
5.2.02.3","Samsung Electronics Co.,  Ltd.",18 Dec 2024
21FE444A2B336039A503CCBAE03FC29B4AF7CA971B3D87425EF250C07F9FA74E,com.plato.android,1252,1981-01-01 01:01:02,2025-08-08 00:02:19.268536,50000000,2025-08-08T00:04:08.352921,"Plato: Fun Multiplayer Games
5.4.4",Plato Team Inc.,6 Aug 2025
0E7464FB4700C8F8BA489130A5E4E6D7F5D87244CB6AA7C771D5358569E357EC,in.amazon.mShop.android.shopping,1241291116,1981-01-01 01:01:02,2025-03-28 02:04:18.903499,500000000,2025-03-28T02:06:35.177217,"Amazon India Shop, Pay, miniTV
30.6.1.300",Amazon Mobile LLC,27 Mar 2025
0DBD4AF78D6633CC5B00C8BE8C5DF9FDA75CF9E0AE0271D31B5C80C7E10258FE,com.fatsecret.android,756,1981-01-01 01:01:02,2025-07-16 15:53:53.797578,50000000,2025-07-16T15:53:56.150430,"Calorie Counter by fatsecret
9.44.1.7",fatsecret,14 Jul 2025
28901AE62AC9AD1F8E2DF8E0C7CF17AFC44353D91F38F9023D88C111E96E2C3E,com.google.android.play.games,618434440,1981-01-01 01:01:02,2025-10-02 22:41:48.485785,5000000000,2025-10-02T22:41:54.925063,"Google Play Games
2025.05.61843 (809922015.809922015-190400)",Google LLC,22 Sept 2025
09320DA2BBB708468F9343C02E66AFB18E67E1FB3E38C2EE17480730C50E692D,com.ubisoft.dance.JustDance,257,1981-01-01 01:01:02,2025-09-17 14:38:23.659218,50000000,2025-09-17T14:38:57.417734,"Just Dance Now
8.6.0",Ubisoft Entertainment,4 Sept 2025
1864C064DC1E9674460F35C27A53C89A3F27F319D0ACEF238A996CC3CA4B8347,com.google.android.contacts,3241139,1981-01-01 01:01:02,2025-09-08 12:13:24.032065,1000000000,2025-09-08T12:14:18.620823,"Contacts
4.63.22.800982376",Google LLC,29 Aug 2025
00379A04CF0932EE2FC1643C1F104FCECAACAA46444B31E594E0C39E067C373A,com.facebook.pages.app,790069130,1985-02-01 00:00:00,2025-09-13 22:29:20.076567,100000000,2025-09-13T22:31:33.532634,"Meta Business Suite
521.0.0.62.110","Meta Platforms, Inc.",11 Sept 2025
05DBBD2DFB6A15872B5A48978CDFE57395762CBAB2F262C7668C5EC18817EF41,com.fa.gym.fighting.game,200189,1981-01-01 01:01:02,2025-03-24 20:44:06.920846,100000000,2025-03-24T21:06:02.882161,"Gym Heros: Fighting Game
1.18.9",Fighting Arena,12 Mar 2025
0531DB15C27F07E80CAC1C93698E6CA9128FE7D83E399D7CBA3C2D067AFB5A8C,com.plarium.raidlegends,112776,1981-01-01 01:01:02,2025-10-07 02:35:36.587959,50000000,2025-10-07T02:36:35.595489,"RAID: Shadow Legends
10.80.0",Plarium Global Ltd,2 Oct 2025
018B2A762CC97D9F253EBD38426E5F37EE0DD5ECD0C20EA3463CDC9798C71127,com.mgc.RopeHero.ViceTown,684,1981-01-01 01:01:02,2025-08-11 23:06:58.553515,100000000,2025-02-08T23:09:36.784188,"Rope Hero: Vice Town
6.8.4",Naxeex Action & RPG Games,30 Jan 2025
0629EFDBC0630845CD603CD3D11EC426289F971E684B29086931844178591B45,free.os.jump.superbros.adventure.world,443,1981-01-01 01:01:02,2025-02-28 19:17:15.42427,100000000,2025-02-28T19:18:41.140041,"Bob&#39;s World - Super Adventure
1.443",FALCON GAMES,4 Feb 2025
06530A6D27547DAEC36C21B4416D1863F289F4B95C55AE472685594EB982554A,com.Neurononfire.SupremeDuelist,488,1981-01-01 01:01:02,2025-03-01 07:00:37.648181,100000000,2025-03-01T07:06:44.677743,"Supreme Duelist Stickman
3.9.5",Neron's Brother,25 Feb 2025
130C5796C6DB6DE24C7292C3DBAC88E70D3A2ABA50299253C7C10CCEEA998EBA,com.picslab.neon.editor,843,1981-01-01 01:01:02,2025-09-12 10:32:04.081686,100000000,2025-09-12T10:33:07.007390,"Mivi : Music &amp; AI Video Maker
2.35.843",Mivo studio,21 Aug 2025
2920E2BD22B15A206843A4B0208085511053A5CF5B522B0A94A2423FEC0A7877,all.video.downloader.allvideodownloader,53,1981-01-01 01:01:02,2025-09-08 19:04:25.953413,100000000,2025-09-08T19:10:58.168764,"All Video Downloader 2019
1.5.3",InShot Inc.,27 Aug 2025
21355A7CB2D7150E58C5C9B397EC86C847A27E6301CF1DED36CF3008D6B5757F,br.gov.dataprev.meuinss,5170000,1981-01-01 01:01:02,2025-09-24 13:44:31.563222,50000000,2025-09-24T13:45:40.751162,"Meu INSS – Central de Serviços
5.17.00",Serviços e Informações do Brasil,20 Sept 2025
01CAEA0A1252D4FC84328C5ECC05CB6CD18F11985AD85FF8746A23657FE3A92A,com.duckduckgo.mobile.android,52280000,1981-01-01 01:01:02,2025-03-18 12:56:45.69841,50000000,2025-03-18T12:58:03.651511,"DuckDuckGo Browser, Search, AI
5.228.0",DuckDuckGo,10 Mar 2025
1D2F3F9DF8F1E9573347EC9431DDC4A0327F6F78A693341110FA0871F3E0E93B,com.candyroom.clubcraft,1007995,1981-01-01 01:01:02,2025-07-07 16:33:51.298215,100000000,2025-07-07T16:34:27.556783,"School Party Craft
1.7.995",Candy Room Games & RabbitCo,12 Jun 2025
013E445ED6B4EB9F5ED4838FFB0EEB19CDBA8C7DC871B93FE451E8DA941ECDA0,com.oneplus.membership,2021,1980-01-01 00:00:00,2025-09-21 10:16:58.196863,100000000,2025-09-21T10:18:30.304858,"Red Cable Club
20.2.1",OnePlus Ltd.,27 Aug 2025
2AA131E0B16CEEBCA5E6AA8986EB92A74D6DB1EA2791F3EDD72F2502E7857ECC,com.playstrom.dop4,168,1981-01-01 01:01:02,2025-09-29 09:33:35.796478,100000000,2025-09-29T09:34:18.892955,"DOP 4: Draw One Part
1.1.47",SayGames Ltd,22 Sept 2025
2553405F2BB47C4F579F2AE77182FC8BB1EAE8A7DADC8ED30A661A803FF4CF00,com.google.audio.hearing.visualization.accessibility.scribe,173864,1981-01-01 01:01:02,2025-08-07 10:36:48.906199,1000000000,2025-08-07T10:39:16.703326,"Live Transcribe &amp; notification
8.4.773573318",Research at Google,22 Jun 2025
2F674CD3DA038DFB0437B7A654E1E4B9D68AA0BD34EF2366D655FACE65EF7B11,com.cooyostudio.marble.blast,376,1981-01-01 01:01:02,2025-11-30 05:11:52.878039,50000000,2025-11-30T05:13:20.938560,"Jungle Marble Blast
3.7.6",coolstudios,9 Nov 2025
0316224F9F1ABA0C43466BD8532D907EDB373F1492BF43D69A9ECEFEA1DDA112,com.waze,1030600,1981-01-01 01:01:02,2025-05-30 20:41:13.299454,500000000,2025-05-30T20:42:14.901083,"Waze Navigation &amp; Live Traffic
5.7.2.0",Waze,26 May 2025
08F8C909D3B23BF31550373399DF8A86E9BE114FDE8F0A7B8BD3B1D80BA5F720,com.bankofbaroda.mconnect,104,1981-01-01 01:01:02,2025-01-16 04:42:17.421657,50000000,2025-01-16T05:26:20.602656,"bob World
3.7.7",Bank of Baroda,6 Jan 2025
08E265681D89C9C3B44ADE5624B95A750FC051C5B34070278393C75EDE59FF93,com.education.android.h.intelligence,2025018001,1981-01-01 01:01:02,2025-08-13 14:10:08.282395,50000000,2025-08-13T14:12:24.292341,"Gauth: AI Study Companion
1.80.1",GauthTech Pte. Ltd.,7 Aug 2025
04EA2F0365AEEE0D275A8B23931655F654A0FDE87251C8CFEDE160697E16047E,com.netflix.mediaclient,50736,1981-01-01 01:01:02,2025-08-06 22:30:06.55097,1000000000,2024-07-10T22:02:52.341549,"Netflix
8.122.1 build 9 50736","Netflix, Inc.",8 Jul 2024
05F60223727FD27498B85B1C47715A75D162859C03982B011F1D6F6E193411DB,com.squareup.cash,4860007,1981-01-01 01:01:02,2025-08-14 02:23:10.26395,100000000,2025-02-17T18:24:02.320188,"Cash App
4.86.0","Block, Inc.",8 Feb 2025
1A400F41A99EC6F107FF360BD83E6E5B993A213ABD6243DDF7FCF04791D85D80,com.miHoYo.GenshinImpact,1058,1981-01-01 01:01:02,2025-09-14 02:35:27.573279,100000000,2025-09-14T02:37:54.307870,"Genshin Impact
6.0.0_36598533_36939763",COGNOSPHERE PTE. LTD.,27 Aug 2025
35A223839D4A9CF5C0F6AB8BD90ADBEDC8A18EF45B2DE3CDE66B9ADAFEFB1ADC,com.jura.motor.stunt.master,88,1981-01-01 01:01:02,2025-02-27 15:20:29.577102,50000000,2025-02-27T15:22:01.062548,"GT Moto Stunt 3D: Driving Game
1.88",iKame Games - Zego Studio,12 Feb 2025
16EE0DD648B44DF3672739A7BAD4D74EAD54BBB83C048ED4C0F8F11793CB3159,com.bubadu.duddu,102,1981-01-01 01:01:02,2025-10-10 23:05:51.52203,50000000,2025-10-10T23:06:41.972456,"Duddu - My Virtual Pet Dog
1.102",Bubadu,"Oct 8, 2025"
115B34B82EE1E15710EF98D5186DF0573E71324610F9F23CE5382EA806A7AC0B,com.cocoplay.fashion.style,3303,1981-01-01 01:01:02,2025-08-13 16:39:20.734186,100000000,2024-08-01T04:48:38.190439,"Super Stylist Fashion Makeover
3.3.03",CrazyLabs LTD,16 Jul 2024
1666635D724E764B10642CD1B91216EB3A0698AE45F89D8031E5538D28802916,com.mobikwik_new,2029,1981-01-01 01:01:02,2025-09-20 04:07:58.161477,100000000,2024-10-21T21:45:58.972237,"MobiKwik: BHIM UPI &amp; Wallet
23.20.0",One MobiKwik Systems Limited,15 Oct 2024
04EDCD9EF7429A1EC884FF0801F2FF6719FEE133CA035DD94BC803445DCD707A,com.orange.coloring.learn.kids,208,1981-01-01 01:01:02,2025-10-07 00:56:07.098713,100000000,2025-10-07T00:57:28.230054,"Coloring &amp; Learn
2.08",Orange Studios Games,6 Oct 2025
0E1FCC5EEF141DF671E57C35138DBF29C2B66A8AEC4286BB43D4086ECA1E59CB,com.bandlab.bandlab,10990500,1981-01-01 01:01:02,2025-08-06 13:22:07.63551,100000000,2025-05-30T19:19:27.008420,"BandLab – Music Making Studio
10.99.5",BandLab Technologies,28 May 2025
0AF53F4E9802EE1DF20A5BE699F7D9C6EC4B532A857EF5B458F232F33F3E5C7A,com.hwqgrhhjfd.idlefastfood,14501,1981-01-01 01:01:02,2025-11-04 07:40:17.778255,50000000,2025-11-04T07:40:22.393931,"Eatventure
1.45.1",Lessmore UG,22 Oct 2025
066ABABAFF2EBED67AF2C3C97625E41B30630E20CD859EE2AD0C2F388E2E4553,com.icegame.fruitlink,140012043,1981-01-01 01:01:02,2025-01-18 03:50:34.588527,50000000,2025-01-18T04:00:43.402518,"Fruit Splash
13.0.13",Lovely Game,31 Dec 2024
0438BA86DB376DC544BC5A445927F79DBD038B58986AA946AAEAF44946B91FEA,com.google.android.projection.gearhead,143651834,1981-01-01 01:01:02,2025-05-25 02:04:25.72049,5000000000,2025-05-25T02:05:02.437134,"Android Auto
14.3.651834-release",Google LLC,13 May 2025
0551F618A2C6327CB239DE374EA12407028A7A61D7BAF76DC82A56E1B8E57318,com.melodis.midomiMusicIdentifier.freemium,21129,1981-01-01 01:01:02,2025-09-16 15:19:00.211322,100000000,2025-09-16T15:20:09.886778,"SoundHound - Music Discovery
10.5.5",SoundHound Inc.,10 Sept 2025
0B87F3C4B0E55F2283C950620628AA0B8F64C837DC706373AAB0E64EF4E20E9E,com.msf.angelmobile,1270,1981-01-01 01:01:02,2025-03-15 23:16:31.004438,50000000,2025-03-15T23:36:07.177644,"Angel One: Stocks, Mutual Fund
125.2.2","Angel One - Stock Market, Demat Account & IPO",8 Mar 2025
2C3F4B0A453DC89B6174FB0C57B75AB6EA108D16279FA6A5B2A5CF712794D27B,com.mgc.miami.crime.simulator.two,655,1981-01-01 01:01:02,2025-08-17 07:42:53.38034,100000000,2025-08-09T23:56:04.512146,"Vegas Crime Simulator
6.5.5",Naxeex Action & RPG Games,14 Jul 2025
302ECBAA5BD33E755676C01F9BF29D185B51F42F8BA8CEED89357DCE81720158,com.imo.android.imoimhd,24061068,1981-01-01 01:01:02,2025-08-06 02:51:53.595394,100000000,2024-07-24T13:59:44.015966,"imo HD - Video Calls and Chats
2024.06.1058",imo.im,8 Jul 2024
5F19D9CA9482CD677CF95A358B9DA2924A889A54207CE7279F74B9E704E0FB9A,com.tp.pmu3d,127,1981-01-01 01:01:02,2025-09-20 16:36:45.531495,100000000,2025-09-20T16:37:08.429158,"Pick Me Up 3D: Taxi Game
1.83.1.0",Azur Interactive Games Limited,17 Sept 2025
3E7D673FB44AFC7B6C5CF66A023E2455340E568165EA88CC8C6D103CDEC84A59,com.sinyee.babybus.world,8393870,1981-01-01 01:01:02,2025-08-29 12:29:24.612107,100000000,2025-08-29T12:30:07.850220,"Baby Panda World-Learning Game
8.39.38.70",BabyBus,14 Aug 2025
01086D43B24803AF0F7EA2F349F621772ED05B88A044209E547839DA95D4EE18,in.mohalla.sharechat,252603,1981-01-01 01:01:02,2025-08-27 06:42:22.435315,500000000,2025-08-26T02:40:46.451652,"ShareChat Trends Videos &amp; Live
2025.26.3",ShareChat,19 Aug 2025
16FFC4E042B99D998E5A7293E3628AE3A796733A24E3AB3383946D6BC0D0A69A,com.transsion.magazineservice.hios,822203,1981-01-01 01:01:02,2025-06-05 11:23:50.124361,100000000,2025-06-05T11:23:46.014143,"Magazine Lockscreen HiOS
15.0.0.10005",Transsion Holdings,4 Jun 2025
3700A36ED818061A29CF5B248DA59D0AE2320FD7D20889E060D693016003F56A,com.coloros.weather2,13010006,1981-01-01 01:01:02,2025-08-08 06:35:22.694924,1000000000,2025-08-08T06:37:37.624658,"Weather
13.10.6",ColorOS,27 May 2023
54334B0435846ABE1C87EE15A1A47CD28725884F0BFC8DAEDE85B5BD8D64016E,com.volcano.modrn.car.parking.d,178,1981-01-01 01:01:02,2025-10-01 02:46:08.67827,100000000,2025-10-01T02:46:51.047767,"Modern Car Parking: Car Game
4.178",GAMEXIS,17 Sept 2025
920ED377D14F2A60054F7D9463AC398D72EDC6368782DC0E4D72E87AF1F9A9D1,com.ludia.jurassicworld,4344045,1981-01-01 01:01:02,2025-11-21 12:08:58.15304,100000000,2025-11-21T12:09:31.470177,"Jurassic World™: The Game
1.86.11",Ludia Inc.,29 Oct 2025
11488873F8F27EF6C6D80D2F2E1856DA7375B3676427CDE66F5E466405CDB3F3,com.easygame.marblelegend,5002203,1981-01-01 01:01:02,2025-06-06 13:36:40.803798,50000000,2025-06-06T13:37:02.236910,"Marble Legend
5.002.203",easygame7,15 May 2025
0AB1E3F26388E65D7D33BE2976D507721E8B0C0AEE3CB8F564EC1EB183518789,com.crazylabs.sausage.run,1307,1981-01-01 01:01:02,2025-11-08 01:20:08.292908,100000000,2025-11-08T01:23:54.904141,"Run Sausage Run!
1.30.7",CrazyLabs LTD,12 Oct 2025
116D3D0F1F9B78BC9972A4B9C9D28830440BF4420D576B15EC6C0D723BF632F8,com.fakecallgame,47,1981-01-01 01:01:02,2025-08-03 15:47:24.595153,50000000,2025-08-03T15:49:06.203041,"Fake Call - Prank
1.0.47",GameAndro,5 Jul 2025
12DFB9D2B373620ECD0CAF377659E3E15E1B3FC80A1476AE6EED8E7BEFBACE5A,com.tpvapps.simpledrumsrock,96,1981-01-01 01:01:02,2025-08-04 23:04:40.090164,50000000,2025-08-04T23:04:35.526090,"Simple Drums Rock - Drum Set
1.9.5",TPVapps,27 Jul 2025
0167A3F814BDBD74FB20CE59D6D07D96D89EE83D9F72A5047B570107FF3F74A3,com.touchtalent.bobbleapp,8500012,1981-01-01 01:01:02,2025-02-25 16:23:23.362833,50000000,2025-02-25T16:37:07.977085,"Bobble AI Keyboard Meme,Status
8.5.0.001",Bobble AI,4 Feb 2025
2004AADD7DF89281A771326D11D9CE95A3D07C6EAA7280E907DCB1FC63D336B4,br.com.timbrasil.meutim,80130019,1981-01-01 01:01:02,2025-08-15 22:30:55.018536,100000000,2025-08-15T22:33:35.235486,"MEU TIM
8.13.0",TIM S.A.,7 Aug 2025
22091E6CB4574931B04AF7627B3BB24E73BA2B65AA40CAEF4B91CD35D84C5F39,com.wildlifestudios.jet.airplane.games.sky.warriors,15270,1981-01-01 01:01:02,2025-11-06 02:39:23.333816,50000000,2025-11-06T02:40:08.340272,"Sky Warriors: Airplane Games
4.29.4",Wildlife Studios,23 Oct 2025
23449FB1CAF017E3A21FA1526FEAEB9ADFE8FA16D98A92BFBE0CD84C80575B05,com.mobiletranstorapps.all.languages.translator.free.voice.translation,194,1981-01-01 01:01:02,2025-02-27 03:42:59.562916,50000000,2025-02-27T04:18:33.148331,"Translate: Language Translator
1.1.9.4",HyperSoft AI - Apps Lab,11 Feb 2025
087D330143197112394A48599C2315920A955DC25319A1A78989B105EDA4DEE3,com.gameloft.android.ANMP.GloftDMHM,2015403,1981-01-01 01:01:02,2025-03-18 19:48:47.546878,500000000,2025-01-16T15:48:13.725770,"Minion Rush: Running Game
10.5.0c",Gameloft SE,19 Dec 2024
02446265647A55BDDD5938500C9ADAB645572D3F29BD657FC72CB90AD0F4E1CD,com.google.android.apps.chromecast.app,30494878,1981-01-01 01:01:02,2025-04-28 12:56:49.60794,1000000000,2025-04-28T12:56:50.868141,"Google Home
3.32.69.2",Google LLC,20 Apr 2025
12892287EFD1DAD288915986785580F485B24401A08F096C4768FB26661C290E,com.gokids.transportbuilding,12005000,1981-01-01 01:01:02,2025-02-26 02:02:37.686864,100000000,2025-02-26T02:14:37.881272,"Truck games for kids: building
12.5.0",GoKids! publishing,3 Feb 2025
0E9C2F0D16E3CE1BFA3430A9D4F697B3560F16B6E0E7B457DBA34871E5B15E81,com.ixigo.train.ixitrain,1968,1981-01-01 01:01:02,2025-08-08 11:10:41.203818,100000000,2025-06-30T17:22:35.710512,"ixigo Trains: Ticket Booking
9.0.4.3","ixigo - IRCTC Authorised Partner, Flight Tickets",17 Jun 2025
0FE82C1182173FE0DC015DFC8B3DE906FDA2499F42412FE0422E1CE3B1721F4F,com.busuu.android.enc,1358586,1981-01-01 01:01:02,2025-06-17 08:07:56.526758,50000000,2025-06-17T08:17:28.417839,"Busuu: Learn Languages
32.14.2(1358586)",Busuu,10 Jun 2025
0CBA87A7E540BD29C81FA61C5C74C880877A3CF677E7CED5E0CF90269E5D8B73,br.com.uol.ps.myaccount,993,1981-01-01 01:01:02,2025-08-10 09:12:38.22021,50000000,2023-12-18T21:02:08.965717,"PagBank Banco, Cartão e Conta
4.100.10",PagBank,14 Dec 2023
048A2F7BE7B3CB6887BA4ED2905F7505DB1E9443A125790AD78EEEE2F27F84E7,com.tohsoft.arashi.ninja.shadow,84,1981-01-01 01:01:02,2025-03-03 22:04:05.918135,50000000,2025-03-03T22:23:30.588576,"Ninja warrior: legend of adven
1.84.1",TOH Games,28 Feb 2025
0809143E68C244612F4D836B0985EA7BD94F6AD8F2591E1A605C7D0AE810FCD9,com.droid27.transparentclockweather,1293,1981-01-01 01:01:02,2025-08-09 19:07:20.742553,50000000,2025-07-20T04:49:10.431857,"Transparent clock and weather
8.41.8",MACHAPP Software Ltd,14 Jul 2025
0FF2264CF96215796117FAA3DB776271D2E1869C09830749C802CA71C4B7753E,com.truedevelopersstudio.automatictap.autoclicker,91,1981-01-01 01:01:02,2025-05-01 04:20:29.321634,100000000,2025-05-01T04:23:35.727552,"Auto Clicker - Automatic tap
2.2.8",True Developers Studio,19 Apr 2025
01DDCC95F7B827D7BB8BE0DF25B423D3850996229826DE02C3016311F45258D7,jp.ne.ibis.ibispaintx.app,1300030008,1981-01-01 01:01:02,2025-03-19 22:25:49.182248,100000000,2025-03-12T14:44:08.655763,"ibis Paint X
13.0.3",ibis inc.,12 Mar 2025
03950413EAC01B0F7C3DA4C7733FCE95FCB3FA4E7D053FE4373F720D17D737DD,com.snowcorp.epik,230,1981-01-01 01:01:02,2025-10-18 04:34:33.84257,50000000,2025-10-18T04:34:52.705071,EPIK - AI Photo & Video Editor,SNOW Corporation,16 Oct 2025
2D726AF2D1DA0949C7F3E3A1B6DE753B61AF362AEDC5393A6933C844A82E498F,com.tutotoons.app.smolsiesmycutepethouse.free,8000206,1981-01-01 01:01:02,2025-09-17 17:14:46.733357,50000000,2025-09-17T17:12:22.696815,"Smolsies - My Cute Pet House
8.0.206",TutoTOONS,4 Sept 2025
0DF6A679D0B7B301BC3358FC7E3C64CDD31AAD0E36974A69511E93D22B20CD81,br.com.bb.android,4691,1981-01-01 01:01:02,2025-11-10 13:05:22.057735,100000000,2025-11-10T13:06:18.830373,"BB: Conta Digital Completa
9.85.1.0",Banco do Brasil SA,9 Nov 2025
36A4DE14DC0DB92844118A6FBBC07A17216B155A6738FF6C8C38E4BF3DE9729D,com.michatapp.im,10450,1981-01-01 01:01:02,2025-06-21 15:32:48.860013,100000000,2025-06-21T15:49:19.063616,"MiChat - Chat, Make Friends
1.4.596",MICHAT PTE. LIMITED,19 Jun 2025
00231EF5CAC88CC83663C941D409E3548A9654322CD9042475DEDDAD3061335E,com.ikeyboard.theme.neon.love,806,1981-01-01 01:01:02,2025-09-12 13:21:55.636518,100000000,2025-09-12T13:21:57.338807,"Neon Love Themes
10.0.7_0908",Delicate theme for Android App,8 Sept 2025
4641D4D3565E69F27B3E4D6ED37DAEE4DFFAA285AB2AA87F32AAD8927B62B840,org.zwanoo.android.speedtest,238226,1981-01-01 01:01:02,2025-08-01 05:16:58.779744,100000000,2025-08-01T05:18:36.504972,"Speedtest by Ookla
6.3.0",Ookla,23 Jul 2025
03275A0323A135F5FDF9C3E63E98346E6A564E426C8C7E6DCDAFE829D2743638,com.pianokeyboard.learnpiano.playmusic.instrument,143,1981-01-01 01:01:02,2025-10-16 14:37:34.844375,50000000,2025-10-16T14:37:36.464437,Learn Piano - Real Keyboard,WorkPlay Space,15 Oct 2025
36AE842D692F3E8D8E3C0DCAE6671F2B6001AE031CFE2B14AB1F4B994A163079,com.fundevs.app.mediaconverter,297,1981-01-01 01:01:02,2025-05-22 02:18:25.603879,100000000,2025-05-22T02:26:15.614847,"Video MP3 Converter
2.6.11",FunDevs LLC,9 May 2025
0004DE563A8EBDC21D60EA60875751B0B16523428B8A6CE6CD4EC93EE7BB7EF5,com.razmobi.monstertrucks2,121,1981-01-01 01:01:02,2025-09-14 10:55:20.319645,100000000,2024-06-03T23:48:25.042118,"Monster Trucks Game for Kids 2
2.9.8",Raz Games,1 Jun 2024
0552B064390FDBF05EF6BBC70CA9EF83092B024C0F3BE1043380C3561B40D057,com.amazon.mp3,525160010,1981-01-01 01:01:02,2025-08-06 21:06:45.598244,100000000,2025-08-06T21:07:52.754173,"Amazon Music: Songs &amp; Podcasts
25.16.0",Amazon Mobile LLC,4 Aug 2025
0B59BFD31B8447B094C8C8B1E63BD872DDEB3B31B0DEFB2F9B37D4FA8B9ADBD4,com.mi.android.globalminusscreen,20250823,1981-01-01 01:01:02,2025-09-18 03:37:11.324177,1000000000,2025-09-18T03:47:58.803675,"App Vault
12.61.0",Xiaomi Inc.,11 Sept 2025
119520E24A0EBFA61064BFE365AD89B47AA2ECB733DCC080AE41F0B604B83D9C,com.cocoplay.sweet.bakery,161,1981-01-01 01:01:02,2025-06-15 15:00:02.857154,100000000,2025-01-16T09:02:43.341252,"My Bakery Empire: Bake a Cake
1.6.1",Coco Play By TabTale,26 Nov 2024
0539308DADDD6F5B0DFCCD41F3A212DFBA79F6D1D46AA8DC6765AE6EFC04B9E4,com.google.android.apps.paidtasks,2019049870,1981-01-01 01:01:02,2025-01-15 06:55:37.723547,100000000,2025-01-15T06:56:56.340020,"Google Opinion Rewards
2024120205",Google LLC,10 Dec 2024
192B06D412FAFB25297395DDE53942667E0028DE53409AE776EAF7C9A4CCE263,com.mapswithme.maps.pro,71835,1981-01-01 01:01:02,2025-04-20 17:02:48.408906,50000000,2025-04-20T18:18:37.748281,"MAPS.ME: Offline maps GPS Nav
v16.8.71835-googleRelease",Maps_Me,14 Apr 2025
3557C8AC8574858F4101C158B8B396731AD8F391918AF1052A3AFBE962C3270D,com.xplay.pop_antistress_simulator,10347,1981-01-01 01:01:02,2025-08-27 14:44:38.60915,50000000,2025-06-08T14:00:47.247592,"Antistress stress toy game
5.3.47",XGAME STUDIO,16 May 2025
0AD834CA2ED19BBE45AB9C4F44A5495A9ACDD201919E4F62BA8AA875B7B5B22F,com.sinyee.babybus.taxi,8731450,1981-01-01 01:01:02,2025-08-29 20:37:09.964133,100000000,2025-08-29T20:37:38.229033,"Baby Panda&#39;s School Bus
8.73.14.50",BabyBus,"Aug 22, 2025"
05406B5B8103EEFF416DF9CA1DF7F4889A3A1F91E6F7964462ADD87824ED32AC,com.starmakerinteractive.starmaker,85899401,1981-01-01 01:01:02,2025-11-30 10:05:51.37897,500000000,2025-11-30T10:06:57.631803,"StarMaker: Sing Karaoke Songs
8.99.4",SKYWORK AI PTE. LTD.,25 Nov 2025
0B06C7F5BF4867002BDD0204E4E94522765E44D3C48FF8C1CDEFD033447CF3A3,io.state.fight,250,1981-01-01 01:01:02,2025-06-23 09:46:58.862132,50000000,2025-06-23T09:54:38.233719,"State.io — Conquer the World
1.13.1",CASUAL AZUR GAMES,4 Jun 2025
025D55A76C1CF88E8AD3F9F0D66451FF76490AAAD2ED1379305818ED4E33FAD9,com.didiglobal.passenger,1207058407,1981-01-01 01:01:02,2025-08-01 02:13:33.587697,100000000,2025-08-01T02:14:21.160559,"DiDi - Request a Ride
7.5.84",DiDi Global,22 Jul 2025
03F28E2EEBDE0C4D345276393477E90BE45D7E38F164A9DB3EFD94F7866BC5A4,com.rud.twelvelocksvn,76,1981-01-01 01:01:02,2025-01-14 15:20:04.682959,50000000,2025-01-14T15:30:33.901551,"Vlad &amp; Niki 12 Locks
1.31",RUD Present,3 Jan 2025
06096BD2EA0E376E70CDFECAE978149214FC185BA1619F7C82D06CACF8B1DE3F,com.abi.carracer.racingfree,536,1981-01-01 01:01:02,2025-01-26 10:11:32.086273,50000000,2025-01-26T10:17:02.049775,"Car Stunts 3D - Extreme City
0.6.7",TAGO Studio,17 Aug 2024
03FD3A84BFBF990DEB50CF49C603ABFCFEC0BA0AE27C2ECED0AC52E1941D2011,com.block.juggle,7760,1981-01-01 01:01:02,2025-08-01 19:52:09.507642,500000000,2025-08-01T19:56:15.243468,"Block Blast!
7.7.6",HungryStudio,31 Jul 2025
2E67B057BD4E2065FA76C27D149980F890081CAC74118C2A49A0907473D64DBA,flexus.dye.hard,180,1981-01-01 01:01:02,2025-03-26 12:53:46.149578,50000000,2025-03-26T13:01:14.653825,"Dye Hard - Color War
0.10.11",CASUAL AZUR GAMES,22 Mar 2025
C0F86409B3700D6C13F0ADFED598F98D9ADA72A47231F1718DC786743DA51512,funvent.tilepark,10208,1981-01-01 01:01:02,2025-11-25 21:02:30.507836,50000000,2025-11-25T21:03:04.902787,"Tile Park
1.2.8",Funvent Studios DMCC,21 Nov 2025
308E02DA497FCD72A2E3FC30DA922AFB0815C85CA34516A4289E8F2CA082FAD5,com.macropinch.pearl,5060063,1981-01-01 01:01:02,2025-08-11 07:10:35.989051,50000000,2025-08-11T07:10:52.369455,"Battery
4.0.9",MacroPinch,4 Aug 2025
01942A523B34ECA26634B422EA9AF878CFC66A67A3B933DFBD61DF88F00C4C96,com.pinterest,13288020,1981-01-01 01:01:02,2025-07-23 12:20:12.967253,1000000000,2025-07-23T12:24:17.717287,"Pinterest
13.28.0",Pinterest,22 Jul 2025
0C3D7F3406A8A3794717B1CD3447C49D0CB97BA7384518CACE47B5E4066B981D,com.makemytrip,982,1981-01-01 01:01:02,2025-07-26 17:26:22.484276,100000000,2025-07-26T17:27:58.211539,"MakeMyTrip - Flights &amp; Hotels
10.5.0","MakeMyTrip—Hotel, Flight, IRCTC Authorised Partner",14 Jul 2025
3CAB94C9B9BB424112A230142B3EC3A3B5926FFAE81049CCFB502A0354E1DDBB,com.pixelbite.ga2,22914,1981-01-01 01:01:02,2025-08-05 22:36:24.047175,50000000,2025-08-05T22:40:54.983565,"Reckless Getaway 2: Car Chase
2.29.14",Miniclip.com,23 Jul 2025
0C72A7F878A5EC947E6977FBF5A8CBFEC93FDD71FE6C410DB250861543C120F5,com.ludia.dragons,2194023,1981-01-01 01:01:02,2025-06-11 13:18:32.035471,50000000,2025-06-11T13:20:12.013960,"Dragons: Rise of Berk
1.97.11",Ludia Inc.,9 Jun 2025
0F89AF2252B04B1CBE353093309261A09B73F6764427D3AD9A540240364AEA7C,com.disney.disneyplus,173230783,1981-01-01 01:01:02,2025-08-13 12:04:41.777994,100000000,2024-12-14T13:51:58.277800,"Disney+
3.10.1-rc1-2024.11.22",Disney,22 Nov 2024
1DED0878E545C30214CBC420FD9A53103B31E9FE637223A4477BDC15941A39A8,com.ggv.grand.city.thug.crime.gangester,123,1981-01-01 01:01:02,2025-08-07 11:36:18.200479,50000000,2025-03-14T03:03:14.556522,"Grand City Thug Crime Games
4.7.2",Multi Robot Games,30 Sept 2024
1AA5132E6F44264D55EBAA4CEF5053B8F486420E288DF3D3508F25CD04104218,com.byv.TheArchers2,17707,1981-01-01 01:01:02,2025-07-20 08:10:36.893432,50000000,2025-07-20T08:10:20.792314,"The Archers 2: Game with Bow
1.7.7.0.7",BYV,8 Jul 2025
0131DAEED01982181002A07294CBD12D2630AB5A6CAFA3357EEC1F5C9EFAF877,offroad.racing.game,337,1981-01-01 01:01:02,2025-08-17 07:24:23.388956,50000000,2025-08-17T07:24:55.016476,"Off Road: Mud Truck Games
2.19.1",Azur Interactive Games Limited,10 Apr 2025
2ED447D6D1E8D402F0663EC90B1C764E6BE461DFC4FA60D84488D7796B21B620,com.music.game.dancing.hair.beat.race,91,1981-01-01 01:01:02,2025-02-05 05:20:27.648727,50000000,2025-02-05T05:25:06.587456,"Dancing Hair
1.0.90",TINYMAX HONGKONG LIMITED,22 Jan 2025
4247F089CE038C560F873E5B28AC49B91C66D652AD5B6AF922675C5245C7EA17,com.callerid.block,274,1981-01-01 01:01:02,2025-07-17 11:04:46.588725,50000000,2025-07-17T11:04:18.388364,"Caller ID: True Spam blocker
2.0.9",Ayamote Team,13 Jul 2025
04FBC520703A092470785357C619274A66A79C3ACE09132C0683835733D8BC94,com.adidas.app,54219630,1981-01-01 01:01:02,2025-08-27 00:55:40.523089,50000000,2024-12-11T19:55:07.153907,"adidas: Sneakers &amp; Clothing
5.42.2",adidas,20 Nov 2024
04D0F41F9E4F265C2D135097C9E4BC74739B25135B8FF295282428528D5A3B90,com.imdb.mobile,109140600,1981-01-01 01:01:02,2025-03-12 14:01:57.604973,100000000,2025-03-12T14:03:06.366656,"IMDb: Movies &amp; TV Shows
9.1.4.109140600",IMDb,11 Mar 2025
1A246F91B625B8A73E43C274185355A204E83186FCD81BD8383387D0F7462B1C,com.oppanagames.car.simulator,294,1981-01-01 01:01:02,2025-09-06 23:40:37.535399,100000000,2025-09-06T23:40:53.818696,"Car Simulator 2
1.57.16",OppanaGames FZC LLC,29 Aug 2025
060F673DF10021E2D2E1BD6BE505E91F2393AD1E6DDD188FFAFB4923AC4B2DFE,com.bitsmedia.android.muslimpro,1615050101,1981-01-01 01:01:02,2025-08-26 23:00:32.476903,100000000,2025-08-26T23:00:42.070826,"Muslim Pro: Quran Prayer Times
16.15.5",Bitsmedia,19 Aug 2025
241C1F7C0FC59B7AD68DB924852568FF2189BE6DE11B34A16BFDE4AC3F2986D6,com.ztnstudio.notepad,17961,1981-01-01 01:01:02,2025-08-07 21:12:20.393447,50000000,2025-01-14T03:29:04.964586,"Notepad – Notes and To Do List
3.3.17961",Notepad - Digital Notes Studios,20 Nov 2024
1E4BABD502894B80567A56567A7E0F7571194F29B5BF4169F8AF57C134F56596,kik.android,80000952,1981-01-01 01:01:02,2025-11-13 09:30:41.495551,100000000,2025-11-13T09:31:41.090587,"Kik — Messaging &amp; Chat App
17.8.0.33323",MediaLab AI - Kik,20 Oct 2025
01FAB6236BCF3F9841F60F21C121E16E1269C1CCE85CAEDA6A74AC4BC5276A52,com.grabtaxi.passenger,53600000,1981-01-01 01:01:02,2025-05-30 20:40:10.863116,100000000,2025-05-30T20:42:14.569420,"Grab - Taxi &amp; Food Delivery
5.360.0",Grab Holdings,26 May 2025
1AC631568A2C90AB9C17FB8637F65E1252A9FE2552A906C4FE25106E7ED6C37D,com.vlv.aravali,5040900,1981-01-01 01:01:02,2025-09-08 22:02:29.655169,100000000,2025-09-08T22:03:00.954483,"Kuku FM: Audio Series
5.4.9",Mebigo Labs Private Limited,29 Aug 2025
21E09E59D4A2436A89BA5766BA380048E1CD86BF8CFEEC83452EDD15DA0C63D6,com.google.android.accessibility.switchaccess,651,1981-01-01 01:01:02,2025-06-02 12:46:47.615324,1000000000,2025-06-02T12:46:50.681069,"Switch Access
1.16.0.726766860",Google LLC,13 Feb 2025
023E0CED0FF947235E5D20197D71599B9B9526E0A29081E53FEEBAAB789F5822,com.touchtype.swiftkey,1232666928,1981-01-01 01:01:02,2025-04-09 22:24:03.88355,1000000000,2025-04-09T22:26:56.174342,"Microsoft SwiftKey AI Keyboard
9.10.57.19",SwiftKey,2 Apr 2025
2BAD7A0B0D1709CF6D1BEC05DA3475A398FE9D5DE5248378B20D6ABA9494FC38,com.axis.mobile,165,1981-01-01 01:01:02,2025-05-12 17:25:34.055623,50000000,2025-05-12T17:20:11.317547,"Axis Mobile: Pay, Invest &amp; UPI
10.7",Axis Bank Ltd.,19 Mar 2025
207B5843348CA465905E1D3CAD7DF47F7BFE91DBB9CB95DB92DDA3D532E65023,com.scorp.who,270,1981-01-01 01:01:02,2025-08-11 23:16:24.783019,50000000,2025-02-18T11:19:01.867178,"Who - Live Video Chat
1.10.87",Media Republic Apps,20 Jan 2025
0AA7840F21F9A665B786FBBD0FC4446C63DFFC3327E2A759A1A37ECCE8FE33C6,com.WandaSoftware.TruckersofEurope3,143,1981-01-01 01:01:02,2025-04-01 00:02:22.698212,50000000,2025-04-01T00:12:10.798642,"Truckers of Europe 3
0.49.3",Wanda Software,28 Mar 2025
08FABC32F5D20DE0429BBD6BFF045B701D2EA4BE9E06B8722BBC1EBB5BF78D86,com.coinbase.android,132000150,1981-01-01 01:01:02,2025-08-08 19:17:42.337307,50000000,2025-06-21T02:11:47.779986,"Coinbase: Buy Bitcoin &amp; Ether
13.20.15",Coinbase Inc,9 Jun 2025
09AABAFD5719E043E7AC97003B745BF445C0DBDA843280AB4BDEFD18755F9421,com.easybrain.art.puzzle,40400004,1981-01-01 01:01:02,2025-11-30 06:21:38.159878,100000000,2025-11-30T06:21:57.873029,"Art Puzzle - Puzzle Games
4.4.0",Easybrain,17 Nov 2025
36F803FDAA10A30BF20E08C611545D5F27E4977452705B1996BFFD092A82AC63,com.heytap.music,101501421,1981-01-01 01:01:02,2025-06-23 11:23:42.26574,500000000,2025-06-23T11:41:13.872363,"Music
48.15.1.42.1_95dedee_250617",AllSaints Music Group - HeyTap,17 Jun 2025
0122F1D8D4E8293878E35D177441B084ABF068C4D1AD8C78879B9EADE9D9A1CE,com.traveloka.android,1846,1981-01-01 01:01:02,2025-08-08 23:31:24.690147,50000000,2025-05-31T22:38:38.918931,"Traveloka: Book Hotel &amp; Flight
5.20.0",Traveloka,19 May 2025
110CACE73AD7BC6418C43E6DA2A19D8A63D993B512BAC29BF038131F980DEF78,net.one97.paytm,721716,1981-01-01 01:01:02,2025-08-06 06:17:08.054478,500000000,2025-06-22T10:01:28.791004,"Paytm: Secure UPI Payments
10.60.1",Paytm - One97 Communications Ltd.,13 Jun 2025
01F5BB41BF59B2B1DB04D88F7F55891D5C4B0331122B6B8C284B39C658E42735,trendyol.com,896,1981-01-01 01:01:02,2025-06-12 13:56:52.4782,100000000,2025-06-12T14:16:26.977622,"Trendyol - Online Alışveriş
7.45.3.896",Trendyol,11 Jun 2025
00E68C5C35C2779FD99A90D8D48272B93028680B35493215720B6585BC6017C6,com.google.android.youtube,1552418240,1981-01-01 01:01:02,2025-01-25 02:06:41.432045,10000000000,2025-01-25T02:12:53.828087,"YouTube
20.03.40",Google LLC,23 Jan 2025
0316D51D996DB41CFD4B0D5684532931C9EE7A99F7C0B936F2A70C4D402BFBB6,com.crazylabs.hair.dye.challenge,1939,1981-01-01 01:01:02,2025-08-08 04:05:40.54295,50000000,2025-04-09T16:37:33.122579,"Hair Dye
1.9.3.9",CrazyLabs LTD,4 Apr 2025
04E8349C9B55F21C12243E332FE2ECEB887A2CE1E06E8745845C0FA286897615,com.p1.mobile.putong,2628020,2024-06-04 17:23:00,2025-08-11 08:20:21.054518,50000000,2024-06-08T03:38:08.103436,"TanTan - Asian Dating App
6.2.8",Tantan Hong Kong Limited,4 Jun 2024
01BD1B3C9BAA14AC92417B5A4C8A20516021433D78A246722822640E10F5B2F3,com.axlebolt.standoff2,203509,1981-01-01 01:01:02,2025-04-19 10:25:25.975206,100000000,2025-04-19T10:36:27.990063,"Standoff 2
0.33.2",AXLEBOLT LTD,16 Apr 2025
01C7D223AE4E6C0192FC2FEAEF76C04E1707131388358405CC49161C62568287,bubbleshooter.android,900000577,1981-01-01 01:01:02,2025-03-15 06:23:36.871147,50000000,2025-03-15T06:27:30.667079,"Bubble Shooter
11.4.4",Ilyon,26 Feb 2025
45EFA6A0FD6A55743BB0C02DDA1386A2FA10418B7AA9351860C25BD9EFBFE873,beatmaker.edm.musicgames.pianofire2,76,1981-01-01 01:01:02,2025-11-07 22:34:47.843565,50000000,2025-11-07T22:34:48.895938,"Piano Fire 2: Slide Challenge
1.0.76",Adaric Music,5 Nov 2025
1148D1DB86F54BBFFE394C803760854C62461979401BDDACF1431480AE7B4137,pdf.tap.scanner,3062,1981-01-01 01:01:02,2025-03-30 21:23:39.991475,100000000,2025-03-30T21:39:12.607052,"PDF Scanner app - TapScanner
3.0.62",Tap AI,27 Mar 2025
27BC21D2090BF2DAACDFAA0C8EBB4B08B3FAD76D28C55F2C49C9DB0F92082359,com.playgendary.ktb2,13070,1981-01-01 01:01:02,2025-10-02 15:00:08.983154,50000000,2025-10-02T15:00:38.014221,"Kick the Buddy: Forever
2.0.21",Playgendary Limited,30 Sept 2025
36FBE17745F7C463891303CD50CCB3375EAB5E737718A562695FC24F64A66653,com.rollic.tanglemaster3D,417,1981-01-01 01:01:02,2025-10-10 21:19:46.68733,100000000,2025-10-10T21:20:45.154820,"Tangle Master 3D
46.5.10",Rollic Games,"Oct 7, 2025"
37E3837F75072DC4C8BA2F0C92B1B774104A4BB80BAA1EFD04ACA02DE571D6BD,com.gtsy.annoying.punch.game,43,1981-01-01 01:01:02,2025-11-30 05:46:18.80987,50000000,2025-11-30T05:46:19.460679,"Annoying Uncle Punch Game
0.4.3",Game District LLC,13 Nov 2025
00CACD5E6AEA1B6F28E9836CD7C7ED93DD35043FA33B7710754A412BD91DEDCD,music.video.photo.slideshow.maker,613,1981-01-01 01:01:02,2025-08-12 02:09:06.144823,50000000,2025-08-12T02:10:19.213811,"Music Video Editor – Vidshow
2.35.613",Mivo studio,5 Aug 2025
0AA9F74B8D45FE2F154F1523B4AC871CFE31DD32C1C85E7F1B9E362D76D41F29,com.nexters.herowars,125101002,1981-01-01 01:01:02,2025-08-08 06:45:00.271926,100000000,2025-08-08T06:45:01.251776,"Hero Wars: Alliance
1.251.100",NEXTERS GLOBAL LTD,31 Jul 2025
2E6524683E39B6E912D21BB621B52025C23647EA049FE993793292EB6B76FA0D,org.altruist.BajajExperia,1341,1981-01-01 01:01:02,2025-09-02 14:36:22.975089,100000000,2025-09-02T14:36:48.530999,"Bajaj Finserv: Personal Loan
P.13.2.5",Bajaj Finance Limited,25 Aug 2025
0300D1FB03CCB351747A34DCE4F91CA1B00B7DD4989F0CC74C610FFD78C526EE,com.cyberlink.powerdirector.DRA140225_01,2503273,1981-01-01 01:01:02,2025-03-29 10:06:08.626634,100000000,2025-03-29T10:07:40.014555,"PowerDirector - Video Editor
15.0.1",Cyberlink Corp,27 Mar 2025
3539F1E3FB521FCFA7FADF7F180A46B420B598C5C2955B8A3772E86A2296D5B4,com.nintendo.zaka,410839201,1981-01-01 01:01:02,2025-05-30 18:51:17.358643,100000000,2025-05-30T18:51:57.869367,"Mario Kart Tour
3.6.3","Nintendo Co., Ltd.",19 May 2025
0AB2931836D57F8D0BD6A3BE8992DF4B89F3B2C3D02858AFA63C044B8102FC58,com.mwm.sampler,410641000,1981-01-01 01:01:02,2025-10-13 09:41:01.093453,50000000,2025-10-13T09:41:41.109003,"Beat Maker Pro - DJ Drum Pad
4.10.00",MWM - AI Music and Creative Apps,"Oct 9, 2025"
0EBB8D813A50C80106E7A05EFD2A35E0B2E58647D56E582D37CC2BA68392F0BB,com.yolostudio.theimpostor,65,1981-01-01 01:01:02,2025-03-11 13:40:42.438556,50000000,2025-03-11T13:41:08.782160,"Red Imposter
1.4.7",ABI Games Studio,17 Jan 2025
0340108273381052203DBADD5801A6C78D43919256400A1D5A829DFA6B487A2E,com.ktb.customer.qr,932191,1981-01-01 01:01:02,2025-07-14 01:29:04.311483,50000000,2025-07-14T01:29:05.954022,"เป๋าตัง - Paotang
15.13.0",Krungthai Bank PCL.,19 Jun 2025
24796183EBDA97AF9B5C0A9F2BA9DC31882F5C97BDE14E533586D291B6B79C10,com.marsvard.stickermakerforwhatsapp,1000931,1981-01-01 01:01:02,2025-08-16 20:52:52.027256,100000000,2025-08-16T20:52:52.940017,"Sticker maker
1.0.9-31",Viko & Co,"Aug 4, 2025"
05C0143B317061CD29DBE4105B96820F4E3487A10006D05A74F05AFF266085AD,com.BeerMoneyGames.Demolition2,1721,1981-01-01 01:01:02,2025-02-19 23:40:06.940596,50000000,2025-02-19T23:54:53.399022,"Demolition Derby 2
1.7.21",Beer Money Games!,15 Jan 2025
0B573DE14A9C1E5FDD4CFB57D12C7740D09A819496A19F631357FDE253373AFD,com.app.cricketapp,273,1981-01-01 01:01:02,2025-09-18 06:30:02.405095,50000000,2025-09-18T06:30:59.581516,"Cricket Line Guru
27.3",Cricketguru.com,8 Sept 2025
0148618E17DEBDA73FDD7D4F7E139B95627A28F0E3AC369B264940F46A5A6E7D,games.spearmint.triplecrush,110070,1981-01-01 01:01:02,2025-08-10 15:37:57.698672,50000000,2025-01-06T17:13:59.426621,"Tiledom - Matching Puzzle
1.10.70",Funvent Studios DMCC,30 Dec 2024
0FEFC9EDE7F405A88645E2B84DD36A3DD3DFAC4DF3F8FBD31EF3302E752E635B,com.weplaydots.twodotsandroid,1805064107,1981-01-01 01:01:02,2025-01-10 15:01:38.709173,50000000,2025-01-10T15:04:15.121561,"Two Dots: Offline Game
8.83.0",PlayDots,7 Jan 2025
1765A0EAB078519FD534425F29B6FD2C84D0ADF6C4F45CA9DF1C96E285D9C66D,com.rovio.angrybirdstransformers,23400,1981-01-01 01:01:02,2025-05-28 21:58:26.593158,50000000,2025-05-28T21:59:29.443528,"Angry Birds Transformers
2.34.0",Rovio Entertainment Oy,26 May 2025
0B95AEC87CC126A955362CFBF7331EAC3B66F2C701A9FFE190934440BF541866,com.MelsoftGames.FamilyIslandFarm,84443,1981-01-01 01:01:02,2025-11-20 15:24:03.092486,50000000,2025-11-20T15:24:09.977955,"Family Island™ — Farming game
2025188.2.84443",Melsoft Games Ltd,19 Nov 2025
33BAE4185A4C1F078DB3D83A08D087792FE9E6BB3B59DE4FC76CDE15167F8BAD,com.chillingo.robberybob2.android.gplay,417040,1981-01-01 01:01:02,2025-09-26 19:11:34.014597,100000000,2025-09-26T19:13:46.298327,"Robbery Bob 2: Double Trouble
1.17.0",Deca_Games,"Sep 23, 2025"
29728BCA388B31745E6BDDA6D5C54DD1538AB8F7065F6E56032024C95E5ABC9A,candymanor.homedesign.match3,176,1981-01-01 01:01:02,2025-08-27 09:46:17.423308,100000000,2025-08-27T09:56:19.199220,"Candy Manor - Home Design
176",重庆红海无限科技有限公司,26 Jun 2025
06ABBFFBFF99CA6DD1EFA2A195F71BAEF28D8CB6BDB33FE7A346A698E247D3AE,com.ea.game.starwarscapital_row,131,1981-01-01 01:01:02,2025-05-15 19:01:43.580433,50000000,2025-05-15T19:03:31.328893,"Star Wars™: Galaxy of Heroes
0.36.1766677",ELECTRONIC ARTS,7 May 2025
2075DDC0466DF92E17EE49E3F6AFC9188A72D09B8CF4C2AA4D61355417DBDA83,com.quora.android,2617,1981-01-01 01:01:02,2025-11-22 09:55:34.134122,50000000,2025-11-22T09:56:44.536523,"Quora: the knowledge platform
3.2.34","Quora, Inc.",20 Nov 2025
038DF83D735442133FA02DF8EC3B13DB85F38C3D0EB990E1D5260B2AD9E0AC7B,com.ubercab.driver,254682,1981-01-01 01:01:02,2025-11-28 09:45:55.768988,100000000,2025-11-28T09:47:07.074815,"Uber Driver: Drive &amp; Deliver
4.554.10000","Uber Technologies, Inc.",17 Nov 2025
0417FBAC5AED0683B5CF25D462D5CABF9B6285BEB6D44A4BBA76AF07396141E3,com.newnormalgames.phonecasediy,4500,1981-01-01 01:01:02,2025-09-17 23:53:58.663065,100000000,2025-09-17T23:55:46.095546,"Phone Case DIY
4.5.0.0",CrazyLabs LTD,9 Sept 2025
23383C737E31554AA04B14FFC3647E1963C2C0E1C2F73B5D79ADC032D6298B72,com.opera.mini.native,908077167,1981-01-01 01:01:02,2025-04-14 18:55:56.772651,500000000,2025-04-14T18:56:57.206557,"Opera Mini - Fast Web Browser
90.1.2254.77167",Opera,11 Apr 2025
09685C2CBC98E348B311654FEF2EEBB69C11485F48609E1132C83665D713B58B,com.crazylabs.acrylic.nails,2224,1981-01-01 01:01:02,2025-09-08 14:28:39.071253,100000000,2025-09-08T14:38:34.151577,"Acrylic Nails!
2.2.2.4",CrazyLabs LTD,18 Aug 2025
0E44A53B2EC3079E8E227208E61E8A0430D9F94A497C447807577C74FBCFC872,com.fungames.sniper3d,19738,1981-01-01 01:01:02,2025-08-09 09:56:16.550288,500000000,2025-08-09T09:58:55.696059,"Sniper 3D：Gun Shooting Games
5.28.1",Wildlife Studios,4 Aug 2025
03F5DFAA27CF17932C73D6A23EC9E05AB3A54345A7A1F50DC5D17C4BB50AA04E,com.camelgames.superking,3250,1981-01-01 01:01:02,2025-09-22 11:24:23.605211,50000000,2025-09-22T11:24:03.701906,"War and Order
4.0.47",CamelStudio,"Sep 16, 2025"
1F10D4250F345DB6C67C62F10F9A984EF0689EC206AF3E79100BB9335C6B44E4,com.devgame66.csshot,882331,1981-01-01 01:01:02,2025-09-30 10:35:45.140626,100000000,2025-09-30T10:37:47.851835,"Gun Strike: FPS Shooting Games
3.3.1",Fun Shooting Games - FPS,17 Sept 2025
3424FD46C8B317C7ECDA7ABEFFF5142112286293A9A1F1BF2DFAF49704C9760B,com.crazylabs.coin.rush,1758,1981-01-01 01:01:02,2025-03-17 09:56:46.031944,50000000,2025-03-17T09:56:46.384190,"Coin Rush!
1.7.5.8",Coco Play By TabTale,25 Jan 2025
0A5EE2136F22DD1E413AD9085AB2231CF3325709A46C1AEBE3A00B064F801CE5,com.spacegame.homedesign,202,1981-01-01 01:01:02,2025-10-18 06:10:27.58796,100000000,2025-10-18T06:10:48.346477,"My Home - Design Dreams
1.0.506",ZenLife Games Ltd,17 Oct 2025
0818DDE427C6589736F96F1E30084B58158BE16DDAB0FC5A6EF0AA5E8E16A424,com.gojek.app,5104,1981-01-01 01:01:02,2025-02-20 01:33:01.488653,100000000,2025-02-20T01:38:06.088520,"Gojek
5.10.1",PT. GoTo Gojek Tokopedia Tbk,6 Feb 2025
19C8ABBA9FC1F6A9FF2217E73AA888B5BD7AEB85013728E6E45482B17F58F90D,photo.filter.selfie.beauty.camera,532,1981-01-01 01:01:02,2025-09-12 08:48:44.088691,50000000,2025-09-12T08:49:37.721239,"Beauty Camera -Selfie, Sticker
5.3.2",Leopard V7,6 Sept 2025
1CFB9870B5CE00F65DD1A2FC4AE9884190623A5222F99D3D9DACFDDFEBCD178B,com.mcdonalds.mobileapp,44680,1981-01-01 01:01:02,2025-09-14 10:19:30.05755,100000000,2025-09-14T10:19:30.654340,"McDonald&#39;s
3.31.0",McDonald's Apps,8 Sept 2025
19550A9D75789DA91E2954BEED599B312ACF241BD2F6814474E3F4709B0CD347,com.bingo.livetalk,300106,1981-01-01 01:01:02,2025-08-26 20:32:09.465006,100000000,2025-08-26T20:32:38.863853,"Livetalk - Live Video Chat
2.0.106",Videokar,11 Aug 2025
1C2FDFBB0F19E1586D6BA95FEBA401A8F37EE6DB5A03C5A12CEB89065C8F867A,org.mozilla.firefox,2016099943,1981-01-01 01:01:02,2025-07-08 05:40:46.742346,100000000,2025-07-08T05:39:36.457861,"Firefox Fast &amp; Private Browser
140.0.3",Mozilla,30 Jun 2025
0BDCB659F1D75C9AE2F66F2502B3C6AA42D4F925B9B4B3C230FEC45093B899F6,com.adsk.sketchbook,454135,1981-01-01 01:01:02,2025-06-03 12:46:04.954079,100000000,2025-06-03T12:47:46.470057,"Sketchbook
6.2.0",Sketchbook,28 May 2025
354C5A557EDABA53DF2C7714C5EF1205A57C94DA9EF47BCD4DE0CC0D1039CD68,com.jumia.android,340,1981-01-01 01:01:02,2025-09-16 21:39:59.840853,100000000,2025-09-11T11:28:09.616319,"JUMIA Online Shopping
17.12.1",JUMIA,"Aug 27, 2025"
2435247FE3BCDEAF6044F3EC1380575609E7ABE825CF941212FDAA1234CB6857,com.winzo.platform,4213,1981-01-01 01:01:02,2025-10-14 20:13:02.258793,50000000,2025-09-22T02:05:21.377377,"WinZO: Play Games &amp; Watch TV
35.9.4213",Tictok Skill Games,9 Sept 2025
003F7C10F2770B389D0757A4364271AE9F1B6176EEFF6877E5F2DEF40268B3D4,com.igg.android.doomsdaylastsurvivors,75050,1981-01-01 01:01:02,2025-01-09 18:29:49.653751,50000000,2025-01-09T18:54:39.096944,"Doomsday: B.Duck
1.38.0",IGG.COM,27 Dec 2024
355B946E05D484F11F1ABD64272010893EA94AAAC66D1830A9776B4AC33623D6,com.applus.torch.light.flashlight.flashalert,92,1981-01-01 01:01:02,2025-07-15 00:12:26.174459,50000000,2025-07-15T00:13:45.919151,"Flash Alert: Led Flashlight
1.92",Applus Studio,11 Jul 2025
0DC07A1EE7AF586890468E8EE20567386C5B3ADD437A1F60BCBBF3306F67BF91,io.faceapp,15902,1981-01-01 01:01:02,2025-07-12 11:34:25.36899,500000000,2025-07-12T11:34:14.129687,"FaceApp: Perfect Face Editor
12.7.1.1",FaceApp Technology Ltd,9 Jul 2025
0ABA79E13D2CCBB68EBFE8982AC2BC9B4292CB4912941C8B421B6121944D03F8,com.transsion.phoenix,5946,1981-01-01 01:01:02,2025-09-21 01:06:00.436506,1000000000,2025-09-21T01:06:18.577044,"Phoenix - Fast &amp; Safe
19.4.2.5946",Colorful Point,19 Sept 2025
040EE57314DD8079780AA886640BE0E300D8E1070399B990A24021F2A243F96C,com.je.supersus,167250301,1981-01-01 01:01:02,2025-07-26 12:02:15.548373,100000000,2025-07-26T12:02:08.943402,"Super Sus
1.67.25.031",PIProductions,24 Jul 2025
0B8F85AE3BCA070AB8FBB437E6D182D84BBB689D3A04A6C1FED030DE6D2A0153,com.hyperkani.bomberfriends,888,1981-01-01 01:01:02,2025-09-07 08:12:28.010751,100000000,2025-09-07T08:13:19.460215,"Bomber Friends
5.62",Hyperkani,"Sep 5, 2025"
26D1A7713D3DA8930877D62E18DDEA4975787236C547F969EFB450F1D105C994,com.crafto.android,848,1981-01-01 01:01:02,2025-10-18 01:15:14.002936,100000000,2025-10-18T01:15:31.753260,"Crafto
9.7.4",Kutumb App,16 Oct 2025
9F0669709AAB485EB33B5A31C5144277D6D1E9781ED11EE594FABA26158861D6,com.agminstruments.drumpadmachine,920,1981-01-01 01:01:02,2025-06-17 15:38:21.721024,100000000,2025-06-03T11:26:32.239439,"Drum Pad Machine - music maker
2.28.0",Easybrain,19 May 2025
0A18609FB69779C1256FED3AA12343173D51A5BB72FB68D537DB1BD8561C8997,ee.mtakso.client,3351,1981-01-01 01:01:02,2025-06-06 15:48:23.568396,100000000,2025-06-06T15:51:47.887556,"Bolt: Request a Ride
CA.164.1",Bolt Technology,5 Jun 2025
371EB027CC5E150B79C7BE6ABD8C805733139ABCC2062F685C9934C7D395CC92,com.blockycars.online,900465,1981-01-01 01:01:02,2025-02-20 08:05:16.667418,50000000,2025-02-20T08:08:47.503791,"Blocky Cars: tank games online
8.5.10",Go Dreams,12 Feb 2025
901DD7A8D2D0A86F06002EAF0421FA769FCEC75CCFCD98C52F267D08E7545A81,com.emeint.android.myservices,1040,1981-01-01 01:01:02,2025-10-18 12:49:35.585573,50000000,2025-10-18T03:31:02.207340,Ana Vodafone,Vodafone Egypt͏,5 Oct 2025
66DFBAAE7FE17E40B8A8A9726F80DFB1268C6DFB743BD5C8B2FE6F8DDD3B6D00,com.taobao.taobao,715,1981-01-01 01:01:02,2025-10-01 19:15:44.682988,50000000,2025-10-01T19:16:31.549700,"Taobao
10.53.10.6",Taobao,24 Sept 2025
02F2BB80374F63F4C9639AC8F8A46A3BD1177BFCDEA180E4A7D2E8BD48B21354,com.trassion.infinix.xclub,775,1981-01-01 01:01:02,2025-08-04 18:18:49.289525,500000000,2025-08-04T19:02:14.083593,"XClub
5.1.7.2.1",Transsion Holdings,24 Jul 2025
0B43ACE33FE0354EDE0ABCA35014261884D0058F9D290339934B1AB58A4613DD,com.colobolo.chainball,110395,1981-01-01 01:01:02,2025-09-27 20:21:44.714815,50000000,2025-09-27T20:23:05.325605,"Chain Cube 2048: Number Merge
1.130.0",CASUAL AZUR GAMES,"Sep 18, 2025"
05AE60D61DE074E37256979AA2868CED3C4595351D371AEAB0A31A80F1050572,com.globo.globotv,999980,1981-01-01 01:01:02,2025-08-10 06:47:31.451191,100000000,2025-04-20T17:20:56.262392,"Globoplay: BBB 25, novelas e +
3.469.1",Globo Comunicação e Participações S.A.,17 Apr 2025
EAF7CB387DFC9B139FB977CC63A3889551DAD6F5C6569BC9D3B2137E2CB1C4E8,com.ovilex.trucksimulatorusa,1015,1981-01-01 01:01:02,2025-08-27 03:52:10.835085,50000000,2025-08-27T03:52:56.811672,"Truck Simulator USA : Classic
10.0.15",Ovidiu Pop,18 Aug 2025
1FE8A613E7E7F6FCECC5B8C6DF61C589BDAA544BB9422806D900C1159827D344,jp.co.goodroid.hyper.snow,29,1981-01-01 01:01:02,2025-02-14 21:37:00.932259,50000000,2025-02-14T21:37:01.542851,"Snow Race!
2.1.5","GOODROID,Inc.",2 May 2024
01BE296672B2FD542EDB5096BECA4665FDBA115C2A0805093C6E58E6B7593C54,glitchvideoeditor.videoeffects.glitchvideoeffect,2540004,1981-01-01 01:01:02,2025-08-10 01:50:48.597402,100000000,2024-06-09T05:49:53.381732,"Video Editor&amp;Maker - VideoCook
2.5.4",InShot Inc.,10 May 2024
0422A18F1FC5265504B0083727DD660E80A3E67258A1D37C8A9F92EF1158DC8D,com.chrome.beta,683400531,1981-01-01 01:01:02,2025-08-07 06:33:16.333166,50000000,2024-11-18T16:15:26.752348,"Chrome Beta
132.0.6834.5",Google LLC,14 Nov 2024
10BF9334C0B9FA4C302D4A3D925E57DF4B681FFBBB331267CCEA1125D5A9EEB5,com.themausoft.wpsapp,100,1981-01-01 01:01:02,2025-08-16 16:31:37.521305,100000000,2025-08-16T16:32:46.004607,"WPSApp
1.6.71",TheMauSoft,13 Aug 2025
256F2361F08209AFB598519A9D98E4EAEFEB5C3F1173BDBE2B450EAAA1D765A1,vinkle.video.editor,11017,1981-01-01 01:01:02,2025-09-23 00:11:57.734266,100000000,2025-09-23T00:19:58.157774,"Beat.ly: AI music video maker
2.48.11017",Mivo studio,21 Sept 2025
094601BD9AA2270B180813D9326FFDEDBCCD998108AD6AFE486D5FEFE6B9DA8F,com.onebutton.mrsuper,17501,1981-01-01 01:01:02,2025-08-01 14:05:09.571949,50000000,2025-08-01T14:05:10.828323,"The Superhero League
1.75",Lion Studios,10 Jul 2025
08D78472ADE72E0BDAEE942A14A4DC4AC3714E4C27D898CD15DE14A70B8F3DE6,com.tellmewow.senior.hangman,5566,1981-01-01 01:01:02,2025-03-19 13:06:09.571708,50000000,2025-03-19T13:16:01.552312,"Hangman
5.5.66",Senior Games,17 Mar 2025
3461C61DF50AF43F4F286CB0C7B7D09EB7679084B00029445C29B66AE6E3ACDD,com.lyrebirdstudio.photocollageeditor,205736,1981-01-01 01:01:02,2025-09-30 12:17:16.115463,50000000,2025-09-30T12:18:51.278668,"Collage Maker Photo Editor App
3.1.0",Photo & Video Editors - Instant Solution,5 Sept 2025
04E106EEF06E0CBFAAD7064C93FFF42E61616998EA4985303B68F8B57F5D4EAB,com.CarXTech.highWay,235,1981-01-01 01:01:02,2025-01-14 08:26:37.195062,50000000,2025-01-14T08:33:36.829428,"CarX Highway Racing
1.75.4",CarX Technologies,4 Dec 2024
3E3A3F4F5F81C058CE6579AAADFB3FB457856EA541F76C21540B726EDF1F77DC,com.nequi.MobileApp,33022605,1981-01-01 01:01:02,2025-08-30 12:32:46.30836,50000000,2025-08-30T12:34:21.037989,"Nequi Colombia
6.0.51",Bancolombia S.A.,12 Aug 2025
11752F57B3134141EEF6E0668EF4D0E7F1CD3515114C5C33E3BDC76FE2C9AF65,com.shaiban.audioplayer.mplayer,1070040302,1981-01-01 01:01:02,2025-02-24 14:09:19.097848,100000000,2025-02-24T14:09:21.727135,"Music Player - MP3 Player
7.4.3",Red Sky Labs,20 Feb 2025
26BB9F85D2414A70D4EDF307919499AB859861D319370F0524A65B342F01798E,com.drilens.wamr,70,1981-01-01 01:01:02,2025-02-19 20:44:23.948293,50000000,2025-02-08T04:42:02.605760,"WAMR: Reveal deleted messages!
2.2",drilens,3 Feb 2025
3777F1D280B2A2925D21DD66F11E1D5CBA4CFF607D2B427AEF869514DD629935,com.sec.android.app.sbrowser,1280059502,1980-01-01 00:00:00,2025-05-13 00:21:56.586887,1000000000,2025-05-13T00:22:54.214528,"Samsung Internet Browser
28.0.0.59","Samsung Electronics Co.,  Ltd.",1 May 2025
0EE0E1D7B3354020BB77CF6CAEE7298ACA6C53889598F97ACCA0BF475B5F9027,com.sinyee.babybus.shopping,8713400,1981-01-01 01:01:02,2025-01-18 04:21:50.919124,100000000,2025-01-18T04:32:18.887623,"Baby Panda&#39;s Supermarket
8.71.34.00",BabyBus,5 Jan 2025
28E0FE0ABFC009281340D98A316D3267FB0D91F0203A7CE586FB3A28D4113900,com.atesgamestudio.rollance,143,1981-01-01 01:01:02,2025-10-08 15:51:08.316482,100000000,2025-10-08T15:51:26.871668,"Rollance : Adventure Balls
0.14.71",CASUAL AZUR GAMES,6 Oct 2025
12CE2EF9C7CADA2DB91E3FF3496EA4D76FE8B43C3E414A8FE683E884371C47DD,com.google.android.apps.youtube.music,84353240,1981-01-01 01:01:02,2025-11-03 10:49:54.367179,5000000000,2025-11-03T10:51:24.784319,"YouTube Music
8.43.53",Google LLC,23 Oct 2025
247D74ACCAB3C6CF891D9CAEC6D448FE28C35E46CDACD37D2C6138E8C8E705F5,com.junkremoval.pro,105,1981-01-01 01:01:02,2025-08-28 18:04:02.168512,50000000,2025-08-28T18:04:49.057004,"Junk Manager
1.0.95",sansara tools,"Aug 19, 2025"
35E46DEBB51481C267E25E7FED5AE84AA318C1359E06CF3CFF2BA4CDD2E0FB16,com.ea.gp.fifamobile,40240,1981-01-01 01:01:02,2025-09-16 06:59:10.884093,500000000,2025-01-11T12:52:12.945093,"EA SPORTS FC™ Mobile Football
24.0.01",ELECTRONIC ARTS,12 Dec 2024
87E3960428F87E28FADF78B2A21344D54C5BEF01D5DE2498D5B38D1352730D7C,com.turner.tooncup,80304005,1981-01-01 01:01:02,2025-10-10 23:58:47.742734,100000000,2025-10-10T23:58:36.174781,"Toon Cup - Football Game
8.3.4",Cartoon Network EMEA,9 Oct 2025
01F9EE4345974E0C55994D1BEA6255CAA2E29EC9FBFF0B2BF5536670670EAC85,com.vialsoft.radarbot_free,330,1981-01-01 01:01:02,2025-08-05 16:25:59.830805,50000000,2025-04-24T09:05:27.190990,"Radarbot Speed Camera Detector
9.18.30",Radarbot Company,21 Apr 2025
32B0EFB2A69F4C5937163214A8821216875ACA4BCBD5550053F3ACAD1BD3945B,com.appadvisory.drawclimber,370,1981-01-01 01:01:02,2025-05-02 20:33:16.203927,100000000,2025-05-02T20:33:56.011163,"Draw Climber
1.17.00",VOODOO,6 Mar 2025
1E28BB5D1B423ACB3B74CBFDD48D40F90A3DD3F5AE746BBA113E65D10CF86744,com.wallpaperscraft.wallpaper,35000,1981-01-01 01:01:02,2025-01-17 20:56:50.696907,100000000,2025-01-17T21:13:49.820161,"Wallcraft: 4K Wallpaper Live
3.50.0",Nebuchadnezzar DOO,12 Dec 2024
067D7917F141FEBB5927CF36786FFC8C79EF5AB21EA25CD8AFD0306675BB9805,com.adobe.reader,1928328525,1981-01-01 01:01:02,2025-08-11 08:17:27.86775,500000000,2023-12-02T21:15:48.349182,"Adobe Acrobat Reader: Edit PDF
23.7.0.28525.Beta",Adobe,10 Jul 2023
0320C96481E6DB9918FA1F8FCCE6A93A9BD0D193A088AE8FB7001A90A82DA2B4,com.microsoft.office.powerpoint,2004649283,1981-01-01 01:01:02,2025-07-09 12:28:11.7931,1000000000,2025-07-09T12:29:31.511892,"Microsoft PowerPoint
16.0.18925.20074",Microsoft Corporation,20 Jun 2025
06CA2D7C660AD4E4DD86F5E4C9F09E69B777E364C376735BD0CD422FE031F530,com.shazam.android,1501400,1981-01-01 01:01:02,2025-08-05 01:39:34.344359,500000000,2025-03-19T10:22:00.741358,"Shazam: Find Music &amp; Concerts
15.14.0-250313",Apple Inc.,14 Mar 2025
2E0B5CB679737A6C9429CC2546F27D187A52CE72404D510FC776EAA1FB58C7B8,com.kid58.lianyong.princessIII,8730000,1981-01-01 01:01:02,2025-10-19 01:52:41.488075,50000000,2025-10-19T01:52:42.465328,Little Panda: Princess Salon,BabyBus,"Oct 14, 2025"
02BEB9B2DA66CB14F40E33D3555557C3597F6DDE9A678FFC486BB35317B289D4,com.daerisoft.thespikerm,6003312,1981-01-01 01:01:02,2025-10-13 10:32:08.616421,50000000,2025-10-13T10:32:26.866300,"The Spike Cross - Volleyball
6.3.312",SUNCYAN,12 Oct 2025
0AA11C3E637C110A5849569F025734B87F215C43C78FCCABC11BC00621E179B9,com.transsion.carlcare,3610,1981-01-01 01:01:02,2025-07-18 09:12:44.912414,1000000000,2025-07-18T09:13:11.027912,"Carlcare
V6.4.1",Transsion Holdings,10 Jul 2025
1281BDCB478C5B1C9909F7B1D1F339A21F41119C497A66AD071D58E22AF4C4E9,com.telenor.pakistan.mytelenor,139,1981-01-01 01:01:02,2025-06-03 22:04:53.369021,50000000,2025-06-03T22:26:19.838339,"My Telenor
4.2.56",Telenor-Pakistan,29 May 2025
1A58AEE898311280D34C2477616F1D4777CA3CA96F02D481FD00FDEE772CEB52,com.playtoddlers.urbancitystories.free,15206,1981-01-01 01:01:02,2025-08-10 12:08:20.239665,50000000,2025-08-03T16:15:34.402909,"Urban City Stories: World Game
1.5.2",SUBARA,29 May 2025
0BFC42D3C8711990D81EB4283983936600E75DD3E80277F07A1A8700D0722E84,com.playstrom.bob,173,1981-01-01 01:01:02,2025-02-25 09:37:09.82986,100000000,2025-02-25T09:26:19.286683,"Comics Bob
1.3.31",SayGames Ltd,17 Dec 2024
066029EB9157D80C4D9EEF5CE82F1E70EC1537EEBD93E114064257FFF63640E3,com.blackout.bubble,2864,1981-01-01 01:01:02,2025-02-27 08:55:48.242749,100000000,2025-02-27T08:55:51.470888,"Bubble Shooter Rainbow
2.86.4",Blackout Lab,24 Feb 2025
217BDC1758B64E4D7971DC8A651B4AB23B157F6E079FD8EC4B7F224C20A429DA,com.media720.games2020,34101,1981-01-01 01:01:02,2025-09-09 01:34:20.57329,100000000,2025-06-14T17:11:11.273430,"100+ Offline Games No WiFi Fun
3.41",Fun Offline Games,20 May 2025
4899981475D459114EE408F6BB9831DA357E1C6066E094F9A4EE4937365857BF,com.knockdown.bottle.game,200193,1981-01-01 01:01:02,2025-03-18 10:14:39.539342,100000000,2025-03-18T10:17:17.046104,"Bottle Shooting Game
2.9.1",Sigma App Labs,2 Mar 2025
158379E4805493262C25E7CD295B6453E557E3C3FBAFD5A4C803A14A19D4EB1B,com.uncosoft.highheels,1296,1981-01-01 01:01:02,2025-08-27 10:18:55.952112,100000000,2025-08-27T10:20:31.470466,"High Heels!
58.5.4",Rollic Games,19 Aug 2025
1562ADDF34A4620FB0DFE002F121FB9C445007F82367538FBE4E3970F0ADA47B,com.viber.voip,1246020,1981-01-01 01:01:02,2025-08-06 03:59:04.609066,1000000000,2025-02-13T18:54:51.663625,"Rakuten Viber Messenger
24.6.2.0",Viber Media,12 Feb 2025
0DCA4E5CA2C999E58CF9323B5DF4600B816397A3686A9AAA21F1787B14DA5E6C,com.outfit7.talkingpierrefree,200402010,1981-01-01 01:01:02,2025-11-06 03:42:17.016752,100000000,2025-11-06T03:45:52.340098,"Talking Pierre the Parrot
4.2.1.271",Outfit7 Limited,22 Oct 2025
372441EACC2D18118256246412B833062C83289978157EA05E95AA5F30750BA1,com.samsung.android.service.health,160201000,2009-01-01 00:00:00,2025-05-02 14:00:59.022033,100000000,2025-05-02T14:08:34.840190,"Health Platform
1.6.02.01","Samsung Electronics Co.,  Ltd.",21 Apr 2025
07A0FAD07CA4CFFF6E07595002AF248AE107DF0CCF0FA755DFFEBF6D8B47A467,com.google.android.apps.searchlite,1099319,1981-01-01 01:01:02,2025-08-27 15:34:08.733297,1000000000,2025-08-27T15:34:02.313907,"Google Go
3.125.793449960.release",Google LLC,11 Aug 2025
09C5F6C8C3EF2E3A5D49ECD86331D96E7E076E6DB97637B7290C0C6C3357D15F,com.xiaomi.midrop,34703,1981-01-01 01:01:02,2025-11-19 03:04:54.783469,1000000000,2025-11-19T03:45:54.544645,"ShareMe: File sharing
3.47.03",Xiaomi Inc.,10 Nov 2025
014A1303BD9B777E4F27FEE27818A82CBE71081475A7D505DB701B2A5265C62F,jp.gocro.smartnews.android,1024,1981-01-01 01:01:02,2025-08-29 17:11:36.219172,50000000,2025-08-25T06:35:01.842796,"SmartNews: News That Matters
25.8.30","SmartNews, Inc.",15 Aug 2025
005356D35C931D85349E8C71D7695685538CDFD00767BC1762ECF5D9EB3343DC,com.gameloft.android.ANMP.GloftA8HM,86009,1981-01-01 01:01:02,2025-10-13 10:18:34.615452,500000000,2025-10-13T10:17:44.409613,"Asphalt 8 - Car Racing Game
8.6.0i",Gameloft SE,"Oct 8, 2025"
2F38E6F2B5ACC29AB01F4BD69C9CCBAE50E345F9404FAEED3EAB0F50D861A797,com.microsoft.office.officelens,2004466771,1981-01-01 01:01:02,2025-03-25 15:09:46.153411,50000000,2025-03-25T15:28:54.182256,"Microsoft Lens - PDF Scanner
16.0.18526.20136",Microsoft Corporation,2 Mar 2025
0DBAA363DEDD602481BAFA165FAA9E67185182D3EDEA793760D22E90786A5743,com.ubisoft.hungrysharkworld,339,1981-01-01 01:01:02,2025-01-11 11:28:35.051759,100000000,2025-01-11T11:37:09.164609,"Hungry Shark World
6.3.9",Ubisoft Entertainment,2 Jan 2025
004ED2768E4DC15D43565C03F6F47F40FC0B90237B80BC74BF9979A5DB21558D,io.chingari.app,794,1981-01-01 01:01:02,2025-08-12 01:20:46.450594,100000000,2024-02-29T15:37:38.919724,"Chingari : Live conversations
4.2.1",Chingari,8 Feb 2024
088040825887BFA5A79D3BEE7C728EE4782C88E819905DC60566D6C433833AE9,com.vincentb.MobControl,11611,1981-01-01 01:01:02,2025-11-18 01:39:29.149503,100000000,2025-11-18T01:40:48.356793,"Mob Control
2.96.1",VOODOO,10 Nov 2025
01A5C959921693EB7FA752CA9995CE1CFD42D39DF2EAEBD73163E33B18E9D079,com.moistrue.zombiesmasher,16,1981-01-01 01:01:02,2025-01-13 20:34:13.545451,50000000,2025-01-13T20:47:33.502578,"Zombie Smasher
2.5",Italic Games,27 Aug 2024
32629E685DCC70518A4976D7E8FD505322407736D775EFEA01507F32FD1271DE,net.wargaming.wot.blitz,110901313,1981-01-01 01:01:02,2025-08-07 09:21:32.531191,100000000,2025-06-16T05:47:58.338303,"World of Tanks Blitz™
11.9.1.313",Wargaming Group,4 Jun 2025
14F08FFB1505A8AB643FAAA2D0A34B60A448BC15009D1977F3FBEF6DA92B9C04,com.indeed.android.jobsearch,91746,1981-01-01 01:01:02,2025-07-10 14:37:19.609664,100000000,2025-07-10T14:38:16.167209,"Indeed Job Search
237.3",Indeed Jobs,6 Jul 2025
38887D2B8A4D9F50E334E920A7D9DFE3D54EB557A7B7C0E0236E989C141DEF2E,com.onex.mobilenumberlocator.callerid.mobile.number.locator.caller.location.tracker,103,1981-01-01 01:01:02,2025-10-04 00:07:51.18924,50000000,2025-10-04T00:08:40.484988,"Mobile Number Location - Phone
11.3",Onex Apps,29 Aug 2025
00F9560393DCB55361313C07B8D43E336D2E22379B931B07238C994149A44CEA,com.babbel.mobile.android.en,21810199,1981-01-01 01:01:02,2025-08-27 03:56:50.242889,50000000,2025-08-27T03:58:09.929286,"Babbel: Language Learning
21.81.1",Babbel,19 Aug 2025
294B5DB854D58CF033D774F057EE49733C0195C03179F6C6DCE7E2E2FBAB4689,com.doubtnutapp,1163,1981-01-01 01:01:02,2025-03-25 01:08:32.017935,50000000,2025-03-25T01:13:09.568521,"Doubtnut for NCERT, JEE, NEET
7.10.54",Doubtnut: Doubt Solving & Video Solutions App,18 Mar 2025
0D8C5A33DED009CFF8FEB21DAFD73B4A9E444E235909288E3B8DE3BE1581C33B,dj.music.mixer.sound.effects,253,1981-01-01 01:01:02,2025-11-12 18:55:54.295192,50000000,2025-11-12T18:56:16.061275,"DJ Music mixer - DJ Mix Studio
2.5.3",Easyelife,22 Oct 2025
05364B8FBF51BB3FD35861BB2E1DACD1B0820BE4FFE9B97DA4675B2E3126FB5F,com.oplus.melody,15004000,1981-01-01 01:01:02,2025-01-28 00:36:44.795839,500000000,2025-01-28T00:52:17.807569,"Wireless Earphones
15.4.0",ColorOS,16 Jan 2025
2CBB215FD23479B868ED082096DB151EFEAE6CC811229D31F286880A944D713E,com.rsupport.mvagent,170301020,1981-01-01 01:01:02,2025-09-14 21:40:13.705009,100000000,2025-09-14T21:41:05.284278,"Mobizen Screen Recorder
3.10.14.3",MOBIZEN,11 Sept 2025
0C32671D3161199B3DAD1646C1B4A0073FCBCE2399429883ED3D254C55703392,id.co.bri.brimo,652941,1981-01-01 01:01:02,2025-11-22 10:31:20.230608,50000000,2025-11-22T10:34:43.421989,"BRImo
2.90.0",PT Bank Rakyat Indonesia (Persero) Tbk.,15 Nov 2025
1D0C444698CB18A60B28FBB2F3F97F869EA55897C505B3960907773B0EA186E4,Com.sktelecom.minit,358,2025-11-03 09:52:30,2025-11-12 22:09:38.746641,50000000,2025-11-12T22:20:55.849878,"T world - SKT 데이터/요금 확인, 맞춤 혜택
6.1.4",SKTelecom,2 Nov 2025
00DF7BA310D8CA415451489B2B57D65C58295F9730C78F349A01BCD8589D573F,com.tokopedia.tkpd,320333202,1981-01-01 01:01:02,2025-10-02 09:53:44.367793,100000000,2025-10-02T09:55:53.334704,"Tokopedia Promo Guncang 10.10
3.332.0",PT. Tokopedia,29 Sept 2025
0766E96A50C4A18A1874C014B660D1E67B78DA1989E810429E28060E8FFE3EC7,com.tensquaregames.hunting.clash.wild.hunter.deer,6839,1981-01-01 01:01:02,2025-02-28 03:15:58.64875,50000000,2025-02-28T03:35:40.102243,"Hunting Clash: Sniper Safari
4.25.2",Ten Square Games,25 Feb 2025
0F9F605027A28B29CF67F96D94B4D86DB54F0BA09D33AA541401E4E6B0DF9F7D,com.craftsman.go,158,1981-01-01 01:01:02,2025-07-29 09:08:32.572322,100000000,2025-07-29T09:08:55.457317,"Craftsman: Building Craft
1.58",StarGame12,14 Jul 2025
0B0D6BFEF3990D652A52A548339D07A55E0D474016DBAC13091027ECEE4F56DD,naukriApp.appModules.login,499,1981-01-01 01:01:02,2025-10-14 12:31:31.327058,50000000,2025-10-14T12:32:05.140869,"Naukri - Job Search App
20.65",infoedge.com,7 Oct 2025
323D05DC2F2992CFD6DEFCB214E1A4B756459254F568872E4285480060A15E66,com.zuuks.truck.simulator.euro,40,1981-01-01 01:01:02,2025-11-05 14:30:18.999567,100000000,2025-11-05T14:31:05.895823,"Truck Simulator : Europe
1.3.9",Zuuks Games,31 Oct 2025
14E9EDDB3A17165D11BD1F4C53361FBC80D036E1FA415196AB32D510D68F3748,com.ss.android.ugc.trill,400903,1981-01-01 01:01:02,2025-08-04 22:30:09.973729,1000000000,2025-08-04T22:48:10.919833,"TikTok
40.9.3",TikTok Pte. Ltd.,17 Jul 2025
0EAEE3E95D0C7218268F4E99DB9A4038BB3247F4E247CCC70C716AED7223B3DD,battle.iron.suit,189,1981-01-01 01:01:02,2025-02-20 04:02:30.006616,50000000,2025-02-20T04:30:11.254374,"Iron Suit: Superhero Simulator
1.35.0",CASUAL AZUR GAMES,27 Jan 2025
AC5BA11EAF8F5FECCAC6520FBF0AA1E76F07206CC4F3E151F00D003C1EB65D59,com.transsion.tecnospot,46200,1981-01-01 01:01:02,2025-01-18 17:42:48.392794,100000000,2025-01-18T17:43:38.095300,"TECNO SPOT
4.6.2.0",Transsion Holdings,23 Dec 2024
0081D04581EC3C32399DE0B3E36904864B6B061E110811A1456EB8B27D7CC96C,com.combineinc.streetracing.driftthreeD,657,1981-01-01 01:01:02,2025-06-17 22:16:57.80555,100000000,2024-08-30T08:16:39.385553,"Street Racing 3D
7.4.7",JoyTap Inc.,15 Aug 2024
01C00D41AAD9754246714F16902E4EA1CE1B3B184E767F2D9A717E7074115FF2,com.dysugar.jewels.prince,542,1981-01-01 01:01:02,2025-08-09 22:05:08.242659,50000000,2024-09-19T15:58:21.205334,"Jewels Classic - Crush Jewels
5.4.1",IVYGAMES,12 Sept 2024
6B21E87D4FD3F8272D4C2EC980A28170BF3AD49A24730FCF4C7AFA493A873777,com.hcom.android,252371000,1981-01-01 01:01:02,2025-09-18 06:47:34.471121,50000000,2025-09-18T06:49:55.741744,"Hotels.com: Hôtels et Voyage
2025.37.0",Hotels.com LP,15 Sept 2025
9C7D1EF6ED0F4E0A18BE674118EEEA5B443C568B05DABB66CD000FA114B62ACA,com.sinyee.babybus.tailor,8730000,1981-01-01 01:01:02,2025-10-10 17:37:00.149425,100000000,2025-10-10T17:37:09.317204,"Baby Panda&#39;s Fashion Dress Up
8.73.00.00",BabyBus,9 Oct 2025
02B827C4EC2911E747400680BC7451DC1FC27F1893B800AA3BE6C3708321F3A0,com.openai.chatgpt,2520309,1981-01-01 01:01:02,2025-08-02 03:27:46.966099,500000000,2025-07-29T10:19:55.572457,"ChatGPT
1.2025.203",OpenAI,24 Jul 2025
2BB33C8882A66959912E153F645991557A4585A760FCABEBC590DE957774AB1F,com.bubbleboxes.match3d,25080416,1981-01-01 01:01:02,2025-08-12 04:03:49.226944,50000000,2025-08-12T04:05:10.032061,"Bubble Boxes - Matching Games
1.6.1",Higgs Studio,4 Aug 2025
0D92100B774309F8EC21B02284D9645128D43E069E3E12052D13BCDCEA088FFA,e.books.reading.apps,49616,1981-01-01 01:01:02,2025-08-27 18:13:51.796283,50000000,2025-08-23T07:28:45.202207,"Fizzo - Novel &amp; Drama
4.9.6",POLIGON,15 Aug 2025
6A8F92EA4782B6BCD83D72FA6EFAF3DFED520791AB7DB8DDAEC8BA31EC736A49,com.ticno.olymptrade,783,1981-01-01 01:01:02,2025-04-01 15:19:04.561664,100000000,2025-04-01T15:58:39.211714,"Olymptrade – Trading online
10.6.66680",OlympTrade,28 Mar 2025
0488A0B65620258EE2F525A316654B5DE71596CBEE4006E1C996C975446CB7DC,com.soomapps.screenmirroring,105,1981-01-01 01:01:02,2025-11-06 02:30:57.535535,50000000,2025-11-06T02:48:04.693020,"Screen Mirroring Cast to TV
2.9.5",Softoria LLC,10 Oct 2025
4C48168D27B598EBC8B414F7E0786079FD3DB57EFA2E23AFA3BADB833FE861E1,games.spearmint.matchinggame,10508,1981-01-01 01:01:02,2025-09-02 14:27:05.160142,50000000,2025-09-02T14:27:58.873958,"2 Tiles - Duo Match
1.5.8",Funvent Studios DMCC,"Aug 28, 2025"
051746175B5BB94EB15E7AEC7FF59D5CA173C7D8E3C2B55B5327D5A5162646E7,com.wejoy.weplay.ar,50471,1981-01-01 01:01:02,2025-08-06 01:19:48.890588,50000000,2025-08-06T01:20:40.655327,"WePlay (ويبلاي) -  Game &amp; Chat
5.4.7",WEJOY Pte. Ltd.,29 Jul 2025
8E4E031D31C07F832861F8F86D279A9EC6684755265383292F0D8562CFB04331,com.oakever.tiletrip,104,1981-01-01 01:01:02,2025-11-26 06:11:29.253522,100000000,2025-11-26T06:12:35.690010,"Tile Explorer - Triple Match
1.63.0",Oakever Games,19 Nov 2025
1051A42CBD7048619521B0A18AB76C1DDF65CDBA4CC9CE5CDCC7CE04AD12756F,com.Earthkwak.Platformer,116,1981-01-01 01:01:02,2025-08-27 13:16:42.80398,100000000,2025-08-22T16:20:25.757460,"Super Bear Adventure
12.0.4",Earthkwak Games,19 Aug 2025
01927F0DFA5C2807FE4A6F1DE0AFFABA5F41A675836F4BB8CB2D27512147FF21,com.canva.editor,28971423,1981-01-01 01:01:02,2025-04-14 14:22:00.063182,500000000,2025-04-14T14:22:02.695200,"Canva: Design, Photo &amp; Video
2.306.2",Canva,10 Apr 2025
2396F3CF3C992B7A86F1131DBE75BB416B44E28AB7F6775042B017F55663C339,com.yodo1.rodeo.safari,4900009,1981-01-01 01:01:02,2025-01-28 00:44:37.289773,50000000,2025-01-28T00:44:39.838161,"Rodeo Stampede: Sky Zoo Safari
4.9.0",Yodo1 Games,17 Jan 2025
2A312F68660029FD88765350DAC0DBD134E307E7CBF84C06BC92D4462D7C9A35,com.fidgettrading.game,190,1981-01-01 01:01:02,2025-01-14 03:33:49.286842,100000000,2024-10-17T02:19:32.306002,"Fidget Toys Trading: Pop It 3D
1.27.5",Freeplay Inc,9 Oct 2024
0566CACBD4856F9D53AF05D3B11C328EF837F1A113E36405D4E7AFB68B2EF9FB,free.translate.all.language.translator,10050100,1981-01-01 01:01:02,2025-08-05 01:53:15.4094,50000000,2025-08-05T01:54:20.905183,"Translate All Languages App
1.5.1",Zed Puerto Rico,29 Jul 2025
1EBC9B146559B68A961F9916DA216D6A185B69A6548DBF11C5812EBC9921CFFC,com.kwai.video,538605,1981-01-01 01:01:02,2025-01-30 00:00:19.054998,500000000,2025-01-30T00:32:49.494700,"Kwai - Short Video Community
11.0.20.538605",Joyo Technology Pte Ltd,22 Jan 2025
0751DD6198C2001EEC17EB056F7F92E33F8CA9F6192C96679FCB24A7A3522898,com.gokids.bphone1,4000001,1981-01-01 01:01:02,2025-02-01 05:23:29.136974,50000000,2025-02-01T05:24:49.997895,"Babyphone game Numbers Animals
4.0.1",GoKids! publishing,21 Jan 2025
00BDEC0BB277A95D6497BB4E2FDCC10D14C25DAEDDE57B7005A5FCB851B4B8BE,com.att.myWireless,35575,1981-01-01 01:01:02,2025-05-23 02:32:21.689981,100000000,2025-05-23T02:33:31.727690,"myAT&amp;T
2025.4.1","AT&T Services, Inc.",24 Apr 2025
034CE322F2D7D7728D1686AE95AA75CDF5A98055D78A6875D2C3F310DAA3BA63,com.oyo.consumer,20773,1981-01-01 01:01:02,2025-11-07 19:24:24.090193,100000000,2025-11-07T19:26:16.534682,"OYO: Hotel Booking App
12.1.2","PRISM: Hotels, Homes & Experiences in 35 Countries",16 Oct 2025
26D8DA84C197F38BD2405D37F7F68D44C7642DE4A7E8AB91BE25B82B27BD4A33,com.charge.them.all,14833,1981-01-01 01:01:02,2025-09-16 00:37:53.439346,50000000,2024-10-30T22:51:42.490516,"Recharge Please!
4.0.3","Geisha Tokyo, Inc.",18 Oct 2024
05A1FD560062256B61B18715B02B75169CB7E04986D567F02C2D6DC711039E78,com.azurgames.taxi,404288,1981-01-01 01:01:02,2025-10-18 09:04:21.011515,50000000,2025-10-18T09:04:36.151889,"Taxi Run: Traffic Driver
2.0.0",CASUAL AZUR GAMES,8 Oct 2025
021B23497C96E7888993DB58B725B9354799553CC7A2BFBDC468685A85157A65,com.arcsoft.perfect365,3374,1981-01-01 01:01:02,2025-03-11 14:45:54.992794,50000000,2025-03-11T14:46:49.709431,"Perfect365 Makeup Photo Editor
9.75.15","Perfect365, Inc.",4 Mar 2025
042BE4464B61ECAA00213288862DD20569F88D2A356F7B190B017640A07ED6DF,com.roku.remote,244,1981-01-01 01:01:02,2025-03-29 20:41:57.419875,50000000,2025-03-29T20:54:50.473451,"The Roku App (Official)
12.3.1.5214127","Roku, Inc. & its affiliates",24 Mar 2025
01FB82EE62F2A034512C3D440647230BDDCF65A34401C353A1D33F7397D65C9C,com.supercell.boombeach,58140,1981-01-01 01:01:02,2025-09-25 11:20:32.508169,100000000,2025-10-16T19:42:53.418841,Boom Beach: War Strategy Game,Supercell,24 Sept 2025
081B1C168761CEF681FA378B564FF2FECD2FFF566734ABE43672A9589667347F,com.mobisystems.office,56413,1981-01-01 01:01:02,2025-08-11 05:39:42.782794,100000000,2025-07-04T18:30:16.556212,"MobiOffice: Word, Sheets, PDF
15.5.56413",MobiSystems,11 Jun 2025
057FB4FCE29E4EC09B3F71958FB487DA9F00ABEF796717FAC3FD67A4FC35645C,com.memeandsticker.textsticker,1300751,1981-01-01 01:01:02,2025-02-27 17:47:23.417146,50000000,2025-02-27T17:50:52.622465,"TextSticker for WAStickerApps
3.7.58.1",MEME Studio,16 Jan 2025
050A9C8B027F09912F2D013996ED4282F586B5B45D37CEE8AF381A7B2FDD6651,com.ebay.kleinanzeigen,686656,1981-01-01 01:01:02,2025-08-06 17:15:48.075144,50000000,2024-09-03T21:18:47.776746,"Kleinanzeigen - without eBay
100.18.2",Marktplaats B.V.,30 Aug 2024
023FCEB67EB17B07D94D3C5B33215340097239278AFEE67FAE5EB1E750813147,com.paypal.android.p2pmobile,1160083805,1981-01-01 01:01:02,2025-06-02 14:43:22.13551,100000000,2025-06-02T14:44:15.760013,"PayPal
8.85.1",PayPal Mobile,29 May 2025
3F5BD3C6D26958087620C2DE1C5F5DD6FCE69D671DDCCC6CC8FA4C85B25C7F85,br.com.meupag,81156746,1981-01-01 01:01:02,2025-09-29 22:30:04.315775,50000000,2025-09-29T22:32:00.626573,"Banco will: Cartão de crédito
2.131.0","will bank: Conta, cartão de crédito e empréstimo","Sep 18, 2025"
39EFF3F32D85BE0AAAEBD12B9C8AAEC0F1112759A2071357282E42A4422B5786,com.bubbleshooter.popbubbles.collectcards,214,1981-01-01 01:01:02,2025-08-28 09:36:19.725971,100000000,2025-08-28T09:37:12.508822,"Bubble Shooter
2.1.3",IVYGAMES,17 Aug 2025
25D6AB7FB7454FEAA57CE8C08AB19187FEC8B779692665E65BFCC6ABE8D650BD,com.mobirix.airhockey,25061302,1981-01-01 01:01:02,2025-09-07 11:49:35.392641,50000000,2025-09-07T11:49:23.867365,"Air Hockey Challenge
1.1.4",mobirix,"Jun 16, 2025"
1262E89F252CA861ECD5C57DBD96BD964B7B627C68D766A1E8A62B64BDBC5538,com.pranksounds.appglobaltd,75,1981-01-01 01:01:02,2025-08-06 11:32:23.315451,50000000,2025-05-13T16:38:21.847353,"Haircut prank, air horn &amp; fart
1.0.75",ABI GLOBAL LTD.,24 Apr 2025
039A52B7B717A859F821719C8F6BF658CEB38774582E9F1B06569EA93DCBF1E4,com.tfgco.games.sports.free.tennis.clash,17145,1981-01-01 01:01:02,2025-05-15 20:59:34.733619,100000000,2025-05-15T20:59:35.649955,"Tennis Clash: Multiplayer Game
6.11.0",Wildlife Studios,9 May 2025
2679FA6B718E8FD7DDEA8CF4DC7BDDAF9BA5FEC81D053964D306EC0303A150D6,com.artgenerator.texttoimage.aiart.outpaiting,1042,1981-01-01 01:01:02,2025-04-11 02:57:06.610938,50000000,2025-04-11T02:59:17.790386,"Genius - AI Photo Editor
3.0.1",Apero Vision Lab,24 Mar 2025
19DB44FCE0D837946AE0341BF0EB69DB43EB1A6221FF9229BA6766FC9CF3C4D3,com.kvadgroup.photostudio,4438,1981-01-01 01:01:02,2025-08-16 00:45:11.53351,50000000,2025-08-16T00:44:23.553470,"Photo Studio: Unblur Photo App
2.8.5.4438",KVADGroup App Studio,13 Aug 2025
0D4BD39EF7A3FE7D5252288E262CB16CEF72CEE37F099DDA825056120E3E3976,com.games.bottle,543,1981-01-01 01:01:02,2025-09-27 19:45:16.283021,100000000,2025-09-27T19:46:28.974428,"Bottle Jump 3D
1.19.34",CASUAL AZUR GAMES,16 Sept 2025
346F24A3CB865D242EABFDF2644DC5BC11826B095D56014103DA3E484E29196C,com.drweb,19143,1981-01-01 01:01:02,2025-08-27 20:36:22.304269,100000000,2025-08-27T20:38:53.581392,"Anti-virus Dr.Web Light
12.2.6",Dr.Web,21 Jul 2025
4357214A3667441121EEC4D0C17E352752E5B3C944E16D4764FD4F2635F6BFC5,com.windyty.android,4501031,1981-01-01 01:01:02,2025-04-22 14:21:04.232389,50000000,2025-04-22T14:24:07.636142,"Windy.com - Weather Forecast
45.1.3",Windyty SE,17 Apr 2025
13320B5DA31EB11B6B50FE95D2A262422FBA60FC756E7A95E78B69AE6FF9688C,com.YovoGames.babycare,97,1981-01-01 01:01:02,2025-09-10 20:08:12.149387,50000000,2025-09-10T20:10:00.773157,"Baby care : baby games
1.9.7",YovoGames,6 Sept 2025
23E937FCD36D480C4ABF5608E6DB93149E8827FBD07DB9D0EE377A7246AC6422,com.lightricks.pixaloop,1545,1981-01-01 01:01:02,2025-09-07 04:42:25.901205,50000000,2025-09-07T04:42:43.435875,"Motionleap by Lightricks
1.7.1",Lightricks Ltd.,19 Aug 2025
07B5182A7B9C13AFA7DEEEC5BF2AFA21DB9D369F8398504C85647C310808D9F8,in.gov.umang.negd.g2c,233,1981-01-01 01:01:02,2025-09-23 04:20:44.918237,50000000,2025-09-19T20:50:41.182817,"UMANG
2.13.2","MeitY, Government Of India",16 Sept 2025
27E13220FDC3BCF6BA0EADF5F78EA2F90D38E3186803B54C1A9D718EAA400C4B,com.zakg.scaryteacher.hellgame,161,1981-01-01 01:01:02,2025-06-19 01:18:02.406473,100000000,2025-06-19T01:19:42.965694,"Scary Teacher 3D
8.7",Z & K Games,7 May 2025
0DDF74CABA5585AF4179244D54E85020A2F4954D86F921DA97A5C97F686A3E8E,com.dd.doordash,15203059,1981-01-01 01:01:02,2025-01-23 08:04:29.962338,50000000,2025-01-23T08:11:29.108126,"DoorDash - Food Delivery
15.203.5",DoorDash,17 Jan 2025
0039CC17433FC635E31328886B60A7B694BB3C49E84425D2746C89E4DAF656BF,com.google.android.apps.youtube.creator,125401017,1981-01-01 01:01:02,2025-10-11 05:28:51.902252,100000000,2025-10-11T05:30:09.842558,"YouTube Studio
25.40.101",Google LLC,"Oct 9, 2025"
124F11FB363FDE36D4160B9954B2BA833C74BCFAE4D0428EAE09663F46995F4F,cast.video.screenmirroring.casttotv,242014,1981-01-01 01:01:02,2025-05-06 23:07:14.036362,50000000,2025-05-06T23:06:50.919703,"Cast to TV, Chromecast &amp; Roku
2.4.2",InShot Inc.,25 Mar 2025
76D35D2AF8CA77460C71DA9025385CE1FFBF14636804C8659966C55D8799EFD6,com.ansangha.drdriving,73,1981-01-01 01:01:02,2025-09-02 20:10:42.808228,500000000,2025-09-02T20:12:30.316198,"Dr. Driving
1.73",SUD Inc.,25 Aug 2025
06EC8813BA4CFBACC25AF02F2A521B3B2F1F1EFCA7D0DC918AFAA0F4D0963FDB,com.agent.action,229,1981-01-01 01:01:02,2025-06-20 19:13:54.272939,50000000,2025-06-20T19:36:15.546305,"Agent Action -  Spy Shooter
1.6.33",SayGames Ltd,4 Jun 2025
0273817F0F59F75FAC1C018614AE136B3C6832CB88900FC89CF84AC555C26659,com.miniclip.agar.io,803,1981-01-01 01:01:02,2025-03-29 10:53:35.784618,100000000,2025-03-29T11:31:14.801691,"Agar.io
2.29.1",Miniclip.com,28 Mar 2025
0ACDC617764E0CC249782E546BAECF70C0B28A6E50333CC36739DE8CFE25C693,com.alpha.applock,451,1981-01-01 01:01:02,2025-10-14 16:00:42.59317,100000000,2025-10-14T16:01:19.778190,"AppLock - Lock apps &amp; Password
4.5.1","SailingLab: Focus on Security, Booster, Cleaner",13 Oct 2025
00B1F9DCBDFC0CDD291211D66CD0DDA02E940342E6F7543EE26D1344BD9686AD,com.finshell.fin,401080,1981-01-01 01:01:02,2025-09-18 16:00:09.525621,100000000,2025-08-31T12:11:54.367950,"FinShell Pay
4.1.83",Growhiz Technology Private Limited,17 Aug 2025
052AE3B04731DFC2C06934A3FCB562A589453BF5D839ACC04A1B86B76766A1F9,com.pof.android,1516352,1981-01-01 01:01:02,2025-11-22 09:44:33.390265,50000000,2025-11-22T09:44:28.870652,"Plenty of Fish Dating App
5.56.0.1516352",Plentyoffish Media ULC,17 Nov 2025
0262705D90F15C406C35243B614D3C1CFCBEB1EE00433EEADBF4EB259AA59335,com.ebay.mobile,6170001,1981-01-01 01:01:02,2025-08-12 10:18:58.035345,100000000,2024-08-02T12:08:42.551922,"eBay: Buy and sell marketplace
6.170.0.1",eBay Mobile,24 Jul 2024
0F83C6E87D48022412BC6ECCC2A4E76C554DFEDB77749B6AE835511182BA9A65,com.gramgames.mergedragons,1282,1981-01-01 01:01:02,2025-07-27 09:45:17.642092,50000000,2025-07-27T09:46:36.859215,"Merge Dragons!
12.8.1",Gram Games Limited,23 Jul 2025
03C5C073E6263997206CA6BDC34500C514122BFBCDF03697370DFF73801D27E1,com.videochat.livu,10711004,1981-01-01 01:01:02,2025-08-10 02:15:03.885967,50000000,2024-08-28T14:28:05.542334,"LivU - Live Video Chat
1.7.11",LIVU Team,16 Aug 2024
05F31712E688D598CCEAE59682BCC71DAC5B4F43CDCCA4AD61DC8C7332F853E0,com.zing.zalo,25061822,1981-01-01 01:01:02,2025-07-03 04:24:58.598747,100000000,2025-07-03T04:22:48.430062,"Zalo
25.06.01.r1",Zalo Group,19 Jun 2025
50995E0DE22D81D2B841B91750358DB87C79D90825C6956E3F5CD3035E8662BB,com.tbegames.and.best_moto_race,755019541,1981-01-01 01:01:02,2025-09-25 06:39:29.463241,100000000,2025-09-25T06:40:59.430376,"Moto Rider GO: Highway Traffic
1.95.41",T-Bull S A,5 Aug 2025
06431C037CE673ED8423736ECA7B5BB86EEF6EA5FEF7E24BC6DCA77F8A8BDDD4,com.etermax.preguntados.lite,3431,1981-01-01 01:01:02,2025-07-07 17:48:48.051693,100000000,2025-07-07T17:49:41.429707,"Trivia Crack : Brain Fun Games
3.323.0",etermax,1 Jul 2025
00BDBCF4E21D734C6B51D412285CF74A51ABDC5791428EF81820BA31ADDDB16A,com.newleaf.app.android.victor,3250,1981-01-01 01:01:02,2025-10-01 01:40:55.374287,100000000,2025-10-01T01:40:56.825478,"ReelShort - Stream Drama &amp; TV
3.2.50",NewLeaf Publishing,26 Sept 2025
5AD206437A593C54CB48DBB7016938591075C18DDB190091EBD3C939ED8D8B88,com.turbo.stars,279,1981-01-01 01:01:02,2025-08-10 10:41:52.729536,100000000,2025-08-10T10:41:54.091723,"Turbo Stars - Rival Racing
1.8.42",SayGames Ltd,25 Jun 2025
2AF95FF3B4B9662427082ED1319F5370A3DFFF801FEEA4887996157AE7616B9D,com.amazon.storm.lightning.client.aosp,1225004290,1981-01-01 01:01:02,2025-11-12 11:33:11.574768,50000000,2025-11-12T11:33:50.470398,"Amazon Fire TV
3.9.0",Amazon Mobile LLC,27 Oct 2025
2DE7599E185EA22C851E6B74BABA88330FCCD79F797BC4CD98542AFF31F0D4AA,com.vectorunit.purple.googleplay,195,1981-01-01 01:01:02,2025-09-26 13:07:49.339129,100000000,2025-09-26T13:10:14.193018,"Beach Buggy Racing
2025.09.22",Vector Unit,22 Sept 2025
53FC0323D66D1B8E94153757FFCC322B1FFA570B66B090528214D7FDB33743B5,com.gofiveglobal.fashion.dress.up,200383,1981-01-01 01:01:02,2025-09-28 21:32:33.062771,100000000,2025-09-28T21:34:38.302934,"Fashion Show: Makeup, Dress Up
3.4.3",Dress Up Games for Girls,24 Sept 2025
418273549E0B0914A8A33EA46EE7D577143355F82AD609B5194E66C7D89824AA,com.harvest.io,488,1981-01-01 01:01:02,2025-04-22 12:54:18.978565,100000000,2025-04-22T12:59:02.801460,"Harvest.io – 3D Farming Arcade
1.19.6",CASUAL AZUR GAMES,11 Apr 2025
4B4963AF75FFEBD3391F79BD68B3E1BA9768E3531D943D18BAE110A6BE48C11C,com.tester.wpswpatester,1690,1981-01-01 01:01:02,2025-03-19 12:20:17.569958,100000000,2025-03-19T12:25:31.154883,"WIFI WPS WPA TESTER
rc-5.61200",Sangiorgi Srl,25 Feb 2025
462C5AFFC29FE3629F25718AD927B328653C3496017D496159B1C825CA2DF4CB,tv.pluto.android,410400224,1981-01-01 01:01:02,2025-05-22 23:14:20.958822,100000000,2025-05-22T23:14:56.217295,"PlutoTV: Live TV &amp; Free Movies
5.55.0","Pluto, Inc.",24 Apr 2025
064604D3139249DCC32DA7FA88DBB994231C939E8963520014083F1066D7F94A,game.piano.music.tiles.challenge,3044,1981-01-01 01:01:02,2025-03-18 20:56:56.430264,100000000,2025-03-18T21:08:56.944530,"Piano Game: Classic Music Song
3.1.5",Dream Tiles Piano Game Studio,12 Mar 2025
0A182A93DF74EA48C14BE00E86CE4D16FE785766EC65EADAAEE83CE0FDE5A273,com.grability.rappi,67735,1981-01-01 01:01:02,2025-09-09 03:01:38.902,50000000,2022-06-07T20:43:21.906853,Rappi,"Rappi, Inc - Delivery",6 Jun 2022
4F35858C361BA79565759DC91AD3E577E02396B0CC4204CEEBF2207FE4DFD543,com.iqiyi.i18n,717992,2025-07-14 21:23:02,2025-07-31 23:34:17.80105,100000000,2025-07-31T23:34:20.285437,"iQIYI - Drama, Anime, Show
7.6.1",iQIYI,15 Jul 2025
03F74F9F6463F93F190A53E84F5ADAD48FE5FD40D592779E019DAA6662F5B815,com.microsoft.office.officehubrow,44743635,1981-01-01 01:01:02,2025-08-28 19:38:20.764447,1000000000,2025-08-28T19:40:42.604004,"Microsoft 365 Copilot
16.0.19127.20172",Microsoft Corporation,"Aug 27, 2025"
0B2F70D8C91A04EB44839AD843EF700FDCBE8935F933B6AC84A6FA1C9B08E8DE,com.nautilus.realcricket,1452,1981-01-01 01:01:02,2025-10-16 19:44:57.574482,50000000,2025-10-16T19:45:42.819993,Real Cricket™ 24,Nautilus Mobile,14 Oct 2025
01477E097DEB4C35125B9B844C99FC46895A8805649D4C711FAA840C983B3CA0,com.game.space.shooter2,300868,1981-01-01 01:01:02,2025-01-23 17:46:35.162252,100000000,2025-01-23T18:03:25.279450,"Space shooter - Galaxy attack
1.868",1SOFT,17 Jan 2025
AF87450D3262BC1B5416A3BC4ECE89A7FC86CE6A845D61380EB2BA3ADD35CFA7,com.samsung.android.lool,1386004000,1980-01-01 00:00:00,2025-09-09 22:21:01.777374,1000000000,2025-09-08T12:09:00.966412,Device Care,"Samsung Electronics Co.,  Ltd.",
47BD24AE6994588F7D22F0497A5D4E58F60B8E2B2B40907598C94558835D0942,com.mventus.selfcare.activity,1718,1981-01-01 01:01:02,2025-08-04 23:33:52.680164,100000000,2024-09-18T12:51:53.688609,"Vi: Recharge, Payments &amp; Games
10.8.0",Vodafone Idea Ltd.,15 Sept 2024
00FA2BABF1990FF11C5677ECBDA31F87BCBFB3548C1577496F08EFD46CAE79F4,com.orange.kidspiano.music.songs,346,1981-01-01 01:01:02,2025-01-24 05:13:43.304464,100000000,2025-01-24T05:52:07.366374,"Piano Kids - Music &amp; Songs
3.46",Orange Studios Games,22 Jan 2025
071122D506E615193A9B21DF029786DF320025CDB68F342F6D6AA2B1EA861B3F,se.raketspel.digaround,232,1981-01-01 01:01:02,2025-04-13 13:56:56.482604,50000000,2025-04-13T13:58:31.785679,"Dig This!
1.2.32",Raketspel,7 Apr 2025
502B1B4DE1B509848EFC896E5B59829F7DE42F2B1669C93469F5D01C1DF32B85,com.impp.construction.simulator.forklift,161,1981-01-01 01:01:02,2025-02-05 17:47:57.017714,100000000,2025-02-05T18:00:11.830622,"City Construction Simulator 3D
3.78",Imperial Arts Pty Ltd,23 Jul 2024
0839C2597BAD918F01A24ED6EB53B332EB0F04E785927F154800BAA99045C3D8,filerecovery.photosrecovery.allrecovery,70,1981-01-01 01:01:02,2025-10-08 19:02:44.142789,50000000,2025-10-08T19:06:07.454476,"File Recovery - Photo Recovery
1.4.0",AI Photo Team,28 Sept 2025
351699F3AE8855EB2BF8B441F7DBE34EED9E98E90C3BF187F9A33987C2DD1D40,com.lazygeniouz.saveit,2250603,1981-01-01 01:01:02,2025-06-08 17:07:32.191862,100000000,2025-06-08T17:08:51.595924,"Status, Sticker Saver
2.25.06.03",Lazy Geniouz Pvt. Ltd.,2 Jun 2025
0659A64BA27383BDE5E644EB2650960CFB17F24A32EF872ADB25F3E63850B001,com.hypercarrot.giantrush,190,1981-01-01 01:01:02,2025-02-02 09:28:48.92463,100000000,2025-02-02T09:48:49.918104,"Giant Rush! - Fighting Games
1.9.7",TapNation,9 Jan 2025
0573F6B196AF70757DFDF131BE705EE3A1A13289D6782E1144AACC50F242281D,com.wildberries.ru,10060924,1981-01-01 01:01:02,2025-09-27 18:40:00.850556,100000000,2025-09-27T18:41:29.777228,"Wildberries
7.3.2002",Wildberries LLC,25 Sept 2025
273E84F29B993100DD98FCBD4D7C96BABC0D1316CDB44EB3CBFB8E48AD921F18,com.miniclip.cricketleague,93,1981-01-01 01:01:02,2025-03-06 21:17:51.548898,100000000,2025-03-06T21:34:56.212958,"Cricket League
1.24.1",Miniclip.com,24 Feb 2025
153A3443D4448C0CAACEAF18745BDD7B5FB9E1EE1ED468ED21E6623ABFA873F3,com.olx.southasia,19056004,1981-01-01 01:01:02,2025-09-15 20:52:59.244619,100000000,2025-09-13T21:30:18.594802,"OLX: Buy &amp; Sell Near You
19.56.004",Sobek Auto India Private Limited,22 Aug 2025
09BFAC0323CC74A28710778ACB24C187106D00A2E254956F4455CC850D95344B,com.rstgames.durak,94,1981-01-01 01:01:02,2025-06-02 10:54:11.205215,50000000,2025-06-02T10:55:45.757745,"Durak Online
1.9.21",Magic Board,20 May 2025
04F028BB3E62526607748E294EDEA60E388DF948EAAC7608705A517059B4EC57,ai.x.grok,11035900,1981-01-01 01:01:02,2025-08-31 18:26:43.708292,50000000,2025-08-31T18:26:37.800496,"Grok - AI Assistant
1.0.35-release.00",xAI,29 Aug 2025
0006A48D0C9C39DCF4DD8F92869691F9AFE6756449CD0667BF5F2E9FADEE125F,com.google.android.apps.docs,213798904,1981-01-01 01:01:02,2025-08-05 10:57:25.933313,10000000000,2024-11-17T19:46:21.541958,"Google Drive
2.24.447.6.all.alldpi",Google LLC,12 Nov 2024
330D1A4D97E376CA13C26377F45BFE270DFF181E8A196519EE85D6C960858ED1,art.color.planet.paint.by.number.game.puzzle.free,67,1981-01-01 01:01:02,2025-08-26 23:19:10.594974,50000000,2025-08-26T23:21:16.013760,"ColorPlanet® Paint by Number
2.3.10",Games Vessel,17 Jun 2025
EA0D4B7B8A8E67020F60A04C05F9B21A5293261C120B33246674083037139CA6,com.KisekiGames.smart,756,1981-01-01 01:01:02,2025-09-18 22:07:13.104004,100000000,2025-09-18T22:07:38.405585,"My Mini Mart
1.85.07",Supersonic Studios LTD,17 Sept 2025
03C73608911288F7E973DB0B382B504A9C8CBA0DE52CAE483C66632BE6DEA63D,com.clearchannel.iheartradio.controller,710550002,1981-01-01 01:01:02,2025-08-26 02:51:00.118387,50000000,2025-08-26T02:52:22.459631,"iHeart: Radio, Podcasts, Music
10.55.0","iHeartMedia, Inc.",15 Aug 2025
1325755EACF5DB94CD7234A26182DB171FD04F9142F352AC9EAD57B201E21B50,com.blizzard.wtcg.hearthstone,22923800,1981-01-01 01:01:02,2025-10-04 23:00:33.535517,50000000,2025-10-04T23:03:09.782009,"Hearthstone
33.6.229238","Blizzard Entertainment, Inc.","Oct 3, 2025"
262B2FE611D8236E3A2033DD939A707566AF31AAB6B4828787A22297EA6D2FE9,com.ea.game.pvzfree_row,3100,1981-01-01 01:01:02,2025-07-15 18:55:55.302091,500000000,2025-07-15T18:56:51.896504,"Plants vs. Zombies™
3.10.0",ELECTRONIC ARTS,10 Jul 2025
2E5EBE760C9910B43D3B6C6F05B7E3EF9A8D8B88FFAFE3797F1D551782DBBD42,com.time.trigger,351,1981-01-01 01:01:02,2025-10-05 03:57:05.875214,100000000,2025-10-05T03:58:35.311298,"Johnny Trigger: Action Shooter
1.12.48",SayGames Ltd,2 Oct 2025
48B9930F44A700A317455E71AFAE19C406C124A2B92140B54181A0CF7030833A,com.miniclip.railrush,61014211,1981-01-01 01:01:02,2025-03-27 19:56:00.377095,100000000,2025-03-27T19:53:46.698465,"Rail Rush
1.9.24",Miniclip.com,17 Mar 2025
347B45B4EE8DCDEDCE15D17A2FA966E58D283FC1CAB4AFDED54946901C517B33,com.GamesForKids.Mathgames.MultiplicationTables,182,1981-01-01 01:01:02,2025-08-14 05:31:02.951796,50000000,2025-08-14T05:47:22.568118,"Math Games, Learn Add Multiply
18.2",GunjanApps Studios,6 Aug 2025
15952A2AE85B5F32BD667FAAD074DF49C677114837F65142D33D0B5AA7616CA7,com.mehdirabiee.XtremeMotorbikes,18,1981-01-01 01:01:02,2025-09-11 13:57:52.20338,50000000,2025-09-11T13:59:35.546464,"Xtreme Motorbikes
2.8",Xtreme Games Studio,1 Sept 2025
3A1D5F7154FDA1EDC4D23B2FD300C93F0133C4A58AD61B694435879E3B4C0998,codematics.universal.tv.remote.control,200,1981-01-01 01:01:02,2025-01-09 04:10:45.303164,100000000,2025-01-09T04:18:48.259578,"Universal TV Remote Control
2.9.0",CodeMatics Media Solutions,22 Nov 2024
0EB5A4D51CE2ACC4A798E030D99CE5F14FD5D25EC9DF76DBED41F101B52F451B,com.sinyee.babybus.talk2kiki.global,8733450,1981-01-01 01:01:02,2025-10-14 12:37:01.925288,50000000,2025-10-14T12:37:25.087536,"Baby Panda&#39;s House Games
8.73.34.50",BabyBus,12 Oct 2025
33FA8562A91A88F66A8726661D12CE94A15A7B56C12BD78C4061314E4FF9007E,ai.mybuddy.talkingflashcards_new,1600000266,1981-01-01 01:01:02,2025-09-23 11:37:12.566259,50000000,2025-09-23T11:39:08.963293,"Buddy.ai: Preschool Games
6.17.0",AI Buddy Inc.,19 Sept 2025
2C93D815DE8D8A76820B43833640ACA48B6404C80D39769D966C5F69C6E551F2,com.pixelbox.roofrails,105,1981-01-01 01:01:02,2025-01-22 12:02:07.923518,50000000,2025-01-22T11:58:45.212359,"Roof Rails
3.0.2",VOODOO,18 Oct 2024
2C0FC44970174ADB66CFD0A2D6B88068026030A6664A26F0A1D0E9990BB71CD0,com.telkom.tracencare,645,1981-01-01 01:01:02,2025-05-02 23:26:49.150526,50000000,2025-05-02T23:31:54.431699,"SATUSEHAT Mobile
8.0.2",Ministry of Health Republic of Indonesia,20 Apr 2025
5D2F0375E45C3A88BE81CB17572EE9B320F8D2D3EAC62F4ABEE7B0F316ABB2F2,com.outfit7.mytalkingangelafree,202504010,1981-01-01 01:01:02,2025-09-12 14:35:22.174804,1000000000,2025-09-12T14:38:15.225820,"My Talking Angela
25.4.1.7310",Outfit7 Limited,10 Sept 2025
01FF64630D2E6BE5A432F5D4C866C10659D3C582BBDCC79B36C27452BC8E4D5C,blockpuzzle.new1010.jewelgames.puzzlegames,205,1981-01-01 01:01:02,2025-08-09 21:17:24.042638,50000000,2025-01-10T21:38:09.358112,"Block Puzzle
1.20.5",Block Puzzle Jewel Games,29 Dec 2024
022353A6CD9B457E05A9E78286EE32E8CA7D9CF4774D5C38BF16FE676BB5453E,cn.danatech.xingseus,5062,1981-01-01 01:01:02,2025-07-26 00:56:19.214488,50000000,2025-07-26T00:57:21.564587,"PictureThis - Plant Identifier
5.8.0",Glority Global Group Ltd.,22 Jul 2025
122269A1D1C0D46C9AE5DFE3FB2AAF40D5EB84358280E4D50F3D18AB998A204B,com.quizlet.quizletandroid,2601696,1981-01-01 01:01:02,2025-11-03 23:37:17.852504,50000000,2025-11-03T23:37:26.379490,"Quizlet: AI-powered Flashcards
10.12",Quizlet Inc.,3 Nov 2025
016D5123EF5E627A0A95615965C71587B9FCBC7669A5EB37CE2406449F876B1B,com.simejikeyboard,897,1981-01-01 01:01:02,2025-08-11 15:39:03.206164,100000000,2024-07-24T20:16:27.293236,"Facemoji:Emoji Keyboard&amp;ASK AI
3.3.9.1",EKATOX APPS,22 Jul 2024
2C6C90668A160FF70B1A58096B0362B8A70FDF555252DB595FF50102F0B08824,com.snowcorp.vita,30116,1981-01-01 01:01:02,2025-01-13 02:05:09.236182,100000000,2025-01-13T02:23:33.247317,"VITA - Video Editor &amp; Maker
302.0.12",SNOW Corporation,18 Dec 2024
18CB2F190C2F2007BAACEEFC0826A0935F3594D4618CF0F4261BE7DA72B712E4,com.dts.freefireth,2019118398,2025-05-14 23:52:14,2025-05-21 17:54:24.513345,1000000000,2025-05-21T17:55:49.053034,"Free Fire: 8th Anniversary!
1.111.1",Garena International I,14 May 2025
02F665F58FAF86741C0A534EEF6211218861631EA2B0887FC4A2C704CD7DA460,com.defianttech.diskdigger,161,1981-01-01 01:01:02,2025-07-29 05:54:12.828852,100000000,2025-07-29T05:54:10.619550,"DiskDigger photo/file recovery
1.0-2025-07-28","Defiant Technologies, LLC",28 Jul 2025
08DC90EAF1CE4C1AD3EAF407114725AEB5AFA478172D9C70BEF82A41C039A900,com.yandex.searchapp,250806073,1981-01-01 01:01:02,2025-10-01 19:05:41.751714,50000000,2025-10-01T19:06:47.011743,"Yandex Search
25.86",Direct Cursus Computer Systems Trading LLC,30 Sept 2025
1EA8612F82463C1679A01D61E29F79B2AB4C16B21172C0394C44514B03B2D7CD,com.gamma.scan,198,1981-01-01 01:01:02,2025-09-07 05:11:28.9134,500000000,2025-09-04T12:59:20.639857,"QR Code Scanner
2.2.88",Gamma Play,1 Sept 2025
04863CAE0D51DB70A065B5BC0CA019CE356A5EFC6DAB2B04BF1CE8E859EC85F5,com.edgeround.lightingcolors.rgb,156,1981-01-01 01:01:02,2025-08-31 11:04:54.413664,50000000,2025-08-31T11:05:18.566235,"Edge Lighting: LED Borderlight
99.5.3",Sunny Lighting,"Aug 27, 2025"
342D22F3DF7934D3817531FC92B4AF3CCAC7D877975ED4107FB86B18CE9BBB42,com.venticake.retrica,210001006,1981-01-01 01:01:02,2025-09-02 11:12:12.097781,100000000,2025-09-02T11:12:50.972211,"Retrica
8.0.1","Retrica, Inc.","Aug 29, 2025"
0809B20DD5DA52903676D4EA764E827BE0CD578D9E27EA48887813DF53557D9F,org.findmykids.app,2009681,1981-01-01 01:01:02,2025-08-28 09:12:23.932875,50000000,2025-08-28T09:13:12.382354,"Find my kids: Parental control
2.9.68-google",LETEM LTD,"Aug 25, 2025"
093EB47F65CC4F659DA02FCAB960A744CE6C32EB29858F99701880C827BA5E2A,com.bethsoft.falloutshelter,179,1981-01-01 01:01:02,2025-11-12 18:03:46.934442,50000000,2025-11-12T18:05:26.752743,"Fallout Shelter
1.22.9",Bethesda Softworks LLC,10 Nov 2025
072A787B6F25467F7F3416326ABCD13B1BB88605C0FD18940F4928356B96B736,com.playrix.fishdomdd.gplay,1002957340,1981-01-01 01:01:02,2025-10-07 21:29:40.090826,100000000,2025-10-07T21:31:29.646288,"Fishdom
9.2.4.0",Playrix,2 Oct 2025
04D9C79FC09122F5D5E49550C1D393C6DB0F52ADC484FA6CEE534B5ABBD53A97,com.smartfren,790350033,1981-01-01 01:01:02,2025-02-02 23:08:00.042047,50000000,2025-02-02T23:56:23.648471,"mySF. For everything smartfren
7.35.0","PT. Smartfren Telecom, Tbk.",17 Dec 2024
0C692383ACEAB64718D40E802B1C3091F736E07309081F5B5B9C3421E05939E7,com.colorswitch.switch2,1235,1981-01-01 01:01:02,2025-06-15 14:26:50.876912,50000000,2025-06-15T14:32:03.437662,"Color Switch - Endless Fun!
2.62",Color Switch Phoenix LLC,4 Jun 2025
33227E4C630E97931470E4D05D28C6F0AA5F87C20E4EA8E488317AC74C45C926,com.ojassoft.astrosage,1008,1981-01-01 01:01:02,2025-10-01 01:31:54.90486,50000000,2025-10-01T01:33:12.445106,"AstroSage Kundli: AI Astrology
27.4",Ojas Softech Pvt Ltd,"Sep 25, 2025"
4C887981D57E82BDCB17A33B1F7BD13E9978B4681895D1930953FE2CE13E80A8,com.TeamTerrible.BabyInYellow,14732,1981-01-01 01:01:02,2025-08-07 21:47:07.450727,100000000,2025-08-07T21:48:27.086586,"The Baby In Yellow
2.2.4",Team Terrible,1 Aug 2025
06D95F15EC8F8FD8482F817147D21DA6543C1643A797F87F60CEB278CD36AF77,com.scopely.whiplash,25081250,1981-01-01 01:01:02,2025-08-27 10:59:30.197612,50000000,2025-08-27T11:01:03.456709,"WWE Champions
0.745",Scopely,"Aug 14, 2025"
01675702F4ECFEDCB6ADD7D40F0AB2946779B068B8D243126E165134A86A723C,de.motain.iliga,1044388918,1981-01-01 01:01:02,2025-08-08 12:08:08.471631,50000000,2025-08-08T12:12:52.498196,"OneFootball: Football Scores
15.83.2",Onefootball GmbH,4 Aug 2025
8844E6995D7EE364D6B98A58544873BD8B8B40A6952514EC4D163106E03903CA,com.b2w.americanas,419133758,1981-01-01 01:01:02,2025-09-10 05:30:57.96995,100000000,2025-09-08T18:27:24.497239,"Americanas
12.67.2",americanas s.a.,"Aug 21, 2025"
00C05413B0F4D09F776F59DCCF7EE67D1950FA3FE8ED8C8246BF7DCBD7328E87,com.pubg.newstate,704,1981-01-01 01:01:02,2025-08-04 19:52:25.930556,50000000,2025-08-04T19:52:57.776302,"NEW STATE : NEW ERA OF BR
0.9.80.704","KRAFTON, Inc.",28 Jul 2025
02B60763AB14DEF191F01C7004EAD8AD852B1B17131FF669B43DBEAA4D01B470,com.contextlogic.wish,2703,1981-01-01 01:01:02,2025-05-21 17:59:22.906509,500000000,2025-05-21T18:00:27.543494,"Wish: Shop and Save
24.35.22",Wish US Holdings LLC,14 May 2025
57842E34168FC18F0FB3016B878E19B3D55658F6A82159B6FCABC7DFA1113E02,com.bubadu.buildergame,67,1981-01-01 01:01:02,2025-09-12 16:19:02.383323,100000000,2025-09-12T16:19:54.687437,"Builder Game
1.67",FM by Bubadu,12 Sept 2025
33B5C7BA2558C4494336A8954A5250AEB121AE2D7B1D6AC9E7F2B29B255EEECC,com.kayac.DrawFight,2090000,1981-01-01 01:01:02,2025-08-27 15:12:28.768367,50000000,2025-08-27T15:12:09.155041,"Draw Action: Freestyle Fight
2.9.0",KAYAC Inc.,19 Aug 2025
014F82E049A0C13864200427956C8287B022DB44F417AB5126AB869703F7C865,in.swiggy.android,1446,1981-01-01 01:01:02,2025-08-07 22:26:14.273134,100000000,2025-07-18T10:01:26.830917,"Swiggy: Food Instamart Dineout
4.84.1",Swiggy,16 Jul 2025
071A0852A6B5BBEB196C7FBB11F5B28ED6E354E60E5FEB695DF0C9AF2EEE8554,com.rosytales.hairsmakeupartistsalon,18,1981-01-01 01:01:02,2025-10-05 05:09:53.936576,50000000,2025-10-05T05:10:49.667236,"Hairs Makeup Artist Salon
1.99",rosytales,3 Oct 2025
157AFE5B2F6F4EFAA5A23EA7D2729B8CB1CEA45EBD001625F4F92112688815B8,com.shopee.ph,35423,1981-01-01 01:01:02,2025-08-01 10:22:54.502933,100000000,2025-08-01T11:05:47.421954,"Shopee PH: Shop Online
3.54.23",Shopee,11 Jul 2025
1FBA597C58EA6A49C964E782F372C08EE8F8F6E1FB64839158BDF21A7E55B291,com.apple.android.music,1447,1981-01-01 01:01:02,2025-03-29 22:57:43.493281,100000000,2025-03-29T23:00:02.967011,"Apple Music
4.9.6",Apple,25 Mar 2025
033B2B8CDD122C0E6AA2C838DBCBA0C0CE05E28E4FBB7E568EC4A04779BED795,com.sushirolls.app,2086,1981-01-01 01:01:02,2025-03-18 04:07:34.409537,100000000,2025-03-18T05:08:24.689625,"Sushi Roll 3D - Cooking ASMR
1.8.35",SayGames Ltd,7 Mar 2025
1AC67376A83A7E9ECC3ACB4AC1B77F55485752B384CBDEAC32C38B27A573DFDC,videoeditor.videomaker.videoeditorforyoutube,174,1981-01-01 01:01:02,2025-02-24 14:39:51.906305,100000000,2025-01-26T23:44:48.296657,"Video Editor - Video.Guru
1.562.174",InShot Video Editor,22 Jan 2025
02E3EE282B2DF577D84BAF401F768AEB8D1E6254D36830D50B0E8108DCF06421,com.stealthgame.master,187,1981-01-01 01:01:02,2025-07-16 13:54:01.648441,100000000,2025-07-16T13:54:02.144584,"Stealth Master - Ninja Killer
1.12.27",SayGames Ltd,9 Jul 2025
3C816AC6DF70E9FD87036D840D17DC95F0BF28F8D772EC8D70BAAA8186410254,com.gameswing.offroad.oiltankertransport.truckdriving.simulator.game,80,1981-01-01 01:01:02,2025-05-01 03:13:28.814336,100000000,2025-05-01T03:15:20.264894,"Truck Simulator - Truck Games
6.6.5",Games Wing,13 Mar 2025
04C666249CF949BB8DF99B6BEC5DCA008EBC6A08EC5AE5BBF730F792781DFCA9,com.kitkagames.fallbuddies,54045,1981-01-01 01:01:02,2025-04-30 03:05:10.631485,100000000,2025-04-30T03:07:04.466809,"Stumble Guys
0.86",Scopely,28 Apr 2025
11EF0C2432C2868FC56729A3FB5166FC54B1CE8252D80993E68834B1E84C1E3A,onet.tile.match.puzzle.android,245,1981-01-01 01:01:02,2025-02-06 03:48:05.209987,50000000,2025-02-06T03:52:12.554945,"Onet Puzzle - Tile Match Game
2.5.2",Infinite Joy Ltd.,23 Jan 2025
3393E3B6C3FA65187D8C160C7122F14D5BCFDE86FB2671E5E2F7E8319BD28108,com.microsoft.office.onenote,1806376067,1981-01-01 01:01:02,2025-01-23 13:41:24.453396,500000000,2025-01-23T13:50:26.797633,"Microsoft OneNote: Save Notes
16.0.18324.20190",Microsoft Corporation,18 Jan 2025
1DA4D9A77DB051AEF777E2FF41CB9A39F2438C6767609D91D266ABA436D4EBD0,fall.race.io,17907,1981-01-01 01:01:02,2025-10-03 20:24:19.885577,50000000,2025-10-03T20:25:03.655918,"Do Not Fall .io
1.79.7",CASUAL AZUR GAMES,2 Oct 2025
6351550384CA6A1DA383B38D165951356E2F5C78A6C843CF8275FBF6D903E6DF,com.freeplay.runandfight,303,1981-01-01 01:01:02,2025-03-26 11:51:10.233427,100000000,2025-03-26T11:51:11.992031,"Join Clash 3D
2.46.8",Supersonic Studios LTD,22 Oct 2024
21C5DE16C4074BA98DC291CB93FE768EE1C723D071BFBFD1421F0CE6AAE7BE9F,com.nekki.shadowfightarena,4103,1981-01-01 01:01:02,2025-02-28 22:13:07.453034,50000000,2025-02-28T22:14:05.485818,"Shadow Fight 4: Arena
1.9.40",NEKKI,23 Feb 2025
0869245CEC8A3DFB105A065A15D0B5838436846933910ECA7AC493563F3F010B,com.dancing.smash.hop.game.tiles.beat.piano.surfer,188,1981-01-01 01:01:02,2025-01-13 06:08:15.787177,50000000,2025-01-13T06:09:37.157917,"Cyber Surfer
5.7.4",BADSNOWBALL HONGKONG LIMITED,22 Dec 2024
13C6FBCEE9353E0ED97A26485ABABD0F82AE15967B37FDEF4D5D7BE41C8EA42F,com.wildspike.wormszone,6800,1981-01-01 01:01:02,2025-08-11 01:52:10.209181,500000000,2025-04-10T10:17:45.416100,"Worms Zone .io - Hungry Snake
6.8.0",CASUAL AZUR GAMES,8 Apr 2025
22F15A6CDFCD907A5EA9894087B5C1C8AB799FF2B8A3CED299052CCE32CFEDAC,com.fontskeyboard.fonts,51948,1981-01-01 01:01:02,2025-08-08 19:44:26.900764,100000000,2025-08-05T03:22:18.706408,"Fonts Keyboard
5.0.81.51948",Fonts Keyboard,23 Jul 2025
749448EC5C6E1A8F230CF998002DDFED1E73A337DFAB2209AF3DF6B8951F05A9,com.ghive.jeep.parking.car.free.game.master.apps,173,1981-01-01 01:01:02,2025-10-18 10:12:25.5728,100000000,2025-10-18T10:12:32.226561,"Car Parking Games: Car Game 3D
2.0.173",Frolics Simulation & Action Games,17 Oct 2025
1D2735AB17B1E8BD3BA3BD05757ABA957C8E6634C0800D199B8E4DA2F1DEFC65,com.dywx.larkplayer,26300709,1981-01-01 01:01:02,2025-11-04 06:24:35.404825,500000000,2025-11-04T06:24:56.106699,"Lark Player:Music Player &amp; MP3
6.30.7","Lark Player Studio - Music, MP3 & Video Player",21 Oct 2025
33C51A45BB0983FF1A3A15FF24DDB7F16FE2C4B0630150F7D713CDCEF4C9C5B7,com.aceviral.bmxblast,137,1981-01-01 01:01:02,2025-08-28 23:28:59.464608,50000000,2025-08-28T23:29:43.879436,"Bike Blast- Bike Race Rush
4.13.8",Ace Viral,17 Apr 2025
A3ED3B88A7AEADDAAA22FFF2BB821216599BD634170A11756D7470429590AA35,com.splendapps.voicerec,140,1981-01-01 01:01:02,2025-10-15 11:11:29.366169,100000000,2025-10-15T11:11:58.135178,"Voice Recorder
3.36",Splend Apps,13 Oct 2025
1A11FE03223B6A948E116DF69F650AC21501F3AD0C070A1A4010D9816E9EE859,com.popcore.makesandwich,1660001,1981-01-01 01:01:02,2025-01-12 02:38:58.28032,50000000,2025-01-12T02:38:59.885375,"Sandwich!
166.0.1",Popcore Games,23 Sept 2024
078765970CC3461AEE9324AEAC84C3999F084C560CF6CBA28F184CB3B8919365,com.playgendary.ktbremaster,13068,1981-01-01 01:01:02,2025-06-08 17:07:49.25831,100000000,2025-06-06T05:32:40.798568,"Kick the Buddy: Second Kick
1.14.1518",Playgendary Limited,23 May 2025
03282BEE75C06BCD7D9A59E0DD1A98A63898901BE2FF02E7CD05F07C1ED13328,com.blockpuzzle.jewel.diamond,20232,1981-01-01 01:01:02,2025-09-16 18:00:36.991285,50000000,2025-09-09T14:07:29.281740,"Block Puzzle Gem: Jewel Blast
1.28.30",Lynn Mobile Puzzle Games,27 Aug 2025
7742131BFDD30B2DA0B8A6F2534D9CF55C8667231DED82518D04174153211561,com.vido.particle.ly.lyrical.status.maker,48,1981-01-01 01:01:02,2025-07-05 06:52:24.902629,100000000,2025-07-05T07:13:12.411412,"Vido : Video Status Maker
2.3.1",Vido - Video Status Maker,8 Feb 2025
19F147CDFF0C4A3129DD9B8F1651EBFB61AF0FE2690D73D7BBB56C5358EDE5D2,com.grofers.customerapp,280170451,1981-01-01 01:01:02,2025-08-16 09:00:42.222016,100000000,2025-08-16T09:01:42.052213,"Blinkit: Grocery in 10 minutes
17.45.1",Blinkit,12 Aug 2025
223884115589F853E7476445DB5F81358DB49186FDF63BCFF657E7750EE9178A,com.wave.livewallpaper,699,1981-01-01 01:01:02,2025-08-07 08:32:22.94557,50000000,2024-11-21T11:40:43.802975,"Wave Live Wallpapers Maker 3D
1.0.43-wsm",Live Wallpapers by Wave Studio,16 Nov 2024
1F28C6E4B842CE0AB1016D956B638F88057F666CA6D448CBE420B6BB26341B28,com.kasikorn.retail.mbanking.wap,1179,1981-01-01 01:01:02,2025-10-11 02:39:54.599169,50000000,2025-10-11T02:40:37.802211,"K PLUS
5.20.1",KASIKORNBANK PCL.,3 Oct 2025
0244FA4E81BF53256FDFB680A8A90FE5E163423FD0029D8E32B08A0BB2CB9493,com.h8games.helixjump,51600019,1981-01-01 01:01:02,2025-02-14 23:10:39.57813,100000000,2025-02-14T23:10:51.715219,"Helix Jump
5.16.019",VOODOO,6 Feb 2025
017F49CF590E003D3AA374508A230403EB8C9AF8D7B32EE33E9C46CC9C537762,com.fluffyfairygames.idleminertycoon,91825,1981-01-01 01:01:02,2025-09-09 05:47:18.970719,100000000,2025-09-09T05:50:07.607986,"Idle Miner Tycoon: Gold &amp; Cash
5.24.0",Kolibri Games,8 Sept 2025
024FA01EFC23782D97AAE9FA29D25A27A61982E6FE6E937FDEA81FFD4774B075,com.google.android.calendar,2017836102,1981-01-01 01:01:02,2025-08-02 05:38:34.349928,5000000000,2025-07-30T09:39:39.315860,"Google Calendar
2025.29.1-785400396-release",Google LLC,24 Jul 2025
07171F450D58B2BB6B4D18FDB4993E5953A5C6A9DF26F12004BD15ADE5A1F714,com.sinyee.babybus.market,8739501,1981-01-01 01:01:02,2025-11-15 07:24:47.26621,50000000,2025-11-15T07:25:26.477969,"Baby Panda&#39;s Town: My World
8.73.95.01",BabyBus,30 Oct 2025
128EF6222F768B217BF09C6BB92370E6D178F0B3A669DC4B48CAA7B6BEDD62B7,com.transsion.magazineservice.xos,1512074,1981-01-01 01:01:02,2025-10-07 01:22:32.314837,100000000,2025-10-07T01:22:27.876937,"Magazine Lockscreen XOS
15.1.2.25094",Transsion Holdings,26 Sept 2025
01B5ABC124DDCA0654CCD0AF20FD514E3C6EA4CD4C3CDFB6019807F6B7EC7D8E,videoplayer.videodownloader.downloader,80,1981-01-01 01:01:02,2025-09-06 22:29:44.058014,100000000,2025-09-06T22:31:39.704932,"All Video Downloader &amp; Player
1.8.0",QR Code Scanner.,26 Aug 2025
1DBF139DA32EDF2F5AEC25922FA04CF7472B89F318DCB0AF4BF71AD0F49BD12E,com.tilemaster.puzzle.block.match,25081412,1981-01-01 01:01:02,2025-09-07 14:40:01.606982,100000000,2025-09-07T14:40:02.535578,"Tile Master® - Matching Game
2.8.1",Higgs Studio,"Aug 14, 2025"
22852DB2FCD4A075E122D78C741332717CBB535C8DFEE6C59A37419CA25E3799,com.cg.archery,1041,1981-01-01 01:01:02,2025-05-18 17:37:35.928607,50000000,2025-05-18T17:37:41.333286,"Archery Battle 3D
1.3.16",Doodle Mobile Ltd.,13 May 2025
10596EBE45C6BE5B115A9A54098FEF70F648D2D0A637F579B3F09C337BA085EF,com.camerasideas.instashot,1477,1981-01-01 01:01:02,2025-02-24 14:36:15.170951,500000000,2025-02-12T03:43:46.236948,"InShot - Video Editor &amp; Maker
2.102.1477",InShot Video Editor,26 Jan 2025
