sha256,pkg_name,vercode,dex_date,added,num_downloads,az_metadata_date,title,developerName,uploadDate
013A96A0020358CDCD5298504D1C93732EA605187C0DF078B701ADAC23E51015,com.mbmobile,715,1981-01-01 01:01:02,2026-01-01 04:22:29.099527,10000000,2026-01-01T04:22:31.562580,"MB Bank
6.4.81",MB Bank,21 Dec 2025
03DD77F6E97C778E7518B654C78601E25DAE25EEF73D7B58751E383F42D74C54,com.longtech.lastwars.gp,2423460,1981-01-01 01:01:02,2026-02-02 20:40:12.4665,50000000,2026-02-02T20:41:47.539605,"Last Empire - War Z: Strategy
1.0.433",Interesting Game Network Limited,20 Jan 2026
07C089CC6094D555CE00B936F1CDB2271B38ECBFDEECABF1DAE34760C2EB4746,com.neongame.bubblewings,618,1981-01-01 01:01:02,2026-01-10 22:34:21.757762,10000000,2026-01-10T22:35:31.070455,"Bubble Wings: bubble shooter
6.1.8",Neon Game,9 Jan 2026
05E8BD57EA3D7BECC2D2517587B99EC75A35EC1310D4608C9D17D8137FC34812,com.thehungrywasp.iamsober,1792069766,1981-01-01 01:01:02,2026-03-02 22:03:58.202004,10000000,2026-03-02T22:05:45.075041,"I Am Sober
8.5.3",I Am Sober LLC,25 Feb 2026
3B4498C77A32BF21567E2A22FF0693DDBD97A1FBC116C45EB70B65B2F5BA9FD0,com.oyo.consumer,20776,1981-01-01 01:01:02,2026-01-03 02:49:24.171175,100000000,2026-01-03T02:50:13.469364,"OYO: Hotel Booking App
12.1.4","PRISM: Hotels, Homes & Experiences in 35 Countries",26 Dec 2025
5D6D58E4977E59D96AD35F454BC037AA30D2CB29FA0AFA18D4281300D51E2BF7,com.google.android.tts,210616704,1981-01-01 01:01:02,2026-02-21 20:39:02.183875,10000000000,2026-02-21T20:42:08.999575,"Speech Recognition &amp; Synthesis
googletts.google-speech-apk_20260119.00_p0.858059825",Google LLC,6 Feb 2026
B2223FB2F4B19F59B4FD52689A8A2F5B105A8C2A975EFF55D9FE39F0145E34C0,com.soundryt.music,536,1981-01-01 01:01:02,2026-02-16 12:09:55.414734,50000000,2026-02-16T12:14:56.130511,"RYT - Music Player
4.9.112",Alaskavinh,27 Jan 2026
37B1AA1C97886B7EEF86B5F2A8EE6646E8D8AF86ECC989E653491FF46A49A935,com.rocks.music.videoplayer,1132,1981-01-01 01:01:02,2026-01-08 15:44:42.510615,100000000,2026-01-08T17:29:00.834707,"HD Video Player All Formats
v12.1.397",ASD Dev Video Player for All Format,31 Dec 2025
0CE054784292251E046210D85A070DC6FE5FD6F6F72C3182D62D74CD6649513C,com.patreon.android,209015,1981-01-01 01:01:02,2026-02-26 22:15:09.974314,10000000,2026-02-26T22:35:58.711180,"Patreon
126.9.0.15",Patreon,20 Feb 2026
31F3807CB8790F8BDB6BC1F5B07E05A171A040A24252CF186E16C3641D44906C,com.miniclip.minifootball,3227,1981-01-01 01:01:02,2026-02-12 15:59:53.281811,50000000,2026-02-12T16:00:32.283553,"Mini Football - Soccer Games
4.4.0",Miniclip.com,6 Feb 2026
27A996CD416D56C6BAAA67520415D70AE30EFA78D04EBD13D4D8BD4FA2B010E3,com.games.bus.arrival,111552,1981-01-01 01:01:02,2026-02-01 03:23:00.036856,50000000,2026-02-04T16:40:31.480777,"Bus Arrival
3.9.5",Sixcube,26 Jan 2026
ED897C982AF801D96F06844B134B936D548D9424D60A34FE392E4B5E2F9A62E0,com.outfit7.talkingben,200408000,1981-01-01 01:01:02,2026-02-22 01:35:59.753257,100000000,2026-02-22T01:36:00.700464,"Talking Ben the Dog
4.8.0.497",Outfit7 Limited,19 Feb 2026
12B272286715939FDF05B70FBA3FE98528465597E8B27F5E1396258DF5A57546,com.okcupid.okcupid,6148,1981-01-01 01:01:02,2026-03-02 09:04:17.016386,10000000,2026-03-02T09:18:34.032702,"OkCupid: Online Dating App
110.3.0",okcupid.com,24 Feb 2026
09F4A1C60BD90F2E9298560D45FB1EFB911F86B0C631410BF56ADC7FF94520C7,com.touchtype.swiftkey,1234632848,1981-01-01 01:01:02,2026-02-23 17:44:39.96197,1000000000,2026-02-23T17:46:59.172985,"Microsoft SwiftKey AI Keyboard
9.12.23.9",SwiftKey,16 Feb 2026
0745E4D3CA97CBB7A58E95B5460C220030174D5D3DAED4A7A8153ACB3590A062,com.chess,265781,1981-01-01 01:01:02,2026-02-02 20:51:53.812134,100000000,2026-02-02T20:53:57.429643,"Chess.com - We miss you!
4.9.21-googleplay",Chess.com,28 Jan 2026
5B2B560E677832B156EA0F9933ADCEB1EEC8E82E5DFBEA04650609099A9ED5E4,com.phonepe.app,26013005,1981-01-01 01:01:02,2026-02-21 14:16:37.879005,500000000,2026-02-21T14:21:01.094344,"PhonePe UPI, Payment, Recharge
26.01.30.0",PhonePe,18 Feb 2026
06C45787E798F77CB8616C3D4D1E331DEDB8D9AC870693A499E40A93E6EE2690,co.benx.weverse,3110200,1981-01-01 01:01:02,2026-02-05 00:32:00.229202,10000000,2026-02-05T00:32:03.796943,"Weverse: Connect with Artists
3.11.2",WEVERSE COMPANY Inc.,2 Feb 2026
173F12EF1A6E8C0146CCCC1104D5D72AA1930519BE96020573B654F876B46742,com.zm.watersort,3996,1981-01-01 01:01:02,2026-02-20 21:25:05.050264,50000000,2026-02-20T21:48:38.002931,"Get Colour - Water Sort Puzzle
5.29.0",Tripledot Studios Limited,12 Feb 2026
0B282091931F147D0A86950F993EBDCDAE3D3470629C8EE116D06FAD4468DDAB,share.sharekaro.pro,10500490,1981-01-01 01:01:02,2026-02-13 18:15:14.70416,100000000,2026-02-13T18:15:16.783746,"ShareKaro Lite: File Share App
5.0.49",ShareKaro Team,30 Jan 2026
8E75D46F241CB6F243F0D6AD115839AAA68562F2CF31C3C4182E46453C47099A,com.slippy.linerusher,201154,1981-01-01 01:01:02,2026-01-13 13:54:47.21814,100000000,2026-01-13T13:55:56.614331,"Fun Race 3D — Run and Parkour
2.0.40.3",CASUAL AZUR GAMES,28 Dec 2025
E9E820E4198B8839535CABDAA201DCBDFBE02137F6D9F60E53096325BF9862D1,alldocumentreader.office.viewer.filereader,59,1981-01-01 01:01:02,2026-02-10 17:18:04.811914,50000000,2026-02-10T17:18:39.731685,"Document Reader - PDF Editor
1.2.8.59",Simple Design Ltd.,22 Jan 2026
227CF9BEFFC490C845E9416F30D52829F435A5AA2CBA61BD31FBFE7F43860B01,com.mventus.selfcare.activity,1871,1981-01-01 01:01:02,2026-01-26 12:55:00.661216,100000000,2026-01-26T12:55:06.118586,"Vi: Recharge, Payments &amp; Games
10.24.0",Vodafone Idea Ltd.,22 Jan 2026
099E54B4374BF5E7F0C3099364A4BB9A6EF22A3DFCCC8D0FDD4787DC2BB0D554,com.MelsoftGames.FamilyIslandFarm,88175,1981-01-01 01:01:02,2026-02-13 14:28:46.543694,50000000,2026-02-13T14:51:53.588511,"Family Island™ — Farming game
2026010.3.88175",Melsoft Games Ltd,12 Feb 2026
7432DF128919C7B49B2090C5E190A45DC42996F7F3BAA6DF9B64FC0D3117DE0F,com.bubadu.bubbuschool,62,1981-01-01 01:01:02,2026-03-01 11:06:29.752183,50000000,2026-03-01T11:10:05.791607,"Bubbu School - My Virtual Pets
1.62",Bubadu,23 Feb 2026
00F6CF25C13E448B86E97F723D8556529A780AC279730D3AE7A2A68FFB7A6A26,com.glance.lockscreenRealmeLite,10003,1981-01-01 01:01:02,2026-03-03 01:38:17.196562,50000000,2026-03-03T02:08:09.570543,"Glance for realme (GO Edition)
1.0.3",Glance InMobi Pte. Ltd.,21 Oct 2022
13371526B0CBBB79D1C4D1DABA05B83292C956E37AD810161A5B5918C2CF9BA8,puzzle.wood.block.cube.music.box,108,1981-01-01 01:01:02,2026-01-14 07:16:10.752833,50000000,2026-01-14T07:18:08.192661,"Wood Block - Music Box
108.0",головоломка world studio,1 Nov 2025
0991550DEF7CAB77FF0692EF21F08B796386DDBB4BCDA747BFBF4C622B05CF67,com.netmarble.sololv,683,1981-01-01 01:01:02,2026-02-15 14:36:57.213848,10000000,2026-02-15T14:45:23.927948,"Solo Leveling:Arise
1.3.55",Netmarble,10 Feb 2026
070FBDC7F9FA946BCA1FBABB8CE69DA7FBEDE237D85CA36E41F9EB011E781E3D,com.app.calculator.vault.hider,309032,1981-01-01 01:01:02,2026-02-10 03:04:55.947189,10000000,2026-02-10T03:05:16.623468,"Calculator Vault - App Hider
3.9.3_ff423d09f",Hide Apps (NO ROOT),20 Jan 2026
7FDBA16612DE5D572822AC20A92A61C1126A6BB65B942BEEE5EB32517E174C38,com.oliveyoung,1222,1981-01-01 01:01:02,2026-02-15 12:30:09.071683,10000000,2026-02-15T12:34:35.782853,"올리브영
3.42.0",CJ Olive Young Corporation,29 Jan 2026
AA4D76AB0A82814A78ED52226ED01C6C949E2C1C821C81A24E5C0D8F2F67575F,air.com.games2win.internationalfashionstylist,90004835,1981-01-01 01:01:02,2026-02-02 20:10:11.526034,50000000,2026-02-02T20:10:13.050670,"Fashion Stylist: Dress Up Game
16.2",Games2win.com,20 Jan 2026
089D18F092B40C0F7F8A7DFB4EA69AD7376138981976034A5E812657F7F77159,com.trulia.android,1921,1981-01-01 01:01:02,2026-03-03 23:40:45.208313,10000000,2026-03-03T23:43:19.838951,"Trulia: Homes For Sale &amp; Rent
14.35.1",Trulia,1 Mar 2026
4D8A912982703A0E5382DA6B9FFB65C18B323D7E25A924D32B7C7B339701A5C3,com.touchtalent.bobbleapp,10100002,1981-01-01 01:01:02,2026-02-15 06:09:10.245573,50000000,2026-02-15T06:09:12.004939,"Bobble AI Keyboard Meme,Status
10.1.0.000",Bobble AI,30 Jan 2026
0FE77EF1EAD3A7F51D649E43CB2A18334CF509234405D2F6D80DD1E69CB6DCBB,com.facebook.orca,339411261,1981-01-01 01:01:02,2026-02-07 21:41:24.558871,5000000000,2026-02-07T21:42:17.637013,"Messenger
547.0.0.44.68","Meta Platforms, Inc.",2 Feb 2026
263C6CA4B06E039F9D07F0FE3C154049DA62658A735B8348436CD1B74523063A,com.vodafone.selfservis,24826,1981-01-01 01:01:02,2026-02-15 08:50:05.277148,50000000,2026-02-15T08:50:06.304804,"Vodafone Yanımda
20.2.0",Vodafone Holding,29 Jan 2026
248A31F0A084AE550844EC3E95A61CABD4F1263CCD7C8AC28D6784264630B296,com.snapchat.android,266622,1981-01-01 01:01:02,2026-02-04 23:19:13.141976,1000000000,2026-02-04T23:20:00.945031,"Snapchat
13.78.0.50",Snap Inc,3 Feb 2026
0DD8D79636D20B339A33B23FACC6F8787836C52587BC6A4C62926E753FA48977,se.hellothere.skilltwinsfootballgame2,78,1981-01-01 01:01:02,2026-02-18 02:33:46.082881,10000000,2026-02-18T02:34:21.227336,"SkillTwins: Football Game
1.8.8",Hello There Games,22 Oct 2025
CCB09B52B82DFF74CA426039E2F4C46D20DF974A956B17CF3041FE2F4F897D3A,com.hyperdivestudio.papersgradeplease,109,1981-01-01 01:01:02,2026-02-05 22:10:43.013569,100000000,2026-02-05T22:11:03.084762,"Papers Grade Please!
3.8.0",Lion Studios,8 Jan 2026
08DB3DF1D2DA2017CF7705A0CF658C61800C1F7E4B45AA07938CDC1C7658FB5F,com.openmygame.games.android.fillwordsoffline,300627,1981-01-01 01:01:02,2026-03-06 07:18:40.475423,10000000,2026-03-06T07:18:41.758298,"Fillwords: Word Search Games
1.58.8",Malpa Games,18 Feb 2026
04C7DEC125B789722B937A2491FAE1AF8DD56FD4B20BCB42A6A45BA28F928555,com.gf.washinggame.serviceworkshop.carwash,60,1981-01-01 01:01:02,2026-01-26 19:47:33.422493,10000000,2026-01-26T19:48:58.028373,"Car Wash Games - Car Games 3D
3.12.1",GamePark,21 Oct 2025
10C6DB7ABD411310688517830A2C5723E7B4281498C432BF7ADC46EAFCCEEBF9,com.miniclip.eightballpool,3906,1981-01-01 01:01:02,2026-02-02 20:06:48.112324,1000000000,2026-02-02T20:06:49.883697,"8 Ball Pool
56.18.0",Miniclip.com,28 Jan 2026
138DE2BD66BABAD90FA4D371F7892586132B2CEA5D638FC96F6A7ADC4547F7C2,com.yahoo.mobile.client.android.mail,1912760,1981-01-01 01:01:02,2026-02-27 03:09:01.253476,100000000,2026-02-26T01:04:41.932679,"Yahoo Mail – Organised Email
10.2.0",Yahoo,19 Feb 2026
646ADBACE116BEF0DBDA4E45BA2C8B8A8BAA3E1CF442C4CA45EFBA9E45C00D63,com.tencent.mm,2963,1981-01-01 01:01:02,2026-01-01 05:30:34.32956,100000000,2026-01-01T05:31:00.890884,"WeChat
8.0.66",WeChat,26 Dec 2025
052BA243B987DE41CC6C430E246DE6E49E0B3361E076990E82FB6C926886CCC5,com.iceors.colorbook.release,166,1981-01-01 01:01:02,2026-03-05 12:47:40.715101,50000000,2026-03-05T12:59:24.488105,"Coloring Book: Color by Number
3.7.5",Candy Mobile,4 Mar 2026
1A74FFB6EFE8D91E9E54D7C825DE6805B54F1DFE7E9A1235224F274A325B883F,com.skt.prod.dialer,13809,1981-01-01 01:01:02,2026-03-04 01:19:20.223822,50000000,2026-03-04T01:50:56.482803,"에이닷 전화
13.8.0",SKTelecom,24 Feb 2026
13B05A647173F711AFFB9EEF621B5BEC62529D5BFBD29F56C113A7498E8D33BA,com.tinder,17060187,1981-01-01 01:01:02,2026-02-27 06:51:04.616467,100000000,2026-02-27T06:52:09.702559,"Tinder Dating App: Date &amp; Chat
17.6.1",Tinder LLC,25 Feb 2026
0A72158F3D4D398E6AED7EFD007D8E53B97DC1F519ED15DDAAAA502CF3CE658A,claptofind.find.myphone,18,1981-01-01 01:01:02,2026-02-06 00:56:33.388339,10000000,2026-02-06T00:57:09.008771,"Clap to Find My Phone: Whistle
1.1.8",Lite Tools Games,18 Jan 2026
647D8C02C5CA3B6481B541895D72216884F39AA4394AF82143E5AB64D23D810A,com.sidheinteractive.sif.DR,3858,1981-01-01 01:01:02,2026-02-22 00:34:01.410857,50000000,2026-02-22T00:34:02.636518,"Into the Dead
2.9.4",PIKPOK,28 Oct 2025
BB0915DEEEC86E510949B216BF687F277DF5252208EA244A19CF57DE3526B7A1,com.easybrain.jigsaw.puzzles,40600080,1981-01-01 01:01:02,2026-03-04 06:51:42.970921,100000000,2026-03-04T06:52:05.954313,"Jigsaw Puzzles - Puzzle Game
4.6.0",Easybrain,25 Feb 2026
0BE2787F575D23D71300454A3B0151CDB20F8D9843AFBF9C032AAFFE394FC49B,com.multicraft.game,475,1981-01-01 01:01:02,2026-01-26 13:51:01.453318,50000000,2026-01-26T13:52:30.845617,"MultiCraft — Build and Mine!
2.0.15",MultiCraft,22 Jan 2026
72AECBD7850C4A495B6B7DC91424DE49F54683D222A62981949C03F92AA1FF25,com.isysway.free.alquran,156,1981-01-01 01:01:02,2026-01-06 02:17:42.681784,50000000,2026-01-06T02:19:48.069975,"Al-Quran (Pro)
4.9.2",ISYSWAY,31 Oct 2025
02EB01F65272012A0D1B95EC52BA0005BB742846082C73E52A13FA7FE8EE3FB7,com.gamebasics.osm,409300,1981-01-01 01:01:02,2026-02-22 02:32:06.991488,50000000,2026-02-22T02:33:40.724348,"OSM 26 - Football Manager game
4.0.93",Gamebasics BV,16 Feb 2026
BA1777380A1BB8A2F1DE4028BB22CBC473CF217339C6A9AE900EEF59780BB4E1,linkdesks.tile.match.fun,1067,1981-01-01 01:01:02,2026-02-21 19:27:11.639368,50000000,2026-02-21T19:28:02.412632,"Tile Match: Triple Puzzle Game
4.2.1.38849",LinkDesks Daily Puzzle,11 Feb 2026
2BCE7759392AA986A7E4B5450831AA31511AEF44B2F50372FA611AD650BDF563,photography.blackgallery.android,2536,1981-01-01 01:01:02,2026-03-06 09:45:08.510942,50000000,2026-03-06T09:45:52.076354,"Gallery
2.5.36",gallery,26 Feb 2026
1106773129FEE981346832BC8BDFD2DE4E599929F436396A984EF8DA1C5CAE7D,com.kbstar.kbbank,294,1981-01-01 01:01:02,2026-02-26 03:01:47.152854,10000000,2026-02-26T03:14:59.299819,"KB스타뱅킹-신분증, 결제, 통신도 다 되는 은행
G6.5.4",KB국민은행,23 Feb 2026
74CA9E50A443C7D863C0D0FAB6259BC32BD9EC194D31E81F13E634B832A87A2B,com.grofers.customerapp,280170751,1981-01-01 01:01:02,2026-02-10 00:49:12.172713,100000000,2026-02-10T00:50:55.271243,"Blinkit: Groceries &amp; more
17.75.1",Blinkit,2 Feb 2026
01410BB42D36A97168B8E7EBED4F996701C8C3DC9AFEBE4424C1233865CEA608,cz.seznam.mapy,26020206,1981-01-01 01:01:02,2026-03-02 00:06:17.7438,10000000,2026-03-02T00:13:33.700129,"Mapy.com: Offline hiking maps
26.2.2","Seznam.cz, a.s.",25 Feb 2026
D8ADF776575780EEDE47680B82438FACE6C762DC22E8A9DA5A5418779B5AA952,com.flightradar24free,102204720,1981-01-01 01:01:02,2026-01-26 13:59:42.636702,100000000,2026-01-26T14:00:34.244318,"Flightradar24 Flight Tracker
10.22.0",Flightradar24 AB,14 Jan 2026
0256B59E3F804ACB2D9470D99B71A501DC8AB7A74D9E70B0B3338977F6526C31,linkdesks.tile.match.story,429,1981-01-01 01:01:02,2026-01-27 02:07:25.241123,10000000,2026-01-27T02:07:15.728197,"Tile Story: Match Puzzle Game
3.1.1.3984",LinkDesks Classic Puzzle Games,20 Jan 2026
31BF040A93DADB499220B1E43376F0DE903EFF964D185A94D33F5979BED2585E,media.music.musicplayer,801,1981-01-01 01:01:02,2026-01-03 02:02:39.557399,100000000,2026-01-03T02:03:49.112817,"Music Player - Audio Player
8.0.1",Mobile_V5,30 Dec 2025
3979236A82750C04FCAEB5C070384F5101C8A9A68B8553426B1DCFCC353D62D0,com.pozitron.hepsiburada,447,1981-01-01 01:01:02,2026-02-03 19:30:52.209266,50000000,2026-02-03T19:32:55.923707,"Hepsiburada: Online Shopping
5.83.0",Hepsiburada.com,30 Jan 2026
1353AAC2CC012A9F016785168826B6CA477F441E53D6C9A2C186E8F54BB4E2DC,com.evolution.merge,141,1981-01-01 01:01:02,2026-03-01 01:41:27.867084,10000000,2026-03-01T01:50:28.143621,"Evolution Merge - Eat and Grow
1.2.20",SayGames Ltd,21 Jan 2026
7CEA31F6CA5DA81A801F66EACAAC0A8EE9C3695E455C76C9E5F9128567B446B6,com.media720.games2020,35205,1981-01-01 01:01:02,2026-02-22 01:47:11.559502,100000000,2026-02-22T01:48:13.369039,"Offline Games no wifi internet
3.52",Fun Offline Games,29 Jan 2026
B972CE90ED32A5E668D5649C4CA2362370EFA0BC948D0A123AE8EFDC706D2FBE,com.time.trigger,433,1981-01-01 01:01:02,2026-02-02 19:09:54.608957,100000000,2026-02-02T19:10:14.262618,"Johnny Trigger: Action Shooter
1.12.56",SayGames Ltd,26 Jan 2026
0E8E482B7A8EDF5AC718DE635DF2DC68554D9E4AFBA01A1EC714F046AF0BD33C,world.playme.mechat,6846,1981-01-01 01:01:02,2026-02-14 13:52:21.41005,10000000,2026-02-14T13:53:13.351084,"MeChat - Interactive Stories
4.45.1",PlayMe Studio,11 Feb 2026
3FC46A0A6B3B453F66ED48D0515B68DE68081FB4A5CD19239F0F41EFB24A9529,com.crafto.android,894,1981-01-01 01:01:02,2026-01-26 16:47:07.806512,100000000,2026-01-26T16:47:10.299019,"Crafto
10.2.1",Kutumb App,23 Jan 2026
0D700C3E84A550C2BC2FD749211D82AA9B75B11031B20A5604DF40CAD2B7B93E,com.gameswing.offroad.oiltankertransport.truckdriving.simulator.game,84,1981-01-01 01:01:02,2026-01-10 08:09:22.389348,100000000,2026-01-10T08:11:54.191493,"Truck Simulator - Truck Games
6.6.9",Games Wing,4 Nov 2025
04042B22FB41CD9D0F15A41539D39934132ED38A5F18B0A110A47D64907C0749,com.withbuddies.dice.free,2110022672,1981-01-01 01:01:02,2026-02-12 16:02:17.047463,10000000,2026-02-12T16:02:41.007524,"Dice With Buddies™ Social Game
9.0.11",Scopely,6 Feb 2026
0BD6C2FAF3CD4E3317B47FD93224522F0F9ED0BCA6F9CF521C4890B2DDBB3E35,com.andi.alquran.id,351,1981-01-01 01:01:02,2026-02-21 00:03:43.849816,50000000,2026-02-21T00:01:28.661335,"Al Quran Indonesia
3.1.51",PT Dalfindo Pustaka Digital,17 Feb 2026
A80BD2B6C783E1D0800BB9370AB23334455F8F7C63CE9314B9F0779E47815C24,com.game.minicraft.village,42,1981-01-01 01:01:02,2026-03-07 13:08:10.583354,100000000,2026-03-07T13:43:44.119519,"Village City Life Building
1.2.15",XGame VN,26 Feb 2026
0354315F6F1D7B49BDADF69F11F54256FBFF2C95DC3AF50B94AA2A4D9E8B4813,wp.wattpad,3709,1981-01-01 01:01:02,2026-02-18 11:40:45.483494,100000000,2026-02-18T11:43:17.424489,"Wattpad - Read &amp; Write Stories
11.24.0",Wattpad.com,11 Feb 2026
2B8311E0D4B36B1B84F7A8FF57554685BE85EE1678B17EBB0050DF898507B633,fr.vinted,260801,1981-01-01 01:01:02,2026-03-05 02:14:46.527996,50000000,2026-03-05T02:18:44.858253,"Vinted: Shop &amp; sell pre-loved
26.8.1",Vinted,27 Feb 2026
68398182BE4E7DEE158F3A778E43D73707CBD6B3391BE85B83CBC43FA2F6E934,com.nexstreaming.app.kinemasterfree,36002,1981-01-01 01:01:02,2026-02-09 23:02:55.424609,500000000,2026-02-09T23:04:30.364998,"KineMaster - Video Editor
8.0.14.36002.GP","KineMaster, Video Editor Experts Group",4 Feb 2026
3FDA1B240041B11C4141F1FDDD590AB25082444475F40348D52172578353D706,com.oakever.tiletrip,116,1981-01-01 01:01:02,2026-01-10 02:36:36.371804,100000000,2026-01-10T02:33:34.450001,"Tile Explorer - Triple Match
1.68.3",Oakever Games,7 Jan 2026
BD865EB58A9B44E61F08CD25A29CEACE17B416065B177EEFDD59A41B24744E18,com.link.messages.sms,294,1981-01-01 01:01:02,2026-01-10 20:24:02.854435,50000000,2026-01-10T20:24:05.479034,"Messenger SMS - Text Messages
2.9.4","SMS Messenger, Text App",5 Jan 2026
4FC59B7689313C7BF77E61450C64331F9A9B1BEEC5AD917F0720E1F28EBFBDD3,com.taobao.taobao,770,1981-01-01 01:01:02,2026-02-01 01:19:14.465134,50000000,2026-02-01T01:19:47.936892,"Taobao
10.57.0.8",Taobao,28 Jan 2026
3371009A5C1F7EA6BA19DFCBB051DBBF26A825A5E0A847E383CE2435E8290A86,com.pixel.gun3d,576531,2026-02-12 08:45:50,2026-02-17 04:37:24.947575,100000000,2026-02-17T04:50:16.172788,"Pixel Gun 3D - Battle Royale
26.4.1",Pixel Gun 3D,12 Feb 2026
06F995BD488BB5BE9633C6BAEAA5B5C49F38AFB7072F6EEF88FAFDC85E6F3FD3,com.hutchgames.rebelracing,1915702,1981-01-01 01:01:02,2026-02-27 04:50:26.977937,50000000,2026-02-27T04:51:28.118984,"Rebel Racing - Car Racing Game
27.02.19157",Hutch Games,23 Feb 2026
C562F76C775755F24EADC5BC711D444E10A0225E415963F679E05A25F6CDE749,com.dramaton.slime,1260,1981-01-01 01:01:02,2026-01-31 17:23:03.689484,100000000,2026-01-31T17:23:06.063206,"Super Slime Simulator: DIY Art
12.60",Dramaton,20 Jan 2026
147AAB69DC47DE1E3FFC6270E9810E13CEA03A218B30BECFF69A838567CE36E5,jp.gree.warofnationsbeta,848,1981-01-01 01:01:02,2026-01-26 14:30:47.032993,10000000,2026-01-26T14:32:20.848740,"War of Nations: PvP Strategy
9.0.10",Garden City Games,21 Jan 2026
0D9EE57D235579E1C02BC9BEE958A27C7B603E3E49005230AE84BC1D70174C9F,com.google.android.marvin.talkback,60192274,1981-01-01 01:01:02,2026-01-27 04:07:39.696639,10000000000,2026-01-13T19:55:25.262172,"Android Accessibility Suite
16.2.0.855052621",Google LLC,11 Jan 2026
02B7F7455A6FD63E2DFB85BF186A5FA8E0D7E252B446AB89544C639309580562,com.block.juggle,9270,1981-01-01 01:01:02,2026-03-02 11:35:49.713572,500000000,2026-03-02T11:36:38.828070,"Block Blast!
9.2.7",HungryStudio,28 Feb 2026
13C003109AE3845BAE91073491D5CF5C626C4C4BB8EB3A55E4CC82AD6BC06C82,com.tiltingpoint.spongebob,3301,1981-01-01 01:01:02,2026-01-06 23:14:26.369173,50000000,2026-01-06T23:15:14.609274,"SpongeBob: Krusty Cook-Off
5.10.3",Tilting Point,30 Dec 2025
0BF52C4A8F68FD60A31B7170B640E9D7290360BC8DA0FBDC8B08ABDD119E9AAA,com.dubox.drive,563,1981-01-01 01:01:02,2026-01-07 06:44:56.809444,100000000,2026-01-07T06:45:09.424019,"TeraBox: 1TB Cloud &amp; AI Space
4.10.3",Flextech Inc.,6 Jan 2026
C5E5A0E227F211F7F8C6066150A9F3DC15D6337C3ED744C40FCC4E37DC42D3E0,com.zjcgame.cluehunter,69,1981-01-01 01:01:02,2026-02-17 17:54:23.926491,50000000,2026-02-17T17:56:25.094079,"Clue Hunter
1.3.2",Lion Studios,17 Dec 2025
03C1A110BBDDFD8952DAE07D22BF5B24CE3B0DDAF084B209D0C322237B33F092,com.Shooter.ModernWarships,120516268,1981-01-01 01:01:02,2026-02-26 23:34:33.665083,10000000,2026-02-26T23:37:12.772794,"Modern Warships: Naval Battles
0.102.0.120516268",Artstorm FZE,24 Feb 2026
0A37BB1EC645060D6E89AD483E901DD9F00E9A04B344FB314E64D42EA6A39DF3,com.codespaceapps.you,402,1981-01-01 01:01:02,2026-02-24 09:29:56.794748,10000000,2026-02-21T17:49:08.182186,"Retake AI: Face &amp; Photo Editor
3.1.0",Deep Flow Apps,13 Feb 2026
0EC1CDC7F4E1CC122D84807288157EB8905121F08D2F7AFB3B27B40717435B97,com.platinumplayer.word.addict,420291,1981-01-01 01:01:02,2026-02-17 15:53:38.11014,10000000,2026-02-17T15:56:55.494047,"Word Collect - Word Games Fun
2.029",Super Free,13 Feb 2026
09B8E16817D9E39F6CB245855CE2DF60F9E6A405E2DE1E98B049D9FC4B9B951C,com.oceanwing.soundcore,390,1981-01-01 01:01:02,2026-01-27 15:25:17.880799,10000000,2026-01-27T15:25:47.124435,"Soundcore
4.0.52",Anker,14 Jan 2026
0E597667A8882FF6370C26BD0FFDD6BCDBE5E15F6EE60AE3727899EFC8D8C8ED,com.baitu.qingshu,522,1981-01-01 01:01:02,2026-02-05 00:39:34.898109,10000000,2026-02-05T00:39:47.253481,"Poppo Live- Live Stream
5.4.522.0127",PoppoLive,26 Jan 2026
43630C02018EF207B1A7D6E2320E8D115F459CC1BD0889378F624FAA73F9E970,bubbleshooter.orig,99011130,1981-01-01 01:01:02,2026-01-27 01:38:21.618499,100000000,2026-01-27T01:39:35.355907,"Bubble Shooter: 2024 Classic
16.1.1",Bubble Shooter,8 Jan 2026
A985A85471DB6DED1EBDE865B39C5C2F64E664EF941D194A1D609CCB91366955,com.barsstudios.swordplay,1078,1981-01-01 01:01:02,2026-02-10 07:09:19.178001,100000000,2026-02-10T07:09:59.201050,"Sword Play! Ninja Slice Runner
10.17.0",CASUAL AZUR GAMES,5 Feb 2026
0FDDB4BFAA988FB3A63E0BE7916648B428F96FEF4B1F3B41E075341B364FEB33,com.dp.hidden.objects,355,1981-01-01 01:01:02,2026-02-16 04:20:56.6541,10000000,2026-02-16T04:37:16.875771,"Hidden Objects Detective Games
1.18.22",CASUAL AZUR GAMES,29 Jan 2026
1FB14D8CE8028CA2AA4CB3F50458CBAF78B488C0A4E632EDCE21D61003CA73E5,com.miniclip.railrush,61014213,1981-01-01 01:01:02,2026-02-19 08:48:06.962162,100000000,2026-02-19T08:48:25.478808,"Rail Rush
1.9.26",Miniclip.com,11 Feb 2026
2A9CF921686BA2C9E8C9B6F478600C1F9256DB5E7B34698166646C98920685E9,com.pandora.android,26011022,1981-01-01 01:01:02,2026-02-19 10:43:47.342618,100000000,2026-02-19T10:51:30.064178,"Pandora - Music &amp; Podcasts
2601.1",Pandora,6 Feb 2026
FBBF8D611FB1682F437F13F69896459F3FCB9C997AA8500383FE3AFF50DA6902,com.domobile.applockwatcher,2026010701,1981-01-01 01:01:02,2026-01-26 11:15:36.229817,100000000,2026-01-26T11:16:19.964154,"AppLock
6.1.0",PIPS Tech,7 Jan 2026
D733F145608737F3F5BB612A0D937566C2073373F1AAAC5E25466BB4A0948BC0,com.google.android.apps.wearables.maestro.companion,10234011,1981-01-01 01:01:02,2026-03-03 04:46:52.794986,100000000,2026-03-03T04:47:44.152100,"Google Pixel Buds
1.0.867833480",Google LLC,15 Feb 2026
40A89AD7BD76F962F9B6BC63F3AD1166AA7FB1D9662CF1429F754B74E815A3DB,com.halfbrick.jetpackjoyride,846534000,1981-01-01 01:01:02,2026-02-05 00:43:38.899768,100000000,2026-02-05T00:47:14.481202,"Jetpack Joyride
1.103.3",Halfbrick Studios,19 Jan 2026
E0039A1B370D9DEBDF91A17271773CB3E5EDA8F5294612FD5324B500D5EE86ED,com.ht.mini.car.raceway.endless.drive,635,1981-01-01 01:01:02,2026-02-10 04:43:59.433495,100000000,2026-02-10T04:44:31.289097,"Mini Car Racing Game
6.0.35",GAMEXIS,27 Nov 2025
0D184326ABD6D96FCBBA815863B9095E7EC46166A2D524D269E011515985FB14,com.microsoft.teams,2026015223,1981-01-01 01:01:02,2026-01-31 13:28:08.64252,500000000,2026-01-31T13:27:46.738601,"Microsoft Teams
1416/1.0.0.2026015202",Microsoft Corporation,22 Jan 2026
4144888D37F7F6BD717A6895EB5BF316AB2A6501CCFBD0C2C8BD88DBA5F4B28B,com.wallpaperscraft.wallpaper,36000,1981-01-01 01:01:02,2026-02-20 15:04:49.489803,100000000,2026-02-20T15:14:06.982506,"Wallcraft: 4K Wallpaper Live
3.60.0",Nebuchadnezzar DOO,22 Jan 2026
150A7313145F5F9BAE2067F350154258C64556B038A4B4487B8FE30880C6454A,com.ojassoft.astrosage,1084,1981-01-01 01:01:02,2026-01-26 16:24:44.84055,50000000,2026-01-26T16:27:13.878084,"AstroSage Kundli: AI Astrology
29.0",Ojas Softech Pvt Ltd,19 Jan 2026
12493413C437C3A413224DF035737F33D8D4CA08345F79E744D088D1816A47B7,com.mgc.miami.crime.police,323,1981-01-01 01:01:02,2026-01-11 03:07:57.633334,10000000,2026-01-11T03:11:36.838961,"Miami Crime Police
3.2.3",Naxeex Action & RPG Games,15 Dec 2025
A7D2A46EAE5D3BB0928C66CD57EC8533C1463051BE8D783DC59A40D3ADD23B64,com.rosytales.hairsmakeupartistsalon,21,1981-01-01 01:01:02,2026-03-02 09:28:32.281976,50000000,2026-03-02T09:29:19.539087,"Hairs Makeup Artist Salon
2.02",rosytales,6 Nov 2025
0A86CBA63A4E8896718895E1EB974A21C73A384ECFF5FC52522ECE613CCD7165,com.cartaoluiza.app,424,1981-01-01 01:01:02,2026-01-07 05:41:46.311084,10000000,2026-01-07T05:43:24.911176,"Cartão Luiza: descontos Magalu
7.62.0",Itaú Unibanco S. A.,10 Dec 2025
0E85611EBD94FC5D9363CD1A1DC3E8819F9010A4193DDACE7710F359F6B2D70A,com.thecarousell.Carousell,10209,1981-01-01 01:01:02,2026-02-10 00:20:32.830796,10000000,2026-02-10T00:15:46.891914,"Carousell: Sell and Buy
2.440.9",Carousell,29 Jan 2026
6707EDE6D58D06EDF94FD9DE5965D3077B687F4CF6D6457842623FB35DC6667D,com.commsource.beautyplus,78150,1981-01-01 01:01:02,2026-01-07 05:52:54.304579,100000000,2026-01-07T05:52:55.656312,"BeautyPlus - Retouch, Filters
7.27.0",PIXOCIAL TECHNOLOGY (SINGAPORE) PTE. LTD.,5 Jan 2026
0EF3603A161A8E7691ACF34D24CDC2EA9DF58EB58E012CEBDDC8BDEFD13DC306,com.repost,121,1981-01-01 01:01:02,2026-01-15 19:56:48.501101,10000000,2026-01-15T20:12:44.034446,"Reshare for Story &amp; Video
4.3.6",Video & Story Tools HD,10 Jan 2026
0294D6ECFB3E81DC3746F7AB8101570D9DEA750F561EA28AEE93B8E0D6EB10C1,com.yelp.android,28261006,1981-01-01 01:01:02,2026-03-05 13:30:31.237217,50000000,2026-03-05T13:40:43.465266,"Yelp
26.10.0-28261006","Yelp, Inc",3 Mar 2026
D6C227B0852AF14C7F88D6C179F48D520C7654ECB28F725864CE2EC833EA97BA,downloader.vitmate.downloaderapp,48,1981-01-01 01:01:02,2026-01-29 10:44:07.383809,100000000,2026-01-29T10:45:22.706985,"Downloader - Video Downloader
1.4.8",Leap Fitness Group,17 Dec 2025
000D9B1DF514419345BC35B0BF377D126541ADA8D276B56ABFC1FE76327ACAF1,tech.jm,4980736,1981-01-01 01:01:02,2026-01-09 03:01:52.392945,10000000,2026-01-09T03:01:56.604357,"Джум — покупки и скидки онлайн
4.192.0","INTERNET PROJECTS, LLC",24 Dec 2025
06DEC3BC1BFC9A01B3994030F2AF0076AF69B6DD6E6271C8B641ECB0F3274B34,com.JindoBlu.OfflineGames,2804,1981-01-01 01:01:02,2026-02-15 19:57:15.910042,100000000,2026-02-15T19:58:29.182614,"Offline Games - No Wifi Games
3.8.1",JindoBlu,5 Feb 2026
DBDFFB578B59E47FE9420FA96E7299493231F8DDB6538C956C6488D938FAE7A9,com.sec.android.easyMover,376915130,1980-01-01 00:00:00,2026-02-23 08:39:49.721293,1000000000,2026-02-23T08:36:51.211621,"Samsung Smart Switch Mobile
3.7.69.15","Samsung Electronics Co.,  Ltd.",12 Feb 2026
20A913B29E7AE16FFBF27065419F25AC2CDA6DEB9DF48FB56BA91617E2969AB5,com.amazon.avod.thirdpartyclient,436001347,1981-01-01 01:01:02,2026-01-26 10:04:32.929956,500000000,2026-01-26T10:05:20.289719,"Prime Video
3.0.436.1347",Amazon Mobile LLC,15 Jan 2026
30B0C0C73BEC92A4897C090CB798305B56D3CEC853A635B1AD97F3151AD97FBC,com.amanotes.gs.g06,516,1981-01-01 01:01:02,2026-01-11 06:53:47.149429,50000000,2026-01-11T06:58:12.618726,"Duet Cats: Music &amp; Meow Game
1.5.16",AMANOTES PTE. LTD.,8 Jan 2026
02CB6D15EC48A0A1C68477DED634D0A2CF53767E9141ABDA8AE10F6AAE0E5602,weightloss.weightlossforwomen.workoutforwomen.womenworkout,92,1981-01-01 01:01:02,2026-02-15 12:52:11.610584,10000000,2026-02-15T13:07:50.920871,"Weight Loss for Women: Workout
1.9.3",EZ Health,4 Feb 2026
1A2E65993C982993FAD7A0C0D171CB5C7BE1F31B95847469BBAF811E5B48FBDF,europe.truck.simulator2,60,1981-01-01 01:01:02,2026-02-22 03:48:16.318367,50000000,2026-02-22T03:48:47.525820,"Truck Simulator : Europe 2
0.64",Wanda Software,19 Feb 2026
A5A1531B312EB67817555F0F8B9612BFC7F1F97F98AA5F795F86B2F2B5D354F5,com.musicplayer.playermusic,186,1981-01-01 01:01:02,2026-02-19 15:21:00.242887,50000000,2026-02-19T15:28:30.562456,"Music Player - Audify Player
1.186.0",Audify Player.,12 Feb 2026
5BC897DC75448B042FA5B80FDC445246C8175D507A12134E70C1A577EA522BA1,ru.mts.mymts,150590065,1981-01-01 01:01:02,2026-02-15 14:36:24.506092,50000000,2026-02-15T14:36:32.808395,"Мой МТС
6.59",MTS Pjsc,2 Feb 2026
DE02C1B33DD5C793FE30FF9E62736B85A43A6AEB9224AE3722B79D1AA163C9D3,com.playstrom.bob,218,1981-01-01 01:01:02,2026-02-22 13:51:42.849985,100000000,2026-02-22T13:51:47.398270,"Comics Bob
1.3.44",SayGames Ltd,21 Jan 2026
0B55F6564A2C13A019304B39F6531640982FBF9937C35912B099A30526F99113,com.instagram.basel,861901081,1981-01-01 01:01:02,2026-03-03 01:06:27.191393,50000000,2026-03-03T01:25:05.140605,"Edits: Video Editor
419.0.0.49.71",Instagram,2 Mar 2026
2F38ADA222DC23576628318081D4D3E6F3E0E21A9E34D14AC3E76329ED3D71C2,beetles.puzzle.solitaire,280,1981-01-01 01:01:02,2026-01-27 04:45:51.079368,10000000,2026-01-27T04:46:03.328505,"Solitaire - Classic Card Games
1.85.1",Oakever Games,19 Jan 2026
082766D25C0F03CCCAE4A5FD89B8BB96AFA88283AF1562E0D22D350C5EC5D768,com.fyxtech.muslim,134,1981-01-01 01:01:02,2026-02-28 06:09:43.42753,100000000,2026-02-28T06:19:32.972020,"WeMuslim: Athan, Qibla&amp;Quran
3.3.2",Metaverse Technology FZ-LLC,4 Feb 2026
00AFA37BD499667E1470F44CA2CDA965DAE1E8F86CDF0E2DD82C38DFEFA7E289,com.yallagroup.yallashoot,539,1981-01-01 01:01:02,2026-01-26 23:39:22.267727,10000000,2026-01-26T23:40:17.668110,"Yalla Shoot - Live Scores
4.14.0",Yalla Group,22 Jan 2026
5D1F0E457E4FBCA7F465554C22C6C976DF5B3DC11B83CCB847E052846CED3DB6,com.maxmpz.audioplayer,1021004,1981-01-01 01:01:02,2026-03-02 13:52:47.455757,50000000,2026-03-02T14:18:42.336198,"Poweramp Music Player
build-1021-bundle-play",Poweramp Software Design (Max MP),20 Feb 2026
1293B1996831BDB1CBA795FFF97A45F9A2E74E67B88F2619658C0B88DA862175,com.musicgame.colordancinghop,194351,1981-01-01 01:01:02,2026-02-16 18:57:46.854405,10000000,2026-02-16T19:21:31.881198,"Beat Ball Tiles Hop 3D
1.9.43.51",XGAME STUDIO,17 Dec 2025
02E6252FFDAFA69394C1BAB4F802C54562BA1BF5C60CCF1B49087A16E5E724C1,com.moniepoint.business,159,1981-01-01 01:01:02,2026-02-15 09:47:59.816189,10000000,2026-02-15T09:58:03.887121,"Moniepoint Business Banking
2.60.0",Moniepoint,5 Feb 2026
07E3E7A30BC152257A3586101F752E368AE9F4C840C559F0A562F7697775D5E6,com.finch.finch,1369,1981-01-01 01:01:02,2026-02-27 05:37:49.454438,10000000,2026-02-27T05:53:12.204345,"Finch: Self-Care Pet
3.73.133",Finch Care Public Benefit Corporation,26 Feb 2026
BFD13FB5E3410F9DAEC96C6F5BD7B30D54C0DD1E57AA062EC4BD7EB83A4195D3,com.edujoy.kidecats,122,1981-01-01 01:01:02,2026-02-18 23:49:01.238539,50000000,2026-02-18T23:56:42.611158,"Kid-E-Cats. Educational Games
12.2",AppQuiz,20 Oct 2025
2A8EF924D71776534F7B1553BDB1087EA948496EBCABAA8825D12D4181D80838,com.intsig.camscanner,71201,1981-01-01 01:01:02,2026-02-27 08:36:18.95283,500000000,2026-02-27T08:37:02.997077,"CamScanner- scanner, PDF maker
7.12.0.2602040000",INTSIG PTE,9 Feb 2026
022336963CAEED7228044D7ECDAA9AE4EC2566D07EB162D44E693332B8DAA0F1,net.peakgames.ginrummyplus,2590,1981-01-01 01:01:02,2026-03-05 03:17:04.752588,10000000,2026-03-05T03:17:30.655251,"Gin Rummy Plus: Fun Card Game
9.10.30",Zynga,3 Mar 2026
187D4A9CD262466E176C333802B4836C7BF0752797B361D4767521296CE6E31F,com.tripadvisor.tripadvisor,260216009,1981-01-01 01:01:02,2026-02-20 21:11:49.00954,100000000,2026-02-20T21:11:53.318298,"Tripadvisor: Plan &amp; Book Trips
66.9",Tripadvisor,16 Feb 2026
07AD49D7F6491CA5D13CBB6415184EA386DF61FD28FB8AF51968667A76A4672A,ru.yandex.yandexmaps,738902120,1981-01-01 01:01:02,2026-02-09 23:21:11.28725,100000000,2026-02-09T23:22:48.456845,"Yandex Maps and Navigator
27.7.0",Direct Cursus Computer Systems Trading LLC,29 Jan 2026
86E949E773446ECED6EC5D060EC8D7E1E105066B535E02EEDD0933B181DFED15,com.microsoft.emmx,365012505,2001-01-01 00:00:00,2026-01-08 17:33:13.458353,100000000,2026-01-08T14:19:34.605649,"Microsoft Edge: AI browser
143.0.3650.125",Microsoft Corporation,4 Jan 2026
21C9F0911B51EA90B98A6251625EAC4A3732DF92618264EF4638BCB1AC20CFED,no.mobitroll.kahoot.android,3081,1981-01-01 01:01:02,2026-03-06 21:29:49.22755,50000000,2026-03-06T21:29:50.416414,"Kahoot! Play &amp; Create Quizzes
6.6.1.1",Kahoot!,4 Mar 2026
4952C3168FCCFA8C75A9BF65F83ED693234C55CC9851B2FCB722E80CBE227D1E,applock.lockapps.fingerprint.password.locker,189,1981-01-01 01:01:02,2026-02-12 15:22:59.154994,50000000,2026-02-12T15:24:01.697192,"App Lock - Lock Apps, Password
1.8.9",InShot Inc.,10 Feb 2026
215041E02803A631758E4BA549D7DE2E9923D17095B081C5DF499D5821CEB7E2,com.biglime.cookingmadness,215,1981-01-01 01:01:02,2026-01-27 08:44:15.491437,100000000,2026-01-27T08:45:04.818850,"Cooking Madness: A Chef&#39;s Game
3.1.2",ZenLife Games Ltd,15 Jan 2026
5E0381F27F90C1BE2224574897DC7785F489888BA8704801B3CE2B63C5EC0534,com.oppo.quicksearchbox,16070016,1981-01-01 01:01:02,2026-02-03 21:20:52.990942,1000000000,2026-02-03T21:23:42.601196,"Global Search
16.7.0",HeyTap,19 Jan 2026
1AD03FA992375A3108B9F4033D2E2588D977CDDE0BF3743FA0A4018A929D2F1A,com.playrix.gardenscapes,109420,1981-01-01 01:01:02,2026-02-17 06:01:16.844838,500000000,2026-02-17T08:35:52.419897,"Gardenscapes
9.4.2",Playrix,12 Feb 2026
0389B96DFC64FE9887808CE12942FFF3E315D7C258D39B2E9A540156BBF08F63,com.hypermonkgames.HighwayOvertake,289,1981-01-01 01:01:02,2026-01-13 16:32:53.202671,10000000,2026-01-13T16:35:59.600390,"Highway Overtake - Car Racing
2.1.1",HyperMonk Games,7 Jan 2026
451282631526FCFD1282BA42847CECDE8458FBED4643ACFE679AA174B7DFA91B,ru.mail.mailapp,132374,1981-01-01 01:01:02,2026-02-19 08:24:18.450022,100000000,2026-02-19T08:26:12.330622,"Mail: Email, Cloud, Calendar
15.74.0.132374",VKL,16 Feb 2026
2386695AE90DF0D49642E61C014C2B64D473A3412DA55C1AAA5E0E503BE22B16,com.vidio.android,3191752,1981-01-01 01:01:02,2026-02-20 12:25:00.074194,100000000,2026-02-20T12:25:02.738942,"Vidio: Sports, Movies, Series
7.20.9-62201c551f",PT Vidio Dot Com,9 Feb 2026
0594B21CF7C65CCA650DC7314A85CA0F3A2E4AC1C120B4ABEA4D69CCD4852F73,com.streets.fire.grand.gangster.city,177,1981-01-01 01:01:02,2026-01-29 15:02:20.611516,10000000,2026-01-29T15:03:55.006563,"Gangs Town Story
0.36.1",GamesEZ,27 Jan 2026
675E37E9999BA4A6C12591105674A92B7ADF51F6D261A3E27C2A5EAEB11FA5BA,com.mgc.RopeHero.ViceTown,702,1981-01-01 01:01:02,2026-02-15 06:38:20.291348,100000000,2026-02-15T06:40:06.571907,"Rope Hero: Vice Town
7.0.2",Naxeex Action & RPG Games,15 Jan 2026
91448F8D9B75F37C4EAD5F652862AC1616E845AAB7C6C2A355C5B7CF73BA2BB0,eu.inlogic.footballcup2018.gplay,177,1981-01-01 01:01:02,2026-02-18 02:53:53.382417,100000000,2026-02-18T02:56:23.884412,"Football Cup 2026: Soccer Game
1.31.2",INLOGIC SPORTS - football tennis golf soccer,13 Feb 2026
05B694112F9711070EBA2F4F0A3062489409AF6186819B168FEF44A1F5BAABA7,com.WalkTalk.FlightMaster,197,1981-01-01 01:01:02,2026-02-10 00:50:39.188356,10000000,2026-02-10T00:50:55.503226,"Epic Plane Evolution
1.7.1",VOODOO,6 Feb 2026
0F92AD5881D66502FE5FD064E279B44C3C2E217DA0CE377831D0471F3C79B59D,com.redcat.hypermarket,287,1981-01-01 01:01:02,2026-02-27 11:20:53.028377,50000000,2026-02-27T11:26:03.941417,"Hypermarket 3D: Store Cashier
263.2",Sunday.gg,20 Feb 2026
003D5CAFB23CB7DFCD73CF45959D3B6E4158AC2150D9AE877506654295B442F7,com.mxtech.videoplayer.ad,2001002814,1981-01-01 01:01:02,2026-01-04 05:19:56.034756,1000000000,2026-01-04T05:55:13.707177,"MX Player
2.5.4",Amazon Mobile LLC,1 Jan 2026
8A2CF534E94FB464822FC780706B955958805BBDA9C7B4023865CF7B050825F2,com.azurgames.stackball,223,1981-01-01 01:01:02,2026-02-16 07:54:42.860705,100000000,2026-02-16T08:07:31.319883,"Stack Ball - Crash Platforms
1.2.23",CASUAL AZUR GAMES,6 Feb 2026
79A62CDEA0A0F6AE808B4EB650B2D7B8F8D2C17A1F22499130D0E42122D97988,com.amanotes.pamadancingroad,26020518,1981-01-01 01:01:02,2026-02-17 13:47:31.558685,100000000,2026-02-17T13:47:35.252022,"Dancing Road Color Balls Match
3.0.4",AMANOTES PTE. LTD.,7 Feb 2026
303EEEE36072AD81BE70ABB12B6180605EAFE378E2FB2AA4AF72AFCF91E1B19D,com.weather.Weather,1080008997,1981-01-01 01:01:02,2026-01-09 05:24:26.666998,100000000,2026-01-09T05:25:38.207551,"Weather: Forecast &amp; Radar Maps
15.8.2",The Weather Channel,5 Jan 2026
66C918F2EEF30F685A9505E9054924D4C5ED96C63F2B73432AD402848932283D,com.blackout.bubble,2949,1981-01-01 01:01:02,2026-02-25 14:45:13.259787,100000000,2026-02-25T14:47:44.304932,"Bubble Shooter Rainbow
2.90.6",Blackout Lab,18 Feb 2026
0D10EFD82BA64DBADFA03E201FB36515B27D900ECCFFF03A27806B89E22ED8A2,ru.yandex.taxi,50127912,1981-01-01 01:01:02,2026-03-07 01:13:13.877498,100000000,2026-03-07T01:13:55.580603,"Yandex Go: Taxi Food Delivery
5.67.4",Mikromobilnost LLC Belgrade,5 Mar 2026
65A622DFF3C5429BF89D35A7B27CE2D3A5016342CD97123E18F20FE518F53F9C,com.zing.zalo,25122878,1981-01-01 01:01:02,2026-01-05 12:49:48.483964,100000000,2026-01-05T12:54:31.154157,"Zalo
25.12.02",Zalo Group,30 Dec 2025
2C6F38A9DA72ECC533A995A6A5517B4063CC455D4A7605BEED2B5BB18A2CB7A2,com.radio.pocketfm,1182,1981-01-01 01:01:02,2026-03-02 10:21:39.238136,100000000,2026-02-27T17:17:04.142678,"Pocket FM: Audio Series
8.18.2",PocketFM,16 Feb 2026
6E9C27FBED6F8ED7A90BCF288BCE0794365B3AC0A1E5B976B977C52546465D4F,com.cam001.selfie,1766,1981-01-01 01:01:02,2026-02-14 15:00:51.221738,100000000,2026-02-14T15:01:29.835793,"Sweet Selfie: AI Camera Editor
5.7.1766",Selfie Camera & Photo Editor & Beauty Snap,15 Jan 2026
BE47B226FB163C75CBC272F4593DAC15F254FDE02A462C5B4F577F95BDD3A98E,com.sushirolls.app,2154,1981-01-01 01:01:02,2026-01-11 13:41:43.360723,100000000,2026-01-11T13:45:12.425194,"Sushi Roll 3D - Cooking ASMR
1.8.44",SayGames Ltd,19 Dec 2025
02652366C6911D0760E9750D30643BD8ADFDE294F5093386EFC7620324AD304E,com.happytools.learning.kids.games,318,1981-01-01 01:01:02,2026-02-19 10:31:33.307804,10000000,2026-02-19T10:31:36.701829,"Bebi: Baby Games for 2-4y kids
10.09.50",Bebi Family: preschool learning games for kids,17 Feb 2026
886E543E985D30D0BA84E353D576E16B338B389EF544F56D14B7AD42C4613B29,music.video.photo.slideshow.maker,620,1981-01-01 01:01:02,2026-01-08 06:20:14.809945,50000000,2026-01-08T06:23:48.785840,"Music Video Editor - Vidshow
2.35.620",Mivo studio,16 Dec 2025
8B3FA30AECEF28669725FF319B17AA5B4C7A4978BE543614E0943640081D5763,com.octro.teenpatti,482,1981-01-01 01:01:02,2026-01-29 11:09:20.315607,50000000,2026-01-29T11:10:59.737327,"Teen Patti Octro- 3 Patti Game
11.52","Octro, Inc.",15 Jan 2026
039E8ED22A1937B7121072E400A2D833E9B627804B5BAD42495097060FE0BBC2,com.faladdin.app,2012,1981-01-01 01:01:02,2026-02-20 21:19:50.457228,10000000,2026-02-20T21:20:02.677745,"Faladdin: Tarot &amp; Horoscopes
5.0.3",Truemium Ou,16 Feb 2026
0F22BA327CCA61BB2870AD1335E5F7E654DFA5243964F7E8A6C174BB83ED88D7,jp.co.yahoo.android.apps.transit,448,1981-01-01 01:01:02,2026-02-13 23:38:53.972691,10000000,2026-02-13T23:40:53.774521,"Yahoo!乗換案内　時刻表、運行情報、乗り換え検索
7.55.4",Yahoo! JAPAN (LY Corporation),5 Feb 2026
0E83F6537AECCDFC0BBE304C2F77A78B7C4DB3735F3D706E51410534F0471A15,de.flixbus.app,9750,1981-01-01 01:01:02,2026-03-04 20:08:38.470824,10000000,2026-03-04T20:25:22.074726,"FlixBus &amp; FlixTrain
9.75.0",Flix SE,25 Feb 2026
109C8F088A423CA63E231D14360651A3092E21D224FD8CA6D9DF4F41729200F8,com.disneyplus.mea,12113,1981-01-01 01:01:02,2026-01-04 14:31:44.151698,10000000,2026-01-04T14:34:32.421475,"Disney+
25.12.22.3","Disney International Electronic Content, LLC",30 Dec 2025
00C5A70EC5314939CF3AD711884886C06B525E2FD6A017D3FB4C291376034918,com.careem.acma,260001,1981-01-01 01:01:02,2026-01-09 10:01:47.579909,50000000,2026-01-09T10:08:14.967874,"Careem: rides, food, grocery
26.0",Careem,7 Jan 2026
0DB9033A3AD0F1B7BAFECF780E1B65812CA37B58BAC0CCC4367C914084353441,com.twitter.android,311700000,1981-01-01 01:01:02,2026-03-05 02:00:33.10053,1000000000,2026-03-04T22:20:49.511450,"X
11.70.0-release.0",X Corp.,3 Mar 2026
091D498F9B896758D81E34758E50C15E78F9CEB1D00EB11E0D78D1C236767058,com.azure.authenticator,202608893,1981-01-01 01:01:02,2026-02-18 03:23:17.259444,100000000,2026-02-18T03:23:18.542786,"Microsoft Authenticator
6.2602.0889",Microsoft Corporation,10 Feb 2026
2A6DD7F3042716A6F193FA7A7CC1A5F37B807AF692FB7A009C2E416B1313611D,com.ea.game.simcitymobile_row,1074001,1981-01-01 01:01:02,2026-02-01 02:31:58.917001,100000000,2026-02-01T02:32:13.087166,"SimCity BuildIt
1.74.1.150526",ELECTRONIC ARTS,28 Jan 2026
69787F188336E1F51EC7B16DFD65DD6FF1ACF5EF54C257FA41F4FA6F5D4066DF,com.zuuks.truck.simulator.ultimate,201,1981-01-01 01:01:02,2026-01-07 13:06:46.44323,100000000,2026-01-07T13:32:37.308846,"Truck Simulator : Ultimate
1.4.0",Zuuks Games,6 Jan 2026
CBC5DCA0FF9B32511A1953DC4B47850972F9E19688887EB1C05739B281FB2D3A,com.kayac.park_master,3020100,1981-01-01 01:01:02,2026-01-09 04:11:58.483093,100000000,2026-01-09T04:13:21.726136,"Park Master
3.2.1",KAYAC Inc.,28 Oct 2025
0181B0C06D6DB118032F95FC4EC58680DC0BA110373A8AF5CAC01F57B73FE0BC,com.yandex.yango,50127725,1981-01-01 01:01:02,2026-02-01 01:07:19.9446,50000000,2026-02-01T01:07:10.735243,"Yango — different from a taxi
5.62.0",Y Hub Zaf,21 Jan 2026
07C52A646B326523A01D3E33552792478AF877CD2F5EAF308E8714CA11077401,com.google.android.apps.classroom,300045599,1981-01-01 01:01:02,2026-02-14 15:10:13.843724,100000000,2026-02-14T15:12:03.771128,"Google Classroom
3.51.865020164",Google LLC,6 Feb 2026
145A1CCDDF99C6869FC62159A736A6A4B804EF6944C4DE1163963AFE2993B225,org.aka.messenger,10705001,1981-01-01 01:01:02,2026-01-13 01:59:28.769697,10000000,2026-01-13T01:59:30.013291,"aka
1.7.5",aka Messenger,20 Dec 2025
5A47908959537C8E8B91150479135CD489DAC77F3F97466C9A03EAA8B1EE3504,com.mast.lite.video.editor,43,1981-01-01 01:01:02,2026-02-23 10:39:29.21326,50000000,2026-02-23T10:42:14.561158,"mAst Lite Video Editor &amp; Maker
1.2.9",mAst App,6 Feb 2026
A26ECF57BF00A91A9F22DC59CEAF2D052F8BE3C3422CC85917243063223BE8B6,com.amazon.clouddrive.photos,921519841,1981-01-01 01:01:02,2026-02-17 08:48:49.768451,50000000,2026-02-13T20:11:59.228304,"Amazon Photos: Photo &amp; Video
2.38.1064.0-aosp-921519841g",Amazon Mobile LLC,9 Feb 2026
21D08ED8F80EDCFE13D914ED3A8BF583B69DA7FF3C732A6E32578C8648BE4BFD,com.mobiletranstorapps.all.languages.translator.free.voice.translation,221,1981-01-01 01:01:02,2026-01-03 01:51:57.570211,50000000,2026-01-03T01:52:51.764567,"Translate: Language Translator
1.2.2.1",HyperSoft AI - Apps Lab,18 Dec 2025
C608E597B1D3232A64095C35E892EC84049A26D2F863A08D6B57B11BCD4E3E04,com.TopWinGames.OilTanker.TruckSimulatorGames,89,1981-01-01 01:01:02,2026-01-10 07:47:57.797216,50000000,2026-01-10T07:53:54.142438,"Oil Tanker Truck Driving Games
2.2.40",TW Games Studios,31 Dec 2025
132B4098F70901F2A43B285A44B514FD41A4E8FD114B1E20D1C63DC4936DAC94,com.wsl.noom,302140,1981-01-01 01:01:02,2026-01-02 08:03:51.865839,10000000,2026-01-02T07:52:18.837728,"Noom: Health &amp; Weight
13.48.0","Noom, Inc.",16 Dec 2025
017E987116BDA8704FE4B77DA38C84CAE3DD643D011337B2F6362FDB9CDBCF04,com.goods.master3d.triple.puzzle,25112417,1981-01-01 01:01:02,2026-01-09 04:32:27.379455,10000000,2026-01-09T04:32:49.494919,"Goods Master 3D:Matching Games
1.14.2",Cobby Labs,24 Nov 2025
6916F03E100C0A1E9B04B124125A890B3CCC17A63A26399BCE28C0946F4D1690,com.confirmtkt.lite,461,1981-01-01 01:01:02,2026-02-26 17:37:34.796393,100000000,2026-02-26T17:38:22.322943,"ConfirmTkt: Train Booking App
8.4.5",ConfirmTkt - IRCTC Authorised Partner,23 Feb 2026
1E5FF963DA94BDC2FB4E1BBAAB7E331C9F00C6871A261EF76C476200465CA09F,com.finshell.fin,402030,1981-01-01 01:01:02,2026-01-02 11:23:04.886741,100000000,2026-01-02T11:32:30.978980,"FinShell Pay
4.2.33",Growhiz Technology Private Limited,31 Dec 2025
08FDF3418F11D78935C8772265BBA7427E551378ED89321480E50436707BE9C7,com.bellapps.drinkcocktail,67,1981-01-01 01:01:02,2026-02-12 16:03:34.691085,10000000,2026-02-12T16:04:49.068929,"Boba Tea Smoothie Drink Joke
2.8.7",DobroGames Global,3 Feb 2026
1E819E578C18352540CB89A05E9EFF7F7BC0B435A59D843278E0E5280DCD5EF9,com.playgendary.tanks,1542,1981-01-01 01:01:02,2026-01-26 11:14:02.521594,100000000,2026-01-26T11:13:56.902043,"Tank Stars
2.17.0",CASUAL AZUR GAMES,16 Jan 2026
3C2492D836CB458C315353421619E2C5D6399E5CC22572489C6C8AC789E6E42F,com.creativemobile.nno,50017238,1981-01-01 01:01:02,2026-01-13 01:31:20.540372,50000000,2026-01-13T01:32:07.093737,"Nitro Nation: Car Racing Game
8.4.0",Supercharge Mobile,9 Jan 2026
07090322705C447EB847064750D8DF18DAEA38176896AE4CAB25B047D9E35CBD,br.com.rodrigokolb.realdrum,419,1981-01-01 01:01:02,2026-03-07 02:41:21.390849,100000000,2026-03-07T02:41:23.930562,"Real Drum electronic drums set
11.15.5",Kolb Apps,5 Mar 2026
8CF294A3614F8CC21006BF1D924C9F7A81BDF63AB58635CD81B738EF343924A3,com.gameloft.android.ANMP.GloftDMHM,2031109,1981-01-01 01:01:02,2026-02-02 19:31:45.223152,500000000,2026-02-02T19:32:01.095895,"Minion Rush: Running Game
12.7.0",Gameloft SE,28 Jan 2026
7363F5509E1BADC4432C059EBDFA82D1FB5CF7B1F8A6B41F8C244CD02F874581,com.zynga.livepoker,231201930,1981-01-01 01:01:02,2026-01-27 02:33:09.527933,50000000,2025-12-16T10:04:03.391903,"Zynga Poker- Texas Holdem Game
23.12.1930",Zynga,9 Dec 2025
13BBF160410525D4772ED49A9E1886BE12ABDD2DC92C68679462E4E5D9EBA3CE,com.teslacoilsw.launcher,81018,1981-01-01 01:01:02,2026-01-31 17:46:04.587754,100000000,2026-02-04T16:40:29.629799,"Nova Launcher
81018 (8.2.8)",Instabridge Sweden AB,24 Jan 2026
0AAC4FE810021979806912D02BBD94DE272600E1F410276EC538C644BE31B87A,com.tutotoons.app.bunnsies,1006181,1981-01-01 01:01:02,2026-01-10 13:36:51.782163,10000000,2026-01-10T13:37:41.527177,"Bunnsies - Happy Pet World
1.6.181",TutoTOONS,9 Jan 2026
07F58C6D94E11F1BD56C42899C08E4414B17C9C0995134DD13280EFD7C7B13B0,com.pixverseai.pixverse,320,1981-01-01 01:01:02,2026-02-25 04:58:47.354672,50000000,2026-02-25T04:58:40.676090,"PixVerse: AI Video Generator
3.13.9",PixVerse,24 Feb 2026
35ACE61A267B69C641233005DE97D3AA7ABA99114AC0817C5692A5FD3F7E5A4D,com.aim.rallyhum,20137,1981-01-01 01:01:02,2026-01-02 23:50:42.231401,50000000,2026-01-02T23:51:23.481728,"Extreme SUV Driving Simulator
6.3.5",AxesInMotion Racing,23 Oct 2025
05A54C4CE02F6AE4051DAFEE295F49998B8067115DE38AC4D2DAC4B5C8EF4847,com.google.android.apps.books,338441,1981-01-01 01:01:02,2026-02-05 03:44:37.473273,1000000000,2026-02-05T03:49:40.825402,"Google Play Books &amp; Audiobooks
2026.1.9.3 (338441)",Google LLC,3 Feb 2026
8354BE94FEC217F3C495A7C5266108E85E779C3EACB4BE9427A859ED5B903BE7,com.neighbors.darkriddle,6979,1981-01-01 01:01:02,2026-02-23 05:47:05.660246,50000000,2026-02-26T09:00:44.726936,"Dark Riddle: Neighbor&#39;s Secret
26.5.0",PAGA GAMES,18 Feb 2026
0C63B224174E506DB9F3A5AA9AF6CF8A5CA395A11F7DE889EF0B7E76F8460481,com.eventbrite.attendee,11429278,1981-01-01 01:01:02,2026-02-21 23:25:36.926473,10000000,2026-02-21T23:27:12.972311,"Eventbrite App
10.50.0",Eventbrite,20 Feb 2026
97261D4E4E23DEEAF5C857B109A437345238783844D26D400CFF6D3F3906162A,com.google.android.deskclock,76042511,1981-01-01 01:01:02,2026-01-14 13:39:03.855326,1000000000,2026-01-14T13:45:35.627412,"Clock
8.5 (853571623)",Google LLC,9 Jan 2026
0D3BE12696944D00F276709F0B6531507B97C82C9784ACF4273A710DFF608DBA,com.merge.cooking.theme.restaurant.food,1024000,1981-01-01 01:01:02,2026-01-01 06:13:18.438092,10000000,2026-01-01T06:13:10.712280,"Merge Cooking®
1.24.0",Happibits Game,30 Dec 2025
16DC643E6A11D5CF0E409E3C1CB6E4D99160D8E0BB25A17348B48804512720C1,com.bitstrips.imoji,1183000001,1981-01-01 01:01:02,2026-02-01 19:32:13.844326,100000000,2026-02-01T19:36:21.909408,"Bitmoji – Your Personal Emoji
11.83.0.1",Bitmoji,23 Jan 2026
39C62A59BB1EAFC25A9A9C104A246B97822CE16FCDBBE0B2C187BA70DDD46118,com.goodcatchgames.mrbeanhillclimb,471,1981-01-01 01:01:02,2026-02-14 20:53:21.474102,50000000,2026-02-14T20:52:18.802933,"Mr Bean - Special Delivery
2.1.3.10",Mr Bean,2 Feb 2026
0755A977225FEE38BC7F75D17B277AF5B0EB5CE906F44B1456C5D4A1F4F4657E,com.womanlog,31042,1981-01-01 01:01:02,2026-03-07 09:40:00.468387,10000000,2026-03-07T09:42:59.619017,"WomanLog Period Calendar
7.2.5",Pro Active App SIA,2 Mar 2026
7EBFEE361427BEF434F27B88D026C0E91113311ABA89621F01AA5FA677BA0DD7,com.tocaboca.tocakitchen2,4887,1981-01-01 01:01:02,2026-02-05 20:42:56.683332,100000000,2026-02-05T20:44:30.900195,"Toca Boca Jr
3.8",Play Piknik,22 Jan 2026
716CB10D2B71098DF1444E048086D5FF5F0CF9797B981BA0BA475584B6E48FE0,com.devgame66.csshot,882333,1981-01-01 01:01:02,2026-01-10 04:35:59.955626,100000000,2026-01-10T04:37:18.946633,"Gun Strike: FPS Shooting Games
3.3.3",Fun Shooting Games - FPS,3 Dec 2025
BFB6C955FDD990DE21AC1F916B5B9FF283A0D19C824F9B1B855698BF28E37E1C,com.specimen.zero.horror.survival,49,1981-01-01 01:01:02,2026-01-12 15:50:14.324292,50000000,2026-01-12T16:01:20.293747,"Specimen Zero - Online horror
1.1.1",Café Studio Games,17 Dec 2025
4CA6A2F85D35F45B8848633A048B277846D457E180085BB59125067FC004CDAA,com.heytap.usercenter,917001,1981-01-01 01:01:02,2026-01-13 05:44:24.495984,100000000,2026-01-13T05:54:19.177023,"Account Center
EXP_9.17.1_4ae26fc",ColorOS,17 Dec 2025
1242F2AB2D014A6647A411D029915A155622EA468556A7F35D4967397809177B,com.topface.kisskiss,50173502,1981-01-01 01:01:02,2026-02-09 16:48:41.037995,100000000,2026-02-09T16:48:35.717922,"Kiss Kiss: Adult Stories Game
5.1.73502",PLAYNETA LIMITED,3 Feb 2026
018277401BCDB5A89C4DC0690CA3E0F2468799BBDAC60349EAE3ED0CB98BA284,air.com.beachbumgammon,10007126,1981-01-01 01:01:02,2026-02-18 12:31:07.944718,10000000,2026-02-18T12:33:18.171932,"Backgammon - Lord of the Board
10.7.126",Beach Bum Ltd.,11 Feb 2026
0BABE0F04118A6CCE5CBF25A1B51790333B3A6AE616DAE9ECB4B455418434438,com.mrd.food,2012032321,1981-01-01 01:01:02,2026-02-24 02:27:38.843008,10000000,2026-02-24T02:46:43.886206,"Mr D Food &amp; Grocery Delivery
6.35.0-GMS",Mr Delivery (Pty) Ltd Play Store,22 Jan 2026
B67C8643FF15394C989EDBA0DD66EEA733836520B439F1330BAE73704808D43B,com.axlebolt.standoff2,203730,1981-01-01 01:01:02,2026-02-14 02:30:32.422589,100000000,2026-02-14T02:41:08.280654,"Standoff 2
0.37.1",AXLEBOLT LTD,10 Feb 2026
170C13793DCCA698EA9081F1F30782AD2A216AEB8827C71A673DEC3BD27E74C1,fall.stars.race,326,1981-01-01 01:01:02,2026-02-16 10:06:10.744812,50000000,2026-02-16T10:12:28.661839,"STAR: Super Tricky Amazing Run
2.19.0.0",CASUAL AZUR GAMES,2 Feb 2026
6673D14B1C4B29AAB2778A515024D513DEFD25269769512DC615A72E02EE442C,com.naver.linewebtoon,3080904,1981-01-01 01:01:02,2026-02-14 22:36:12.234882,100000000,2026-02-14T22:36:16.242122,"WEBTOON: Manga, Comics, Manhwa
3.8.9",NAVER WEBTOON,13 Feb 2026
056A777B2A1270407396DC5BF9450A96E65829B0D1B4ED6BDCF42D43456CA0CB,com.wondershare.drfoneapp,987,1981-01-01 01:01:02,2026-02-06 01:46:38.084447,10000000,2026-02-06T01:47:29.228260,"Dr.Fone: Photo Recovery
5.2.20.987","Shenzhen Wondershare Software Co., Ltd.",22 Jan 2026
075196DB026C3EAC526C1063AA82F754C827E5C0DF241897D2BA9873D6DDBFD2,jp.auone.wallet,9990200,1981-01-01 01:01:02,2026-01-11 00:39:55.57939,10000000,2026-01-11T00:58:32.410525,"au PAY Pontaポイントがおトクにたまる！
9.99.2",KDDI株式会社,21 Dec 2025
93E9BBC803B79DABDC53BE32D85546C37C089AD0DB62E05357A3F47C09C31C5F,com.freeplay.crazyoffice,316,1981-01-01 01:01:02,2026-01-05 04:55:25.718275,50000000,2026-01-05T04:59:10.227857,"Crazy Office — Slap &amp; Smash
1.54.2",Freeplay Inc,12 Dec 2025
07193B0F54930DCA7189AEFF0F4C5768B1E578A89081171413AC9071E52C8473,io.cleanfox.android,1186,1981-01-01 01:01:02,2026-01-26 11:39:52.324242,10000000,2026-01-26T11:40:22.682605,"Cleanfox - Smart Anti Spam
3.30.26-1186",Foxyteam,16 Jan 2026
14BAE247FF350E41AFC8D60AD66E4FB58EC8410E17BC8CF06E85FD2C7E6DACD1,com.topwar.gp,19225421,1981-01-01 01:01:02,2026-02-19 19:25:52.511011,50000000,2026-02-19T19:28:58.501332,"Top War: Battle Game
1.632.0",RiverGame,11 Feb 2026
14342CDEE076DABAA68307D628CB43F67286608F77C6EF22C784940DA0563564,net.wyvernware.whosthealien,194,1981-01-01 01:01:02,2026-01-09 04:53:44.874504,100000000,2026-01-09T04:54:48.871869,"Find the Alien - Alien Game
3.3.10",MOONEE PUBLISHING LTD,9 Dec 2025
C6A034C978550C59CD8BA4C39AA78F91DCA1929F307A5DB2A88EAD7AEA14E9CB,com.miHoYo.GenshinImpact,1118,1981-01-01 01:01:02,2026-01-26 19:21:29.351908,100000000,2026-01-26T19:23:00.723524,"Genshin Impact
6.3.0_41350619_41366669",COGNOSPHERE PTE. LTD.,31 Dec 2025
9E97580AD273610688568410062DD40996E36CBAD6D44EBA099A51802A4ECDEC,org.thunderdog.challegram,1785202,1981-01-01 01:01:02,2026-01-09 13:33:13.827845,100000000,2026-01-09T13:59:37.134961,"Telegram X
0.28.3.1785-arm64-v8a",Telegram FZ-LLC,6 Jan 2026
2AEF7E0733149B39B461F2CC0BFA4BF0FABAE4BE776A2CD20438A1AED2A67F9B,com.hp.pregnancy.lite,503,1981-01-01 01:01:02,2026-03-07 02:29:52.682184,50000000,2026-03-07T02:30:46.988457,"Pregnancy + | Tracker App
7.5",Philips Electronics UK Limited,4 Mar 2026
82E25168AEF4E65B72C0E0940BC5C3EB0750757BEF300D0AC04841C2E18860E4,com.tencent.wesing,871,1981-01-01 01:01:02,2026-01-07 09:31:49.831401,100000000,2026-01-07T09:33:11.442186,"WeSing - Karaoke, Party &amp; Live
5.95.1.1031",Tencent Music Entertainment Hong Kong Limited,4 Jan 2026
03F542326D1EFF7A4D142E55207F3992320BA6C56AC07C19FF59DEBDF6F1259A,com.funplus.ts.global,1224,1981-01-01 01:01:02,2026-02-10 06:46:06.015329,10000000,2026-02-10T06:47:34.090565,"Tiles Survive!
2.4.600",FunPlus International AG,3 Feb 2026
065169A9251E2F9214BBA9231629E6C6CF10A43273F86C9D1EE0C26B685B2880,com.playflock.family.hotel.story.home.mansion.puzzle.garden.decoration,33094,1981-01-01 01:01:02,2026-02-23 15:25:09.15429,50000000,2026-02-23T15:40:29.214234,"Family Hotel: love &amp; match-3
10.30",PlayFlock,29 Dec 2025
0D81AF047F54756466EC4FC61AB14402882ADAEAD3578CF462A569CE466E4D47,com.mobirix.wspuzzle,25112501,1981-01-01 01:01:02,2026-01-27 07:20:54.525918,10000000,2026-01-27T07:21:13.243247,"Water Sort Quest
1.2.8",mobirix,26 Nov 2025
0FDD574597279699413F711FEB737612105942D01801024A346F269D62909D5C,com.google.android.apps.wear.companion,331515454,2009-01-01 00:00:00,2026-03-03 03:25:54.052822,10000000,2026-03-03T03:26:42.170130,"Google Pixel Watch
4.2.0.874597282",Google LLC,25 Feb 2026
AFC08BF7FEFC1955BEBC16E2749F4CEF3458DE2BE81BCB391D96DC7290B44352,com.sandboxol.blockymods,5535,1981-01-01 01:01:02,2026-02-02 16:50:31.212365,100000000,2026-02-02T16:50:50.425454,"Blockman Go
3.7.5",Blockman GO studio,29 Jan 2026
01E92C87C4B3C8A5D481ED2AEA2767EBE0CAD8AA5E27C284706DF04FA578A54E,com.bandainamcoent.opbrww,85010,1981-01-01 01:01:02,2026-01-11 00:22:33.951458,50000000,2026-01-11T00:28:08.995478,"ONE PIECE Bounty Rush
85010",Bandai Namco Entertainment Inc.,22 Dec 2025
00D303FC0E1F1952D4A53B039D51835D3FF9F6974D162A010AA7098DC75007B0,com.urbandroid.lux,605,1981-01-01 01:01:02,2026-02-06 00:26:18.222288,10000000,2026-02-06T00:26:47.469996,"Twilight: Blue light filter
14.24",Petr Nálevka (Urbandroid),5 Feb 2026
3FE31780B886B04ABA2885C7EF86E740FBA59AA3D237361C036C3822CCE71C63,com.threestar.gallery,525,1981-01-01 01:01:02,2026-02-22 13:33:52.287205,50000000,2026-02-22T13:37:13.590173,"Photo Gallery: Photo album
5.25",SB studio,29 Jan 2026
076BFF95AFA962D940DFAAA8674CF48FC0752BD30900EEC826238D7B43F14E51,com.inforcegames.app3dmodelling,401,1981-01-01 01:01:02,2026-02-01 08:21:40.84294,10000000,2026-02-01T08:21:59.592997,"3D Modeling App: Sculpt &amp; Draw
1.20.11",3D Modeling Apps,21 Jan 2026
0DC373B6DB19516CDA6B372FBAE768D32E7BF84D75DAAA7DA0B9D01C1BFA5C6D,com.read.goodnovel,3991309,1981-01-01 01:01:02,2026-01-11 01:17:48.281083,10000000,2026-01-11T01:29:29.008293,"GoodNovel - Booktok, Stories
3.9.9.1309",GoodNovel,7 Jan 2026
5B2B0B092E558F044394FC2825EE1E92F7B3F4FA6338B6265CE492B1A44BA1FE,com.lmr.lfm,318,1981-01-01 01:01:02,2026-03-03 05:54:58.426013,50000000,2026-03-03T05:54:54.038139,"LMR - Copyleft Music
3.1.8",Lyubomir Hristov,1 Mar 2026
1322D7EAC09A9FC61BACCFBBFC08472B115A93927328E9C179499E1BD481E33F,com.kingsofgames.chessuniverse,1497582,1981-01-01 01:01:02,2026-02-17 13:17:35.312541,10000000,2026-02-17T13:17:39.979524,"Chess Universe: Play &amp; Learn
1.26.1",Kings of Games!,4 Feb 2026
0CFC3E4AF8D8213C68AFBAA1027EF61CC9AE7DAAF34AC28078725F59B041D9A7,com.joyjourney.PianoWhiteGo,20139,1981-01-01 01:01:02,2026-03-07 06:29:55.408927,100000000,2026-03-07T06:30:57.322604,"Piano Music Go-EDM Piano Games
2.139",Joy Journey Music Games,25 Feb 2026
377B6C2FDA3234880C12459EE4DC1EF3B4BF77484D812C31E7DAA81984B304FD,com.app.tgtg,21111,1981-01-01 01:01:02,2026-03-04 20:31:33.093387,50000000,2026-03-04T20:43:29.684029,"Too Good To Go: End Food Waste
26.3.0",Too Good To Go Aps,27 Feb 2026
BE3996CDE762F6F3378CCD5C4171298C4D7ADB2FC518C8C5EBD65F397CF1C7D5,com.xgame.trafficmoto,22200,1981-01-01 01:01:02,2026-02-21 11:37:19.269002,50000000,2026-02-21T11:37:45.652061,"Moto Race Go
2.2.2",XGAME STUDIO,6 Jan 2026
B5BE386341A28313D3957004D1CD1E53BD07196F2AB8D258CA4DFA25496C807A,splits.splitstraining.dothesplits.splitsin30days,66,1981-01-01 01:01:02,2026-02-13 16:29:37.360391,50000000,2026-02-13T16:34:42.499737,"Splits Training in 30 Days
1.1.17",Leap Fitness Group,22 Jan 2026
159C4081B9D64C8E8A36DDAC090894FA9427041F3E0D78FE8A908DFEC350252F,com.funplus.kingofavalon,6244,1981-01-01 01:01:02,2026-02-10 07:17:23.046412,50000000,2026-02-10T07:17:47.864937,"Frost &amp; Flame: King of Avalon
23.2.1",FunPlus International AG,3 Feb 2026
09484043B4D942DCBA2A6D785E78607E6B053C18F3C4F1C79E5F2DC2AFAA3B88,com.boundless.jawaker,28273,1981-01-01 01:01:02,2026-02-12 16:02:39.359113,10000000,2026-02-12T16:02:41.109348,"Jawaker Hand, Tarneeb &amp; Trix
28.2.73",Jawaker,3 Feb 2026
D654B1DFD3D9F0370322A2D3189D93B03FB69448B61B2B6E170EA53F0A2CA7CB,com.topchopgames.skyroller,20067,1981-01-01 01:01:02,2026-01-05 03:31:41.617687,100000000,2026-01-05T03:39:10.228918,"Sky Roller
1.29.3",Homa,13 Oct 2025
0A188C80E622B48489900AC1CF2F43DB62E7DCB4F1CA684B2A4A985055744A4A,com.lafourchette.lafourchette,22325,1981-01-01 01:01:02,2026-01-31 17:15:19.00634,10000000,2026-01-31T17:16:44.007816,"TheFork - Restaurant bookings
26.1.0",LaFourchette SAS,29 Jan 2026
11BD345251C790B713DD5DA922CBB53A26C326176D1F47B56E043350267D2658,com.itau,1736,1981-01-01 01:01:02,2026-01-26 19:52:25.946985,100000000,2026-01-26T19:54:02.818622,"Banco Itaú: Conta, Cartão e +
7.126.6",Itaú Unibanco S. A.,20 Jan 2026
292AFCD2CF34D49A102D3452F6373C8BB0228F13B65A8700616238E4858272E6,com.p1.mobile.putong,2710020,2026-03-03 13:46:22,2026-03-05 12:30:22.881796,50000000,2026-03-05T12:50:13.011995,"TanTan - Asian Dating App
7.1.0",Tantan Hong Kong Limited,3 Mar 2026
BB02DF4E2B6CCD9B106F372316BD9F6B1965710D2D3944F1506035694959F90E,air.au.com.metro.DumbWaysToDie2,5000097,1981-01-01 01:01:02,2026-02-22 00:29:44.632182,100000000,2026-02-22T00:29:37.925765,"Dumb Ways to Die 2: The Games
5.1.22",PlaySide Studios Ltd,18 Feb 2026
8E305D221A62790B522E52374C7889177C06C653702CC84FDC2E59795C229B9F,com.jtsniper.game,209,1981-01-01 01:01:02,2026-01-27 07:22:46.169879,50000000,2026-01-27T07:23:04.760975,"Johnny Trigger - Sniper Game
1.0.65",SayGames Ltd,13 Jan 2026
AF0F8D2A04DA001048794CCC0E9C806F8D27B4984F508DCD68C364B7D405F2AA,com.iloen.melon,260062101,1981-01-01 01:01:02,2026-02-15 10:46:26.479396,50000000,2026-02-15T11:46:48.638393,"멜론(Melon)
6.21.1.1",Kakao Entertainment  Corp.,11 Feb 2026
0023414207798FD8819DF3E8E4BE44C7148842EBA2AD29A6117B15AB06FC4F35,com.eyecon.global,737,1981-01-01 01:01:02,2026-02-14 09:34:47.445768,100000000,2026-02-14T09:43:27.811558,"Eyecon Caller ID &amp; Spam Block
4.2026.01.29.1510",Eyecon Phone Dialer & Contacts,29 Jan 2026
365946C9208AF40EC64F4D418CECD321C713F6F43D763F182BD1E4832719E091,applock.lockapps.fingerprint.password.applocker,1401,1981-01-01 01:01:02,2026-02-15 08:20:55.491499,50000000,2026-02-15T08:29:12.065739,"App Lock - Fingerprint Lock
1.4.0.1",360 Tool,6 Jan 2026
06CD265259AAB85AA181EA62D9AB56109EF08E122322B6F58A63B73E1041D68D,de.mdiener.rain.usa,725,1981-01-01 01:01:02,2026-02-13 22:02:55.089046,10000000,2026-02-13T22:02:57.511671,"Rain Alarm
6.1.0",Michael Diener - Software,3 Feb 2026
3DCF68916B86EBA6CC8604A11F021D61D4FB3FB8622C9EA7394D89825ABA4ED8,fr.gouv.finances.smartphone.android,208,1981-01-01 01:01:02,2026-03-03 04:00:54.174995,10000000,2026-03-03T04:01:46.440985,"impots.gouv
7.0",Direction générale des Finances publiques,28 Feb 2026
99190BF87C449E874E5D90C439561E9EACFA5AE55A14484E1D681F90A1318714,com.riotgames.league.wildrift,944364,1981-01-01 01:01:02,2026-01-26 13:36:45.629148,50000000,2026-01-26T13:38:06.544398,"League of Legends: Wild Rift
7.0.0.9443","Riot Games, Inc",6 Jan 2026
1B295DAF6AF6281DB40A4ABD37230B4CDF05921976C2A26360EB616B0D2B25DA,com.bigbluebubble.singingmonsters.full,470,2026-02-19 10:54:32,2026-02-25 23:40:56.236226,50000000,2026-02-25T23:43:25.652645,"My Singing Monsters
5.3.0",Big Blue Bubble Inc,19 Feb 2026
06F3C7F6A500AB3D90CCE14E1A508C41163C395FA97AF5CCED226F2E6AA34AEE,com.ubercab.eats,112184597,1981-01-01 01:01:02,2026-03-04 10:27:37.016464,100000000,2026-03-04T10:27:38.160483,"Uber Eats: Food and Groceries
6.312.10002","Uber Technologies, Inc.",26 Feb 2026
23F8A1C1EE934853E5C299C107C8BD3E39D8DA9DA72F5E6243EE1EFA35053FF3,com.Rohit.IndianBikes,81,1981-01-01 01:01:02,2026-03-07 07:50:04.193434,100000000,2026-03-07T07:50:37.262978,"Indian Bikes Driving 3D
80",Rohit Gaming Studio,3 Feb 2026
0AA44E5527A5CE06778C7FBB62EAABF1A2D54300CAFED5FE1ED771D2FD2BC5D7,com.fungames.blockcraft,2179,1981-01-01 01:01:02,2026-02-27 05:27:36.292333,500000000,2026-02-27T05:27:40.644561,"Block Craft 3D：Building Game
3.28.1",Wildlife Studios,19 Feb 2026
8CDFE4FADA463D0483CF7643576FB8F1EEC70D3C43F9C292F19B9B759A3885AC,com.sandboxol.indiegame.bedwar,10324,1981-01-01 01:01:02,2026-01-13 12:16:17.705075,100000000,2026-01-13T12:14:39.495902,"Bed Wars
1.9.65.4",Blockman GO studio,11 Jan 2026
214C59BBB707541BC7FB11C47D51B4E5805735C815EE4A8CE94638FAF13F551B,com.king.candycrush4,402001000,1981-01-01 01:01:02,2026-01-31 16:33:20.553613,50000000,2026-01-31T16:33:08.065593,"Candy Crush Friends Saga
4.20.1.0",King,28 Jan 2026
78F06C4E3F9D173FB46D8AD60BC23629193B2BE0DFC5A8F032838AE3DA150DF9,com.sirma.mobile.bible.android,7086847,1981-01-01 01:01:02,2026-02-05 00:21:44.610529,100000000,2026-02-05T00:22:23.596841,"YouVersion Bible App + Audio
11.16.0+7086847",Life.Church,2 Feb 2026
7C2E483435B2B25AA80405C5B413E910F8923011659B51E35549142D955E7DE5,app.cryptomania.com,3406,1981-01-01 01:01:02,2026-02-03 22:39:40.765652,50000000,2026-02-03T22:39:33.046188,"Cryptomania —Trading Simulator
3.4.6",Edusystems OU,23 Dec 2025
0415D1A6DE9C46636DF6F3C6AD908CCF3CADDD603B18BAA0DDA1F7A3CC7053A6,com.solidict.gnc2,127,1981-01-01 01:01:02,2026-02-17 18:45:16.888233,10000000,2026-02-17T19:21:41.417026,"GNÇ
6.15.3",Turkcell İletişim Hizmetleri A.Ş,25 Dec 2025
2DA6CEBD89B440CA4FDA1A81F3388793E9E57B96D6F251E201CB5EB1453A2C15,com.cyberlink.youcammakeup,64010,1981-01-01 01:01:02,2026-02-06 08:16:06.820472,100000000,2026-02-06T08:20:54.769248,"YouCam Makeup - Beauty Editor
6.40.1",Perfect Mobile Corp.,28 Jan 2026
2CB9888B663C70E30409584252DB3AA60E58BD40092944C24F392471296A3617,com.soundcloud.android,340060,1981-01-01 01:01:02,2026-02-05 23:36:15.291735,100000000,2026-02-05T23:37:51.973320,"SoundCloud: Play Music &amp; Songs
2026.01.30-release",SoundCloud,30 Jan 2026
2B616BFF46764D03434EC3754B3A2627798593351A01DFBD0BB8D1E5E0ECFE9F,com.tranzmate,1754,1981-01-01 01:01:02,2026-01-11 10:00:35.057848,100000000,2026-01-11T10:01:19.679243,"Moovit: Bus &amp; Rail Timetables
5.183.0.1754",Moovit,4 Jan 2026
0B24FB0AB3E8D1E907BCE5C4BAC5A823A2B0E3E5188AD0C4646455CD17ACEA89,br.gov.sp.prodesp.pptdigital,2164605,1981-01-01 01:01:02,2026-02-21 18:57:59.533757,10000000,2026-02-21T19:06:13.024589,"Poupatempo SP.GOV.BR
2.16.46",PRODESP - Cia de Proc. de Dados do Estado de SP,11 Feb 2026
0B0990C69050BC7B802E901EB40C0894C48C4420CB1202D11B1C7622414B047F,com.remote.control.tv.universal.pro.sams,94,1981-01-01 01:01:02,2026-01-29 17:51:51.490747,10000000,2026-02-04T16:40:19.616965,"Universal Samsung TV Remote
4.7",Universal Electric Appliances Remote Control,27 Oct 2025
0AFDFAF0666844CDA1C7301300C704726ADBBA82EC5F6DA8BE06E64A37CC5238,com.inomera.sm,2026012011,1981-01-01 01:01:02,2026-02-01 10:19:54.525377,10000000,2026-02-04T16:40:33.199785,"Migros - Grocery &amp; Food
26.1.0",Migros One,20 Jan 2026
0BCBDE2C0C93E42E9584F4548A7A0D348D45DB010F172DAA0895C413BB1AB466,com.telefonica.movistar,74050,1981-01-01 01:01:02,2026-02-15 18:11:04.634031,10000000,2026-02-15T18:58:26.866831,"Mi Movistar
7.4.5.0",Movistar Venezuela,12 Feb 2026
11716F2FED4C7A28493565CA43790859908FDF369956D1AA65420514EB1C8EDF,pl.lukok.draughts,4050,1981-01-01 01:01:02,2026-02-01 07:19:26.111182,100000000,2026-02-01T07:19:42.261997,"Checkers - multiplayer
3.10.0",CC  Games,20 Jan 2026
0B884747D4EC6119D2BB422BCB8BDFCA27980957E656734E88CF05F940ABDF36,com.saramart.android,210,1981-01-01 01:01:02,2026-02-16 01:47:11.246278,10000000,2026-02-16T01:45:38.248680,"Hacoo - Discovering &amp;Inspiring
4.1.3",Hacoo,11 Feb 2026
11AD20DB10DAE0AB596037698123991775A4EBA8D059D020010C11D9B8322B4E,com.fawry.myfawry,5343,1981-01-01 01:01:02,2026-03-06 01:51:50.346252,10000000,2026-03-06T01:57:12.907449,"myfawry
6.8.15",Fawry for Banking & Payment Technology Services,24 Feb 2026
705B96163F48329018385B2A09AAD75DEDB762C258BC177BA429522ABF9F1AD3,com.imaginstudio.imagetools.pixellab,2026010119,1981-01-01 01:01:02,2026-02-01 16:03:16.641889,100000000,2026-02-01T16:04:00.927028,"Picture Editor
2.1.9",App Holdings,19 Jan 2026
0AF5F7C4E1FA755703B051B2C7EFB9C5562ADC68AFE988B8DF71EAE43F6992B6,mendeleev.redlime,4046,1981-01-01 01:01:02,2026-02-10 18:24:23.070479,10000000,2026-02-10T18:25:08.947672,"Periodic Table 2026: Chemistry
4.0.42",www.chernykh.tech,10 Feb 2026
21E043D2B4C83312C668AA7086ABE5DB25C8755BF4180F2CC857970F706859D6,ai.mybuddy.talkingflashcards_new,1600000464,1981-01-01 01:01:02,2026-03-03 06:18:11.312006,50000000,2026-03-03T06:25:56.658389,"Buddy.ai: Kids Learning Games
6.24.0",AI Buddy Inc.,2 Mar 2026
39D1E947F70A8874C76D33DABF66AE54EB74035C065029548CA50D8422CBA2A1,com.kgs.housedesigner,122,1981-01-01 01:01:02,2026-03-06 09:06:27.894389,100000000,2026-03-06T09:09:08.913043,"House Designer : Fix &amp; Flip
1.87",TURBOGOOSE GAMES,20 Feb 2026
0586BD3DD76C7A0B688AF7FE4125362B32E5FC931DA5CF5925C49FA738B98564,com.oneway.Deathcoming,166,1981-01-01 01:01:02,2026-02-20 22:19:22.149077,50000000,2026-02-20T22:21:14.505591,"Death Incoming!
2.1.11",Lion Studios,3 Feb 2026
1CD007CD3D1FBA62A48F10E214E37F30B09339EABE29E69485159B9ABC021AC0,app.bpjs.mobile,174,1981-01-01 01:01:02,2026-02-05 00:49:09.29415,50000000,2026-02-05T00:49:01.577484,"Mobile JKN
4.15.0",BPJS Kesehatan,19 Jan 2026
8BEA734EBA40433B44773E96B0E9668EEF121A4B8051EBF4ED13F419050093C3,br.com.neon,672,1981-01-01 01:01:02,2026-01-05 06:08:17.894891,50000000,2026-01-05T06:08:20.316607,"Neon cartão de crédito e conta
6.14.0","Neon conta digital, cartão de crédito e empréstimo",26 Dec 2025
0532C43E0A3841F93B23576C972BB54B97746A785A8272862C5E6B051A296A91,com.themekit.lite.widgets.themes,80,1981-01-01 01:01:02,2026-03-06 21:00:29.123524,10000000,2026-03-06T21:11:55.233876,"ThemePro-アイコン&amp;壁紙&amp;テーマ
8.0",ThemeKit,3 Mar 2026
0D4C85A302019B73EEC70989FDAAEDD2B3712879D287298A65ACE24FE29C3FFB,com.renderedideas.streetfight,130,1981-01-01 01:01:02,2026-02-21 15:45:45.724845,10000000,2026-02-21T15:49:16.663098,"Street Fight
130.0",Rendered Ideas,6 Feb 2026
9FE1F84FE816166587203A4003899C12CEFACD0FA8714728B7036E8FBECAF0FC,br.gov.serpro.cnhe,3447226,1981-01-01 01:01:02,2026-01-11 10:01:11.530722,50000000,2026-01-11T10:01:19.717371,"CNH do Brasil
7.0.2",Serviços e Informações do Brasil,8 Jan 2026
D75976CD97B99966C8D9DE841DB37D2553591752911AC63D5757ED3B8DD68CE9,com.bubadu.bubbu,149,1981-01-01 01:01:02,2026-02-02 16:32:59.780109,100000000,2026-02-02T16:35:11.289680,"Bubbu – My Virtual Pet Cat
1.149",Bubadu,19 Jan 2026
0FE32A2B383427E9745469E1BE01E9398DAB0228CBF27D6AD6C4865A3F905EC6,com.mdiwebma.screenshot,262,1981-01-01 01:01:02,2026-01-12 12:10:41.239231,10000000,2026-01-12T12:15:50.792099,"Screenshot touch
2.6.2",Daejeong Kim,4 Jan 2026
0041CEC189EDDCF0A0ED3316425EFDD4BB9CC7B75C80FB20FED433B786531AC6,com.google.android.apps.subscriptions.red,621514,1981-01-01 01:01:02,2026-02-20 14:51:32.264261,1000000000,2026-02-20T14:51:42.147773,"Google One
1.297.868256959",Google LLC,10 Feb 2026
09FD8124F191BB60F3CB50D93D5B98B31C4E54DD4AF8C11F6858238F93C9AC82,com.pixio.google.mtd,517,1981-01-01 01:01:02,2026-01-15 12:21:25.839311,10000000,2026-01-15T12:30:36.894814,"Summoners Greed: Idle TD Hero
1.105.2",PIXIO,8 Jan 2026
18D4CD223DEA57291341802AD0955EA1D6B71FCD520BEF27A77D29712733ACF5,com.kii.safe,6842,1981-01-01 01:01:02,2026-03-03 09:36:14.678415,50000000,2026-03-03T10:11:19.426531,"Private Photo Vault - Keepsafe
14.12.0",Keepsafe,2 Mar 2026
8B8E6DB6D3601E36B7183A791EDFAE4D57ECF0AAB89C9130A2814AE4426F2ADC,com.uncosoft.highheels,1331,1981-01-01 01:01:02,2026-01-04 00:58:45.221921,100000000,2026-01-04T01:25:34.922741,"High Heels!
70.1.1",Rollic Games,30 Dec 2025
84F170A08CB80DB3660EDBA600F54C6C0437AE542BAF247C900A926AA397B47E,com.groupon,479223,1981-01-01 01:01:02,2026-01-27 05:13:33.856906,100000000,2026-01-27T05:14:02.086373,"Groupon - Deals &amp; Coupons
26.1.479223","Groupon, Inc.",14 Jan 2026
0DE41F95BC3D89FAEF527D7AD4EDA7BD6BB346A5DBE15AD638C2F0005EF54395,cc.bubble.adventure,507,1981-01-01 01:01:02,2026-03-06 22:51:45.894168,10000000,2026-03-06T22:55:27.148551,"Pop Designer - Bubble Shooter
4.2.1",Bubble Pop Puzzle Studio,27 Feb 2026
3695D01D27474D1AB8A40D1C9B696814F121786805C50187FC616C93E6FE9806,com.ubisoft.dance.JustDance,261,1981-01-01 01:01:02,2026-02-09 15:45:27.015205,50000000,2026-02-09T15:46:44.440188,"Just Dance Now
9.0.0",Ubisoft Entertainment,28 Jan 2026
53661878C3CE9536CC84AC1A37B06447ECCBF48386D9774F6300AD6D4FD97553,com.chillingo.incrediblejack.android.rowgplay1,136030,1981-01-01 01:01:02,2026-02-22 04:07:33.424952,50000000,2026-02-22T04:08:42.340670,"Incredible Jack: Jump &amp; Run
1.36.3",BrainMount Ltd,19 Feb 2026
22F21006FC8082E32BAFFB3A6521D085920D3DCEC03349710E833297546B0A95,com.melesta.coffeeshop,100776,1981-01-01 01:01:02,2026-01-06 22:28:42.3471,100000000,2026-01-06T22:28:44.599931,"My Cafe — Restaurant &amp; Cooking
2026.1.0.0",Melsoft Games Ltd,2 Jan 2026
0291742B8CE074D5AE61B81AC79E2F5B07BFAA6F7518155A18FB4C4EFD1FB1AA,com.videodownloader.mks,60,1981-01-01 01:01:02,2026-02-06 15:52:49.460635,10000000,2026-02-06T16:03:57.846934,"Video Downloader - VDownloader
1.4.60",Markhoor Studio,28 Jan 2026
C73F22CB9C165C3D7171230221379E1C7C973ED832ED0A1D3543FF7C0C170924,pl.neptis.yanosik.mobi.android,6001483,1981-01-01 01:01:02,2026-02-14 12:02:25.230471,10000000,2026-02-14T12:02:28.538493,"Yanosik antiradar &amp; navigation
4.0.14.7",Yanosik S.A.,5 Feb 2026
018093FFDBEDC188A5F98F968F3A282E5E3056BF5C53A29297D7F626B8899E0A,com.flipkart.seller,197,1981-01-01 01:01:02,2026-01-01 01:45:18.245646,10000000,2026-01-01T01:45:20.673765,"Flipkart Seller : Sell Online
21.4.20",Flipkart,30 Dec 2025
3F5CAB89555837040BA6F71F49727AECD2F2399D7D6C964D855F6855779F72BB,pdfreader.pdfviewer.officetool.pdfscanner,83,1981-01-01 01:01:02,2026-02-27 02:36:55.29726,50000000,2026-02-27T02:36:59.600353,"PDF Reader App : Read All PDF
1.31.4",Trusted PDF Tools,17 Feb 2026
01EC32EB4452A0A368C6663AFB47181730E7550D905A0022F4AEA76A05D4CB96,com.wrx.wazirx,1197,1981-01-01 01:01:02,2026-03-04 11:48:00.315818,10000000,2026-03-04T11:48:02.465802,"WazirX: Buy Bitcoin &amp; Crypto
4.0",Zanmai Labs Private Limited,24 Feb 2026
197EB178E1FDA5719D4F753B0EF6C819BB821B18943BF200D4B99A6CEDE9BF5B,com.hm.goe,262,1981-01-01 01:01:02,2026-02-01 01:49:14.593375,50000000,2026-02-01T01:49:26.555157,"H&amp;M
26.04.1",H&M,27 Jan 2026
1D27C5AE43B628F4F3016F5580A72B517F7984860F43CD2C1B039D9804740174,com.glovo,383750,1981-01-01 01:01:02,2026-02-05 00:26:12.206664,50000000,2026-02-05T00:26:18.863496,"Glovo: Food &amp; Grocery Delivery
5.355.0",Glovoapp 23SL,29 Jan 2026
7D993BA9E170CDB5333E7AD8FF0A05267BDED1B9336F4F5270F862AEEAC4E6B1,com.bankofbaroda.mconnect,116,1981-01-01 01:01:02,2026-02-09 23:12:23.361898,50000000,2026-02-09T23:13:03.146087,"bob World:Banking &amp; Experience
3.8.7",Bank of Baroda,28 Jan 2026
10BA6D9EFBA2EA8AD1B4CB02BD88877ED00C5831C37A7A14E762130243C2CCC1,com.ngame.allstar.eu,157142064,1981-01-01 01:01:02,2026-01-26 16:27:07.610846,10000000,2026-01-26T16:27:14.116360,"Arena of Valor
1.61.1.5",Level Infinite,13 Jan 2026
03754C8F8CCB2AC23777DC2F75C219BF152B02A3123332DD47227892AC8269B6,puzzle.merge.hotel.empire,1165,1981-01-01 01:01:02,2026-02-15 10:04:45.919321,10000000,2026-02-15T10:05:05.205373,"Merge Hotel Empire－Design Game
1.1.36",Moon Active,2 Feb 2026
3387CE9805D5EE8953CD384349CEF429A5C79253DC513DDF5502EE0408B34136,com.crazylabs.tie.dye.art,54006,1981-01-01 01:01:02,2026-02-28 16:05:48.451629,100000000,2026-02-28T16:09:25.462427,"Tie Dye
5.4.0.6",CrazyLabs LTD,25 Feb 2026
5D9E0400D127CC7CDB5B0D23424149D629E1734E22D5F15F047B455B1CEF78A6,com.jio.myjio,8022,1981-01-01 01:01:02,2026-01-26 17:02:29.643649,500000000,2026-01-26T17:03:37.917295,"MyJio: For Everything Jio
8.0.22",Jio Platforms Limited,23 Jan 2026
05C89F8466A67B57039B3F3963D27F331890B051533B93C73C06A9D4A9FC1B84,com.thegrizzlylabs.geniusscan.free,7262,1981-01-01 01:01:02,2026-02-26 22:26:49.929056,10000000,2026-02-26T22:27:44.137702,"Genius Scan - PDF Scanner
7.36.0",The Grizzly Labs,23 Feb 2026
36587E3993965818AF24B7343C455C073E17F159590693F987D1CB0E1E9A3AF4,com.thinkyeah.galleryvault,406014,1981-01-01 01:01:02,2026-01-05 12:02:56.687249,50000000,2026-01-05T12:05:07.224251,"Gallery Vault-Hide Photo Video
4.6.14",GalleryVault Developer Team,31 Dec 2025
300C62ED8E5F0AE7FD6A9D1C93076EA185203C9F6B9FF72F6469900749C9B7E1,com.google.android.apps.healthdata,237344,1981-01-01 01:01:02,2026-02-07 23:28:51.54587,500000000,2026-02-07T23:29:49.525540,"Health Connect
2026.01.22.00.release",Google LLC,29 Jan 2026
068BD8C64B20A9F35E7CB299BAC667F09545A3C83A65FF69F8785C159DF6C816,com.fugo.wowguru,55842922,1981-01-01 01:01:02,2026-02-17 16:11:00.975769,10000000,2026-02-17T16:12:16.372330,"Words of Wonders: Guru
2.1.18",Fugo Games,9 Feb 2026
C41D461F80230F773BA0BF893E875FEAF9E6C877C4FCD974BF3F14007F5E3247,com.pixel.art.coloring.color.number,442,1981-01-01 01:01:02,2026-01-26 14:45:05.02136,100000000,2026-01-26T14:46:17.826305,"Happy Color®: Colouring Game
2.21.6",X-FLOW,19 Jan 2026
425C4F060E4277ABBDB4F5AF631D1EA04B3E79D7A6AC5D2BBB85A00F8716636E,com.muscle.rush,140,1981-01-01 01:01:02,2026-02-25 18:25:11.630977,100000000,2026-02-25T18:16:58.309831,"Muscle Rush - Smash Running
1.2.44",SayGames Ltd,26 Jan 2026
43502EBCFB6296F7FF3CCAB91010D3A46836DE35B71E2D5CDEAF0B8946AA26A7,com.ss.android.ugc.trill,430903,1981-01-01 01:01:02,2026-02-25 12:58:50.502109,1000000000,2026-02-25T13:04:22.655247,"TikTok
43.9.3",TikTok Pte. Ltd.,12 Feb 2026
00530D0FA70CD7D4B7A5478DB8D1FAE05277C65FC94A3E4DE9099C1029051FA2,com.lemon.lvoverseas,16300100,1981-01-01 01:01:02,2026-01-01 06:04:28.031518,1000000000,2026-01-01T06:05:26.721182,"CapCut: Photo &amp; Video Editor
16.3.0",Bytedance Pte. Ltd.,31 Dec 2025
36E5C1FEC5F02C126CBBD83E020C20615FFE054A0F914312977A14F0EA99AABD,com.sec.android.app.sbrowser,1290112502,1980-01-01 00:00:00,2026-01-09 12:35:52.590809,1000000000,2026-01-08T08:19:31.653005,"Samsung Internet Browser
29.0.1.12","Samsung Electronics Co.,  Ltd.",6 Jan 2026
7555B6988B472461652576ABB37A3249562A0E044641C262CA0CF85B9DC3FA54,all.documentreader.filereader.office.viewer,72,1981-01-01 01:01:02,2026-01-26 10:13:50.196875,50000000,2026-01-26T10:13:56.722802,"Document Reader, PDF Converter
1.2.9.72",QR Code Scanner.,5 Jan 2026
101B2BF7EF9F639BD33CDECF5BBB6BE9470B7B7A7595FA1EA2845839AC6CFB00,com.sinyee.babybus.princess_coloring_fantasy_magic_girls_games,1170403,1981-01-01 01:01:02,2026-01-13 21:14:38.113271,10000000,2026-01-13T21:14:48.183556,"Princess Game Fantasy Coloring
1.17.4.3",BabyBus,8 Jan 2026
04F4644F539E730F53EEF1D1ED28A11FD04F88BF584B4FFB05D94B0242E3C7C0,com.taxsee.taxsee,2800,1981-01-01 01:01:02,2026-03-03 06:03:21.246662,100000000,2026-03-03T06:04:21.198065,"Maxim: Bike Taxi, Car &amp; Auto
3.16.17",PT. SITO,2 Mar 2026
08462AB9B16C08E087E3F108BE88ECE246C58DB046B775EC740A271194C0B57A,hd.camera.filter,55,1981-01-01 01:01:02,2026-01-09 18:57:10.748671,10000000,2026-01-09T19:18:40.256624,"HD Camera with Beauty Camera
2.3.12",Coocent,8 Jan 2026
1FB54319BBE7C6B8DA2C27B31726497D25310A02ADE6647033E492B87533EB37,com.drivezone.car.race.game,653,1981-01-01 01:01:02,2026-02-07 08:32:19.545468,50000000,2026-02-07T08:38:14.684220,"Drive Zone: Car Simulator Game
1.7.0",Jet Games FZ-LLC,3 Feb 2026
057E70CEFD02497DD45E002DA39836275D50B733D74D34F70014D8317BE02C74,com.pro.game.FreeSurvivalUnknownBattle,86,1981-01-01 01:01:02,2026-03-05 05:18:31.795547,10000000,2026-03-05T05:23:14.532480,"Survival Unknown Battle Royal
5.3.44",ProGames3D,1 Mar 2026
AC4FA04623E0058A6B3BC8752A2897B646E3311EC04686825D4C652B285EA578,com.allenmm.archery,377,1981-01-01 01:01:02,2026-02-08 01:02:00.672405,100000000,2026-02-08T00:54:29.612671,"Shooting Archery
3.77",7788`s,30 Jan 2026
492A14DBD5404043D26DAA0BA5B905C7159AAF9724AE7EF2A5B428AE986B9BF5,com.blizzard.wtcg.hearthstone,23327500,1981-01-01 01:01:02,2026-01-14 05:09:51.188059,50000000,2026-01-14T05:11:00.974419,"Hearthstone
34.4.233275","Blizzard Entertainment, Inc.",15 Dec 2025
0A6E354F2DF7E8B83F7AF7D904332319C4E4702108F24CD27EC231D71AF68183,io.jagat.lite,369,1981-01-01 01:01:02,2026-01-13 02:23:43.866647,10000000,2026-01-13T02:24:26.319599,"Jagat - Find Family &amp; Friends
5.9.2",Jagat Tech,30 Dec 2025
0FF6B50647216A2D64746121195676B38E4DAC6C3EF0DCE1713325F844A5B2C9,com.YovoGames.airport,50,1981-01-01 01:01:02,2026-03-05 10:38:42.52839,10000000,2026-03-05T10:46:22.652692,"Kids Airport Adventure
1.5.0",YovoGames,20 Feb 2026
0934AD2AE8D1025CAB17F1C7170CC03F2C36ACD651DC02887C170C3CEAB82589,tidezlabs.birthday4k.video.maker,184,1981-01-01 01:01:02,2026-01-06 14:33:02.008858,10000000,2026-01-06T15:13:00.134716,"Birthday Video Maker
5.2.5.1",TarrySoft,22 Feb 2024
059C341249FCB43DDDB782E10972B432AE3ACEC033BC2CAB94F372F6D2C2C341,com.fluffyfairygames.idleminertycoon,94121,1981-01-01 01:01:02,2026-01-29 12:57:00.906203,100000000,2026-01-29T12:57:12.226355,"Idle Miner Tycoon: Gold &amp; Cash
5.41.0",Kolibri Games,20 Jan 2026
37BF29D1DF5AABA9B514E09C11D9F166D7999F4D472020BEAF34E28AE683748C,com.ztnstudio.notepad,18417,1981-01-01 01:01:02,2026-01-26 11:19:06.218471,50000000,2026-01-26T11:20:14.211087,"Notepad – Notes and To Do List
4.4.2.18417",Notepad - Digital Notes Studios,12 Jan 2026
BF8A9AB80C90B97C660950C9C553F1BBB76116C832E971D07836FED0A1B2921B,com.bitmango.rolltheballunrollme,627,1981-01-01 01:01:02,2026-02-15 12:43:46.999708,100000000,2026-02-15T12:45:09.146745,"Roll the Ball® - slide puzzle
26.0206.00",BitMango,3 Feb 2026
0030AEE1A38F99EF579504864B21C041EE734B73030CEC91EE676BF0080EA9BF,com.lezhin.comics,3647927,1981-01-01 01:01:02,2026-02-22 11:31:52.345386,10000000,2026-02-22T11:34:34.469163,"Lezhin Comics - Daily Releases
2026.2.0",LEZHIN ENTERTAINMENT,2 Feb 2026
5560544FD67AE567DDE2C9B389E2E2D97C25107E8A509CFFF57988F90EFC514F,app.jumpjumpvpn.jumpjumpvpn,278,1981-01-01 01:01:02,2026-02-15 14:31:56.194575,50000000,2026-02-15T14:31:49.200991,"JumpJumpVPN: Fast &amp; Secure
2.7.8",SOON BODYWERKZ,4 Feb 2026
29C4AE7ECA0EC83D9DD735969E2A12BB1D825619643514AC756C377320357846,com.turborilla.bike.racing.madskillsmotocross3,17952,1981-01-01 01:01:02,2026-03-07 08:53:20.660117,50000000,2026-03-07T08:54:11.417669,"Mad Skills Motocross 3
4.10.2",Turborilla,6 Mar 2026
373A86BD1A34AF83EC8C17E72D3EA6FB254D7A12D1063968434D0F4026C6AC75,com.bubbleshooter.popbubbles.collectcards,221,1981-01-01 01:01:02,2026-03-05 23:36:50.079922,100000000,2026-03-05T23:43:09.671653,"Bubble Shooter
2.2.0",IVYGAMES,4 Mar 2026
0178DA7B4E3CD1F1BE9F40F9774134B5F187D8F912A4B4F1FC9ABF6EED9FE7CB,com.southwestairlines.mobile,1301020,1981-01-01 01:01:02,2026-02-03 04:46:36.656206,10000000,2026-02-03T04:47:48.190527,"Southwest Airlines: Travel App
13.1.2",Southwest Airlines,28 Jan 2026
026AD1CC2FEEB0301E3A15774051AC24D23EC28D494B0366D0447C1116999738,com.nike.plusgps,1717714405,1981-01-01 01:01:02,2026-03-05 19:54:14.443088,50000000,2026-03-05T05:10:45.900110,"Nike Run Club - Running Coach
4.75.0","Nike, Inc.",18 Feb 2026
75F02E45F16BF12D4177E31501D985EDCC3001663B5D0D27431B175CC69CB973,com.jrzheng.supervpnfree,142,1981-01-01 01:01:02,2026-02-03 14:48:24.276847,100000000,2026-02-04T16:40:44.714484,"SuperVPN Fast VPN Client
3.1.2",SuperSoftTech,9 Jan 2026
1ABCDE16BC3DA646FC614B1256F2581125BF7BF34610AA45B99EF67AC1D194D1,com.creations.runnergame,515,1981-01-01 01:01:02,2026-02-27 06:49:13.305268,50000000,2026-02-27T06:56:16.947390,"Kooply Run™: Play and Create!
2.166.0.2",KOOPLY,25 Feb 2026
72311A21E847D15BE731F64110C11592BD875C55434B494D95CAAFEBC8AE61AC,beatmaker.edm.musicgames.pianofire2,88,1981-01-01 01:01:02,2026-01-26 13:54:34.92484,50000000,2026-01-26T13:54:39.375678,"Piano Fire 2: Slide Challenge
1.0.88",Adaric Music,14 Jan 2026
0A5706B30176483825DD9C575243F34FA4983E134DD15B8D0773EFF766749F52,com.concretesoftware.pbachallenge_androidmarket,288600,1981-01-01 01:01:02,2026-01-31 15:04:17.320841,10000000,2026-01-31T15:06:10.971120,"PBA® Bowling Challenge
3.23.0","Concrete Software, Inc.",11 Dec 2025
108D244AF5A79A79EC0395205497A9B886118E8E0A9FAB77D28A8419FCDD540B,com.iz.coloring.games.kids.drawing.book.color.by.number,5022001,1981-01-01 01:01:02,2026-01-27 07:14:51.243793,10000000,2026-01-27T07:15:44.651649,"Colouring Games for Kids
5.22.1",IDZ Digital Private Limited,19 Dec 2025
43DF63270C73005F9D2667607FA30269F9A8D698693A3467B2A029D024242A51,com.knockdown.bottle.game,300323,1981-01-01 01:01:02,2026-02-27 08:11:12.465167,100000000,2026-02-27T08:12:35.918231,"Bottle Shooting Game
3.1.2",Sigma App Labs,24 Feb 2026
0ACE1573BB383DA1A95896F5BF3B414F31D213BFCE9F56857211B987527C621F,com.gamedevltd.modernstrike,430260,1981-01-01 01:01:02,2026-02-19 09:51:21.688182,100000000,2026-02-19T09:55:03.871713,"Modern Strike Online: War Game
1.80.8",Azur Interactive Games Limited,14 Feb 2026
EBAB6043BFE2078F4D53F19C18A231E03655B71A6C27CCFAB2D88D48B64FD522,com.nhn.android.nmap,60203000,1981-01-01 01:01:02,2026-01-07 06:42:40.750308,50000000,2026-01-07T06:43:27.609008,"NAVER Maps, Navigation
6.2.3.1",NAVER Corp.,5 Jan 2026
0F4FFCA9179EC6F74B41BE71FCAFC34C1859491AB72434336FC4E7583B133529,fr.doctolib.www,316485,1981-01-01 01:01:02,2026-02-27 06:41:41.606276,10000000,2026-02-26T18:49:49.179882,"Doctolib - Your health partner
4.52.0",Doctolib SAS,13 Feb 2026
0201E39F568CCB4453062CE7CF2F35D83CEC0C8FB520A829F4BAB644E6DB299D,in.mohalla.sharechat,260704,1981-01-01 01:01:02,2026-02-20 19:36:03.340026,500000000,2026-02-20T19:38:54.363519,"ShareChat Trends Videos &amp; Live
2026.7.4",ShareChat,19 Feb 2026
5872F8431C63563CCB80235B7D4884A90A9C1DF0A5012892EFE5D36F7529834B,com.ttech.android.onlineislem,192503,1981-01-01 01:01:02,2026-02-10 03:51:17.689023,50000000,2026-02-10T03:51:20.155875,"Turkcell
19.25.3",Turkcell İletişim Hizmetleri A.Ş,3 Feb 2026
04334A98AC4EDDEFA889245DD0A1D99D86B45FF2921800DC6EA8485899E2169B,com.afgame.app.poolball,151,1981-01-01 01:01:02,2026-02-10 17:01:55.84963,10000000,2026-02-10T17:03:49.428882,"8 Pool Master
1.5.1",ORANGE GAME,13 Jan 2026
3A9E113DB91EA82E2ADFEF139BD820295753025CC7EEF9CB2182F09B314F499B,com.psv.vlad_and_nikita.supermarket,20300,1981-01-01 01:01:02,2026-01-11 00:39:55.023239,50000000,2026-01-11T00:40:07.928085,"Vlad &amp; Niki - Kids Fun Games
2.3.0",Hippo Kids Games,26 Dec 2025
AEE36FBC82813AD98F4462E5044E6EDAB353CE9F520398ABCA40DA3E6797AF38,com.grindrapp.android,150668,1981-01-01 01:01:02,2026-02-12 19:01:27.782905,50000000,2026-02-12T19:01:40.401354,"Grindr - Gay Dating &amp; Chat
26.2.0",Grindr LLC,10 Feb 2026
28CCAC4C8E54B73AC79B535DDBBEAE9C0FEE9E1A825F2E31E870AC53EF5970AA,org.mozilla.firefox,2016144279,1981-01-01 01:01:02,2026-02-26 16:28:28.671257,100000000,2026-02-25T00:40:15.760636,"Firefox Fast &amp; Private Browser
148.0",Mozilla,17 Feb 2026
7F95CB9E8A11ED9219A546FEA4A7A56C536FDC04EE278D284730905DFFEEBB87,de.lotum.whatsinthefoto.es,61383,1981-01-01 01:01:02,2026-02-10 01:42:38.248111,50000000,2026-02-10T01:42:54.716967,"4 Fotos 1 Palabra
63.19.0",Lotum GmbH,4 Feb 2026
5DC1017BB85876669B27C51F7755D215D1A84E765A7D77EF2D81DE5D713D06EA,com.tencent.qqlivei18n,17100,1981-01-01 01:01:02,2026-02-13 09:39:57.662493,100000000,2026-02-13T09:54:21.472338,"WeTV: Asian &amp; Local Drama
5.32.3.17100",Image Future,10 Feb 2026
0716B707292915CD60AA3D097CB3B96B8F7E55AF65B2C2FE32D0BCAA5013EF72,com.ai.avatar.face.portrait.app,158,1981-01-01 01:01:02,2026-03-05 20:53:29.095496,10000000,2026-03-05T20:52:06.355069,"AI Photo Generator, Enhancer
1.5.8",Smart AI DEV,1 Mar 2026
195E37F29EA08D71443EBEB435F663256289AB92D010BA70EE668CC9A9979754,com.com2us.smon.normal.freefull.google.kr.android.common,91300,1981-01-01 01:01:02,2026-02-15 14:14:15.900582,50000000,2026-02-15T14:15:00.524917,"Summoners War X The LOTR
9.1.3",Com2uS,11 Feb 2026
65E2C01253B80E424F856CC36ACD0503FCB750ABDD0E05B2D42CC386B28CF6E5,jp.konami.duellinks,185,1981-01-01 01:01:02,2026-01-14 05:32:17.627001,50000000,2026-01-14T05:37:10.497200,"Yu-Gi-Oh! Duel Links
10.4.0",KONAMI,6 Jan 2026
7F92EFD040509C327374666BF6B02264FC547A0881BA4B0AC184B5FD8737BB15,com.wildlifestudios.jet.airplane.games.sky.warriors,16164,1981-01-01 01:01:02,2026-01-27 01:40:59.541367,50000000,2026-01-27T01:41:24.814686,"Sky Warriors: Airplane Games
4.29.10",Wildlife Studios,22 Jan 2026
122FFF2C10C27B7B7B3348A8E6F3D90D6926DCE524FB59B0504A633AC51604F5,com.VCB,5729,1981-01-01 01:01:02,2026-02-23 17:00:58.397449,10000000,2026-02-23T17:03:15.841426,"VCB Digibank
6.3.6",Vietcombank,6 Feb 2026
6275DB817D36D33A63F984A6F1C18B5BE3A3FA836C48F2D8787B2699411E0306,com.appon.carrom,186,1981-01-01 01:01:02,2026-01-06 13:46:03.932765,50000000,2026-01-06T13:50:21.069037,"World Of Carrom :3D Board Game
18.6",AppOn Innovate,4 Jan 2026
D30273F3F6927A1A86AD775814C9CAE4AC7EE87B44E71DC351B86D05958DACE8,com.trassion.infinix.xclub,803,1981-01-01 01:01:02,2026-02-17 23:18:24.320032,500000000,2026-02-17T23:20:36.271761,"XClub
5.1.8.2.2",Transsion Holdings,12 Feb 2026
7C10E10CD2E0651A90785089F987C8D66E698FDD2AF81B659093D7E8E98A71CD,coloring.color.number.happy.paint.art.drawing.puzzle,2769,1981-01-01 01:01:02,2026-02-01 08:34:16.105591,50000000,2026-02-04T16:40:32.883519,"Tap Color Pro: Color By Number
7.6.9",Tap Color Studio,29 Dec 2025
109648529CF3E07A7A2F5E4ECD4250223437A50444D264EB87071CD5F9B02570,com.sensopia.magicplan,26050000,1981-01-01 01:01:02,2026-02-04 20:41:53.441828,10000000,2026-02-04T20:42:50.397623,"magicplan
2026.5.0",Sensopia Inc,2 Feb 2026
18B13C8D9FCEFFD619A9E5C21C87453F5F8B1E06B95247211DC4A481D47D1977,mobi.gameguru.slapkings,9957,1981-01-01 01:01:02,2026-01-26 14:16:25.586337,100000000,2026-01-26T14:16:11.907189,"Slap Kings
1.9.0",Lion Studios,8 Dec 2025
0DF6B48D8A79BCF0C3CCF155B7CA7E7C5FC529912AB20FAF57A6D966F3FF68A1,com.freemusic.download.ddplmnb,71,1981-01-01 01:01:02,2026-02-22 13:46:15.84688,10000000,2026-02-22T13:45:54.245281,"Music Downloader Mp3 Download
1.7.1",music download player Inc,5 Feb 2026
05EB1E4BAD71D9D720FDAA954DDE814E046536EC375FC0A03B2F0EDEACF99FAB,com.wood.block.sudoku.puzzle.bm,1851,1981-01-01 01:01:02,2026-01-01 03:48:18.57175,10000000,2026-01-01T03:49:08.244138,"Block Crush!
1.8.5",Wonderful  Studio,30 Dec 2025
52FCFB21B511ADEE73536C88E6D8EF2DC441271FAC46933C687B99573D869B58,com.daraz.android,506,1981-01-01 01:01:02,2026-01-07 01:29:09.377055,100000000,2026-01-07T01:30:00.017570,"Daraz Online Shopping App
9.29.1",Daraz Mobile,28 Dec 2025
0A5394F588B1E3478BDE775912163C92FBF16769751B36EE33D11263A95684CA,com.bonbongame.crazy.dentist.doctor,41,1981-01-01 01:01:02,2026-02-04 13:50:09.53233,10000000,2026-02-04T16:40:48.880232,"Dentist games - doctors care
1.8.0",BonBonGame.com,21 Dec 2025
4DCFFB4CE3BF6C728771B06F8943A1B2592422E9143C03929DDDE1000C563A06,com.garanti.cepsubesi,210172018,1981-01-01 01:01:02,2026-02-07 14:28:55.015033,50000000,2026-02-07T14:42:04.303372,"Garanti BBVA Mobile
17.2",T. Garanti Bankasi A.S.,7 Jan 2026
4E7E0C5D97BA1B2FA42E6A1518C8EC3810DA221085FACEB743F39CEB38EA9B85,com.mp.satisfying.carwash.asmr.repair,30,1981-01-01 01:01:02,2026-03-02 19:24:50.99195,10000000,2026-03-02T19:29:51.986165,"Car Wash Makeover: Repair ASMR
0.1.10",Mini Play,3 Feb 2026
0F9174A397BEE9E7799F67D5257A7120EF7F990E4D31CC58274166FADCC4209B,net.wargaming.wot.blitz,111601309,1981-01-01 01:01:02,2026-01-26 10:59:35.620045,100000000,2026-01-26T11:00:03.749057,"World of Tanks Blitz™
11.16.1.309",Wargaming Group,14 Jan 2026
9716D7447E75D38EA2B4609056262818BCB21200A1636A5D5D7882F99A3E5464,com.disney.frozensaga_goo,1008,1981-01-01 01:01:02,2026-02-28 10:24:59.233163,100000000,2026-02-28T10:25:00.487452,"Disney Frozen Free Fall Games
15.3.1","Jam City, Inc.",20 Feb 2026
906320F182023A09CEE96C4CC9F7A9DCA92450C3BB53843DE6EE288682D32915,com.nordcurrent.canteenhd,11588,1981-01-01 01:01:02,2026-02-27 00:42:51.878413,100000000,2026-02-27T00:43:28.867716,"Cooking Fever: Restaurant Game
26.1.2",Nordcurrent Games,23 Feb 2026
0B0B3977CC156080FB2025447E61157B2E851AF58C16A3AFEA4E7C102F4489E1,com.cactus.tracker.bloodpressure,11012000,1981-01-01 01:01:02,2026-01-28 18:07:33.81709,10000000,2026-01-28T18:04:33.661015,"Blood Pressure Tracker
1.20.0",AT Technologyy,6 Jan 2026
0F566C7D1B184EE7949A74911E72099AFF162A543FE7F7184926E2C7E3798841,com.cyberlink.youperfect,10061410,1981-01-01 01:01:02,2026-01-02 07:20:41.847127,100000000,2026-01-02T07:25:24.299248,"YouCam Perfect - Photo Editor
6.14.1",Perfect Mobile Corp.,30 Dec 2025
0036BD16A699A05CFA21614804FC009D527F47F6D3E2377498335613376B6465,com.rhmsoft.edit,260,1981-01-01 01:01:02,2026-01-14 15:41:38.742333,10000000,2026-01-14T15:46:20.354681,"QuickEdit Text Editor
1.12.5",Rhythm Software,4 Jan 2026
96738B633B0ED9B5867AB64FDF7374DD2CFAA0E3F92EBF63DAE2471D29952726,com.sgs.antiterrorism.counterattack.commandomissiongame,1606,1981-01-01 01:01:02,2026-02-17 22:07:32.120589,100000000,2026-02-17T22:07:55.841099,"משחקי ירי קומנדו FPS-משחקי נשק
16.0.6",Hazel Mobile Games,14 Jan 2026
5A87828DF5A16BADCD8B61293B2EC20491F3FD94A7CC14B5F3A04D073FEF3135,com.c6bank.app,105700,1981-01-01 01:01:02,2026-02-27 05:44:51.185978,50000000,2026-02-27T05:53:12.257391,"C6 Bank: Cartão, Conta e Mais!
3.32.0",C6 Bank,10 Feb 2026
613CCD936F25D3C3B6E6D547692DD27B6A515A131B24347A71DEABE529E0A01F,com.tplink.tpm5,1371,1981-01-01 01:01:02,2026-03-02 18:31:21.433339,10000000,2026-03-02T18:33:27.031573,"TP-Link Deco
3.10.102",TP-LINK SYSTEMS INC.,24 Feb 2026
18937EEA95853F67760749188F0019E58760035842398D5D49D042D702823989,games.spearmint.triplecrush,300010,1981-01-01 01:01:02,2026-02-17 19:07:40.388239,100000000,2026-02-17T19:09:49.376534,"Tiledom
3.0.10",Funvent Studios DMCC,16 Feb 2026
2903F3216BACA067C3BB65BA8FC55B95A96C7AAB781BEB7C3EBB520C6DE2FBD7,mega.privacy.android.app,260361404,1981-01-01 01:01:02,2026-02-15 01:38:57.525323,100000000,2026-02-15T01:39:56.427384,"MEGA
15.26.1(260361404)(4b5f69fab9)",Mega Ltd,5 Feb 2026
0FD3166A9E5747A296B08FB4E923BC59A0D1637C9869E1BA8B575AEBF186DC2E,ginlemon.flowerfree,660021,1981-01-01 01:01:02,2026-02-01 06:49:01.666247,10000000,2026-02-01T06:50:07.630433,"Smart Launcher 6 ‧ Home Screen
6.6 build 002 patch 1",Smart Launcher Team,23 Jan 2026
A10E5E5E6B058130C46A9AE49FECAE95BA37CD3982DE3B0612E96347ED5A1CC4,com.gamesforgirlsfree.collegegirlsteam,500058,1981-01-01 01:01:02,2026-02-14 07:51:36.433761,50000000,2026-02-14T08:07:38.927623,"College Girls Team Makeover
1.3.7",Teenage Fashion Dress Up,6 Feb 2026
2E8BAAB5FFF23041D1FEA208F118CDB705BAAE2B137E6C6B8091482082C4BC18,com.xt.retouchoversea,81080,1981-01-01 01:01:02,2026-02-01 18:34:59.179615,50000000,2026-02-01T18:35:33.943972,"Hypic - Photo Editor &amp; AI Art
8.1.0",Bytedance Pte. Ltd.,29 Jan 2026
7A3FB2E31FD300C6B9063932532830528032DA5759380E49B64D3AE7B2C4B828,com.robtopx.geometryjumplite,43,1981-01-01 01:01:02,2026-02-01 07:17:32.933308,500000000,2026-02-01T07:18:02.935525,"Geometry Dash Lite
2.2.147",RobTop Games,30 Jan 2026
1AB9DEB4E72F89037CA733949DBF259AB07CF46438F1C087A4BC8FE08198F13A,com.decor.life,927,1981-01-01 01:01:02,2026-02-01 01:32:10.138283,100000000,2026-02-04T16:40:30.972419,"Decor Life - Home Design Game
1.0.46",SayGames Ltd,19 Jan 2026
0B0A41AD9330DF1F909F3EF530F7B79D34824A8165394E0A5B4D127D8A946CA1,kr.co.vcnc.android.couple,5120102,1981-01-01 01:01:02,2026-01-08 12:37:46.817233,10000000,2026-01-08T12:38:41.829446,"Between - Private Couples App
5.12.01",주식회사 디엘티파트너스,29 Dec 2025
059131FB944F6AC0277C3EA99B11AE3B185E043BAD9967356C2DE5EE4419B5E3,com.yandex.browser,1925514946,1981-01-01 01:01:02,2026-01-26 21:44:33.611014,100000000,2026-01-26T21:43:38.038393,"Yandex Browser with Protect
25.12.4.108",Direct Cursus Computer Systems Trading LLC,22 Jan 2026
138A41F3A60596E1F5E2C79E9E53DA4E550C18ABB5924DAE503F8E3EA37AED05,com.valvesoftware.steamlink,5000302,1981-01-01 01:01:02,2026-03-05 02:01:23.943135,10000000,2026-03-02T18:24:11.484046,"Steam Link
1.3.25",Valve Corporation,25 Feb 2026
48BDA66AA1E4783609E1F90AAC1F22CB2987A2A9B833A70ECFDF17241384756F,com.snake.io.slither.worms,469,1981-01-01 01:01:02,2026-01-27 00:35:35.086004,100000000,2026-01-27T00:35:37.542729,"Snake Lite - Worm Snake Game
4.30.0",Hippo Lab,8 Jan 2026
003E66732473F23460327AEF3D6B8F2D8ACC1E2B2CEA4DA9B084EED4836840ED,com.windyty.android,4900011,1981-01-01 01:01:02,2026-02-26 04:44:09.140667,50000000,2026-02-26T04:49:45.018724,"Windy.com - Weather Forecast
49.0.1",Windyty SE,18 Feb 2026
768CFF09D39928A92BC7C5F7884526C2158126A3119672D36B3448B524EF8200,jp.gocro.smartnews.android,1075,1981-01-01 01:01:02,2026-02-16 20:19:44.746401,50000000,2026-02-16T20:36:23.807970,"SmartNews: Breaking News
26.2.30","SmartNews, Inc.",13 Feb 2026
43FA158558C142AF8213423423F29A3A6935090F162415D2CE033D453A631A82,com.step.fight,548,1981-01-01 01:01:02,2026-02-28 20:36:35.394646,50000000,2026-02-28T20:46:16.140205,"Angle Fight 3D - Fighting Game
0.7.41",Gismart,26 Feb 2026
8C6F71E5F5838A1D9DA7A73A1EEC1705D4CDA685B9E0B622C8FBE05A20E2C63C,ovo.id,571,1981-01-01 01:01:02,2026-01-06 06:30:46.443962,50000000,2026-01-06T06:38:28.004764,"OVO
3.150.0",PT Visionet Internasional,9 Dec 2025
00C595C4148C925B0282A3444F1F92CCE5764E626D4E1A2FDBAE70FC14643DE0,com.inditex.pullandbear,160103,1981-01-01 01:01:02,2026-02-21 03:43:03.23922,10000000,2026-02-21T03:47:51.490197,"PULL&amp;BEAR: Fashion and Trends
16.1.3",Inditex,17 Feb 2026
46F6FDED8152362430D08912F1904CF94FC04D9263C20014ABAF6BE13A9D6C87,com.sinyee.babybus.world,8393911,1981-01-01 01:01:02,2026-02-18 00:26:38.190155,100000000,2026-02-18T00:31:54.619170,"Baby Panda World-Learning Game
8.39.39.11",BabyBus,30 Jan 2026
053B197DAF95698FE942B978BF69F16D968357D6207145D0449FE8864BA3F069,com.avuscapital.trading212,1300021443,1981-01-01 01:01:02,2026-01-27 03:54:39.453439,10000000,2026-01-27T03:56:10.901486,"Trading 212: Stocks, ETFs, ISA
8.15.0",Trading 212,16 Jan 2026
07D78548E7390A5C0EC033E9C5B67104FABCD3611ED240CD69CFF217B9DB544D,com.l,240090603,1981-01-01 01:01:02,2026-02-01 04:18:44.983736,10000000,2026-02-01T04:19:18.593127,"Shopping list - Listonic
9.6.3",Listonic - Smart Grocery Shopping,28 Jan 2026
10FA057062DBE9BFACDD192C47BCA6B62668868373763BE2B063A86EEF4B25C1,com.video.download.videodownloader.storydownloader.savevideos,56,1981-01-01 01:01:02,2026-02-06 07:49:43.91753,10000000,2026-02-06T07:47:52.338313,"All Video Downloader
1.0.55",Colour Sky Studio,10 Dec 2025
0649E9AB8330BFD2FE96F55A53256FA12A592CE99B6EF1C4FD645DF7963A5CCB,ee.mtakso.client,4040,1981-01-01 01:01:02,2026-02-14 11:35:56.345118,100000000,2026-02-14T11:36:25.977105,"Bolt: Request a Ride
CA.196.0",Bolt Technology,6 Feb 2026
015E5B567657E782B33E256C1CD927669EFDE3E835C91797CFE32B66F7351DF3,com.infiniplay.merge.fashion.romance.story,282,1981-01-01 01:01:02,2026-03-03 15:25:31.452826,10000000,2026-03-03T15:42:36.392545,"Merge Fashion Romance Story
2.8.2",Infiniplay-Game,20 Feb 2026
0C82238EBA95BB315906FF24F86D0771C7979EB5C2348AABA158A3B550120CFC,com.portonics.mygp,501,1981-01-01 01:01:02,2026-02-24 22:09:46.839624,100000000,2026-02-24T22:14:54.601431,"MyGP - Offer, Recharge, Sports
5.26.0",Grameenphone Limited,16 Feb 2026
0AFF7528FB0610C16AAF817C99CDA8CE432D71C83B3963A35447031FC4BDB77C,com.miniclip.agar.io,869,1981-01-01 01:01:02,2026-02-14 11:56:35.208334,100000000,2026-02-14T12:00:37.610222,"Agar.io
26.4.0",Miniclip.com,5 Feb 2026
55DB716957523FB29D80318777FEEBFF94E310EC6A6C256FE09C798FEA5F667B,com.king.farmheroessaga,332218,1981-01-01 01:01:02,2026-02-24 00:23:55.935733,100000000,2026-02-24T00:28:15.014081,"Farm Heroes Saga
6.83.19",King,20 Feb 2026
1D1C12903A2C07612DDDDB9C01AB316B837B962293EAA2367004FEE2C95219E6,com.tensquaregames.letsfish2,100447,1981-01-01 01:01:02,2026-02-26 09:20:35.135742,100000000,2026-02-26T09:22:16.186351,"Fishing Clash: Sport Simulator
1.0.447",Ten Square Games,23 Feb 2026
45D49E159A9820988AFEB81CBBE9A7BB681836ABA00154FAAE5B7EF3CEFDA443,in.cricketexchange.app.cricketexchange,579,1981-01-01 01:01:02,2026-03-03 16:17:08.601826,50000000,2026-03-03T16:17:09.980278,"CREX - Just Cricket
26.03.01",CREX,2 Mar 2026
043708B2721E20FE0C2214F942389C1A2A718DE3EC69D211488D64C004DEA04E,com.Edugamus.CityPatrol,130,1981-01-01 01:01:02,2026-02-10 02:07:04.04086,10000000,2026-02-10T02:07:26.443148,"City Patrol : Rescue Vehicles
2.3.0",Edugamus,6 Feb 2026
09BF30F5BAA8C62F6439742D030714355EB89000FF49F6C0FB4AC235BCAAAB6D,com.asobimo.avabel_gp_b3,12060299,1981-01-01 01:01:02,2026-02-20 12:06:47.892679,10000000,2026-02-20T12:26:29.233943,"Avabel Online -Tower of Bonds-
12.6.2","Asobimo, Inc.",13 Feb 2026
0C809320507EFF2D6C416689A31F0E1EBB678D5E8A3C95AA45D29EF886153B7E,com.spotify.music,137107360,1981-01-01 01:01:02,2026-01-14 13:25:49.127066,1000000000,2026-01-14T13:18:51.404040,"Spotify: Music and Podcasts
9.1.14.864",Spotify AB,11 Jan 2026
CD8BA4E0503E975F3C9890CF3DB55820E6D218B93CD3F02EE8509EA0F3B1E9D4,com.wn.hairtattoo,205,1981-01-01 01:01:02,2026-01-05 09:15:54.712035,100000000,2026-01-05T09:19:27.898951,"Hair Tattoo: Barber Shop Game
1.9.8.3c",CASUAL AZUR GAMES,10 Dec 2025
09647D401B95D735CB69DA22F1E798CE0EAAC8B2CB84F4AA7A80605858B724C6,com.rarlab.rar,131,1981-01-01 01:01:02,2026-01-13 11:12:32.547723,100000000,2026-01-13T11:43:28.725295,"RAR
7.20.build131",RARLAB (published by win.rar GmbH),5 Jan 2026
1EB31CCEE1D2D212EAC08BC08334EB1EDD9F400153B2BF4CFF28110C977B93BB,com.giphy.messenger,1000888,1981-01-01 01:01:02,2026-03-07 04:33:20.955741,50000000,2026-03-07T04:34:38.673203,"GIPHY: GIFs, Stickers &amp; Clips
4.16.8","Giphy, Inc.",2 Mar 2026
3CBED354E8C88C5F3ECC51C9B36BCB5F767EBCBB8B0AE907506123D289237700,com.magicv.airbrush,108030000,1981-01-01 01:01:02,2026-03-02 15:30:50.834313,50000000,2026-03-02T15:31:04.489530,"Airbrush: Face &amp; Photo Editor
8.3.0",PIXOCIAL TECHNOLOGY (SINGAPORE) PTE. LTD.,26 Feb 2026
88733116431E2EB9A7871C7CD3076640053F8F5DF089BF8BA9F1300AD7E28F91,com.fgol.HungrySharkEvolution,10651,1981-01-01 01:01:02,2026-03-02 09:34:50.848481,500000000,2026-03-02T09:36:01.558838,"Hungry Shark Evolution
13.8.0",Ubisoft Entertainment,27 Feb 2026
0B387F643423A3F4F9D5D6708A2B05E3E72B5C0147D040D5D3BA40F128FB9F7F,org.telegram.messenger,63852,1981-01-01 01:01:02,2026-01-06 18:33:38.420233,1000000000,2026-01-06T19:24:54.809348,"Telegram
12.3.1",Telegram FZ-LLC,5 Jan 2026
09F1312AFC7421EBFA2A32BD3A436D02F1A08919C0A6D46FC69AF0C74D14D6A0,com.launcher.smart.android,274,1981-01-01 01:01:02,2026-02-15 06:48:18.749254,10000000,2026-02-15T07:45:32.421012,"CMM Launcher
4.5.7",CMM Launcher,20 Jan 2026
08D136BBC819745A3E01D3C0BE8BF6514AC7F10C3EF54CD5738D07232988879B,com.screw.puzzle.family,1140000,1981-01-01 01:01:02,2026-01-09 20:01:00.270052,10000000,2026-01-09T20:38:36.729459,"Family Savior: Screw Puzzle
1.14.0",Playful Bytes,8 Jan 2026
16FC9E3923C6AD27B7C90BBD7E0A88013A0A2CECA64C1E68E0C4F12CDAF3786D,com.sinyee.babybus.garden,8730921,1981-01-01 01:01:02,2026-01-26 11:23:07.367645,50000000,2026-01-26T11:24:23.821180,"Little Panda&#39;s Farm
8.73.09.21",BabyBus,31 Oct 2025
0485800834FA667899DE258545BEC6381587B06360A4D87E19B8F111EAD5FDE2,com.paperdoll.diary.dressup.game,55,1981-01-01 01:01:02,2026-02-22 08:27:11.657334,50000000,2026-02-22T08:27:11.928098,"Paper Doll Diary: Dress Up DIY
1.5.5",Bravestars Games,3 Feb 2026
8E53FC9029450A35B45E6564D1A5BDD541DCE0C499D56F0E2E587348BCF19E02,com.tellmewow.senior.pastimes,476,1981-01-01 01:01:02,2026-01-11 20:58:41.022907,50000000,2026-01-12T08:07:53.222210,"2 Player Games - Board games
476",Senior Games,23 Oct 2025
1DF9359235F4B5F8E470808ABA70F71BB44A02E016D3A6FAA182DF93301FCBB3,com.crazylabs.amaze.game,5800,1981-01-01 01:01:02,2026-01-02 19:00:38.309848,50000000,2026-01-02T19:00:44.088825,"AMAZE!
5.8.0.0",CrazyLabs LTD,25 Dec 2025
081E6595A82B13756B1900650134A4D43A505A0CC2D27F8441E766CB53EC1706,com.justwatch.justwatch,2608002,1981-01-01 01:01:02,2026-02-12 13:27:14.254436,10000000,2026-02-12T13:27:06.594680,"JustWatch - Streaming Guide
26.8.2",JustWatch GmbH,10 Feb 2026
0D3331373F12BE5BF7F8BD5F6F297B2960D750BD0246E9C852A0B88F15012967,com.apex.jungle.deer.hunter.real.hunting.game,132,1981-01-01 01:01:02,2026-02-10 04:17:16.47795,10000000,2026-02-10T04:18:33.113759,"Wild Deer Hunting Games
3.3.1",Noctua Games,22 Jan 2026
1EE809E54B745E183EA6FE0072C50935A341FE2427FB5BEFE98CACB154F98228,com.marsvard.stickermakerforwhatsapp,1001005,1981-01-01 01:01:02,2026-02-14 15:04:05.08711,100000000,2026-02-14T15:04:06.219122,"Sticker maker
1.0.10-5",Viko & Co,15 Jan 2026
0C777898CB3CE3CA60455049ED1ECECA23A8EF9064F801127C81245D0F370320,com.ebay.kleinanzeigen,2026020407,1981-01-01 01:01:02,2026-01-10 21:18:29.050107,50000000,2026-01-10T21:19:32.397006,"Kleinanzeigen - without eBay
2026.2.4",kleinanzeigen.de GmbH,9 Jan 2026
0765252E378525D27E25C5CCD65175DD16FA7A7A29AC85C8371CB24EE03CE772,com.lenskart.app,251231001,1981-01-01 01:01:02,2026-01-04 13:22:09.63378,50000000,2026-01-04T13:25:45.574046,"Lenskart : Eyeglasses &amp; More
5.3.7",Lenskart,1 Jan 2026
1055B194B9D33198E5D2C1ED6B22623C20BD758692CC6171623A31A68A72D424,com.hdcampro.procameralens.photography,72,1981-01-01 01:01:02,2026-01-10 15:36:03.75875,10000000,2026-01-10T15:58:46.416909,"HD Cam Pro-Professional Camera
3.3.3",Appcentric Team,17 Dec 2025
4D351FA3CCF64F5BC68C6482A0877578DDD1A4E4A67583541DE7562C8CEC6F1D,com.pof.android,1516425,1981-01-01 01:01:02,2026-01-27 05:49:36.165214,50000000,2026-01-27T05:49:31.909794,"Plenty of Fish Dating App
5.57.0.1516425",Plentyoffish Media ULC,9 Jan 2026
0CB045A06F03175F6A7B1A569815654EF131B3A91B7CD44ACB71B04304D9D14B,com.invinciblesstudioltd.soccermanager2025,1770713051,1981-01-01 01:01:02,2026-02-18 06:41:28.043913,10000000,2026-02-18T06:45:32.366198,"Soccer Manager 2026 - Football
3.3.1",Invincibles Studio Ltd,10 Feb 2026
02BA4C1147A609F1C9E0DC4CCECAB189DC431CE6B14CE3EDC64156672B2D9C70,solitaire.spider.card.free.mania,91,1981-01-01 01:01:02,2026-02-22 00:47:00.26572,10000000,2026-02-22T00:47:57.709470,"Spider Solitaire Classic
1.6.1",Game Maker Ltd.,13 Feb 2026
A0B401F395C90516D24D75294276B32B530B7E1F0697A8E0AC9B4A2D689FBDD7,com.edkongames.ww2,490,1981-01-01 01:01:02,2026-02-15 07:48:25.712544,50000000,2026-02-15T07:48:31.086662,"World War 2－FPS Shooting Games
4.90",Edkon Games GmbH,30 Jan 2026
39A6A412414A31C5CD43F9DC082FCAFD8DFBC94AFF578C4B12D01C77FACA0D35,tv.twitch.android.app,2803016,1981-01-01 01:01:02,2026-02-24 09:09:50.618033,100000000,2026-02-24T09:09:51.851043,"Twitch: Live Streaming
28.3.1","Twitch Interactive, Inc.",20 Feb 2026
029C36F61F3BE26CCEFB1DE17554487868402854300FC10C96EAB23B8019E95E,com.wgt.android.golf,292747,1981-01-01 01:01:02,2026-02-22 04:59:27.932198,10000000,2026-02-22T05:00:44.796400,"WGT Golf: Realistic Golf Game
1.197.0",WGT,24 Jan 2026
037B70F193A4430FCA1006CC9320A6ED65BB65238D1BF5F64EF853E66DFF21E9,com.squareenix.relicrun,10955904,1981-01-01 01:01:02,2026-03-06 22:17:09.87304,10000000,2026-03-06T22:17:12.548189,"Lara Croft: Relic Run
1.22.20",Deca Games,4 Mar 2026
049B78F1D20DA682FDE5591E0342684AEC7126096D402D6887E163F95C0AA808,com.arcsoft.perfect365,3408,1981-01-01 01:01:02,2026-02-24 06:39:09.578608,50000000,2026-02-24T07:01:59.868143,"Perfect365 Makeup Photo Editor
10.15.24","Perfect365, Inc.",12 Feb 2026
053C01C5F82927D5813D56F5C7FFB56B872720E8B9582E11B9A86100B45F9839,com.roku.remote,281,1981-01-01 01:01:02,2026-02-17 21:10:22.882044,50000000,2026-02-18T08:20:38.419274,"The Roku App (Official)
13.4.0.7242945","Roku, Inc. & its affiliates",17 Dec 2025
17A7D15DB7FF15E06C7F9DBEFA91E65838A8417C1E0A6B7E7A211DD11EBB681A,com.fa.gym.fighting.game,200212,1981-01-01 01:01:02,2026-02-24 16:00:22.031153,100000000,2026-02-24T16:06:35.686964,"Gym Heros: Fighting Game
1.21.2",Fighting Arena,24 Feb 2026
2A248C705A8E9F2464C5B2A36FB88EACDD6D084D7DDA69E54634E4B60F7D9054,com.zaz.translate,2026011603,1981-01-01 01:01:02,2026-02-20 01:26:16.652202,500000000,2026-02-20T01:28:44.249778,"Hi Translate - Chat translator
5.3.3.003.gp",TexAI,6 Feb 2026
A83DB2F2391CFD93D00E3E306679B8C4C09FF106846FA8434D3CA52F2E61BE37,armworkout.armworkoutformen.armexercises,63,1981-01-01 01:01:02,2026-03-05 17:34:25.111206,50000000,2026-03-05T17:35:31.538494,"Arm Workout - Biceps Exercise
2.4.3",Leap Fitness Group,5 Mar 2026
0E35AB5FDB2ACDDF154037945C278012A8675219F6C329F1B96DBF2E8A4DBC00,com.linecorp.LGRGS,201171,1981-01-01 01:01:02,2026-01-07 08:41:24.551689,10000000,2026-01-07T08:41:28.902031,"LINE Rangers: Brown-Cony Wars!
11.7.1",LINE (LY Corporation),5 Jan 2026
18D1D747F16DA82AE46D0C3C4DE052EE4C7C41549054782F4F0276CF11FCF185,com.microsoft.xboxone.smartglass,326428547,1981-01-01 01:01:02,2026-02-06 01:21:02.413326,100000000,2026-02-06T01:22:28.099619,"Xbox
2602.1.3",Microsoft Corporation,5 Feb 2026
11461AFE044F681AF0348E28DCCE84DD383F02F5D4EDD9F3AA146928B905609C,hotspotshield.android.vpn,111101,1981-01-01 01:01:02,2026-01-05 01:04:44.517985,100000000,2026-01-05T01:07:30.466139,"Hotspot Shield: Fast VPN Proxy
11.11.1",Anchorfree LLC,24 Dec 2025
0474C08F380A879824B2642CC225932610AB5D064BF0964D25DFC4E57761EB84,com.waplog.social,658,1981-01-01 01:01:02,2026-02-15 07:47:57.566978,50000000,2025-12-18T16:23:55.511583,"Waplog: Dating &amp; Video Chat
4.4.3.1",Waplog Dating Apps,7 Nov 2025
0C3885DC4ECB83D3E6340F6992757569614F7C0AA77EE7B879B713BF9A4A67AD,com.jsdev.instasize,412,1981-01-01 01:01:02,2026-03-02 22:04:47.066821,50000000,2026-03-02T22:05:45.133038,"InstaSize Photo Editor＋Resizer
5.2.0","Instasize, Inc.",24 Feb 2026
A41F8A728D349A68C3300B36E97AA684F61C49EED4ACE829AA5676E18D245713,com.matchingham.judgementday,297,1981-01-01 01:01:02,2026-02-27 02:23:55.319925,50000000,2026-02-27T02:25:06.727621,"Judgment Day: Angel of God
1.16.0",Bolga Games,24 Feb 2026
27EB5E04294116157C7ADD31CE522CB83683FA4A0F05A44A2ABA1FE5643CF0C6,sg.omi,704700700,1981-01-01 01:01:02,2026-03-08 06:13:55.561676,50000000,2026-03-08T06:18:32.217266,"Omi - Dating &amp; Meet Friends
7.47.7",MatchUp UK Limited,3 Mar 2026
2DE1291F1C5652222D0A1A5F9D90666E0D115DDF9784A978C27E009A6871B09E,jigsaw.puzzle.game.banana,261,1981-01-01 01:01:02,2026-01-26 23:12:38.396996,50000000,2026-01-26T23:13:35.664513,"Jigsawscapes® - Jigsaw Puzzles
5.0.2",Oakever Games,14 Jan 2026
01EE4F774CBCB2A24C5B74979E456CCC765B8F1B995F03868C09045A3EEB4818,com.car.jam.puzzle,1160000,1981-01-01 01:01:02,2026-01-13 12:28:57.57404,10000000,2026-01-13T12:40:30.097962,"Car Jam: Escape Puzzle
1.16.0",Playful Bytes,18 Dec 2025
4708E3EAB5A28C0CB098A8F62C2CA7AC7DC8F85BF39E9BDDFE3F7C2BA1D97874,de.zalando.mobile,1186,1981-01-01 01:01:02,2026-02-03 20:22:36.830271,50000000,2026-02-03T20:22:28.201964,"Zalando – online fashion store
26.1.1",Zalando SE,30 Jan 2026
1C3EF8B5355D534D83D8948FDCFC2E5113748955C0628CDE01E086706E27B93D,merge.archers,475,1981-01-01 01:01:02,2026-02-17 13:06:11.837521,50000000,2026-02-17T13:06:51.798835,"Merge Archers: Castle Defense
1.8.5",CASUAL AZUR GAMES,22 Jan 2026
A3370DD0635BBF7ABD44D20448C8EEF54C7D5983C0BAF600E470D97741CA9F49,ru.rostel,9213,1981-01-01 01:01:02,2026-02-14 08:58:49.389194,100000000,2026-02-14T09:05:17.395709,"Госуслуги
24.2.1.9213-gms",Минцифры России,26 Dec 2025
0F7FCDB9A153A34591741F7164BDB563906ED9DB49539D49FC99E17EB6F7DCE8,us.nobarriers.elsa,1508,1981-01-01 01:01:02,2026-02-01 07:08:43.953107,10000000,2026-02-01T07:09:56.776346,"ELSA Speak: English Learning
8.1.5",ELSA Speak,26 Jan 2026
0732861591A151D9490F865E42E0B53030ADBC92E3CD9AB20148DC8D3BB20667,com.sngict.okey,114,1981-01-01 01:01:02,2026-02-20 11:35:47.473959,10000000,2026-02-20T11:38:46.175011,"OKEY - Offline
2.3.0",SNG Games,4 Dec 2025
0A9DD638DF684D67BFBCEC83D0B278822245B72AFA8DB3E331FB8CF981E543BB,com.cbs.ca,420000380,1981-01-01 01:01:02,2026-02-19 16:59:04.524972,50000000,2026-02-19T17:17:18.390791,"Paramount+
16.5.0",ViacomCBS Streaming,30 Jan 2026
0280A5811450263B3825E84F6A31D593FFE04D129C0D45AD6603B6726365C612,com.smartworld.photoframe,154,1981-01-01 01:01:02,2026-01-07 13:24:07.983328,10000000,2026-01-07T13:28:00.537669,"Photo Frames
10.70",Csmartworld,30 Dec 2025
1E92C8B2D5C1464803D11C8C881948B585B9B609DD7C50421970A8E76BD08348,com.miniclip.carrom,1387,1981-01-01 01:01:02,2026-03-02 18:23:19.805559,500000000,2026-03-02T18:24:11.595458,"Carrom Pool: Disc Game
18.11.2",Miniclip.com,2 Mar 2026
0CB9A63D1201F808B8CBBE32BA294B8B0D11922281D26B1061ABE1BBD4106EB4,com.microsoft.amp.apps.bingnews,440115002,1981-01-01 01:01:02,2026-02-03 21:19:27.992998,10000000,2026-02-03T21:20:33.104314,"MSN
32.7.440115002",Microsoft Corporation,15 Jan 2026
1DB7C79AE6923B7E2500E609FCB545B2D43A21E7DC28CB39591F9D692C533EBC,com.playrix.homescapes,150100091,1981-01-01 01:01:02,2026-02-21 02:44:22.225866,100000000,2026-02-21T02:40:52.828962,"Homescapes
8.6.600",Playrix,13 Feb 2026
06A7CB13749E19668147339A9EA4C0DE9A0686B0CB69895AB5DE5818F126C6D6,com.eruditoplus.acad.funnyfood,280003472,1981-01-01 01:01:02,2026-02-17 03:57:02.787538,10000000,2026-02-17T04:00:58.157498,"Fun educational games for kids
3.24.0",Wow Kids,5 Feb 2026
555353F6027B4D1283E71E46BA0A3AC2A249A6C82FA21BEB175C6424B57374BD,com.merge.animals,2209,1981-01-01 01:01:02,2026-02-27 20:53:40.143149,50000000,2026-02-27T20:55:28.119329,"Merge Animals 3D - Mutant race
1.12.8",SayGames Ltd,4 Feb 2026
2332EC76AA86E6928887AB49DA3E53CCF9E32F339EB67D3322CC4E5BFCCB05FF,com.zong.customercare,120,2026-03-05 11:07:16,2026-03-06 10:15:37.92631,50000000,2026-03-06T10:29:07.981586,"My Zong
5.19.19.100",CMPak - Zong,5 Mar 2026
94738694A1A8A509A4AFC1C06BC4BB357833D7E7B5FADA074F36DFE6E444FFAC,in.playsimple.wordsearch,262,1981-01-01 01:01:02,2026-02-15 07:38:12.889861,50000000,2026-02-15T07:39:42.917475,"Word Search Explorer
1.262.0",PlaySimple Games,2 Feb 2026
08BE6DE76D52BCCBF705BA93C129FA8B4F9CA89701D34D3A420DA10FD4F8C398,games.spearmint.matchinggame,20011,1981-01-01 01:01:02,2026-03-07 21:20:13.744207,50000000,2026-03-07T21:27:40.474793,"2 Tiles: Match Quest
2.0.11",Funvent Studios DMCC,6 Mar 2026
05843372307677C24F90C63B4704038FFE17409C94ED582C21DFE6E74F471F15,walkie.talkie.among.us.friends,260213697,1981-01-01 01:01:02,2026-02-16 19:26:45.107974,10000000,2026-02-16T19:21:32.101288,"CastChat - Match &amp; Voice Chat
2.34.1-260213697",Guru AI Lab,13 Feb 2026
7B6A5F8AEB3D82E85CB049B8AEF615E41BCD21BEF63A8FB1A30FF5454F72389D,com.wbd.stream,1800000516,1981-01-01 01:01:02,2026-02-26 07:54:09.283979,100000000,2026-02-26T07:52:23.552110,"HBO Max: Watch Movies &amp; TV
6.16.0.70","WarnerMedia Global Digital Services, LLC",20 Feb 2026
07D04F1AA2EF69D07AC6D3CD19C816413BDCD0426D6BADF3D13A6BF9349F4825,net.peakgames.mobile.canakokey.android,1596,1981-01-01 01:01:02,2026-01-27 06:55:10.355587,10000000,2026-01-27T06:55:11.898388,"Çanak Okey Plus
8.0.0",Zynga,19 Jan 2026
21BD475C5B88D4BED18E1451271D905DC04E83593882DCF19EACDA54569314A1,com.tutotoons.app.kpopsiescuteunicornpets,1018186,1981-01-01 01:01:02,2026-01-31 14:41:43.119734,50000000,2026-01-08T02:28:03.307868,"Kpopsies - Hatch Baby Unicorns
1.18.186",TutoTOONS,5 Jan 2026
360B6B686A21832224368636DB6E1317D33FBA48CC51387B8A99F5E33410F9EF,com.fundevs.app.mediaconverter,305,1981-01-01 01:01:02,2026-01-12 23:31:00.893399,100000000,2026-01-12T23:35:31.995410,"Video MP3 Converter
2.7.2",FunDevs LLC,9 Jan 2026
CABF9B3BF2FBC86C9D8A58041BF79709427A322AA40B9DC82F937706338E4080,com.gym.racegame,200427,1981-01-01 01:01:02,2026-02-09 16:36:07.902322,100000000,2026-02-09T16:36:08.219000,"Epic Race 3D – Parkour Game
2.0.43.4",CASUAL AZUR GAMES,26 Jan 2026
41C75979C7D691B876B449DBDF02C5386D35388360CB3DE06E5BF79F607A2067,com.msf.angelmobile,1418,1981-01-01 01:01:02,2026-02-08 10:26:22.059616,50000000,2026-02-08T10:51:45.981121,"Angel One: Stocks, Mutual Fund
126.1.2","Angel One - Stock Market, Demat Account & IPO",28 Jan 2026
000EA57F320D097A4F316F9E001F8AB394FFEA7881E3182F8E5AD6D15FE3F7E1,com.free.vpn.super.hotspot.open,22201,1981-01-01 01:01:02,2026-03-05 17:03:10.494655,100000000,2026-03-05T17:03:11.750563,"VPN - Super Unlimited Proxy
2.22.1",VPN Super Inc,23 Feb 2026
1F2F95468801589FC0CB26B5228B9BF72F52C01F54FB40C886D62FA104D2ED06,cris.org.in.prs.ima,312,1981-01-01 01:01:02,2026-02-14 00:55:54.198528,100000000,2026-02-14T01:28:22.193472,"IRCTC Rail Connect
4.2.55",IRCTC Official,31 Jan 2026
42F8C6C23360A2684F180A83BCF8348CF5A582357B9965CF9E37F6CD14CEB9BC,com.sinyee.babybus.ambulance,8730702,1981-01-01 01:01:02,2026-01-04 22:45:41.097682,50000000,2026-01-04T22:46:35.136913,"Baby Panda&#39;s Emergency Tips
8.73.07.02",BabyBus,17 Dec 2025
EB4643CC8141C5F6AD6D4B37AAE77350B6ED01E6B46F50ED9E4C435E501CEADA,com.vectorunit.cobalt.googleplay,471,1981-01-01 01:01:02,2026-01-27 14:41:54.044151,50000000,2026-01-27T14:41:34.137949,"Beach Buggy Racing 2
2026.01.15",Vector Unit,15 Jan 2026
1381CA923C436C8E6E85414A9F24B8D1F33C2DFC27DA78F14F25F9910DF28BEF,com.pearlabyss.blackdesertm.gl,31194,1981-01-01 01:01:02,2026-01-27 09:44:05.92356,10000000,2026-01-27T09:44:51.165571,"Black Desert Mobile
4.11.94",PEARL ABYSS,20 Jan 2026
EDB65329FE235BAF26A76D8DE0F3E3326335A716F189A64714B2F237AE8559D4,com.fast.free.unblock.secure.vpn,202512290,1981-01-01 01:01:02,2026-01-02 13:22:49.428212,100000000,2026-01-02T13:25:04.075919,"Secure VPN－Safer Internet
4.3.11",Secure Signal Inc.,29 Dec 2025
A3FD5D9CE9CDED898AF36D40E1BAD0C4118338BC2C7B3EF8B5A1E435D80FA64B,com.vivo.website,48600,1981-01-01 01:01:02,2026-02-14 11:56:11.986438,1000000000,2026-02-14T12:33:50.576585,"vivo Store
4.86.0.0",Vivo Website,20 Jan 2026
C4BA5B60393A302D3E5C018ACA9EEC8DA9510AA71460A7C3123AD0EEE903EFAD,com.fg.crazy.bike.traffic.racer.free,191,1981-01-01 01:01:02,2026-01-26 12:05:31.218946,50000000,2026-01-26T12:05:44.341824,"GT Bike Racing Motorcycle Game
4.1.91",GAMEXIS,3 Nov 2025
38442D04804CE87532A123B6617273C6D66CD74434594B54209A7CCA7C0732C6,com.ak.ta.dainikbhaskar.activity,664,1981-01-01 01:01:02,2026-03-01 15:37:10.569706,100000000,2026-03-01T15:45:14.322811,"Hindi News by Dainik Bhaskar
14.9.3",Dainik Bhaskar Group,24 Feb 2026
D1B62749A6864F4A0871DD3E6F78ECCAC31BE0762C2414B1E3F51C02EFA39122,com.scorp.who,315,1981-01-01 01:01:02,2026-02-27 00:16:25.247975,50000000,2026-02-27T00:17:28.583766,"Who - Live Video Chat
1.10.132",Media Republic Apps,18 Feb 2026
175AB7007554D3EC169AEDFEE68034C92883FAE92D13AA420B8D9E003731CBFB,com.billiards.shooting.ball.pool,215,1981-01-01 01:01:02,2026-01-01 04:14:50.289213,100000000,2026-01-01T04:15:24.940364,"Shooting Ball - Billiards
1.0.215",7788`s,26 Dec 2025
772A9704963362835036001361A67B6198748815199E2AB202C937909F510A35,bodyfast.zero.fastingtracker.weightloss,140,1981-01-01 01:01:02,2026-01-08 20:01:54.571548,50000000,2026-01-08T20:05:15.937156,"Fasting - Intermittent Fasting
2.4.0",Leap Fitness Group,8 Dec 2025
8E0CF425B1E040BA94EB69467BD76CA8868E752BE6E3CF2F74D32B7E9D2442BC,com.turkcell.bip,4452,1981-01-01 01:01:02,2026-01-11 05:47:15.671348,100000000,2026-01-11T05:50:26.500161,"BiP - Messenger, Video Call
4.3.50-HEAD",Turkcell İletişim Hizmetleri A.Ş,31 Dec 2025
789440A0B9B1008E094FED6835793847C747A37D1CA78210D46B7F34D7183CAB,com.rovio.angrybirdstransformers,23800,1981-01-01 01:01:02,2026-01-31 12:15:08.621989,50000000,2026-01-31T12:15:22.145390,"Angry Birds Transformers
2.38.0",Rovio Entertainment Oy,26 Jan 2026
6EAB24701EBA4C12BCD3BEFA025B877944395189D551E6B05F209B1D9ED9DD97,com.soccer.score.star,358,1981-01-01 01:01:02,2026-02-18 05:29:56.896811,100000000,2026-02-18T05:55:42.872262,"Soccer Superstar - Football
0.3.58",Real Freestyle Soccer,29 Jan 2026
A7AD83C1150D82573FF0818A797EE990E13AEB266F6F6893DEEB27B98E41F44A,babyphone.freebabygames.com.babyphone,90,1981-01-01 01:01:02,2026-02-21 18:45:57.054215,50000000,2026-02-21T18:45:57.939928,"Baby Phone for Toddlers Games
9.9",GunjanApps Studios,13 Feb 2026
0CE7352A1D64890898DD2AB58D6EB7CF5F128E019988DD2FF6425868938C7EE4,com.crrepa.band.dafit,19625,1981-01-01 01:01:02,2026-02-15 17:11:04.495713,50000000,2026-02-15T17:12:23.563372,"Da Fit
V2.9.8-149-gbdcaba5120",MO YOUNG LTD,4 Feb 2026
41700E2C1EEE751640BD0AB02E8A47738227179AF59CF812A4E65798CBCA47BF,com.mothersimulator3d2,1024,1981-01-01 01:01:02,2026-03-01 12:44:12.207942,50000000,2026-03-01T12:51:58.976461,"Mother Simulator: Family life
2.3.1.1024",Take Top Entertainment,27 Feb 2026
9F244F1143213FF27211D000B4042BFC9F48FD0DC7E308565608BDDE259D2535,com.tfgco.games.strategy.free.castlecrush,2026014381,1981-01-01 01:01:02,2026-03-01 05:20:58.911052,50000000,2026-03-01T05:40:55.246891,"Castle Crush：Epic Battle
6.5.2",Wildlife Studios,23 Feb 2026
064E2F5D965B3DDED43CD4F9B68F95D55DB4E25F9AF20CBC085F21E6EC08F633,newway.open.chatgpt.ai.chat.bot.free,100317,1981-01-01 01:01:02,2026-02-23 04:39:48.700551,10000000,2026-02-26T09:00:44.368369,"Chatbot AI - Chat with GPT
10.1.5",Newway Apps,18 Jan 2026
36FDF9653C9ECACEFD002BFB6DF6D7154D2101A997E1D737A9A86D992E2A9269,com.nintendo.zara,24192,1981-01-01 01:01:02,2026-03-05 03:13:53.315992,100000000,2026-03-03T14:32:23.617155,"Super Mario Run
3.3.2","Nintendo Co., Ltd.",12 Feb 2026
931607F391782528D17CC6BE6D3D6C00FDBA84B4C6C57A11D9F80BFAA3C3B7B4,com.funplus.familyfarm,674,1981-01-01 01:01:02,2026-03-02 02:58:21.904917,50000000,2026-03-02T03:06:51.952738,"Family Farm Seaside
9.8.100",Century Games PTE. LTD.,13 Feb 2026
329F3D6A0F6D7DCE279C0B0A63C3180375E5A8553F6D3C35272ADE24CE716230,com.frph.stonegrass,638,1981-01-01 01:01:02,2026-02-12 17:47:37.859096,50000000,2026-02-12T17:48:01.738177,"Stone Grass: Lawn Mower Game
1.68.2",Freeplay Inc,19 Jan 2026
83F8740C7C3B10DB3A8F855CE904A7AB32B65C92C85C3B12DD47559B56D1E04B,com.hideitpro,2025052710,1981-01-01 01:01:02,2026-02-10 04:42:16.639424,50000000,2026-02-10T04:42:57.366493,"Hide Photos, Video-Hide it Pro
8.8.0",Goaffpro,29 Dec 2025
4FD3DAE4ED375AF935378C97F6653002516EF0E4E65D2CE8693B38668EE3DFDA,com.applus.torch.light.flashlight.flashalert,100,1981-01-01 01:01:02,2026-01-27 04:36:34.464332,50000000,2026-01-27T04:36:51.061571,"Flash Alert: Led Flashlight
2.0",Applus Studio,20 Jan 2026
15853C5D7D380A2BC09545747A0E8FD3A47427CA1FA36DDDD51ABB1326A21DBD,com.calm.android,4120430,1981-01-01 01:01:02,2026-02-19 14:15:56.216593,50000000,2026-02-19T14:19:31.805791,"Calm - Sleep, Meditate, Relax
6.89","Calm.com, Inc.",13 Feb 2026
599863BC50700617BFFFBFD5AE0BBA1F430DF55B969E6AC8656F57729F3284B8,com.JindoBlu.TwoPlayerGamesChallenge,2728,1981-01-01 01:01:02,2026-01-26 15:05:30.00957,100000000,2026-01-26T15:05:51.185612,"2 Player games : no wifi games
7.13.2",JindoBlu,12 Jan 2026
577422B4C19CFC42BBCF6291BFE48C1A4359E4628DF7A093D49230594AF4FA30,com.gf.rampcar.racing.stunts.extreme,163,1981-01-01 01:01:02,2026-02-22 14:11:56.499043,50000000,2026-02-22T14:24:04.820733,"Superhero Car: Mega Ramp Games
3.33",GameFit,8 Dec 2025
8EC6E663FC9D17346495CF4404C280C7D08124E67384BF9B1957360F3D181D4F,com.pubg.newstate,756,1981-01-01 01:01:02,2026-02-15 08:29:59.370645,50000000,2026-02-15T08:31:30.581630,"NEW STATE : NEW ERA OF BR
0.9.91.756","KRAFTON, Inc.",12 Feb 2026
BE4B136FB67CFEBD6212121DE0F8C79CD3996B0F279A049549134659E1F3626F,com.brokendiamond.advance.car.parking.driving.school,48,1981-01-01 01:01:02,2026-02-07 22:22:31.696299,50000000,2026-02-07T22:21:09.035011,"Advance Car Parking Games
1.6.3",Broken Diamond,27 Jan 2026
04A974A74F6A9EC6D0F06C9C340C7BD9C7851F1158E31974E6F672FD18107184,com.fatsecret.android,783,1981-01-01 01:01:02,2026-03-04 23:56:47.104019,50000000,2026-03-04T23:57:02.058985,"Calorie Counter by fatsecret
11.2.1.2",fatsecret,2 Mar 2026
7C73E7BB81957A0585F27DBDDF1A011A36AA92C3801CC5339DCFE3CFD8D9687F,com.jio.media.jiobeats,515,1981-01-01 01:01:02,2026-02-23 02:44:50.297899,500000000,2026-02-23T03:10:39.686479,"JioSaavn - Music &amp; Podcasts
10.3.6",Saavn Media Limited,5 Feb 2026
0B1E7AD578B8A1B453675360738FC01DE5663F35EF00434BFBB9198382C77559,ru.gibdd_pay.app,261336,1981-01-01 01:01:02,2026-01-04 09:07:52.661425,10000000,2026-01-04T09:12:10.335231,"Штрафы ГИБДД официальные. ЦКАД
6.0.1",Pays LLC – Штрафы ГИБДД,28 Dec 2025
08247E5C6B9516389D0C935B691CFE75B2993C82628CAD53FBFF3AA6FBD2F94F,com.zerodha.kite3,238,1981-01-01 01:01:02,2026-01-03 12:17:33.791455,10000000,2026-01-03T12:19:16.396854,"Zerodha Kite - Trade &amp; Invest
3.10.3",Zerodha,19 Dec 2025
8C42971EE023EE784D9861A151D323FE9977FA6BB8EA9A57257F87C123069729,com.peoplefun.wordcross,19103,1981-01-01 01:01:02,2026-01-26 19:21:22.429575,100000000,2026-01-26T19:23:00.704873,"Wordscapes
3.8.1",PeopleFun,15 Jan 2026
06AA43C18B0FAB86258C2DA7C7D720AE5F109ECE61D14C398FF44B520D1CB3C7,com.horus.sky.defense,283,1981-01-01 01:01:02,2026-01-07 13:22:14.515138,10000000,2026-01-07T13:11:18.113304,"Sky Defense: 戦争任務
0.0.3.3",Horus Entertainment,28 Nov 2025
026618733D69244A0D060082DC1BA3C282CD8AB69DA41121F2044958C680AC00,com.sinyee.babybus.foodcity,8730011,1981-01-01 01:01:02,2026-01-27 06:20:37.54928,10000000,2026-01-27T06:21:49.053795,"Little Panda&#39;s Restaurant Chef
8.73.00.11",BabyBus,13 Jan 2026
D10805CBACE0A5D302FC800D41783A609E68C1D9AB01E7ED2504D5A39F6BE46D,photocollage.photoeditor.collagemaker,267001,1981-01-01 01:01:02,2026-02-10 04:35:14.481129,50000000,2026-02-10T04:37:11.850639,"Photo Editor - Collage Maker
1.55.267",Photo Editor & Collage Maker,3 Feb 2026
2D08C50ED745ADD61143D5EF637596934AF00839DD010B3A1C8AC98586A58CEA,com.myntra.android,80110531,1981-01-01 01:01:02,2026-01-26 16:27:54.068614,100000000,2026-01-26T16:29:06.179817,"Myntra - Fashion Shopping App
4.2601.10",Myntra,18 Jan 2026
320CDB5D6E2397FE76D6CA2BC6446869742C904B4E32BE781BF553D7C483E45C,com.sinyee.babybus.talk2kiki.global,8733520,1981-01-01 01:01:02,2026-01-10 04:34:09.579885,50000000,2026-01-10T04:37:18.938751,"Baby Panda&#39;s House Games
8.73.35.20",BabyBus,11 Dec 2025
97AB218BC593D153E0D0AF5704DA93F03842A5CEFA3129727D037F512A9EC3AF,com.gameloft.android.ANMP.GloftGGHM,92027,1981-01-01 01:01:02,2026-01-26 08:50:25.103193,100000000,2026-01-26T08:51:01.907346,"Gangstar Vegas: World of Crime
9.2.0c",Gameloft SE,12 Jan 2026
3C3C9890B0CF7AF9444788C5C4AB2AC238B9B205549FF979EB8CEB33287A6884,ru.mamba.client,671967,1981-01-01 01:01:02,2026-02-25 04:49:47.053203,50000000,2026-02-25T04:51:18.250790,"Mamba - Dating and Meet People
3.234.2 (671967)",Media Solutions LLC,16 Feb 2026
11B9E41BCE3E0A9FA467124F1ABC648EA8EB4F40B442D6A49A6599B7890847AD,com.airbnb.android,28018056,1981-01-01 01:01:02,2026-01-14 12:25:35.968622,100000000,2026-01-14T12:30:03.743667,"Airbnb
26.03",Airbnb,13 Jan 2026
163C928296BB2F949939236C66C3568F5E304844266C3265A57B1E2FD455823A,com.manash.purplle,625,1981-01-01 01:01:02,2026-02-18 16:30:35.992348,50000000,2026-02-18T16:38:47.466093,"Purplle Online Beauty Shopping
3.2.0",Purplle.com,11 Feb 2026
A4D48CBFD670E025C559E76F8C51AB153A9E7AFC3BDA7C16372B90D8231A26D2,com.tilemaster.puzzle.block.match,26012919,1981-01-01 01:01:02,2026-02-17 13:30:48.323587,100000000,2026-02-17T13:31:14.598099,"Tile Master® - Matching Game
2.8.8",Higgs Studio,29 Jan 2026
1E364AC43EECA421446C545E26941D256A799BE697235D01FD8CF83BF0277105,com.sofascore.results,260212003,1981-01-01 01:01:02,2026-02-27 02:12:49.949584,50000000,2026-02-27T02:15:06.615232,"Sofascore: Live Sports Scores
26.02.12",Sofascore,26 Feb 2026
2DC16D72AB4C1E4830683D8F9180DC4B9358CCBF96C36A0C985DE577C20A0AE3,me.zepeto.main,417300,1981-01-01 01:01:02,2026-02-15 15:39:05.707939,100000000,2026-02-15T15:48:19.351092,"ZEPETO: Avatar, Connect &amp; Live
4.17.300",Naver Z Corporation,13 Feb 2026
056CAB93B8AC6C91D492CB5A125C7F23090215EC3B6504F8186DB133A922F18F,com.lilithgame.roc.gp,1010318,1981-01-01 01:01:02,2026-01-26 12:52:19.95146,50000000,2026-01-26T12:53:14.011662,"Rise of Kingdoms: Lost Crusade
1.1.3.18",LilithGames,15 Jan 2026
075A753188BBFAEC49EE7896CB7BAE9F38E92554EC3313D141E572FF54761742,com.smokoko.race,2854,1981-01-01 01:01:02,2026-01-27 05:21:15.805673,50000000,2026-01-27T05:21:19.219103,"RACE: Rocket Arena Car Extreme
1.4.12",SMOKOKO LTD,23 Jan 2026
8332FEE1A234BEDD7EF944DB8E74E5EC7CD345D630A1757B615A2DCBF5C51C5B,com.ig.supermarket.manager.simulator,100,1981-01-01 01:01:02,2026-01-11 02:17:55.860748,50000000,2026-01-11T02:18:06.870104,"Manage Supermarket Simulator
2.7.13",iKame Games - Zego Studio,20 Oct 2025
12B904E60E536FF534BC6CCB75605CD6B6BB0029B27E166F23B274A939616C97,de.lotum.whatsinthefoto.us,61383,1981-01-01 01:01:02,2026-02-10 00:10:35.380193,50000000,2026-02-10T00:11:33.842138,"4 Pics 1 Word
63.19.0",Lotum GmbH,4 Feb 2026
A605555C4DE07DB0BBF525F61F48C2B91AC2A4716D6E11A3CAB7AF23211BD861,free.video.downloader.freevideodownloader2021.video.saver.videosaverlite,134,1981-01-01 01:01:02,2026-02-15 16:44:26.945067,50000000,2026-02-15T16:45:11.142663,"4k Video Downloader and Player
1.0.134",Vidpal Apps Studio,3 Feb 2026
04574647C5FF5B1E703CD43DA033122FA3E8EB3CC3383D568F07D4D1D514F043,com.mobile.number.location.call.number.locator.call.tracker,139,1981-01-01 01:01:02,2026-02-19 08:26:37.054862,10000000,2026-02-19T08:26:12.365733,"Number Location: Call Locator
2.39",Appstark Tech,29 Nov 2025
403DC247071F8BE7B2E4CB60C97DF3BC8AF83388C4559C7212ECAE329F69B840,pedometer.steptracker.calorieburner.stepcounter,154,1981-01-01 01:01:02,2026-03-03 12:49:37.321234,100000000,2026-03-03T12:50:01.839474,"Step Counter – Pedometer
1.6.3",Leap Fitness Group,2 Feb 2026
2EB0A7EDF15C7ACFF907D9BDBC461D7B59037EA0F7256069C5763D620833D5A9,com.zhiliao.musically.livewallpaper,354,1981-01-01 01:01:02,2026-01-09 04:42:51.840656,100000000,2026-01-09T04:43:59.015227,"TickTock-TikTok Live Wallpaper
35.4",TikTok Pte. Ltd.,6 Jan 2026
0F3EC407C27EEE7B4B2386506A54EEBBA667FD5C565A8F279499834A5C273B2B,in.swiggy.android.instamart,1650,1981-01-01 01:01:02,2026-01-29 12:19:51.404919,10000000,2026-01-29T12:20:46.576412,"Instamart: Groceries &amp; more
4.101.0",Swiggy,23 Jan 2026
07DAD62206996EF03E9870A81730C30AA930F0A7547D0CB2F0994FE2C2D55147,air.com.sgn.cookiejam.gp,1017090104,1981-01-01 01:01:02,2026-01-27 20:10:52.258501,50000000,2026-01-27T20:10:31.945888,"Cookie Jam™ Match 3 Games
17.90.104","Jam City, Inc.",12 Jan 2026
121BE825E8ACFA5D890242241FE45AAF61AA471708C75D2737C9000966791798,com.badoo.mobile,5565,1981-01-01 01:01:02,2026-01-26 15:06:13.800701,100000000,2026-01-26T15:07:56.554603,"Badoo: Dating, Chat &amp; Meet
5.450.0",Badoo,19 Jan 2026
CE8EDCEC77DC345CA92B9D4ADC2E23653E7273AC35B8B9B6FF19CB29F6AC58F9,com.easybrain.brain.test.easy.game,24000008,1981-01-01 01:01:02,2026-02-12 12:55:30.776343,50000000,2026-02-12T12:55:57.874030,"Easy Game - Brain Puzzle
2.40.0",Easybrain,20 Jan 2026
8AF15FE80B1A5D5B7CAACE0BB04656813BDC22233A5C52C1CF4D7D50F896E141,com.gf.busdriving.publictransport.citypassenger.drivinggames,94,1981-01-01 01:01:02,2026-01-06 06:26:15.470458,50000000,2026-01-06T06:29:23.736633,"Bus Simulator : 3D Bus Games
4.0.3",GamePark,5 Nov 2025
5787CD919E1295DFD1B5DBD4CA709669A7873D5DE33666236F891C45D11C91B6,com.sec.android.app.shealth,6311013,1980-01-01 00:00:00,2026-02-27 15:30:49.271245,1000000000,2026-02-27T15:12:18.487059,"Samsung Health
6.31.1.013","Samsung Electronics Co.,  Ltd.",23 Feb 2026
06A2CFA86DDB21933825694CC6FE1671FE5B8A85FF4CA6BCE86A656B0B4DE8F1,com.laboladoapp.labo_brick_car2,559,1981-01-01 01:01:02,2026-02-19 07:00:10.37727,10000000,2026-02-19T07:11:11.268247,"Labo Brick Car 2 Game for Kids
1.1.428","Labo Lado Co., Ltd.",18 Nov 2025
E155F866DB47F767936E14B9D907DF51F691B86944285305B9E8F04482FA7BB7,com.playstrom.dop4,221,1981-01-01 01:01:02,2026-01-10 10:32:20.455151,100000000,2026-01-10T10:29:23.956570,"DOP 4: Draw One Part
1.1.54",SayGames Ltd,31 Dec 2025
A65ADB1F3516EDF8F6A97F0A5CDD21EF431560C0C1EF8A3E4960BB93796DF166,org.readera,2250,1981-01-01 01:01:02,2026-02-06 01:38:10.284376,50000000,2026-02-06T01:38:08.116384,"ReadEra – book reader pdf epub
26.02.02+2250",READERA LLC,2 Feb 2026
681544CDDE3840189C400EAD1A3485D27E00386BCE1DC6ADE44B1C4EF0E040DE,vh.one,337307,1981-01-01 01:01:02,2026-03-07 16:20:11.186279,100000000,2026-03-07T16:20:26.711102,"I, The One — Fun Fighting Game
3.73.07",CASUAL AZUR GAMES,24 Feb 2026
0168F4F3197396616F65B57DAD21D6D6255F94EB8EA83C01CC00BCD176E08AD9,app.hallow.android,1062,1981-01-01 01:01:02,2026-02-22 05:29:40.040435,10000000,2026-02-22T05:32:43.439685,"Hallow: Prayer &amp; Meditation
12.18.0","Hallow, Inc.",16 Feb 2026
4207ACB75C045261099541F13850920359841FFA39AE9B918B4F1F3EE46F56F4,com.fundrivegames.mega.ramp.ultimate.cars.stunts.impossibletracks,51,1981-01-01 01:01:02,2026-02-23 11:45:27.185532,100000000,2026-02-23T12:00:14.004083,"Ramp Car Games: GT Car Stunts
5.6",Fun Drive Games,10 Feb 2026
566DC91042978E2C082A5AE414800FF50480E662C79D898900CE7A73D9895F6B,com.vng.g6.a.zombie,567009063,1981-01-01 01:01:02,2026-01-05 05:18:34.443086,100000000,2026-01-05T05:19:42.512559,"Dead Target: Zombie Games 3D
4.167.0",VNGGames Studios,29 Dec 2025
BEA6E593233C4C7E06B834281F684427837E8F030C2320A24A28C1CF0A12C788,sortpuz.water.sort.puzzle.game,4061,1981-01-01 01:01:02,2026-01-05 04:45:47.280823,50000000,2026-01-05T04:46:28.022302,"SortPuz™: Water Sort Puzzle
4.061",Dark Halo,19 Dec 2025
4FE34122E20E52DA933AF609FC190CD039A83256D353EDB0DA3555131A5DACC0,com.livescore,1896,1981-01-01 01:01:02,2026-02-01 14:48:09.716928,50000000,2026-02-01T14:49:06.179028,"LiveScore: Live Sports Scores
9.1.1",LiveScore Limited,26 Jan 2026
0C8415F4435DC3E9787749F3C3E5B40D9AD6E8C61642AD0C3B10A2BA9B1D900D,com.comfun.mobile.ludo.gpas,20194,1981-01-01 01:01:02,2026-02-24 08:52:08.02949,10000000,2026-02-24T08:55:32.542764,"Ludo Comfun Online Live Game
3.5.20260126",Yocheer,25 Jan 2026
004AC80D4CD8218137100FF0B18B662DF71702B303EC7ADEFD9A1C5E197E9039,asia.coins.mobile,792101,1981-01-01 01:01:02,2026-02-01 01:53:43.262125,10000000,2026-02-01T01:53:36.720795,"Coins – Buy Bitcoin, Crypto
7.9.21.1",Coins Asia,15 Jan 2026
03CFED645719C507B1AF7A4AA8BD54A30627F696737975499AB89D2CAC6C9ACC,com.ghisler.android.TotalCommander,1463,1981-01-01 01:01:02,2026-01-02 20:19:41.289055,10000000,2026-01-02T20:24:15.075474,"Total Commander - file manager
3.61",C. Ghisler,29 Dec 2025
6DA34C6E3FCFB6029EDFE9045C57E4003A79143EF15DFAEA29AA35233D9A5E5C,com.lyrebirdstudio.collage,304228,1981-01-01 01:01:02,2026-02-10 04:40:34.197639,100000000,2026-02-10T04:41:05.525075,"Photo Collage Maker &amp; Editor
4.1.11.1",Firehawk,19 Jan 2026
A655707E28E981AF8F094D91D5BE74BD7BE7B0B73FFED0AB2E0C92DA7D5538CA,free.vpn.unblock.proxy.vpn.master.pro,2026012811,1981-01-01 01:01:02,2026-02-04 22:00:00.677431,100000000,2026-02-04T22:02:37.012336,"VPN Proxy Master - Safer Vpn
2.7.0",SECUREGUARD GROUP PTE. LTD.,28 Jan 2026
A33CC65A8C9AA1B1EBD1A53C122A0824E23EFC168BA94D1D743C4644AED3F2B5,com.iqiyi.i18n,725802,2026-02-03 17:13:30,2026-02-13 22:15:38.142395,100000000,2026-02-13T23:11:39.977774,"iQIYI - Drama, Anime, Show
8.1.0",iQIYI,3 Feb 2026
8AA321C023F7854B32A0DA295EC54C324D955E79367B09EFC378FD726B3EEB79,io.yarsa.games.ludo,123,1981-01-01 01:01:02,2026-02-26 08:01:27.589805,100000000,2026-02-26T08:02:18.766061,"Ludo
1.1.6",Yarsa Games,23 Feb 2026
17BB6081A279DA065BF7062655BD60731B6684991B2434A7AC977C3192765CF0,com.youmusic.magictiles,2022605403,1981-01-01 01:01:02,2026-03-01 18:39:52.200828,500000000,2026-02-27T09:42:44.797743,"Magic Tiles 3™ - Piano Game
13.022.001",AMANOTES PTE. LTD.,22 Feb 2026
FF5F02E084CB23B670EB30AC369A62810BCB5F5BDA06B681142444D175EDA304,com.sony.tvsideview.phone,108020101,1981-01-01 01:01:02,2026-02-19 07:05:57.570166,50000000,2026-02-19T07:30:23.914854,"Video &amp; TV SideView : Remote
8.2.1",Sony Corporation,6 Aug 2025
14125F547BC70B5E2585CA1E655C9C1098BD115D91889953111B45FEC335A459,com.proximabeta.nikke,1421202,1981-01-01 01:01:02,2026-01-31 17:09:51.615678,10000000,2026-01-31T17:12:50.293824,"GODDESS OF VICTORY: NIKKE
142.12.2",Level Infinite,20 Jan 2026
0F9E3374532C15B64FAFA7C9451B2997FC369CF4AC9C7778087B0BB0CD119791,com.murka.slotsera,25400941,1981-01-01 01:01:02,2026-02-07 20:39:39.059496,10000000,2026-02-07T20:41:24.887620,"Slots Era - Jackpot Slots Game
2.67.0",Murka Games Limited,28 Jan 2026
01DEF38F937ADB20FB45D5A10AFD80BD722F6D2AE8509AB8C149A371AAEB9313,com.shortbox.drama,350,1981-01-01 01:01:02,2026-01-09 02:52:10.910994,10000000,2026-01-09T02:52:27.952273,"Micro Drama-Watch Short&amp;Dramas
3.5.0",JIANZHOU TEC HK LIMITED,26 Dec 2025
8B5902BC51B2142DCA070C02A77FC9E29082107063677B69B01CB689C199E5E2,com.outfit7.herodash,202601000,1981-01-01 01:01:02,2026-02-15 09:31:31.863454,500000000,2026-02-15T09:32:58.845344,"Talking Tom Hero Dash
26.1.0.10682",Outfit7 Limited,13 Feb 2026
14371E724160FCA99072AC569567479D3AC3E5378D461FE83DA3B1E27BA62853,com.urbanclap.urbanclap,673,1981-01-01 01:01:02,2026-02-02 18:08:45.134308,10000000,2026-02-04T16:40:40.755245,"Urban Company (Prev UrbanClap)
7.6.35",Urban Company,30 Jan 2026
8F41FC4F2EE692CB967B620C263D608EB3FC2EB4A877B8903A72936E49AF51D8,net.omobio.robisc,10000066,1981-01-01 01:01:02,2026-02-15 20:00:56.858421,50000000,2026-02-15T19:56:13.096236,"My Robi - Offers, Usage, More
10.10.1",ROBI AXIATA PLC.,9 Feb 2026
0F191B132DBAF918934E7229E74B1BE17E77E3FE95C09619279BBC9B7E4F3F5B,recovermessages.restoredeleteddata.recoverdata.notifyme,38,1981-01-01 01:01:02,2026-01-03 05:02:22.373017,10000000,2026-01-03T05:03:17.951630,"Recover Deleted Messages
1.3.7",Simple Android Tools Apps,28 Nov 2025
138D2624EE66F04AB32BC29124DCDF693994EEF2E764FE953F7C81810E8BBF79,com.hyperionics.avar,1637040740,1981-01-01 01:01:02,2026-02-02 21:35:08.649874,10000000,2026-02-02T21:36:50.328671,"@Voice Aloud Reader (TTS)
37.4.7",Hyperionics Technology,30 Jan 2026
13B0873B30F71BFC862F49CCB5B915E80E34E7A08901650E60C02C83F8D10B89,com.tdcm.trueidapp,24035503,1981-01-01 01:01:02,2026-03-01 04:13:15.933066,10000000,2026-03-01T04:15:00.170592,"TrueID
3.55.3",TRUE DIGITAL GROUP COMPANY LIMITED,26 Feb 2026
58EF3DB85F646F2250CCC49CF2E448A05EB7105DA97B2B4D1E26EDE462BB3B58,com.plarium.raidlegends,117494,1981-01-01 01:01:02,2026-01-09 04:59:37.12334,50000000,2026-01-09T05:00:50.825810,"RAID: Shadow Legends
11.10.0",Plarium Global Ltd,23 Dec 2025
0EB2FB54A98392A2B4111EEB289338AE9C26ABC6270ED2B01A11E23258601A35,com.google.android.apps.docs.editors.slides,220670464,1981-01-01 01:01:02,2026-02-07 20:54:20.224056,1000000000,2026-02-07T20:54:27.680786,"Google Slides
1.26.051.01.90",Google LLC,28 Jan 2026
02AD6991970568C449BCDB376F7B2D6A625D899EED0B92179228DF414DE7BB7A,com.nordcurrent.flyingfever,2315,1981-01-01 01:01:02,2026-02-05 20:35:04.510306,10000000,2026-02-05T20:35:36.236572,"Airplane Chefs - Cooking Game
14.0.2",Nordcurrent Games,30 Jan 2026
4FEBC73588D812A4AD595CF54603AAF767A50C024C2A6EF7F28383AD25FFB028,com.heytap.browser,1361000,1981-01-01 01:01:02,2026-01-09 03:58:18.807475,1000000000,2026-01-07T13:28:00.562895,"Internet Browser
45.13.6.1",HeyTap,3 Jan 2026
36610C49DA203B2451D0AE86B48B124A6400F7CF9573C2AF3FCD16A118FDB578,com.kitkagames.fallbuddies,96636,1981-01-01 01:01:02,2026-02-17 01:55:40.480219,100000000,2026-02-17T08:35:49.722927,"Stumble Guys
0.95.5",Scopely,11 Feb 2026
29E955D18637E416AED19D67FF6D392F33DA447830641D884377C14220F05483,com.weaver.app.prod,2440502,1981-01-01 01:01:02,2026-01-13 19:38:12.310313,50000000,2026-01-13T19:44:55.374395,"Talkie: Creative AI Community
2.44.502",SUBSUP,12 Jan 2026
094B2E01E1E2AE482B473EE347BC4F6864344D86F672E238EA3B3F173CA8C3DD,com.facebook.viewpoints,882694016,1981-01-01 01:01:02,2026-02-20 05:05:00.351743,10000000,2026-02-20T05:17:43.426038,"Viewpoints
314.1.0.1.109","Meta Platforms, Inc.",12 Feb 2026
25ACD890D2A4CD8CDDD71B1184BEC2B31A18F2C2A7F324070619E3322AF154DF,cn.danatech.xingseus,5076,1981-01-01 01:01:02,2026-03-03 17:16:01.458099,50000000,2026-03-03T17:10:45.670413,"PictureThis - Plant Identifier
5.21.0",Glority Global Group Ltd.,2 Mar 2026
0BB44D1FFD4F560F4EB8233C1F66CD54EC74A2224618A0087572D3C0D62B25FA,xyz.be.customer,841,1981-01-01 01:01:02,2026-01-31 23:53:46.260438,10000000,2026-01-31T23:54:29.300301,"be - Multi-Service Platform
2.6.126",be Group JSC,23 Jan 2026
CF583476A701DBDC832A6433A6494501693799CB984CA342C59B34D7D1F355AF,com.microsoft.launcher,1175610,1981-01-01 01:01:02,2026-01-27 17:00:25.946056,50000000,2026-01-27T17:01:53.199050,"Microsoft Launcher
6.251202.0.1175610",Microsoft Corporation,13 Jan 2026
D8383DC869441BB4BBD7670D9D067278FB9217B504190AD0BD2F8969F83BEA22,com.mobadu.BlockyFarmRacing,125,1981-01-01 01:01:02,2026-02-18 13:41:37.747073,50000000,2026-02-18T14:11:05.833748,"Blocky Farm Racing &amp; Simulator
1.57",mobadu,9 Nov 2025
1BFA83E4FC540359AF37840058D9314CDA60D8BE416B64CD376A8370A4C9C1AC,com.nekki.shadowfightarena,4120,1981-01-01 01:01:02,2026-02-09 23:03:10.305504,50000000,2026-02-09T23:04:30.405998,"Shadow Fight 4: Arena
1.9.63",NEKKI,4 Feb 2026
70A128FFB2AC51CF68724EB820A4F1E3F0B5DF3265645899E8C75A9F4174A69E,com.rasugames.pls,45,1981-01-01 01:01:02,2026-02-15 13:47:06.690501,100000000,2026-02-15T13:51:19.676813,"Pro League Soccer
1.0.45",Rasu Games,3 Nov 2025
0BEFB451C8BDED96329F8A1E5C39E1643FD2EE8ADF2B629775B2B5B7E9D96E31,air.com.playtika.slotomania,771510020,1981-01-01 01:01:02,2026-02-10 20:05:15.703821,50000000,2026-02-10T20:07:10.755700,"Slotomania™ Casino Slots Games
77.151.00",Playtika,6 Feb 2026
0B4C22B59533B2659AD390F14FEBA89C3EBA76034C913656DAAD3873051CBB3C,com.dnddream.HeadBasketball,201,1981-01-01 01:01:02,2026-01-06 23:48:07.972047,10000000,2026-01-06T23:43:22.379865,"Head Basketball
4.5.0",D&D Dream,30 Dec 2025
109D9688E206679A27EF04727402B24D855850E0794FF18B345AAF66E6505754,com.application.zomato.district,1000023001,1981-01-01 01:01:02,2026-01-14 15:24:13.347135,10000000,2026-01-14T15:24:21.976649,"District: Movies Events Dining
2.30.1",Zomato,11 Jan 2026
01BB4B025C4E0333331A0C24A4904AAB59693DA303BCF97BA9C77F28DA5E4C33,com.productmadness.cashmancasino,10130930,1981-01-01 01:01:02,2026-03-07 02:46:21.683233,10000000,2026-03-07T02:47:23.626429,"Cashman Casino Las Vegas Slots
5.4.170",Product Madness,27 Feb 2026
13F8592687851783306B803F59F97E885E1F3B3AB514479644C9B15D0D372333,com.nordvpn.android,1760,1981-01-01 01:01:02,2026-01-03 00:18:29.539144,100000000,2026-01-03T00:15:57.197997,"NordVPN – fast VPN for privacy
8.28.0",Nord Security,29 Dec 2025
361A8476BE515C8DD8634C547513EA7751BF07AE5DF95F7535F91370BDDB025B,com.king.farmheroessupersaga,112301000,1981-01-01 01:01:02,2026-02-02 18:30:30.969559,50000000,2026-02-02T18:31:22.523376,"Farm Heroes Super Saga Match 3
1.123.1.0",King,27 Jan 2026
09905AB97D723B1CA62A4FD8904FA83BF8CEED34562ECC8755BD87E9176B6E81,com.netflix.mediaclient,63856,1981-01-01 01:01:02,2026-02-07 20:42:55.491196,1000000000,2026-02-07T20:43:22.158524,"Netflix
9.52.1 build 11 63856","Netflix, Inc.",4 Feb 2026
AABAA8E3253F337BCFA68799E77906CD9992DEDBE357DCEAA1C962E9B6886835,com.tianxingjian.supersound,128310,1981-01-01 01:01:02,2026-01-26 10:19:16.369476,50000000,2026-01-26T10:19:48.030464,"Music Audio Editor, MP3 Cutter
2.8.3.1","Video Screen Recorder, Voice Audio Editor, Cut MP3",20 Jan 2026
0A43DE486CF721675977C73A1F7F2588D10ECDF40574871AA722B1E4CB6A45F3,com.ariel.zanyants,627,1981-01-01 01:01:02,2026-01-09 03:07:12.640194,10000000,2026-01-09T03:08:32.587828,"Pocket Ants: Colony Simulator
0.1077",Ariel-Games,8 Jan 2026
25A08D59AF6AA2C28221AE0780AEFBF71305B077D4B5D04417BBF193D482B6E1,com.trivago,2026021201,1981-01-01 01:01:02,2026-02-15 20:10:11.017526,100000000,2026-02-15T20:18:43.087402,"trivago: Compare hotel prices
6.54.0",trivago N.V.,12 Feb 2026
0C7089596AEFC285438C052E090AF3EFDFDE3EE5381DCF0A38A2E89869B1C10A,com.exoticmatch.game,228178,1981-01-01 01:01:02,2026-01-07 09:54:10.909343,10000000,2026-01-07T09:54:14.063639,"Zen Match
220000.1.700",Moon Active,1 Jan 2026
101911EDB45873AA0D9D06184326FF60954EFF8E8BAA0D4E581F0B70345528D9,ru.mts.mtstv,2026310210,1981-01-01 01:01:02,2026-03-01 11:43:29.386118,10000000,2026-03-01T11:43:40.740550,"КИОН – фильмы, сериалы и тв
3.1.152.2",MTS Pjsc,10 Feb 2026
63E82E335DFD9A9DCFFDE8C95B8EEB418EFD4E425D603089A4A5E1910D56F1B6,com.blockchainvault,102,1981-01-01 01:01:02,2026-02-28 02:15:33.734457,100000000,2026-02-23T18:04:26.473324,"Pi Network
1.43.0",SocialChain,28 Jan 2026
031BD90E19BEEA72DD9429A9C7508B127FCE5F4AACAE597124392740863D6414,us.kr.baseball,211,1981-01-01 01:01:02,2026-03-05 23:35:25.562828,10000000,2026-03-05T23:58:51.024774,"Baseball Star
1.7.9",playus soft,3 Feb 2026
2FB4742260526FC7BDB280AC69F61CC34A85743D5401F388AB7EE1A18E2953FF,com.facebook.pages.app,875809802,1981-01-01 01:01:02,2026-02-07 21:13:09.466078,100000000,2026-02-07T21:13:49.532098,"Meta Business Suite
539.0.0.47.107","Meta Platforms, Inc.",3 Feb 2026
D53FD30472D87B2296AD1D0E3459C88B2A248A8C649F06F50B9870A753C7DD3F,com.lianhezhuli.hyfit,193,1981-01-01 01:01:02,2026-02-27 23:31:40.528147,50000000,2026-02-27T23:31:43.005171,"HryFine
3.7.32","Shenzhen United Power Technology Co., Ltd.",8 Feb 2026
4B3E8746675885C1DD9088962A99651A95209C107E04AC7EDBB560EFE114B671,com.mico,131322,1981-01-01 01:01:02,2026-02-27 01:34:28.384687,50000000,2026-02-27T01:36:06.473475,"MICO: Live Streaming &amp; Meet
9.0.9.2",Mico World,8 Feb 2026
04D5B3A50CDBEB52E091E24ED029705716E92840B1132DDEF83FEB782C94FD0E,vn.vtv.vtvgo,334,1981-01-01 01:01:02,2026-02-18 23:31:14.151695,10000000,2026-02-18T23:59:09.479578,"VTV Go - TV Mọi nơi, Mọi lúc
12.1.3-vtvgo",VTV Digital Center,5 Feb 2026
033B47B25FE6C77E6E0542FE2EE4F93372CAAD2D718D169430C9F08FF001AE9B,com.mobirix.zumaking2,26011500,1981-01-01 01:01:02,2026-02-19 12:06:22.090163,10000000,2026-02-19T12:22:47.028363,"Marble Mission
1.8.7",mobirix,15 Jan 2026
07054EB51A843C9EE0FF82BF696386C0F42B87207F49DDD3298C7DCC81D7E8D6,com.masomo.headball2,163004,1981-01-01 01:01:02,2026-01-26 11:17:06.808191,100000000,2026-01-26T11:18:41.735573,"Head Ball 2 - Online Football
1.630",Masomo Gaming,20 Jan 2026
3105266D6D215EC6A5EBFE861F1D2A45C31BC6AA249999FC78F904883ABDE3C7,com.gofiveglobal.fashion.dress.up,200432,1981-01-01 01:01:02,2026-01-26 19:23:48.580719,100000000,2026-01-26T19:25:02.466268,"Fashion Show: Makeup, Dress Up
3.5.0",Dress Up Games for Girls,13 Jan 2026
521A15FE9BB1436CF7773CE299659DF5EB291C1D3BE59141E6201D0C4C923CDA,com.gameloft.android.ANMP.GloftDYHM,1131022,1981-01-01 01:01:02,2026-02-10 03:43:51.370281,100000000,2026-02-10T03:44:11.315676,"Disney Magic Kingdoms
11.3.1b",Gameloft SE,4 Feb 2026
0CEB041B1BFC2BB90E6CF93A1EEC79087CEAB13E3E2D108D052CA10C521D45B4,com.yalla.yallagames,1040914,1981-01-01 01:01:02,2026-02-15 12:38:11.747407,100000000,2026-02-15T12:34:55.280116,"Yalla Ludo - Ludo&amp;Jackaroo
1.4.9.1",Aviva Sun,12 Feb 2026
024077BF6BD7C75B08CE35A3B456F5DE2DBD9B5DC6774F23440E9BAB0A1CC044,jp.co.ofcr.cm00,304,1981-01-01 01:01:02,2026-03-02 18:17:07.716969,50000000,2026-03-02T18:21:08.371289,"Cooking Mama: Let&#39;s cook!
1.128.1",Office Create Corp.,1 Mar 2026
1087DC94DD48D2ABCC92166A1C3C3793F99966C2A275BE1CBC01C07020889D7F,com.gm.despegar,240186200,1981-01-01 01:01:02,2026-02-05 22:00:45.668376,10000000,2026-02-05T22:02:08.951467,"Despegar: vuelos y hoteles
18.62.0",App de viajes,15 Jan 2026
3758CD62693D554E35105DABC023E6B8F0D13BB951DF05F08EB8C487A459D3EE,com.matchington.mansion,2124,1981-01-01 01:01:02,2026-02-22 08:09:42.715622,100000000,2026-02-22T08:10:19.575771,"Matchington Mansion
1.197.0","Magic Tavern, Inc.",10 Feb 2026
03EB504E2131FAAB95C6201FFD4F267A9E8744F79FEE4E2CAFB1264D134CBAE4,net.idt.um.android.bossrevapp,7436,1981-01-01 01:01:02,2026-02-25 21:46:48.542749,10000000,2026-02-25T21:50:51.509599,"BOSS Revolution: Calling App
5.3.7",Boss Revolution,12 Feb 2026
0281591ABE0BA10258CB182D510CD21BA4B344AEC6C338F6CD48192761F52FFA,com.mm.android.DMSS,504,1981-01-01 01:01:02,2026-02-01 07:28:59.693605,10000000,2026-02-01T07:32:06.308891,"DMSS
2.3.12","Hangzhou Dong Bin Information Technology Co., Ltd.",14 Jan 2026
02E3226F55611C4FFCCF776FF8BFF19141DB4BEF01AADC5369759DA8ACF7949D,com.mnightt.slices,200406,1981-01-01 01:01:02,2026-03-03 15:13:17.271693,10000000,2026-03-03T15:42:36.314395,"Slices: Shapes Puzzle Game
200405",CASUAL AZUR GAMES,7 Dec 2025
10F2D23A28F9EB634BD15AF75F0BC9C46361156CA007D840EC45F1DDC6D7A295,com.cooking.bingo.ldkwh,12625,1981-01-01 01:01:02,2026-01-27 07:06:48.373835,10000000,2026-01-27T07:06:43.800592,"Bingo Frenzy™-Live Bingo Games
3.60.0",VERTEX GAMES PTE. LTD.,22 Jan 2026
094E719939C868283E7733D06FD83A2C1EC56DF3D8C005A1FEADAC5DCE509629,com.vsct.vsc.mobile.horaireetresa.android,2026011501,1981-01-01 01:01:02,2026-01-26 13:08:10.900686,10000000,2026-01-26T13:08:31.056017,"SNCF Connect: Trains &amp; routes
20260115.1.0",SNCF Connect & Tech,15 Jan 2026
079DE7FAF165F364DCB481604100773CD224301347D8B3B6B37742DEB6D255D9,it.wind.myWind,10001000,1981-01-01 01:01:02,2026-02-20 04:48:23.138995,10000000,2026-02-20T05:01:31.608447,"WINDTRE
10.1.0",Wind Tre S.p.A.,19 Feb 2026
062C52031104704D6D1FFAE94CDBDEA57A6ADD9E8381588B34AB6B8A49A547C0,com.google.android.apps.walletnfcrel,933337348,1981-01-01 01:01:02,2026-02-18 11:10:50.116771,1000000000,2026-02-18T11:10:51.101396,"Google Wallet
26.6.866016870",Google LLC,11 Feb 2026
065D31920B45ABBFC4C019C28E16CAB442ADBF789B0F86318E0EC2CE6E849A16,com.fsn.nds,15059,1981-01-01 01:01:02,2026-01-07 05:25:35.676139,50000000,2026-01-07T05:26:23.401609,"Nykaa Fashion – Shopping App
3.0.6",NYKAA,23 Dec 2025
1103836DB7B88572230D9F5874BD2D0A29E5116A5972C287EB2CCB7BB74390BF,jp.hamitv.hamiand1,459,1981-01-01 01:01:02,2026-01-27 16:40:18.76264,10000000,2026-01-27T16:51:29.803694,"TVer(ティーバー) 民放公式テレビ配信サービス
6.22.1",TVer INC.,16 Jan 2026
0913500244B1C1263C1C3F9F759E3218E32466524A6E1F887A8498D536F60A1F,com.inspiredsquare.jupiter,451,1981-01-01 01:01:02,2026-02-02 16:15:20.252519,50000000,2026-02-02T16:15:12.543503,"2248: Numbers Game 2048 Puzzle
451",Inspired Square FZE,30 Jan 2026
2F1B94A6787F0D4046B544F3F0888803378DEBFBEE6489FDB0B97CA5F3EA6283,net.peakgames.toonblast,121292,1981-01-01 01:01:02,2026-02-18 02:25:41.436375,100000000,2026-02-18T08:20:39.064833,"Toon Blast
21292",Peak,13 Feb 2026
53CC4ACA65E4AC5B8FBDDE9A09EB4CAA755557724042250700372073082B3ADA,jp.pokemon.pokemontcgp,244272,1981-01-01 01:01:02,2026-02-03 22:55:06.209163,50000000,2026-02-03T22:55:19.171385,"Pokémon TCG Pocket
1.5.0",The Pokémon Company,24 Dec 2025
769623DCCE4D23922A7BB4A8B923EDF5D8BDEA62E78B59CF976B293FDE8D5984,com.perfect.slices,212,1981-01-01 01:01:02,2026-02-24 06:04:39.128085,100000000,2026-02-24T06:03:05.559253,"Perfect Slices
1.4.46",SayGames Ltd,1 Feb 2026
192E4F133F1B4C33B4EAA64A3F756413C5779C3FBCA32F6B74D104363B4AC3B3,com.sinyee.babybus.marketIII,8734000,1981-01-01 01:01:02,2026-02-26 09:51:04.089861,50000000,2026-02-26T10:07:21.677534,"Baby Panda&#39;s Town: Home
8.73.40.00",BabyBus,25 Feb 2026
94D81D2DAC1D212FC95ECAA3FFCE61CA9FE4C0058E88083B47AC909DD3EE8CD8,io.teslatech.callbreak,3486,1981-01-01 01:01:02,2026-02-03 19:56:49.363537,100000000,2026-02-03T19:58:37.123375,"Callbreak.com - Card game
1.31.1",Teslatech,3 Feb 2026
5000238907F0E57C6240D8761FF9383BC63344D4464C20EF1E91E56ED044E24D,com.superking.parchisi.star,471,1981-01-01 01:01:02,2026-02-25 07:19:35.747957,100000000,2026-02-25T07:19:36.940379,"Parchisi STAR Online
1.289.1",Gameberry Labs,23 Feb 2026
0CEE82D93EE7FB5FAE4AC13FEB548430F4BD0974E71E05036B4EA762BEBF1B3A,yellowclass.kids.live,563,1981-01-01 01:01:02,2026-01-27 01:15:21.882016,10000000,2026-01-27T01:15:46.384269,"SpeakX - English Speaking App
5.4.0",SpeakX.ai,19 Jan 2026
088C37A8BB29A636824110693E1CD43BBFA4ED464597FF30FEC9BFCAC4584A22,com.kokteyl.goal,5811,1981-01-01 01:01:02,2026-01-26 20:23:16.232139,10000000,2026-01-26T20:25:27.418408,"GOAL Live Scores
5.8.1",FootballCo Media Limited,8 Jan 2026
18A685476F5E4B30409EFD3414EA46EE63A0B2C9BA7746DDC5DD2B6DFF52CFD7,com.gta.truck.driver.city.crush,378,1981-01-01 01:01:02,2026-01-29 15:05:11.87243,100000000,2026-01-11T06:24:33.636128,"Rio crime city: mafia gangster
3.7.8",Naxeex Action & RPG Games,27 Nov 2025
6EC28B6392333AC812E61C0A08909BDC43B3C96044AD8FD4AC6DFBDDB9E40BB0,com.tiramisu.driftmax2,304,1981-01-01 01:01:02,2026-02-25 02:14:59.078581,100000000,2026-02-25T02:17:17.082970,"Drift Max Pro Car Racing Game
2.6.4",Tiramisu,16 Feb 2026
0C96BE5D6E7CCD00DC04B220B8352464DE20A3E7054CEBAB027F27B249219B9E,com.funtomic.matchmasters,3055070,1981-01-01 01:01:02,2026-03-07 03:50:03.588899,50000000,2026-03-07T03:51:04.821130,"Match Masters
5.507",Candivore,4 Mar 2026
10330D78F85D952E1ADB92F13C9AC55810814B1901E313E13FB0D731E916A822,ru.pyaterochka.app.browser,96692179,1981-01-01 01:01:02,2026-02-03 21:05:52.997373,10000000,2026-02-03T21:06:38.394354,"Пятёрочка: доставка продуктов
3.27.0",Пятёрочка,20 Jan 2026
1468A1997B0173FD94A133AFC0AB99A27E4A1A4F9E706F6F4E6DB6485F80F94F,com.wf.wellsfargomobile,31830055,1981-01-01 01:01:02,2026-02-23 01:11:21.207623,10000000,2026-02-23T01:40:01.988289,"Wells Fargo Mobile®
26.01.00.55",Wells Fargo Mobile,16 Jan 2026
0C2F255B4A4FE10AC4786B66FCEE7011906033D6EDDD2DFF13B44AAE3605FEB2,com.picpay,1929,1981-01-01 01:01:02,2026-02-05 23:34:31.68912,100000000,2026-02-05T23:35:55.711407,"PicPay: Conta, Cartão e Pix
11.119.0",PicPay,28 Jan 2026
CF203280B5869660BCA3A148F43B32716D1B73153F2A77D56C32FBDCD59BB23E,com.picslab.neon.editor,876,1981-01-01 01:01:02,2026-02-01 05:26:03.127804,100000000,2026-02-01T05:26:48.991660,"Mivi : Music &amp; AI Video Maker
2.35.876",Mivo studio,18 Dec 2025
07E26AA1EC3579B8AF08DF661499EF9CBBA8753EF3ED94C25C6EEE5D4939D9DD,com.oguztecimer.stickfightshadowwarrior,205,1981-01-01 01:01:02,2026-02-22 22:44:23.86259,10000000,2026-02-22T22:47:39.737245,"Stick Fight: Shadow Warrior
2.05",Homecooked Games,12 Feb 2026
0D06ED5ED4906DCBF3D6AB39775B0C1287EC57FB500A9282B9A7848C0221CF66,com.merge6.mergeremove.goods,118,1981-01-01 01:01:02,2026-03-02 19:09:38.334114,10000000,2026-03-02T19:10:17.681109,"Goods Group™- Sort Game
118.0",FlyDogGame,26 Feb 2026
3C592699B9BC6F6D1678EBBF961456FB196EC1EA73FB0AD37D2563AFF60BEEDC,com.zeptolab.cats.google,2698858,1981-01-01 01:01:02,2026-01-01 19:19:49.096105,100000000,2026-01-01T19:19:52.727491,"CATS: Crash Arena Turbo Stars
3.28",Nazara Publishing,22 Dec 2025
4ADB248283042B70F5A7A023ACF648A7F6C6895920AAE767AAE81585C834C138,br.com.brainweb.ifood,321010605,1981-01-01 01:01:02,2026-01-27 08:15:41.838255,100000000,2026-01-27T08:16:46.475081,"iFood comida e mercado em casa
10.106.0",iFood Delivery de Comida e Mercado,16 Jan 2026
6613512F69CE7129F613CCE55EC44E9767DA830A16094679AC564C64D6EABE65,com.loltap.farmland,3023001,1981-01-01 01:01:02,2026-02-01 11:19:53.991978,100000000,2026-02-04T16:40:33.366714,"Farm Land: Farming Life Game
3.23.1",Homa,22 Jan 2026
0BE6B2DF483A5438402029DEA5910DE57CB4396AE1D96429905B91D8A1418C70,com.bitmango.go.blockhexapuzzle,496,1981-01-01 01:01:02,2026-01-08 22:43:13.320976,50000000,2026-01-08T23:01:38.429014,"Block! Hexa Puzzle™
25.1230.00",BitMango,23 Dec 2025
112273A827D0887267B12C091DDA8CFF0A207D931BD2899D2BF9D964C66ED9A1,com.joytunes.simplypiano,5263,1981-01-01 01:01:02,2026-01-08 17:54:54.409253,50000000,2026-01-08T17:54:55.435133,"Simply Piano: Learn Piano Fast
7.30.22",Simply Ltd,7 Jan 2026
1C84E38E2E6D1DE476F6D45AF00D454B3F3C0C114AAEC8FEC0BF2EFEF4E6F827,com.fun.lastwar.gp,1700,1981-01-01 01:01:02,2026-02-14 10:52:26.237112,50000000,2026-02-14T10:53:00.944168,"Last War:Survival Game
1.0.332",FUNFLY PTE. LTD.,10 Feb 2026
3C5373A0AD5DEEF67480818499BC75306DDABD8B5E5EBEB8C91E62A6734E814B,com.easygame.marblelegend,5902219,1981-01-01 01:01:02,2026-01-07 04:33:05.004321,50000000,2026-01-07T04:34:07.699643,"Marble Legend
5.902.219",easygame7,25 Dec 2025
05F4C0B47E1D3D5087E237EB3FB3E026437DB130A8A6460EDE3178F76F3BD299,ru.yandex.weatherplugin,260020010,1981-01-01 01:01:02,2026-02-19 12:03:27.955442,10000000,2026-02-19T12:22:47.009250,"Yandex Weather &amp; Rain Radar
26.2.10",Direct Cursus Computer Systems Trading LLC,12 Feb 2026
124F80E8F6E11B96D6BFC3E01A9C42491F7DAC9CD55722AEF56733D3DF4D48AE,com.ironmeta.security.turbo.proxy.vpntomato.pro,28837,1981-01-01 01:01:02,2026-03-07 00:13:06.004534,100000000,2026-03-07T00:14:09.862939,"Tomato VPN | VPN Proxy
2.88.37",IronMeta Studio,2 Feb 2026
0424EFA83A065C1C783EA3CB00D9C253F9D8A70281C1B1440C5E738A39588084,com.jura.formula.race.master,80,1981-01-01 01:01:02,2026-01-26 08:56:26.711253,10000000,2026-01-26T08:56:50.775987,"Formula Racing: Car Games
1.80",Zego Studio,16 Oct 2025
0C14F77928C98F0366FFBB3D73A674BFCD84E038205BD49D1CBC855120F22542,com.xe.currency,73005142,1981-01-01 01:01:02,2026-02-09 20:59:16.216622,10000000,2026-02-09T21:00:33.188575,"Xe Money Transfer &amp; Converter
7.30.5",XE.com Inc.,6 Feb 2026
DCCCE73EB42C98769979E9CE0888ED27531F86E6C91E2FC17E98222F496715B6,com.sofeh.android.musicstudio3,266,1981-01-01 01:01:02,2026-02-10 21:44:57.163766,100000000,2026-02-10T21:46:29.849566,"ORG 24: Your Music
2026.01.15",Sofeh Sunrise,7 Jan 2026
039FAF5578FF771A7CEEE83CDDC2C0CFE002C34178E3CAFF572D9B47B337B462,com.inditex.zara,26001362,1981-01-01 01:01:02,2026-01-27 03:07:05.636314,50000000,2026-01-27T03:07:38.078909,"Zara
17.9.5",Inditex,14 Jan 2026
7A825C489082414CE2D0B15F7C2A9948B37CA3F3D0FD3EA9FB084DEA864AD53A,com.zynga.FarmVille2CountryEscape,290510,1981-01-01 01:01:02,2026-03-03 07:15:29.431755,50000000,2026-03-03T07:15:57.119696,"FarmVille 2: Country Escape
29.5.110",Zynga,2 Mar 2026
0757FFC68E07A60950575F1ECA06BFB6ADB0B12A1C6AA8B6BDC648A54D9B3AFA,com.zynga.hititrich,197778,1981-01-01 01:01:02,2026-01-26 16:08:44.316214,10000000,2026-01-26T16:10:20.832080,"Hit it Rich! Casino Slots Game
1.9.7778",Zynga,21 Jan 2026
0D80056A786ADC5798FFB414974454DBE3C9EF3E0A00DDF0D2D5E9E5E453269E,com.bbg.drwaonepuzzle.drawline.braingames.brainpuzzle.braintest,51,1981-01-01 01:01:02,2026-01-09 02:48:29.214959,10000000,2026-01-09T02:49:01.127893,"Draw One Puzzle: Brain Games
1.6.1",Rebel Actions,18 Dec 2025
10CB5FAA1DD35BC123581CCCD97063DADFECBB4E53A7BBAB50D8047D624903D0,com.puzzle1studio.go.brickoutshoottheball,427,1981-01-01 01:01:02,2026-03-07 07:41:28.817439,10000000,2026-03-07T07:40:10.177386,"Brick Out - Shoot the ball
26.0305.00",Puzzle1Studio,3 Mar 2026
8C294A08A7F99917433337E1F31C6BAC2CB672547A6A130698D881FF75D2F9EF,com.baloota.dumpster,427,1981-01-01 01:01:02,2026-02-03 22:40:30.369221,50000000,2026-02-03T22:41:20.842748,"Dumpster: Photo/Video Recovery
3.34.427.2bb9",Baloota,12 Dec 2025
0F426F081278D8C6480B0FDEFBA478EFF780A8440D8A3FB0E1B5AFB1F3EAADCE,com.windscribe.vpn,2095,1981-01-01 01:01:02,2026-02-28 00:18:57.684763,10000000,2026-02-28T00:19:16.551542,"Windscribe: Fast &amp; Secure VPN
3.98.2095",Windscribe,26 Feb 2026
4DDF6923934B8F5A5627721B56689B65C68F200F22DB0B6F94E8D525959D5B13,com.gameloft.android.ANMP.GloftPOHM,1090011,1981-01-01 01:01:02,2026-02-15 20:43:06.996403,100000000,2026-02-13T17:39:52.649622,"My Little Pony: Magic Princess
10.9.0l",Gameloft SE,8 Feb 2026
0C1111D21514F6AA7FF193B7F88A72296516DF775C8A08711E4CA2EA3C457038,com.popularapp.periodcalendar,348,1981-01-01 01:01:02,2026-01-26 16:13:49.055329,100000000,2026-01-09T16:21:14.275920,"Period Tracker Period Calendar
1.77.348.GP",Simple Design Ltd.,6 Jan 2026
434568314022B638A1812A81EAB0A6627DA5D43A4A6A4D7AA348EFB575FEA2D6,com.cclaw.diypaperdoll,4341,1981-01-01 01:01:02,2026-02-01 07:19:41.708135,50000000,2026-02-01T07:19:42.296368,"DIY Paper Doll
4.3.4.1",CrazyLabs LTD,16 Jan 2026
2E8E444C5E59E1FC54D753624554ED019936A9BE912034FCFE832A00C9EC3620,com.king.blossomblast,590,1981-01-01 01:01:02,2026-02-18 04:17:54.480534,50000000,2026-02-18T04:18:14.419660,"Blossom Blast Saga
100.216.1.0",King,13 Feb 2026
55D5EFE4B04F192790B50EA180357FD3CBE1C9CFE757A47CDB6EAE72C0DA4264,video.downloader.videodownloader,155,1981-01-01 01:01:02,2026-02-15 16:26:04.491105,100000000,2026-02-15T16:27:34.915361,"Video Downloader
2.5.5",InShot Inc.,10 Feb 2026
0811EF0A7538BFDBB60FBB1B266D3036FAF631B680A73159EF3858260D49761D,net.froemling.bombsquad,22682,1981-01-01 01:01:02,2026-01-02 06:41:56.670275,50000000,2026-01-02T06:45:53.631964,"BombSquad
1.7.60",Eric Froemling,31 Dec 2025
11CCFD96FD9B03AAFFCE7888968F7877505E5DF3B72580E44EC6638CB3C69C80,com.RastleksGames.TheShootout,111,1981-01-01 01:01:02,2026-01-27 01:26:49.84174,10000000,2026-01-27T01:28:21.860025,"Zombie Apocalypse: Doomsday-Z
1.64.7",Freeplay Inc,30 Dec 2025
42A6008F052DAF9D505A53091EADB1A1E423EE74A66DB86249D346135419AD8A,com.dobrogamesdg.squid.candy.game,34,1981-01-01 01:01:02,2026-02-02 21:51:41.900496,50000000,2026-02-02T21:51:31.651929,"Dalgona Candy Honeycomb Cookie
2.2.4",LIVDG LIMITED,11 Jan 2026
C6DCD7DAA69C5BAAEA9122B57E408EEF523F5845871DEE5A379A7E0F15724EDE,com.bubadu.buildergame,72,1981-01-01 01:01:02,2026-03-05 11:46:51.340106,100000000,2026-03-05T11:56:57.467290,"Builder Game
1.72",FM by Bubadu,25 Feb 2026
AA101FC88A1551F6EE4F0037501116DE8491E7EF7D2DCCE9F0A573E6814C0C86,com.find.out.hidden.objects,2072505,1981-01-01 01:01:02,2026-01-07 14:09:54.7734,50000000,2026-01-07T14:14:58.408326,"Find Out®:Find Hidden Objects!
2.7.25",Focus apps,24 Dec 2025
0B80D0C99D6B75249AE2045C124237AC481D771604D6733E5E13C52271B9A8DD,com.cibgHippo.Babyshop,20003,1981-01-01 01:01:02,2026-03-07 16:00:23.97131,10000000,2026-03-07T16:00:51.338782,"Toy Shop: Kids games
2.0.3",Hippo Kids Games,20 Feb 2026
0DFC6A81239ADBE35F865778E2B44468C7F9D28050A16060A4A55F3BE19F5FD9,com.asanteegames.magicrampage,1184,1981-01-01 01:01:02,2026-02-28 00:17:00.900233,10000000,2026-02-26T09:00:45.885087,"Magic Rampage
7.7.5",Asantee Games,6 Feb 2026
2F52A965469F769B4BBAF01797586FB973D3EDF59C73F035A7FEF15E4B8C41FC,com.beint.zangi,2434,1981-01-01 01:01:02,2026-03-06 02:59:05.446355,50000000,2026-03-06T03:06:08.952522,"Zangi Private Messenger
6.4.6","Secret Phone, Inc",27 Feb 2026
0C85B15ECBAC2F7815641995EF8615F2F842894074FB98B3A13DCF050F131ED8,com.hotornot.app,5571,1981-01-01 01:01:02,2026-01-26 20:38:33.088619,10000000,2026-01-26T20:38:48.062239,"Chat &amp; Date: Dating Made Simpl
5.451.0",OR NOT LIMITED,26 Jan 2026
836485FE2BC3A1047BF0D6EA6E29FFA91D444DC66A4F8EA9BB211912534C9A4C,com.vivo.easyshare,9011008,1981-01-01 01:01:02,2026-01-14 11:51:16.488363,1000000000,2026-01-14T11:51:18.651924,"EasyShare
7.0.11.5_ex_gp",PT vivo mobile Indonesia,8 Jan 2026
A71B5EE11CDABC6E97DF39B5C76EE2255C936872A3DCE73954E3B23ACA929C7D,com.free.unlimited.lemon.vpn,56382,1981-01-01 01:01:02,2026-01-03 01:46:33.527412,100000000,2026-01-03T01:52:47.087060,"Lemon VPN - Smooth Browsing
5.6.382",Fruit Security Studio,1 Jan 2026
74DDE0C37247CBBD0E9C9C32E65B4DE44D3506D74DFF07A7EF409019A46E6C2C,com.lima.doodlejump,3920088,1981-01-01 01:01:02,2026-02-15 04:31:59.689068,50000000,2026-02-15T04:48:53.970053,"Doodle Jump
3.11.38",Lima Sky LLC,22 Jan 2026
0012E3F85B33BC59DF1D73BA8B933A5E46F25389AA585C6DF205E8985BB9E1DB,com.tap4fun.reignofwar,1550200,1981-01-01 01:01:02,2026-03-04 14:29:33.533345,50000000,2026-03-04T14:50:39.227863,"Invasion: Aerial Warfare
1.55.02",Tap4fun (Hong Kong) Limited,3 Mar 2026
2945CE024B3C4F37DDDD4924DC16A10AE4F8D445CD956B4A4DD1EF84263EC5AA,com.kakao.talk,28251121,1981-01-01 01:01:02,2026-01-07 01:25:23.52863,100000000,2026-01-07T01:25:26.526646,"KakaoTalk : Messenger
25.11.2",Kakao Corp.,30 Dec 2025
10125917CAEF257E15C0A24514DD80C6D3CEB15E871D8EDA10A710BA6BA30CD2,com.towneers.www,260601,1981-01-01 01:01:02,2026-02-09 09:29:45.22773,10000000,2026-02-09T09:40:26.733882,"近所でできる簡単フリマ　キャロット
26.6.1",Danggeun Market Inc.,4 Feb 2026
7F1BA3AB1A6DCAD1FA97208FB231C5CBB101656FCCAE0B8BE6B1DD36D7CB936C,com.steelcloudstudio.luxury.prado.car.parking.challenge,49,1981-01-01 01:01:02,2026-01-08 20:27:37.120514,50000000,2026-01-08T20:29:51.987982,"Prado Car Games Modern Parking
1.5.2",i6 Games,23 Oct 2025
035EB8DF7C6A5ECF3AD85E34526D80B6EF0ABAB24ED8B593A22D33795B1611D9,com.clue.android,3156,1981-01-01 01:01:02,2026-03-07 18:06:21.172719,50000000,2026-03-07T18:12:44.258632,"Clue Period &amp; Cycle Tracker
242.0",Clue Period Tracker by BioWink,5 Mar 2026
0BACB4604F4DCEA567266F547012A13207C2B8F009F6F2C8784D3F1B91DAA129,com.weward,242407,1981-01-01 01:01:02,2026-02-17 09:15:15.562677,10000000,2026-02-14T10:18:52.866627,"WeWard - Walk &amp; Earn Rewards
8.8.0",WeWard,6 Feb 2026
0549505AD9DBEBA9325524E9A64F3F242E53E0790704CB0E3FFFEC058175D5CB,ru.zengalt.simpler,745,1981-01-01 01:01:02,2026-01-05 11:18:32.844839,10000000,2026-01-05T11:19:24.881054,"Simpler: learn English easily
6.5.14",Goodvyzn,30 Dec 2025
02A649A94527D6E87D8F3B1E624A1C5140BE19383231A292D4EC55068437550F,com.google.android.youtube,1561055560,1981-01-01 01:01:02,2026-02-18 08:39:17.604248,10000000000,2026-02-18T08:39:20.602440,"YouTube
21.07.243",Google LLC,13 Feb 2026
07B758F33AFFC70C56CF6E9A46DCCE03B4831E1289B0A27030FF0CB1113D0442,com.facebook.lite,512801336,2026-01-11 04:41:12,2026-01-16 00:51:20.587875,1000000000,2026-01-16T00:51:07.539655,"Facebook Lite
493.0.0.8.108","Meta Platforms, Inc.",13 Jan 2026
2CB7D864B502E7B3239B6903FD4414967810B40D406D36435F19445F85C60D17,com.pinterest,14068030,1981-01-01 01:01:02,2026-02-19 07:40:04.216562,1000000000,2026-02-19T07:41:07.233228,"Pinterest
14.6.0",Pinterest,18 Feb 2026
02B0D2173C73DF6157606DD8037473F21F248A037FA45B91492E28B1A552CE5A,com.realbyteapps.moneymanagerfree,1145,1981-01-01 01:01:02,2026-02-07 22:52:52.206002,10000000,2026-02-07T22:53:46.341200,"Money Manager Expense &amp; Budget
4.10.5 GF",Realbyte Inc.,29 Jan 2026
0C64E3BE134A0B37B3424DD07829C876B510499D5D6AB8C93ED4A4A7835C790F,com.muthootfinance.imuthoot,1956,1981-01-01 01:01:02,2026-01-09 04:22:17.295691,10000000,2026-01-09T04:23:22.749234,"iMuthoot: Loans
v4.5.1",Muthoot Finance Limited,4 Jan 2026
F6E3633B81479932C8B693F7A7AE8E7361AC7D527F723CAA8A260AD5DDA36FE4,com.opex.makemyvideostatus,172,1981-01-01 01:01:02,2026-02-01 06:13:17.224853,50000000,2026-02-01T06:14:14.321018,"Lyrical.ly - Music Video Maker
72.0",lyrical.ly,3 Jan 2026
E829073A98673EB39D9F4E6BC3D4B737BCCC8BC3FEAE6B9FE5FC51FEDAC77F33,free.translate.all.language.translator,10060502,1981-01-01 01:01:02,2026-02-01 07:30:50.316473,50000000,2026-02-04T16:40:32.554267,"Translate All Languages App
1.6.5",Zed Puerto Rico,16 Jan 2026
01356A21C8D3B4B986E856E9F32CDF5495E43FE3C32094C87FC2F86674DA2935,Uxpp.UC,338,1981-01-01 01:01:02,2026-02-03 23:01:45.5504,10000000,2026-02-03T23:04:29.545377,"NateOn UC
4.9.6",NATE Communications Corporation,26 Jan 2026
4F10B45B780AA0B685831BC7C086E5F66AB0084FA1FE2A549CAE608E095D2B86,com.accuweather.android,210107003,1981-01-01 01:01:02,2026-03-09 16:03:06.047016,100000000,2026-03-06T14:19:09.381986,"AccuWeather: Weather Radar
21.1.7-3-rc",AccuWeather,2 Mar 2026
CA3D112D123BA8D1A89F95CAB627D6FF90AE2616B389DD483077707FE08C9131,com.forshared.files,30017780,1981-01-01 01:01:02,2026-01-05 11:45:16.625006,50000000,2026-01-05T11:45:21.043776,"4shared
4.95.2",New IT Solutions,2 Dec 2025
1BB5BA18FCFF9D6AE73F06358B40362A673F9F2374AD6A1439B0E7B1760C213A,com.nglreactnative,299,1981-01-01 01:01:02,2026-02-12 18:16:51.883366,100000000,2026-02-12T18:18:04.225860,"NGL: ask me anything
2.5.19",NGL App,10 Feb 2026
0F4752922F601E0DD753F985DA11414FF5E996E0B4DA3FDF839FDD1CA2ECEEDE,com.mobadu.Blockapolypse.Zombie.Shooter,60,1981-01-01 01:01:02,2026-01-06 23:22:15.954453,10000000,2026-01-06T23:22:37.073197,"BLOCKAPOLYPSE™: Zombie Shooter
1.24",mobadu,18 Dec 2025
081F630E26431A4A40E6CE37E70CFD8A113A6495ABD9642320C195DCEE877DDE,com.lazada.android,5085,1981-01-01 01:01:02,2026-02-14 11:07:43.819919,500000000,2026-02-14T11:08:37.713010,"Lazada | All Shipping On Us
7.93.1",Lazada Mobile,8 Feb 2026
05169A89E0B554DCA6ECDD9C7C0153E9CE56148FC0FF1E31E5351FA9040884D7,com.tapblaze.pizzabusiness,2021,1981-01-01 01:01:02,2026-02-01 05:37:21.878738,100000000,2026-02-01T05:37:47.946422,"Good Pizza, Great Pizza
5.45.0",TapBlaze,29 Jan 2026
C25A6CC1E3C8A03766919B4A03CF86D28C2872B98AECA7C91BD5333A3FD1EA90,com.mast.status.video.edit,236,1981-01-01 01:01:02,2026-02-01 04:06:21.383438,100000000,2026-02-01T04:07:17.472977,"mAst: Music Status Video Maker
2.7.8",mAst App,8 Jan 2026
AFB58925F0B1193FE385CD38EE8F333870F67796F9C38437AFA34128F7DDD1FE,com.higgs.tilemaster3d,26012117,1981-01-01 01:01:02,2026-02-18 10:30:58.481727,100000000,2026-02-18T10:33:30.088600,"Tile Master 3D®-Matching Games
1.12.7",Higgs Studio,23 Jan 2026
2CC7E10A8091169ECADF5812924002E6C24E5D4A1FE10161EDECE225CFF87C13,com.amanotes.beathopper,26022413,1981-01-01 01:01:02,2026-03-01 17:22:18.832061,500000000,2026-03-01T17:25:28.401151,"Tiles Hop EDM Rush Music Game
8.3.0",AMANOTES PTE. LTD.,23 Feb 2026
3D792B58EDE4466C4D05D128CEA38F7EE3FAFA31E3A53EF533F4F3CD2043D9FA,com.freereels.app,200210001,1981-01-01 01:01:02,2026-03-08 08:22:53.118429,100000000,2026-03-08T08:26:31.897228,"FreeReels - Dramas &amp; Reels
2.2.10",SKYWORK AI PTE.LTD.,3 Mar 2026
7EFD4A5C76E2F1608AD40728B4ED681D04FC3B0AB482455951BD5EABCC692264,com.ludo.master.hippo,359,1981-01-01 01:01:02,2026-02-04 23:20:58.141775,50000000,2026-02-04T23:21:49.702110,"Ludo Master™ - Ludo Board Game
3.31.0",Hippo Lab,28 Jan 2026
0941C04E09B8A7D172240B0F7506EBF3049A803421E65588A730EBC004CDE47C,com.fun.games.commando.black.shadow,257,1981-01-01 01:01:02,2026-01-10 06:23:09.665958,100000000,2026-01-10T06:23:10.602611,"Real Commando Secret Mission
25.7",GAMEXIS,18 Dec 2025
1E553591CF150CD91A779C1D33F7746FB573BC79714677AE1496E8FA7D461998,com.sgn.pandapop.gp,315100000,1981-01-01 01:01:02,2026-03-07 06:08:44.779475,50000000,2026-03-07T06:15:15.446382,"Bubble Shooter: Panda Pop!
15.100.000","Jam City, Inc.",3 Mar 2026
3E4B99A8A075C6AC28A8A8EB7827CBF7765917EFC259026C2C371C63EAC4BCD2,com.amazon.storm.lightning.client.aosp,1226003984,1981-01-01 01:01:02,2026-01-26 11:36:45.378511,50000000,2026-01-26T11:36:45.795333,"Amazon Fire TV
3.11.4",Amazon Mobile LLC,19 Jan 2026
2B9E1B7DDAC2C4485E0A288C675495D8E93766B37E9FA04E84D3C28A685E24BA,com.ludia.dragons,2210009,1981-01-01 01:01:02,2026-02-19 10:59:07.917659,50000000,2026-02-19T11:01:05.100523,"Dragons: Rise of Berk
1.105.4",Ludia Inc.,10 Feb 2026
C6DAA2C79D5CD00BC3B755AEF079B5E46FE10F53908F36BB0D8B5F8DA68D1FAE,com.runninggames.catrunners.runningpet,141,1981-01-01 01:01:02,2026-02-06 07:57:49.54765,50000000,2026-02-06T08:20:54.610825,"Running Pet: Dec Rooms
2.4.0",IVYGAMES,18 Jan 2026
06A93FA6C042E97488328FB3F50EA64BDD925FCEF31B1958BD6A6CBC510AAA56,com.braindom,237,1981-01-01 01:01:02,2026-02-05 03:14:30.8907,100000000,2026-02-05T03:22:55.649568,"Braindom: Brain Games Test
2.6.6",Lahana Game Studio,27 Jan 2026
1A0F148FFA1A913AF5846A6BCF2AB20DE8150C681093A25876CA6ECD5A2CB54E,com.wildberries.ru,10060979,1981-01-01 01:01:02,2026-02-14 17:25:53.313312,100000000,2026-02-14T17:31:49.094554,"Wildberries
7.4.9002",Wildberries LLC,8 Feb 2026
1432D1A0AA1468EAA08B24C0B70EAC7991C7C50A57C7BCFB385538EE993A4AED,com.fluik.OfficeJerkFree,20511,1981-01-01 01:01:02,2026-03-01 10:41:02.35067,10000000,2026-03-01T10:41:06.410413,"Office Jerk
2.5.11",Fluik,26 Feb 2026
106336DE7C07163B99169F5100E25C8EA8D1E53B87CF6B1A98AED2C0ADD88654,com.outfit7.mytalkingtomfree,202601020,1981-01-01 01:01:02,2026-02-05 23:11:37.637154,1000000000,2026-02-05T23:11:49.957772,"My Talking Tom
26.1.2.7988",Outfit7 Limited,4 Feb 2026
032643EFDE607992659A03829BABC0C4BF1B51FB83A4AC5431E1E9EDBD59D762,pi.browser,36,1981-01-01 01:01:02,2026-02-13 21:47:51.526921,10000000,2026-02-13T22:07:45.627917,"Pi Browser
1.14.0",Pi Community Company,28 Aug 2025
0E2E24DD9353B8C18667EF3DFAD030E503F1FECB1EB03E267AFFA3832BEC03F6,com.pengyou.cloneapp,751,1981-01-01 01:01:02,2026-02-21 15:14:43.578956,10000000,2026-02-21T15:17:22.256259,"Clone App-Parallel Dual Space
4.0.10",SZPY Tech,10 Feb 2026
8CD87A93572440061CA878FAFC6343E95674568AB5E18D00177E9F0580C7E69D,com.robtopx.geometrydashmeltdown,14,1981-01-01 01:01:02,2026-02-07 23:40:44.527154,100000000,2026-02-07T23:41:31.373604,"Geometry Dash Meltdown
2.2.147",RobTop Games,29 Jan 2026
07315BDF372B02032D0DCB0206FDBC2D3BD08B8A327287149AC830C44ADE1995,statussaver.statusdownloader.savevideostatus.downloadstatus,65,1981-01-01 01:01:02,2026-01-27 01:30:54.558281,10000000,2026-01-27T01:32:06.201695,"Status Saver: Video Saver
1.6.5",Trusted Tools & Utilities Apps,15 Jan 2026
7ABE2FD1424A5FAC7886A7BC2829DB62D4DDF0DF0D16D459D7DCB1D7D02786AC,com.paypal.android.p2pmobile,1160085402,1981-01-01 01:01:02,2026-03-09 15:20:30.922067,100000000,2026-03-05T03:10:23.061237,"PayPal
8.101.0",PayPal Mobile,18 Feb 2026
32738849135A8B48BF3388E58F2D8455A3F530BAC432B12BF0771C3F84509314,com.rhythmdance.taptile.rt,80,1981-01-01 01:01:02,2026-02-19 03:05:04.367162,50000000,2026-02-19T03:07:45.239550,"Rolling Twins: Music Ball Rush
0.3.0",Cobby Labs,5 Feb 2026
E32186425BD7CC71D3804A126F4C4639C09405D303C6E7BB8F85D31F92CE6535,menloseweight.loseweightappformen.weightlossformen,112,1981-01-01 01:01:02,2026-02-17 08:49:16.573092,100000000,2026-02-17T08:56:37.738465,"Lose Weight App for Men
2.4.33",Leap Fitness Group,21 Jan 2026
40C20B50F73A77FF4E631ACD4D0F924568CB5CD4338EF12B84E550D89677F2F3,funvent.tilepark,20008,1981-01-01 01:01:02,2026-03-03 08:57:19.707315,50000000,2026-03-03T08:57:21.079298,"Tile Park
2.0.8",Funvent Studios DMCC,27 Feb 2026
079CE334CC191F48645FB143052A166EB3878B6F295A92889F404B71C48AF7EF,art.master.puzzle,403,1981-01-01 01:01:02,2026-02-01 23:16:52.349344,10000000,2026-02-04T16:40:36.298086,"Art Master: Jigsaw Art Puzzle
2.48",CASUAL AZUR GAMES,18 Dec 2025
110E4B2CEE854F622BC7D779730687AACE1FF589E6098FE94A8488233AED50B3,com.grab.merchant,261,1981-01-01 01:01:02,2026-02-09 05:11:18.39547,10000000,2026-02-09T05:38:50.003240,"GrabMerchant
4.160.0",Grab Holdings,2 Feb 2026
02BEB0FA7ACDF871DCB0D0E854AF944A046A28F7596B31F0CD7B737EC402EE3E,com.simpler.dialer,170020,1981-01-01 01:01:02,2026-01-05 10:17:42.016113,10000000,2026-01-05T11:02:01.906075,"Easy Phone: Dialer &amp; Caller ID
17.0.20",LSM Apps,31 Dec 2025
B029526C4374557AD5DE25DDA98368C5E2DC014504481D476540B71360565113,com.bKash.customerapp,39008676,1981-01-01 01:01:02,2026-02-19 18:51:45.265698,100000000,2026-02-19T18:50:58.633568,"bKash
7.1.0",bKash Limited,17 Feb 2026
B72D107EFE7061CD0EB6F5AA2FD2EB90565AB3561D6B530E65610E3A78A41FAA,com.snapdeal.main,500749,1981-01-01 01:01:02,2026-02-03 20:44:31.879382,100000000,2026-02-03T20:46:34.905397,"Snapdeal Trendy Budget Fashion
8.3.1",Snapdeal Limited,29 Jan 2026
08E960D124E54AE5D4FACD71846758B2413FC6BC380740D25E4451D79A9C008E,com.fengiiley.frlegends,193,1981-01-01 01:01:02,2026-02-09 05:23:33.014298,50000000,2026-02-09T05:38:50.048130,"FR Legends
0.4.6",TWIN TURBO GAMES,2 Feb 2026
08CB7AF01918470CF8E3F5CE670E0E7697FA4EAB714E22A9B02B564510DA4CC5,com.ddup.zombiewaves.zw,140,1981-01-01 01:01:02,2026-01-13 16:31:26.28667,10000000,2026-01-13T16:35:59.590907,"Zombie Waves
4.4.4",Fun Formula,25 Dec 2025
07DC0C69E2B341270FBB181386A3F26C0F104D6D7E897635B43647CE4A602B2F,com.iexceed.ib.digitalbankingprod,83,1981-01-01 01:01:02,2026-02-10 01:38:18.186697,10000000,2026-02-10T01:39:24.291856,"IndSMART IndianBank Mobile App
1.0.42",Indian Bank,30 Jan 2026
0BDBA47945B8BD65D3BF0E0ECA97C732134C18B34642179490292F31F54F2B9C,com.btpn.dc,9167,2026-02-12 10:59:42,2026-02-20 00:37:38.726585,10000000,2026-02-20T00:45:20.131921,"Jenius
4.63.1",PT Bank SMBC Indonesia Tbk,12 Feb 2026
06DA21EB9FFB7BAC0EA3397A364C9E6AAE268DC6245C63CAEF0576EC1AC2E83E,com.nhn.android.search,12180401,1981-01-01 01:01:02,2026-01-03 00:39:12.863055,100000000,2026-01-03T00:53:20.499864,"네이버 - NAVER
12.18.4",NAVER Corp.,30 Dec 2025
082AC6F25223EDDE3365C04C3E6E266EEB8071523D8C60ED34E619C15EEE724F,com.trello,26010038,1981-01-01 01:01:02,2026-01-11 00:53:11.221036,10000000,2026-01-11T00:54:13.388705,"Trello: Manage Team Projects
2026.1.0.60838",Atlassian,16 Dec 2025
3E7F9D65F7A0B209A1B6F2A036C5A3C41934B64C67EEFA6DF675F9DB5253019B,com.novapontocom.casasbahia,250000665,1981-01-01 01:01:02,2026-01-03 02:27:54.869194,50000000,2026-01-03T02:28:24.246053,"Casas Bahia: Compras Online
8.10.4",Grupo Casas Bahia S.A.,22 Dec 2025
8221D42660480358898F5C0D647710A4C068D1730B7279EE461D20BF94F4DC34,com.addictive.strategy.army,7740,1981-01-01 01:01:02,2026-02-04 18:39:03.689812,50000000,2026-02-04T18:39:39.208410,"Art of War: Legions
7.7.4",Fastone Games,24 Jan 2026
0EDB0F9854D74244D003DABE8CED4827E12E4576154AF7D326F5B259E7EF9BB6,com.duckduckgo.mobile.android,52702000,1981-01-01 01:01:02,2026-03-07 01:07:07.953394,50000000,2026-03-07T01:07:02.710665,"DuckDuckGo Browser, Search, AI
5.270.2",DuckDuckGo,6 Mar 2026
32682655C406935505E980CCDD8A3BF430D0813E760E7964FD036DAFC3F968E0,com.astrotalk,443,1981-01-01 01:01:02,2026-02-01 05:27:16.722948,50000000,2026-02-01T05:28:37.033085,"Astrotalk - Talk to Astrologer
1.1.443",Astrology & Horoscope,28 Jan 2026
666DB3181E44BA71EAF2D051F8DAAB09981D32AFC1DE7A330DF2F05FF0461C95,applock.lockapps.fingerprint.password.lockit,161,1981-01-01 01:01:02,2026-02-24 21:21:34.1586,100000000,2026-02-24T21:18:37.183687,"App Lock - Applock Fingerprint
1.6.1",Trusted Tools,9 Feb 2026
0538ABF26CF79291AF212EB716F12B8D26DBA30A64C113B8535DCAEAE71C4363,com.yoosee,6375,1981-01-01 01:01:02,2026-01-27 13:33:53.231316,50000000,2026-01-27T13:35:01.681562,"Yoosee
6.38.2",Gwell,14 Jan 2026
042ABE70F311FFFE450E4ACA03C3E9FF6EDDC880A195FDE8382BA9830E472EA3,jp.naver.SJLGBUBBLE,2002221,2025-12-26 22:22:50,2026-01-06 00:49:34.609862,10000000,2026-01-06T00:53:22.835589,"LINE Bubble!
2.27.4.0",LINE (LY Corporation),25 Dec 2025
6E89648592BE4FFC4DDB2DB44E1C51FDE8843A9F67BD04F0107678C9C4677C6B,com.newreading.goodreels,2782078,1981-01-01 01:01:02,2026-01-26 09:09:01.963519,50000000,2026-01-26T09:09:05.358566,"GoodShort - Short Dramas Hub
2.7.8.2078",GoodNovel,23 Jan 2026
067DF6F694A08CE032320C361609E48CFF8D3A3A9BCFFE9505F87479BC2AC697,com.ftw_and_co.happn,1175,1981-01-01 01:01:02,2026-02-10 00:17:47.897012,100000000,2026-02-10T00:18:51.470301,"happn: dating app
2026.3.0",happn,30 Jan 2026
37BEA2EA4833C639296C97599664BBF4E75DBF8C680538F88072F24A9E4D51EF,com.google.android.apps.youtube.kids,170400030,1981-01-01 01:01:02,2026-01-31 11:56:38.434245,500000000,2026-01-31T11:56:57.721561,"YouTube Kids
11.04.0",Google LLC,26 Jan 2026
01BD4BC9426D29D218B9F62B8F0C8CD65E829BD878ABAFE13499AB35DBACBBF8,com.kingsgroup.sos,4827,1981-01-01 01:01:02,2026-01-31 13:08:28.259657,50000000,2026-01-31T13:09:56.963403,"State of Survival: Zombie War
1.25.400",FunPlus International AG,26 Jan 2026
053E11AF3EF7B9401BE7D504BC476C7A343CDB2CD91E3A78A3C941C8AA083AD3,com.boost.samsung.remote,1325,1981-01-01 01:01:02,2026-01-06 12:20:11.574325,10000000,2026-01-06T12:29:30.128466,"Remote for Smart Samsung TV
1.7.2",BoostVision,23 Dec 2025
0454DD2295968A79DE094CF1CF8CDBB85880954BF917616EF710D9A0E5C4B127,org.findmykids.app,2010821,1981-01-01 01:01:02,2026-02-27 02:39:40.002941,50000000,2026-02-27T02:40:39.042332,"Find my kids: find my phone
2.10.82-google",LETEM LTD,24 Feb 2026
F0A0E548AB29A2A726EDF025983DDEF952D36104D769BA50E9CB9923257E73D8,com.ketchapp.bikerush,5225,1981-01-01 01:01:02,2026-01-26 09:29:32.66495,50000000,2026-01-26T09:30:06.199160,"Bike Rush
1.4.5",Ketchapp,11 Dec 2025
21C22A30074E02EEB3B728D3870843B7FFC0E3AEF43E3C99BFBB771EE4961039,com.zhiliaoapp.musically,2024308030,1981-01-01 01:01:02,2026-02-05 22:23:11.176809,1000000000,2026-02-05T22:23:54.419845,"TikTok
43.8.3",TikTok Pte. Ltd.,5 Feb 2026
AC13EC422EECF15FAA50C86F05AF47590195E4E982EC084A3C75CBD2CBCCE36D,com.goxo.doctor.heart.surgery.game,240,1981-01-01 01:01:02,2026-02-27 07:12:57.894246,50000000,2026-02-27T07:13:56.555349,"Hospital Surgeon: Doctor Game
7.3",Dreamland Games Inc.,19 Feb 2026
2BA34325AE784949A7DC630F32E305531BAACF4BCBEB1B52C806CE0C60725012,com.flipkart.android,3000803,1981-01-01 01:01:02,2026-02-27 08:15:36.039573,500000000,2026-02-27T08:15:37.292012,"Flipkart Online Shopping App
9.0",Flipkart,26 Feb 2026
CEE3BDB9BECE116D0579B858BB9A7E740191AD5874B5860F1D2BF93E72217FC0,com.amelosinteractive.snake,1587,1981-01-01 01:01:02,2026-01-31 14:40:56.425965,100000000,2026-01-31T14:42:30.713953,"Snake.io - Fun Snake .io Games
2.2.112",Kooapps Games | Fun Arcade and Casual Action Games,15 Jan 2026
68520958C7E16D7FAA63BD6E9A9B6AE28AAABD27FB17949614263A68D17E8D3B,com.gamepark.cop.simulator.police.games,49,1981-01-01 01:01:02,2026-02-01 01:43:08.465555,50000000,2026-02-01T01:44:22.181069,"Police Simulator: Police Games
3.4.1",GamePark,27 Oct 2025
5892EEFF84B07F068F80CF7ED04043312EDBD88763EB5B606ADB4B5F6FAFFB18,com.easybrain.sudoku.android,70300015,1981-01-01 01:01:02,2026-01-12 12:53:34.947402,50000000,2026-01-12T12:54:53.514586,"Sudoku.com - Classic Sudoku
7.3.0",Easybrain,8 Jan 2026
4981D6A0F726C1E5C0576FA493109AFCA3B83A1E5B5E5022F076851B69970EA7,com.metropcs.metrozone,40500001,1981-01-01 01:01:02,2026-02-19 13:52:43.605011,100000000,2026-02-16T00:29:43.059882,"MetroZone
4.5.0.0.1",Metro by T-Mobile,26 Jan 2026
2725E8340B7380D5073FBE8F14C27C661DE574EC0393C9C12D0443A5BE5C04C0,recorder.screenrecorder.videoeditor,15812,1981-01-01 01:01:02,2026-02-10 19:42:08.077115,50000000,2026-02-10T19:43:07.512717,"Screen Recorder Video Recorder
1.5.8.1",Video Player & Cast to TV,9 Feb 2026
0AA6B056AAED54D87FE7612A108237503ED6EB81F93FEE8C42671AE53C7593A8,ai.perplexity.app.android,260563,1981-01-01 01:01:02,2026-03-02 21:24:06.595154,100000000,2026-03-02T21:25:28.183164,"Perplexity - Ask Anything
2.77.3",PerplexityAI,27 Feb 2026
9F13F399C30BB375070C9F59F7B37A6206A7EE1CA6735D0213E929BD2E0A59B8,com.macrovideo.v380pro,179,1981-01-01 01:01:02,2026-02-07 19:26:57.998997,50000000,2026-02-07T19:28:09.772953,"V380 Pro
2.2.40","Guangzhou Hongshi information Technology Co., Ltd",16 Jan 2026
00C96BC4CE8346D3A8D3788DF837F50491806CF84C70D6FB855E2C827B74A4A7,com.rbx.city.android,78692,1981-01-01 01:01:02,2026-02-22 06:56:24.833984,10000000,2026-02-22T00:31:27.565903,"Global City: Building games
0.7.8692",UPWAKE.ME,16 Feb 2026
0EAF050467B11DA853A7EEC55715ACB72D61979C9108DD683C58972BC2095DE1,com.volcano.modrn.car.parking.d,186,1981-01-01 01:01:02,2026-01-03 04:05:03.565782,100000000,2026-01-03T04:02:45.928786,"Modern Car Parking: Car Game
4.186",GAMEXIS,30 Dec 2025
62DAB45A25521D5326855398985EADDA99671A72850F9D5FBB822B880297FB33,com.ss.android.tt.creator,410903,1981-01-01 01:01:02,2026-01-27 09:01:28.832538,50000000,2026-01-27T09:03:04.680797,"TikTok Studio
41.9.3",TikTok Pte. Ltd.,16 Jan 2026
0F59175AB55BB5BD9B9958A93F410BF6D94DB86316916E6FABDA0ACD20E3B5C1,com.playit.videoplayer,20746036,1981-01-01 01:01:02,2026-01-26 11:00:01.364666,500000000,2026-01-26T11:00:03.886592,"PLAYit-All in One Video Player
2.7.46.36",PLAYIT TECHNOLOGY PTE. LTD.,22 Jan 2026
00F7F7B5DABE4916FD06D69E27A0C5CADAC3605A3DF1095805B6F40F69C26678,com.newsclapper.video,2838,1981-01-01 01:01:02,2026-02-01 08:18:07.447772,10000000,2026-02-01T08:18:15.766380,"Clapper: Video, Live, Chat
13.4.1",Clapper Media Group Inc.,29 Jan 2026
F8695A6C5FA03604740A45E8A226F48DFDC194030D8F8E1A469D9DADE003BCCA,com.glu.zbs,386418020,1981-01-01 01:01:02,2026-03-07 02:02:16.738635,50000000,2026-03-05T23:25:54.161583,"Left to Survive: Zombie Games
8.2.1",MY.GAMES HOLDINGS LTD,26 Feb 2026
0C58EC2C2A55EA6ACA9CC3020D55010C7D33366C82A214BD576B7E037FC5B05F,com.anthropic.claude,26022317,1981-01-01 01:01:02,2026-02-25 05:18:17.029691,10000000,2026-02-24T06:31:34.726183,"Claude by Anthropic
1.260223.17",Anthropic PBC,19 Feb 2026
08DD70AC600F8A3B074C9C02A2EDFFB1E2DD4116208196EAC3924E95878573E3,com.addictive.empire.clash.conquest,6020,1981-01-01 01:01:02,2026-03-07 02:32:45.565209,10000000,2026-03-07T02:33:13.228214,"Island War
6.0.2",Fastone Games,6 Mar 2026
631DFC12BAEF358AD39769310A7CFDA417E42B973FDCDE3442F2F0675631CA97,biz.arrowstar.funnyfood2,2901236,1981-01-01 01:01:02,2026-02-21 20:37:42.625957,50000000,2026-02-21T20:42:08.935444,"Learning Games for Kids Babies
3.8.3",Wow Kids,17 Dec 2025
0052F88F0935B975BD26D15496A1987C1F87D78F14D5437D9689EE7129163C3E,ly.omegle.android,2026011500,1981-01-01 01:01:02,2026-02-01 19:58:14.05373,10000000,2026-02-04T16:40:35.686117,"Omega - Live video call &amp; chat
7.1.0",Omega Tech.,14 Jan 2026
47C52C7FD572DD82973900CECA34416A36EEDE4CB5EF889601DB1EDD61011973,com.iudesk.android.photo.editor,2026021200,1981-01-01 01:01:02,2026-02-12 12:56:12.681652,50000000,2026-02-12T12:57:53.775871,"Photo Editor
12.6",dev.macgyver,11 Feb 2026
63710A388FE6C2483F3A5A075C5C492FD3C1232CDC5B19A46B94BF5FCD2CD7A5,linkdesks.pop.bubblegames.bubbleshooter,25658,1981-01-01 01:01:02,2026-02-14 08:56:10.224415,50000000,2026-02-14T09:05:16.922452,"Bubble Shooter
8.2.1.38835",LinkDesks - Jewel Games Star,3 Feb 2026
091B253FD4F9CE56EC246EAFE7B26BFAF95A21C5DAFD9F89C8B762E3C6B4BD58,com.google.android.apps.tycho,5183528,1981-01-01 01:01:02,2026-02-27 03:16:28.754001,10000000,2026-02-27T03:16:41.376504,"Google Fi Wireless
V152-allabi-universal-minimal (869298577)",Google LLC,23 Feb 2026
055DE63AE75B5568A02E0EBFC9673C4C962B3F75D0C51F63F3326275E6145EBC,increaseheightworkout.heightincreaseexercise.tallerexercise,62,1981-01-01 01:01:02,2026-01-03 09:43:16.165975,50000000,2026-01-03T10:05:55.618840,"Increase Height Workout
1.1.14",Leap Fitness Group,29 Dec 2025
11943BE424DA0168527E6F6D997C27D62A91438C87D2E8BB986B410757B58F9D,photo.selfie.sweet.effect.camera,333,1981-01-01 01:01:02,2026-03-03 18:43:31.438126,10000000,2026-03-03T18:44:59.059186,"Selfie Camera - Beauty Camera
3.3.3",Easyelife,27 Feb 2026
5253119374A4D6C0EB07B96D2D2C8D72F0BAA8C236C7BC2A6C8A688510D923E9,ch.protonvpn.android,605168300,1981-01-01 01:01:02,2026-03-04 14:58:46.569175,50000000,2026-03-04T15:09:32.744484,"Proton VPN: Private, Secure
5.16.83.0",Proton AG,26 Feb 2026
4D2BE6FBB3BD9A4B0C86337C950E6B8A102B7FE000B832D18BFB484CDDE37D44,markergame.coffeestack,666,1981-01-01 01:01:02,2026-03-07 03:44:44.623611,50000000,2026-03-07T03:45:22.162179,"Coffee Stack
43.0.6",Rollic Games,3 Mar 2026
541DD7B3ED9CB52FC8442B7AF470747FDD48C39756CC3A95B1B0A38F474562C1,com.tsyatsya.mechangelion,132,1981-01-01 01:01:02,2026-01-26 10:38:41.366497,50000000,2026-01-26T10:35:11.557922,"Mechangelion - Robot Fighting
3.3",MOONEE PUBLISHING LTD,12 Jan 2026
0568DA99B82B85A274167C30800A1D7209C1C76D143CF1FD265A9DE5D55D362E,com.myklarnamobile,745114,1981-01-01 01:01:02,2026-02-25 04:02:46.953621,50000000,2026-02-25T04:03:40.034980,"Klarna: Smarter everyday money
26.8.294",Klarna Bank AB (publ),23 Feb 2026
3527F569C2633B216B50CBC03F16A658FCCC1C63E85D34AB693C6D920559642F,com.wildlifestudios.free.online.games.suspects,4117,1981-01-01 01:01:02,2026-03-01 23:50:24.722745,50000000,2026-03-01T23:39:09.095990,"Suspects: Mystery Mansion
2.2.3",Wildlife Studios,2 Feb 2026
8102D96984D625913F53630EB3053B49B3A32030BF9095FF22C864216BA027CB,com.etermax.trivia.preguntados2,456,1981-01-01 01:01:02,2026-03-05 00:18:43.36616,50000000,2026-03-05T00:18:25.204692,"Trivia Crack 2
1.224.0",etermax,3 Mar 2026
67F54C44FF39311C5A85F5282CD84A795347655C5E4B31968100F79CA65F1C0E,com.SPSoftwareProductions.TheRealJuggle,398,1981-01-01 01:01:02,2026-02-18 09:58:51.537111,50000000,2026-02-18T10:13:25.830341,"The Real Juggle: Football 2026
1.12.42",Lion Studios,6 Feb 2026
0B459C1A43D95B89BCF9D770CAE0749F8B1E81C055C98638427CBA8DC25A3C20,com.tocaboca.tocalifeworld,98191,1981-01-01 01:01:02,2026-02-02 23:49:18.679743,100000000,2026-02-04T16:40:41.823080,"Toca Boca World
1.124",Toca Boca,28 Jan 2026
21CBA09ED0348DD60C6C32F4C915214772559BA4C49937AEFA05CCD5E1DDEA52,com.PepiPlay.PepiHospital,270,1981-01-01 01:01:02,2026-02-15 13:02:30.014426,100000000,2026-02-15T13:02:31.118595,"Pepi City: Hospital Life
3.12.1",Pepi Play,5 Feb 2026
02FCC4C0FB1304BF905267B1C25382D45ACAE8E080A0A1E80CD9FD94313F4E4B,com.nu.production,1000124771,1981-01-01 01:01:02,2026-02-15 10:59:59.14245,100000000,2026-02-15T11:00:29.608501,"Nu
9.40.91-minApi28",Nu,4 Feb 2026
7588FDEF2077894526D4B4E970C6CCE3A583292BC9FBC9B76F4887C398DF7078,com.starmakerinteractive.starmaker,85903501,1981-01-01 01:01:02,2026-01-26 19:11:24.528345,500000000,2026-01-26T20:05:05.159983,"StarMaker: Sing Karaoke Songs
9.3.5",SKYWORK AI PTE. LTD.,19 Jan 2026
139F5B6E23C694093F384DE96F64C4775ED306C823515CBEF86106E854E4F667,br.com.rico.mobile,2026122301,1981-01-01 01:01:02,2026-01-11 01:27:55.193214,10000000,2026-01-11T01:35:41.465322,"Rico: só vantagem pra investir
4.144.1",RICO.COM.VC,24 Dec 2025
0A7CBC3E74DF4E5D545D79C0159F0EAEA919B0C9EEAE0A18581D3B28AFACD71A,us.current.android,910,1981-01-01 01:01:02,2026-02-15 20:44:36.120793,50000000,2026-02-15T20:44:50.697608,"Make Money: Play &amp; Earn Cash
1.338.1",Mode Mobile: Make Money On Earn App,13 Feb 2026
24AEAFC54F75CB75211747A71BB71976B21CA4E5B157ADFC3C4A06A3459D8D6E,com.zzkko,2536,1981-01-01 01:01:02,2026-01-26 14:37:52.101499,500000000,2026-01-26T14:38:12.798976,"SHEIN-Shopping Online
14.1.5",Roadget Business PTE. LTD.,15 Jan 2026
6723A954FD8D88F565FA2D3FF51A58DEE5EBCFFD4F46680CDE5E0A628FC7D8AB,com.manekigames.fashionqueen,218,1981-01-01 01:01:02,2026-02-22 13:07:00.878341,50000000,2026-02-22T13:05:40.369553,"Fashion Queen: Dress Up Game
1.10.4",CASUAL AZUR GAMES,9 Feb 2026
0B1B4DA183C7613501DD13E7496A5FE27DD1CFBDAA27BF8BD5F88D84D87B4E92,org.nanobit.hollywood,1518,1981-01-01 01:01:02,2026-02-01 03:55:11.678729,50000000,2026-02-01T03:55:20.894512,"Hollywood Story®: Fashion Star
13.8",Supercharge Mobile,13 Jan 2026
36BDB256C6CEB62366FA86FD58B562802C8A5E15C0F2E0A04838B68189804EFF,com.memeandsticker.textsticker,1300890,1981-01-01 01:01:02,2026-02-14 09:15:34.421795,50000000,2026-02-14T09:16:21.726460,"TextSticker for WAStickerApps
3.8.98.1",MEME Studio,29 Dec 2025
36BF43B7349CDCA6D3BC8233329A8923761A3EC20751A5520CA9C4B77CF21A6B,com.midasplayer.apps.bubblewitchsaga2,200701000,1981-01-01 01:01:02,2026-01-27 01:41:10.752031,100000000,2026-01-27T01:41:24.852730,"Bubble Witch 2 Saga
2.7.1.0",King,19 Jan 2026
08890D0F88D1A87AC477DFADA25522EA5B37F9D04F30382997F724AE3DFF6507,com.begamob.rokuremote,38605,1981-01-01 01:01:02,2026-02-01 05:02:17.840278,10000000,2026-02-04T16:40:31.841038,"Remote Control for RokuTV
3.8.6",iKame Applications - Begamob Global,10 Dec 2025
4F5411AB3B5AD5C63C5805300CA4910ACC54FE813CB479BE949E9DE039341248,com.imangi.templerun2,29438875,1981-01-01 01:01:02,2026-01-07 00:00:54.389959,1000000000,2026-01-07T00:00:59.576155,"Temple Run 2: Endless Escape
1.128.0",Imangi Studios,21 Dec 2025
0A3864914F7B02D9AEFE17E0081450185DE1CF1A3481262332671676384EE6CF,com.cat.life.sim,1530,1981-01-01 01:01:02,2026-02-15 01:32:57.97118,10000000,2026-02-15T01:39:56.198515,"Cat Choices: Virtual Pet 3D
1.5.3",ABI GAMES PTE. LTD.,10 Nov 2025
02D045833C7843118FEB2B6B5DBD330238CD72A4F5AE91336B8394DFFCCFBF86,nl.marktplaats.android,633380,1981-01-01 01:01:02,2026-01-09 02:33:40.689363,10000000,2026-01-09T02:33:33.768196,"Marktplaats
15.37.0",Marktplaats BV,6 Jan 2026
071F11C2CBC0F96A37D5827F5BC4730C4D9668DB78C1C6EBD89B9F5DB1263113,com.aurora.labrador.daycare,81,1981-01-01 01:01:02,2026-02-01 07:42:07.139813,10000000,2026-02-01T07:42:55.019180,"Labrador Puppy Spa Daycare
1.81",AuraEffects,15 Jan 2026
81460FC6FAFE42D7B6A8651878FF8485646DD62021E6288DBF53BA4933AF6E5A,com.kadka.forknsausage,682,1981-01-01 01:01:02,2026-01-31 15:54:31.835341,50000000,2026-01-31T15:55:37.600036,"Fork N Sausage
3.25.9",SayGames Ltd,16 Jan 2026
01BEB68ECEFB63E49088A5160393576A32A461EF25EA7DCC28DEE41DDAA433D1,cz.hipercalc,266,1981-01-01 01:01:02,2026-02-24 06:40:04.056967,10000000,2026-02-24T06:40:05.537111,"HiPER Scientific Calculator
11.3.3",HiPER Labs,20 Feb 2026
4214C2D1C5F545A3CC5C3F7C4199CB1C7CEF85F1212641B876CFF7FACBEF48E9,com.kabam.marvelbattle,139391600,1981-01-01 01:01:02,2026-02-04 23:02:26.129956,100000000,2026-02-04T23:03:25.850986,"Marvel Contest of Champions
55.0.0","Kabam Games, Inc.",19 Jan 2026
0A80064205336863D0959DAB931EDABDBCF0FFE20BE0F8A830FAE341A179C69E,cn.wps.moffice_i18n,1554,1981-01-01 01:01:02,2026-01-13 14:44:05.121083,50000000,2026-01-13T14:42:11.787936,"WPS Office Lite
18.24.1",WPS SOFTWARE PTE. LTD.,7 Jan 2026
016EA7CAFD7F22D514C210C0CEF28FD0B725C219B5AC7DA02DF17FB18DCF548D,net.wrightflyer.le.reality,807,1981-01-01 01:01:02,2026-01-27 16:07:29.994718,10000000,2026-01-27T16:22:06.533781,"REALITY-Become an Anime Avatar
26.4.0","REALITY, Inc.",22 Jan 2026
FCF2D5233E2D451CD9AE0940EF2A61E40215A575815FA8D1440448545C4227CA,com.playappking.busrush,614012503,1981-01-01 01:01:02,2026-02-08 04:26:16.300189,100000000,2026-02-08T04:21:45.374630,"Subway Bus Rush Runner
1.25.3",Play365,31 Oct 2025
8E12E8D8C925EAE6D33FBE1F26B57BB316F6B00E3802AF2202D7C15B2CFAB7A9,volumebooster.soundspeaker.louder,57,1981-01-01 01:01:02,2026-02-14 10:14:49.815756,50000000,2026-02-14T10:15:17.726817,"Volume Booster - Sound Booster
2.8.0.57",360 Tool,28 Jan 2026
B42BF653436E0A01E33F5FEF07264EDBA78FA1A9AE1AB6F1F0B9AA3A00ABE3EF,jp.co.canon.bsd.ad.pixmaprint,370000,1981-01-01 01:01:02,2026-02-26 07:54:43.695108,50000000,2026-02-26T08:11:00.260091,"Canon PRINT
3.7.0",Canon Inc.,24 Feb 2026
07AB252D9FFD89CFFC0C4E82347153C9B2725DD5B29213FA52E302BBE4AC42E9,com.overdrive.mobile.android.libby,910000,1981-01-01 01:01:02,2026-01-29 11:24:31.382012,10000000,2026-01-29T11:26:09.757087,"Libby, the Library App
9.1.0","OverDrive, Inc.",26 Jan 2026
13C4F33A2ED8293581D47D04D4AB45E51D2EDDAFFE980988FD2781F3EFF8A097,com.zeptoconsumerapp,645,1981-01-01 01:01:02,2026-02-17 01:03:19.255708,100000000,2026-02-17T01:23:55.272117,"Zepto: Groceries in minutes
26.2.3",Zepto Marketplace Private Limited,13 Feb 2026
218B64711D77CA333247085C0322889CA321F754B0B745CC87BD40737DCDFA9E,com.playgendary.ktbremaster,13169,1981-01-01 01:01:02,2026-02-14 13:40:05.879322,100000000,2026-02-14T13:40:17.777896,"Kick the Buddy: Second Kick
1.14.1524",Playgendary Limited,11 Feb 2026
1DE3BF455C235BA2E519754224898C4CAEB72338E7345C33AAA0DFCE4A7B19B2,com.zuuks.bus.simulator.ultimate,228,1981-01-01 01:01:02,2026-01-31 17:09:56.91164,100000000,2026-02-04T16:40:29.557907,"Bus Simulator : Ultimate
2.2.8",Zuuks Games,28 Jan 2026
BCB4A774BCF795B310D6C635028331C5ECDB10903FA60FE2576AC3A6D480881E,com.sinyee.babybus.career,8731901,1981-01-01 01:01:02,2026-02-01 05:46:58.594594,50000000,2026-02-01T05:47:51.901165,"Baby Panda&#39;s Town: Life
8.73.19.01",BabyBus,8 Jan 2026
0BC841B31E0D5F99ED607ED8B938C8EDEF545F8CF79FDC3B43A88D01343F5F1A,com.linecorp.LGFARM,3000435,1981-01-01 01:01:02,2026-03-06 20:41:56.418689,10000000,2026-03-06T20:50:04.760815,"LINE BROWN FARM
4.4.6",LINE (LY Corporation),1 Mar 2026
A6E31C1009CEBD258C722613485A3AFF4754AE4589129E8F2A084A3C324D777D,com.BeerMoneyGames.Demolition2,1741,1981-01-01 01:01:02,2026-01-05 18:16:48.572146,50000000,2026-01-05T18:21:02.301962,"Demolition Derby 2
1.7.41",Beer Money Games!,27 Dec 2025
061FFDC618EA0DE0BDBED9CE1DCDE24389D58983732A0DB7F01E6C7455412B8F,car.jam.traffic.seat.unblock,10403,1981-01-01 01:01:02,2026-02-10 00:32:08.273775,10000000,2026-02-10T00:31:53.274506,"Car Jam: Traffic Puzzle
1.0403",Shycheese,30 Jan 2026
122ED16E79A77816C55CBB3B5BF9663BB818DAE90FB4FA9E7CC29461E6125A08,net.metaquotes.metatrader4,1456,1981-01-01 01:01:02,2026-02-03 22:31:36.004202,10000000,2026-02-03T22:33:13.261924,"MetaTrader 4 Forex Trading
400.1456",MetaQuotes Software Corp.,2 Feb 2026
2B8880C33052AB87CF7AB2DF2F9D73A3AC845154B9E37B7C24AD2C3AAB4C1883,com.media.music.mp3.musicplayer,229,1981-01-01 01:01:02,2026-01-26 11:21:54.028876,100000000,2026-01-26T11:22:15.880252,"Music player
229.01",recorder & smart apps,12 Jan 2026
7BC1CD30BC2A4B228AA35944E4D4A4A16C0846654A66F14EE1330BB51E4440D9,com.playgendary.hitmasters,822,1981-01-01 01:01:02,2026-03-05 02:21:19.701978,100000000,2026-03-05T02:22:43.332867,"Hitmasters
1.28.0",CASUAL AZUR GAMES,28 Jan 2026
1FAA1C362E84D01401AF6D7227499A6E3508E5EB4C06E9927535CC9D51E0AEC9,com.funcamerastudio.videomaker,247,1981-01-01 01:01:02,2026-02-03 20:33:28.524746,100000000,2026-02-03T20:33:29.001154,"AI Video Maker AI Video Editor
6.5.2.0",VIDEOSHOW Video Editor & Maker & AI Chat Generator,13 Jan 2026
1060203EA6EF8732EAE7E6946EDA18ECD5BF325EF495CAFC263F48091380B2CA,com.didiglobal.passenger,1207063210,1981-01-01 01:01:02,2026-01-26 15:21:33.874507,100000000,2026-01-26T15:44:15.420820,"DiDi Rider: Affordable rides
7.6.32",DiDi Global,9 Jan 2026
024F575363FE7733BA20E31A647E780A87D3827F564EF7D48B136E265881F0CD,com.hqgames.pencil.sketch.photo,672,1981-01-01 01:01:02,2026-02-21 01:18:19.982266,50000000,2026-02-21T01:22:00.173898,"Pencil Photo Sketch : Drawing
2.2.72",Minerva Studios Private Limited,16 Jan 2026
059BD61670A8E8E7257DBEB27054DCA76F46F7C8B08E70F1E0BA1305D9425E4D,net.booksy.customer,535,1981-01-01 01:01:02,2026-02-18 06:30:39.061388,10000000,2026-02-18T06:32:20.718545,"Booksy for Customers
26.02.1601",Booksy International sp. z o.o.,17 Feb 2026
101F241BF72C0F41D7BE070F0C721024806B47005C21B6F30D483E2C3BA4DEDA,jp.co.yahoo.android.apps.map,1265,1981-01-01 01:01:02,2026-02-18 19:14:42.085702,10000000,2026-02-18T19:30:13.935800,"Yahoo!マップ - 最新地図、ナビや乗換案内も
8.71.0",Yahoo! JAPAN (LY Corporation),12 Feb 2026
0DC8CC823D71FD7F1338884A1AF05D8C70038B107AFC421FDE18B2A8D80B4C84,flexus.dye.hard,384,1981-01-01 01:01:02,2026-02-18 04:15:10.325002,50000000,2026-02-18T04:18:14.357211,"Dye Hard - Color War
1.0.384",CASUAL AZUR GAMES,16 Feb 2026
31CB735A5C78AC9403969896EDF943059ED6A4F0D9E741CD7D0032C7DC91E846,com.ismaker.android.simsimi,1076001,1981-01-01 01:01:02,2026-02-12 12:52:26.812971,100000000,2026-02-12T12:54:00.958739,"SimSimi
9.1.6",SimSimi Inc.,15 Jan 2026
07D0770F08A8DAAD42E1E66AA5E94C66773D70BD9171DB01CA6603D83FBF77A0,com.cyberlink.powerdirector.DRA140225_01,2602122,1981-01-01 01:01:02,2026-02-15 18:00:27.191442,100000000,2026-02-15T18:00:38.520931,"PowerDirector - Video Editor
16.1.5",Cyberlink Corp,12 Feb 2026
382FCDE47A83CD6BE14EA2912951EEC9E853512E1E58005F64C8E051A9D4F593,sg.bigo.live,4028,1981-01-01 01:01:02,2026-02-26 07:13:00.73988,500000000,2026-02-26T09:00:54.856773,"Bigo Live - Live Stream, Chat
6.44.2",Bigo Technology Pte. Ltd.,12 Feb 2026
6EE73BA7FA650C12B07E1BF8057567593124D670ACB6485680A6EE3D6DD60BA7,com.yourstoryinteractive.sails.pirate.adventure,13050720,1981-01-01 01:01:02,2026-02-13 21:53:58.661826,50000000,2026-02-13T22:27:29.224257,"Romance Club - Stories I Play
1.0.50720",Your Story Interactive,10 Feb 2026
12FA23C2EA13548FCE4B27E20BB3114A8AC2EA9197E095FC901A2233A70810D4,com.mega_play_games.ocean.raft.shark.craft.survival_games.crafting.building.last_day.survive.fishing.hungry,368,1981-01-01 01:01:02,2026-01-03 05:00:55.892532,10000000,2026-01-03T05:01:52.248720,"Survival &amp; Craft: Multiplayer
368","Megame, LLC",30 Dec 2025
0ACD0DDAA419FBC7522BB98F416751F2A9E8CAFCC71C2254C3CE81781FD0F1D6,remote.control.tv.universal.forall.roku,86,1981-01-01 01:01:02,2026-01-29 10:20:29.590054,50000000,2026-02-04T16:40:15.614140,"Remote Control for TV - All TV
1.0.85",Hitchhike Tech,9 Jan 2026
5F3C61A82A31598D17A0503FAAAA288869B1D4C5AF99E3B1BDFF8B07CA3CD839,com.heytap.pictorial,1331000,1981-01-01 01:01:02,2026-01-06 06:23:32.994527,1000000000,2026-01-06T07:11:41.332797,"Lock Screen Magazine
13.3.1_expp",HeyTap,4 Jan 2026
02632B2C03F5ADDAA54F6B9F782615523812E8C289996592B32238D8A1BB5611,com.bigbasket.mobileapp,25108310,1981-01-01 01:01:02,2026-02-10 20:18:17.921678,100000000,2026-02-10T20:18:41.499499,"bigbasket: Groceries and more
8.22.2",Bigbasket.com,4 Feb 2026
0B4ECD249074499955D9F6444A1AA1AF4A31344638A8C627A61A2962277B0E99,com.ffgames.sniper,270,1981-01-01 01:01:02,2026-02-27 04:57:23.255232,10000000,2026-02-27T04:58:24.641697,"Sniper: Traffic Hunter
2.7",ckgames,23 Dec 2025
50AD4B990F636D2CD3251F1CA8AD3F0A2992F5DA0E5C8886212C6629E737C558,com.playstrom.popus,213,1981-01-01 01:01:02,2026-02-23 16:53:20.711524,50000000,2026-02-26T09:00:46.358567,"Pop Us!
1.1.46",SayGames Ltd,26 Jan 2026
000966A8F30FF885B2D67CCA0B9218438E93D98BA4D183DEC8E7E9AB788EFE8D,com.flashget.parentalcontrol,103080201,1981-01-01 01:01:02,2026-02-22 10:57:26.995193,10000000,2026-02-22T10:59:17.016563,"FlashGet Kids:parental control
1.3.8.2",HONGKONG FLASHGET NETWORK TECHNOLOGY,10 Feb 2026
9C908BF23398478ACD9AE453D4B438F2173C083DEE1560F2AA98BDC9C3F72BB9,com.superwings.jettrun,117,1981-01-01 01:01:02,2026-02-19 13:15:58.153857,50000000,2026-02-19T13:21:09.401457,"Super Wings : Jett Run
4.3.4",JoyMore GAME,30 Dec 2025
10594D946116D8B4958E9725F6061D5BB305372190178FDF7AB590609503744C,com.eyewind.case.master,20130,1981-01-01 01:01:02,2026-01-07 05:17:56.643509,10000000,2026-01-07T05:17:44.645664,"Case Hunter: Brain funny Case
2.2.3",Focus apps,26 Dec 2025
0192802C571428FEDC2C15D2E89A08AC2F02661383D3EDC0FD445ECA20E4A080,com.mgif.ball.v,176,1981-01-01 01:01:02,2026-01-26 20:00:26.631533,10000000,2026-01-26T20:01:12.631349,"Ball V - Red Boss Challenge
1.7.6",MGIF,19 Dec 2025
0B837B5DC1363C4A3112A9D0640938BBA43B7327D56964EC1F6BD63C576C060C,com.time.bomb.gun.sound.simulator.prank,67,1981-01-01 01:01:02,2026-02-27 05:29:13.125855,10000000,2026-02-27T05:29:41.636345,"Time Bomb Prank, Gun Simulator
1.6.0",Braly JSC,23 Jan 2026
0E9C7C877B058935D33A91E383075CD504237477361AA5CAA2ADFD80937CEDDD,com.google.android.apps.nbu.paisa.merchant,3218644,2009-01-01 00:00:00,2026-01-09 21:28:06.922147,50000000,2026-01-09T21:41:28.442498,"Google Pay for Business
223.1.2 (arm64-v8a_prod)",Google LLC,6 Jan 2026
0EF0ED3FAE8CEA8F7787F808CEB967A77A4151B82766553B5DB78F24FF50DE90,ru.beru.android,361330,1981-01-01 01:01:02,2026-02-28 16:37:10.040263,50000000,2026-02-28T16:37:11.698714,"Яндекс Маркет: онлайн-магазин
2026.4.2.a",Mikromobilnost LLC Belgrade,20 Feb 2026
7716CC3DB444EB10C5B6DEDA8CDB95D9FD5B65E6654871A298CC15786E01E18C,com.WandaSoftware.TruckersofEurope3,193,1981-01-01 01:01:02,2026-03-07 05:36:28.554972,50000000,2026-03-07T05:36:24.711563,"Truckers of Europe 3
0.7.64",Wanda Software,4 Mar 2026
6B98BFBDAA217B8445A84852D64B2740AC2290BF022103851B97589A00F91948,com.unicostudio.braintest2new,264,1981-01-01 01:01:02,2026-01-01 05:51:52.923674,100000000,2025-12-22T08:21:56.594423,"Brain Test 2: Tricky Stories
1.21.01",Unico Studio,10 Dec 2025
061254FACA35436C0B45F8D9ED477BCD54BCB632098E9562CFF83CBC30932FD3,com.mgc.runnergame,200310,1981-01-01 01:01:02,2026-01-06 22:51:29.096133,100000000,2026-01-06T22:51:40.215705,"Run Race 3D — Fun Parkour Game
2.0.34.02",CASUAL AZUR GAMES,23 Dec 2025
FADF0FC6ABFBE2EC9C1088F7E40B5A6E439BC5F8404FD7829656C1BB54167357,com.rescue.machine,16736,1981-01-01 01:01:02,2026-01-14 03:44:43.58403,50000000,2026-01-05T10:33:04.815494,"Rescue Machine
2.0.5","Geisha Tokyo, Inc.",5 Nov 2025
09DFA8FA9C04BF6493734094DA64BEE5ABF6C5BD99104E632C252512B0088451,com.tile.home.match.puzzle.game,50,1981-01-01 01:01:02,2026-02-14 14:45:52.862161,10000000,2026-02-14T14:47:13.191822,"Tile Home-Match Puzzle Game
1.1.8",Mindful Daily Puzzles,6 Feb 2026
A7CB0C7D13CA419895EA10906E7FD91050E863FA608A44F081FF28B7C80A3A82,com.threesixteen.app,1268,1981-01-01 01:01:02,2026-03-04 09:57:20.998662,50000000,2026-03-04T09:57:22.410274,"Rooter: Watch Gaming &amp; Esports
8.4.16",Rooter Sports,5 Feb 2026
0B52EE0C5428FE986774E046585D1C02D2202FB85FA52199A35DE6B4916DEF1C,com.google.android.googlequicksearchbox,301684842,1981-01-01 01:01:02,2026-01-31 16:33:57.165624,10000000000,2026-01-31T16:35:26.285106,"Google
17.3.60.ve.arm64",Google LLC,26 Jan 2026
D9B203D2DFE7AB5848B82A15CAEF5E89C84C0D8873CEA72A2FAE9EE590125395,com.eabdrazakov.photomontage,1401367,1981-01-01 01:01:02,2026-02-25 04:19:00.607607,50000000,2026-02-25T04:19:28.317775,"Cut Paste Photo Seamless Edit
36.7",Peml Art FZC LLC,8 Jan 2026
D604025CE3FAFB712BF23446AFA819BCD9DD93DF48FC1F3EFE462EBBFD6174C9,com.budgestudios.googleplay.BarbieDreamhouse,17303,1981-01-01 01:01:02,2026-01-27 00:36:00.93196,100000000,2026-01-27T00:37:23.416713,"Barbie Dreamhouse Adventures
2026.1.0",Budge Studios,19 Jan 2026
073DDE1D1AF2C084B91404F87CE0C46422A384D863D7C85DBA5C2A828410608D,com.mergegames.gossipharbor,261,1981-01-01 01:01:02,2026-03-07 03:19:22.137549,50000000,2026-03-07T03:15:20.986070,"Gossip Harbor®: Merge &amp; Story
3.85.0",Microfun Limited,3 Mar 2026
296226A2C83AED6791F99D6F91826683DE73389E38DD23C5C7D29C5D4901F77E,steptracker.healthandfitness.walkingtracker.pedometer,118,1981-01-01 01:01:02,2026-01-26 16:59:48.266547,50000000,2026-01-26T17:01:11.256693,"Step Tracker – Pedometer
1.6.2",Leap Fitness Group,9 Jan 2026
3D66AA6D8E0579CF509C7A57E8A77501C7E2CAD84B0603D5B729853A81247A28,com.tfgco.apps.coloring.free.color.by.number,1381,1981-01-01 01:01:02,2026-03-07 09:45:24.087825,50000000,2026-03-07T10:16:15.566343,"Colour by Number：Paint Games
4.28.1",Wildlife Studios,6 Mar 2026
16776A0C20E57FF50481FF94BE5E949333D90235B990739DBAE6759AE504CB02,com.instagram.android,382508586,1981-01-01 01:01:02,2026-03-06 16:09:23.388553,5000000000,2026-03-06T16:12:00.153543,"Instagram
419.0.0.49.71",Instagram,2 Mar 2026
9718E88B7A880D8BD4BC2405C1790DEF96D785718B31E5476D28F336D21061EC,com.crazylabs.diamond.paint.by.number,568,1981-01-01 01:01:02,2026-02-27 02:19:38.588255,50000000,2026-02-19T01:17:44.209367,"Diamond Painting ASMR Coloring
0.5.6.8",CrazyLabs LTD,22 Jan 2026
82F12DB1F4DC1F98235A347AF16B0D4C656BD099BABB908AB401DFFF011C73DE,com.games.bottle,588,1981-01-01 01:01:02,2026-02-10 05:12:28.358747,100000000,2026-02-10T05:13:28.221982,"Bottle Jump 3D
1.25.0",CASUAL AZUR GAMES,2 Feb 2026
89193A3D607420BB6E3E8867C6D3005A048DF65AD82334CAA93E17E81346407A,com.talpa.hibrowser,2251002,1981-01-01 01:01:02,2026-02-16 10:33:04.075328,500000000,2026-02-16T10:31:40.479689,"Hola-Private&amp;Fast web Browser
v2.25.10.2",COIHUB TECHNOLOGY,10 Feb 2026
37D1208752B5C36E774D6C6F25F13659494FB54E2968E47E01ECFF90056B82E8,com.outfit7.talkingtomtimerush,200104040,1981-01-01 01:01:02,2026-01-27 06:47:09.0198,50000000,2026-01-27T06:48:09.878843,"Talking Tom Time Rush
1.4.4.18457",Outfit7 Limited,13 Jan 2026
0AA1A0FC4F7E175C7CAF0966D4F33C8DF5EC238628A60C101844D02A1F959987,com.doll.lifeworld,30,1981-01-01 01:01:02,2026-02-15 06:35:56.14448,10000000,2026-02-15T06:36:18.743192,"Pippi World :Avatar Life
1.29",Kitten doll,13 Feb 2026
21C769066D5FD59F07B02B2BB867EDF2F83BD224DBE0D458DBCAABF3417DBCEF,cn.xender,1000280,1981-01-01 01:01:02,2026-01-27 06:32:13.495973,500000000,2026-01-27T06:33:19.157617,"Xender - Share Music Transfer
18.0.0.prime",Xender File Sharing Team,19 Jan 2026
022AAB37F54DB7FA7894E5FFEC423359428DBEB7C863026B06182263B02068C5,com.accor.appli.hybrid,26011604,1981-01-01 01:01:02,2026-01-26 14:19:45.934266,10000000,2026-01-26T14:20:18.116294,"ALL Accor - Hotel booking
10.77.6",Accor All,16 Jan 2026
BED6E61A5DEAADE4D42B087E4364423BC98A8510EC63305D72B85F3A0BA97548,com.snowcorp.epik,240,1981-01-01 01:01:02,2026-01-11 11:40:29.581245,50000000,2026-01-11T11:49:11.348424,"EPIK - AI Photo &amp; Video Editor
6.5.40",SNOW Corporation,4 Jan 2026
1C5C3031681D8D237B889AB173349C7E12A1AB805AF1F41099895115CC6FB726,wild.west.sniper,308,1981-01-01 01:01:02,2026-02-02 22:12:07.418,50000000,2026-02-02T22:12:09.903851,"Western Sniper: Wild West FPS
3.3.1",CASUAL AZUR GAMES,30 Jan 2026
893E05F008D16EA7F3E4E1B44FB14D272C47254FBA89241843A88507DC929006,com.apalon.myclockfree,23358,1981-01-01 01:01:02,2026-01-03 14:54:24.571893,50000000,2026-01-03T14:58:31.507619,"Alarm Clock for Me
2.85.3",Mosaic Srl,22 Dec 2025
088324F33FB2BF55A997613C5D19FF12F255063BF49AB44B273FC1E17AFBDB10,com.google.android.apps.docs.editors.docs,220672107,1981-01-01 01:01:02,2026-02-18 03:35:37.827151,1000000000,2026-02-18T03:49:52.310788,"Google Docs
1.26.061.02.90",Google LLC,17 Feb 2026
001990DF5B418E17B10970F4C663A228393C6B192AF58B79C18741725A6BF537,com.chitralekha.evolution,125,1981-01-01 01:01:02,2026-02-17 02:06:05.496035,10000000,2026-02-17T02:06:08.084829,"Idle World - Build The Planet
8.1.0",Funcell Games Pvt Ltd,12 Feb 2026
84545DFAC7AE4E7E47CC4911F98C55FA720E8E1FE26976F7CE0CA9B81FE53CB2,com.jazz.jazzworld,148,1981-01-01 01:01:02,2026-01-06 11:54:36.072958,50000000,2026-01-06T11:56:19.403700,"SIMOSA - Jazz World
3.2.5",Jazz Digital Pakistan,1 Jan 2026
490152638BD609814BDC7F259564D964B51144ACC383198DC149962A55AF8DBF,com.playrix.fishdomdd.gplay,1003257390,1981-01-01 01:01:02,2026-02-28 01:43:37.793001,100000000,2026-02-28T01:44:48.149839,"Fishdom
9.6.2.0",Playrix,20 Feb 2026
034AE34EA9577DCD13163BB7111343FFD3EB86E096A89F85627A932B6EA1FE53,com.sivona.stormshot.e,5478,1981-01-01 01:01:02,2026-01-26 16:46:00.323562,10000000,2026-01-26T16:47:10.113683,"Stormshot: Isle of Adventure
4.38.0",FunPlus International AG,23 Jan 2026
059961D7702C7431DA85D428467948F872C0ED14C380B85C5FD839411275B786,com.allfootball.news,408,1981-01-01 01:01:02,2026-01-27 09:57:59.523815,10000000,2026-01-27T09:58:32.606890,"All Football - News &amp; Scores
3.9.0",All Football Inc.,8 Jan 2026
923E85AA6E5BB0BE1D0A04726909BC58114495770FDA5E296F31AE24756CE40D,maxplayer.mediaplayer.videoplayer,24300,1981-01-01 01:01:02,2026-02-22 04:03:09.273108,50000000,2026-02-26T09:00:41.181278,"Video Player All Format HD
2.4.3",Video Player & Cast to TV,22 Jan 2026
34D9CC1EE39543B5546B0C1804D236A02F4F42F2DAA81398B1A52816FB42A11F,cast.video.screenmirroring.casttotv,246100,1981-01-01 01:01:02,2026-01-04 13:22:38.266983,50000000,2026-01-04T13:25:45.582873,"Cast to TV, Chromecast &amp; Roku
2.4.6.1",InShot Inc.,26 Dec 2025
F946B1ABDA1F8E1BE822C6DC6F1A233ADABE5574CD2CA65BB3D82780D455F21B,com.madfingergames.deadtrigger,210800161,1981-01-01 01:01:02,2026-02-07 22:16:31.365102,50000000,2026-02-07T22:17:36.622167,"Dead Trigger: Survival Shooter
2.3.1",Deca_Games,3 Feb 2026
1C57C747D616744DB0A753C035FA79DB1E8EE5621B7D2C9FB8319D2D052A9AF2,ru.yandex.music,24026131,1981-01-01 01:01:02,2026-02-26 22:32:07.246057,50000000,2026-02-26T22:32:13.569772,"Yandex Music, Books &amp; Podcasts
2026.02.3 #135gpr",Direct Cursus Computer Systems Trading LLC,19 Feb 2026
9F5B8E050350FEB6E81F4E8C49FC6F4E982229CFE7D101AE14A77AA713469FBA,com.gzl.superhero.karatefighting.game,142,1981-01-01 01:01:02,2026-02-25 03:43:06.894341,50000000,2026-02-25T03:44:04.645873,"Kung Fu Karate: Fighting Games
4.1.42",Frolics Simulation & Action Games,31 Jan 2026
69D23E94EE3ED939AAA0137477C6770BAFC78851CF2F3EF2DF455A3045EF0F58,us.zoom.videomeetings,6607050,1981-01-01 01:01:02,2026-02-25 07:28:34.033469,1000000000,2026-02-25T07:32:09.139875,"Zoom Workplace
6.7.5.37428",zoom.com,10 Feb 2026
01E24A5A864793864EEA08DEECA6E5728EA1EF74EFA60A5FC2232700D50DE92E,com.gamebrain.hexasort,1057953,1981-01-01 01:01:02,2026-03-08 09:02:49.16807,10000000,2026-03-08T09:05:30.609046,"Hexa Sort
5.2.10",Lion Studios Plus,5 Mar 2026
2FCE191885E011C1802099BA2E89110FB6FEEC6D8767F64EB2158B5AFF2AAA45,com.constructor.games,260,1981-01-01 01:01:02,2026-02-27 04:29:01.075449,50000000,2026-02-27T04:31:11.292406,"Construction Set
1.5.34",SayGames Ltd,12 Feb 2026
02876823B367703B04A6C412B116DFE3EF88B1E481FEE98079FBD04955D221E6,de.motain.iliga,1044591686,1981-01-01 01:01:02,2026-01-09 03:55:07.550351,50000000,2026-01-09T03:55:00.631027,"OneFootball: Football Scores
15.107.0",Onefootball GmbH,23 Dec 2025
D88A816B716B9D8F7688DCA71FBBAC80CF95BE9A516057F9E6EA356212B57B89,com.turborilla.bmx2,4584,1981-01-01 01:01:02,2026-02-10 02:27:55.475086,50000000,2026-02-10T02:28:19.755870,"Mad Skills BMX 2: Bike Game
2.8.5",Turborilla,26 Jan 2026
8CC4A2BA71EFB62DC58538006DCF697CC6BA1CEE71C71153B866417057E66AED,free.vpn.unblock.proxy.vpnmaster,2026012601,1981-01-01 01:01:02,2026-02-19 06:28:17.52498,100000000,2026-02-19T06:28:18.481130,"Snap Master VPN: Super Vpn App
8.2.4.3",SECUREGUARD GROUP PTE. LTD.,26 Jan 2026
CDA6FF958E7A9D8F77037D766CFBEF8C3E265021567FC6CABD8B1ABCAF59E5F7,ringtone.maker.mp3.cutter.audio,233000,1981-01-01 01:01:02,2026-01-26 12:04:52.615959,50000000,2026-01-26T12:05:44.222776,"MP3 Cutter &amp; Ringtone Cutter
2.3.3",InShot Inc.,9 Jan 2026
9906CDF80DB8D899E0CF64EAE66607E011DF94DA26BC32A596CCA7BCFF27A8A6,com.supercell.brawlstars,65219,1981-01-01 01:01:02,2026-02-02 20:38:23.19215,100000000,2026-02-02T20:38:57.247916,"Brawl Stars
65.219",Supercell,28 Jan 2026
7203DDD6FF7D84AA15CF4C512A45ADF82CE9855165C49AF890FC8D4765260631,com.dream_studio.animalringtones,147,1981-01-01 01:01:02,2026-02-17 05:53:35.154025,50000000,2026-02-17T08:35:52.342724,"Animals Ringtones
21.3",Dream_Studio,14 Feb 2026
0D290CAD67D6DB3A516CE291428AC0EFD64D96AF14BD2F93AEF2A10AAC27C3FA,com.nobroker.app,1421,1981-01-01 01:01:02,2026-02-12 13:25:47.848473,10000000,2026-02-12T13:27:06.310121,"NoBroker Rent, Buy, Sell Flats
8.0.21",NoBroker Technologies Solutions Pvt Ltd,5 Feb 2026
461C11F88FB74B94A8A247F71AB2B3BF35B449932BBB975951E96A54A81BB7BC,com.instagram.lite,858627966,1985-02-01 00:00:00,2026-01-13 23:12:53.578489,500000000,2026-01-13T23:12:55.698456,"Instagram Lite
494.0.0.7.107",Instagram,13 Jan 2026
2C6AC60AF808C332CF7C6804F0DA21F32193063738D0D02353626074A60BFBBD,com.ovelin.guitartuna,149434,1981-01-01 01:01:02,2026-01-26 16:34:16.7568,100000000,2026-01-26T16:35:12.751296,"GuitarTuna: Tune &amp; Play Guitar
7.86.0",Yousician Ltd.,16 Jan 2026
320A0EC6DAC7AAB072AB07B2F00C665DBB1E9FB4A9A4FDBAFE5E1999742AE2DA,com.playgendary.sportmasters,800,1981-01-01 01:01:02,2026-02-17 09:31:56.415929,100000000,2026-02-17T09:57:56.275519,"Bouncemasters: Penguin Games
2.12.0",CASUAL AZUR GAMES,10 Feb 2026
95157A4E0796098389D8EECEC35A9CF265CE36E678B4E9FD2F6ABEB1DF07EBEF,com.braindom2riddle,200,1981-01-01 01:01:02,2026-02-03 21:07:39.493267,50000000,2026-02-03T21:08:54.092206,"Brain Who? Tricky Riddle Tests
2.5.4",Teos Oyun,24 Nov 2025
0D80756BD18072BE7DF2F248E674C74AB3E0F468C7694F3008FD5D0DF40FA509,com.ss.android.ugc.tiktok.lite,430105,1981-01-01 01:01:02,2026-01-06 09:03:02.233141,10000000,2026-01-06T09:27:16.962038,"TikTok Lite
43.1.5",TikTok Pte. Ltd.,22 Dec 2025
381CFAC3BBBAC1D5398444DC197F12347D4C382E2E7245DEEAD9B84430AC8CC2,com.rvappstudios.abc_kids_toddler_tracing_phonics,341,1981-01-01 01:01:02,2026-02-08 08:21:09.483022,50000000,2026-02-08T08:42:19.332384,"ABC Kids - Tracing &amp; Phonics
2.3.6",RV AppStudios,4 Feb 2026
0DF6429BB4BB382CC2E039C5E9BC66A74FDFEE3F0498A5E912B43A914A9061FE,com.coupang.mobile,2409040,1981-01-01 01:01:02,2026-01-04 09:03:22.277139,50000000,2026-01-04T08:56:30.573895,"Coupang - Mobile Shopping
9.0.4",Coupang Corp.,1 Jan 2026
030D88E5D62C662B20C7E10F4B4C1E2D0DC23782293044F11F2A029968EC0823,com.luckyskeletonstudios.idlebanktycoon,23354,1981-01-01 01:01:02,2026-02-17 18:39:13.066198,10000000,2026-02-17T18:51:05.184863,"Idle Bank Tycoon: Money Empire
1.81.0",Kolibri Games,11 Feb 2026
3A347784D226AD938713A5A192DBBFC69F4E9EDD1F843935BDD60B44A5811925,com.impp.construction.simulator.forklift,168,1981-01-01 01:01:02,2026-02-16 05:18:42.836439,100000000,2026-02-16T05:19:43.351341,"City Construction Simulator 3D
3.8.5",Imperial Arts Pty Ltd,16 Dec 2025
37D7A25AA385E4B709C8AA063AFEFCADC61F106FE3DBBB7F4D58E97E424E41C1,com.JindoBlu.Antistress,1244,1981-01-01 01:01:02,2026-01-16 12:35:11.625363,100000000,2026-01-16T14:21:17.020107,"Antistress - relaxation toys
10.12.2",JindoBlu,9 Jan 2026
06FA6126FDFC870737AF5EDF7B599301D89B67B1EFFA7CC4A875BCBB1D76F523,com.netmarble.mherosgb,268473,1981-01-01 01:01:02,2026-03-07 02:53:58.86912,100000000,2026-03-07T02:54:40.979010,"MARVEL Future Fight
11.7.1",Netmarble,5 Mar 2026
D871E38A27B03E84C121DE61905774C15CCECF5E9244F9579053182B7ABDE074,io.voodoo.crowdcity,300030,1981-01-01 01:01:02,2026-02-27 08:46:58.208952,100000000,2026-02-27T08:47:53.733372,"Crowd City
2.9.48",VOODOO,20 Feb 2026
8375E1BF52F66BA12F2A30C682118221197599CF1C18405EB6F46FBF782046A0,com.bandagames.mpuzzle.gp,827,1981-01-01 01:01:02,2026-02-01 14:59:24.284506,100000000,2026-02-01T15:00:28.957291,"Magic Jigsaw Puzzles－Games HD
7.28.3",ZiMAD,20 Jan 2026
0E5783CC50F050B8B1CEFEABA18881D7155F457A2C401BC8B618B07ABDD72CD9,com.psiphon3.subscription,451,1981-01-01 01:01:02,2026-02-25 23:24:14.530078,100000000,2026-02-25T23:27:53.158925,"Psiphon VPN: Freedom Online
451",Psiphon Inc.,23 Feb 2026
5179BB02B7C87F72E04589910129BCA6E2615F470797BB454BB19664A1930394,com.rvappstudios.kids.drawing.games.coloring.book.paint,324,1981-01-01 01:01:02,2026-02-01 20:04:42.000529,50000000,2026-02-04T16:40:35.730995,"Drawing Games: Draw &amp; Colour
1.8.7",RV AppStudios,10 Jan 2026
02EC0029848A1859BA3F630B2BC7816ECC50C85FFA5BBC6757875656676A5FC0,com.wildlife.games.battle.royale.free.zooba,21160,1981-01-01 01:01:02,2026-02-04 23:18:33.751173,100000000,2026-02-04T23:20:00.667149,"Zooba: Fun Battle Royale Games
6.3.3",Wildlife Studios,3 Feb 2026
9AA704F4BDCDB33154B582F90BC924D685E9558B37353E20A7E52A304A61E2AA,id.co.bri.brimo,652958,1981-01-01 01:01:02,2026-02-10 03:51:26.025847,50000000,2026-02-10T04:03:47.315912,"BRImo
2.93.0",PT Bank Rakyat Indonesia (Persero) Tbk.,22 Jan 2026
06DDF7A27DA22D4DFD8B1B2BB858A02068694ABC9061E818DD66FAD663A1C00A,com.remote.control.tv.universal.pro.lg,117,1981-01-01 01:01:02,2026-01-03 00:56:12.086352,10000000,2026-01-03T00:57:29.318960,"Universal TV Remote For LG
6.9.2",Universal Electric Appliances Remote Control,19 Dec 2025
8BAF000C9D8B9FA917E86CD23F221EB420AC943AEBF90990A1A486245C5F19EF,io.voodoo.holeio,22557,1981-01-01 01:01:02,2026-02-20 00:44:46.785994,100000000,2026-02-20T00:44:47.699849,"Hole.io
2.39.8",VOODOO,12 Feb 2026
02A923A7809E3054A25ED0FBAF03B1EEACC30DF45FC8EFC8A82538314034915D,com.tube.play.music.downloader.mp3.musica.sound.descargar.freeapp,135,1981-01-01 01:01:02,2026-02-07 19:35:40.264437,10000000,2026-02-07T19:36:42.362325,"Music Downloader All Mp3 Songs
1.3.5-android35",Cool Music Downloader & Mp3 Songs,27 Jan 2026
33D36E98442456190357F7076B49F45C054C796A1FCF448B148E10B40D6BF317,com.gameswing.impossiblecarstunts.monstertrucks.cardriving.simulator,106,1981-01-01 01:01:02,2026-02-22 03:32:56.774441,50000000,2026-02-22T04:06:03.066582,"Ramp Car Racing - Car Games 3D
1.0.6",Games Wing,27 Nov 2025
1538C351D2AFAB47DD69E8429B0EF954102DFDD09922D10F566AC77D660352A1,com.rvappstudios.baby.toddler.kids.games.learning.activity,323,1981-01-01 01:01:02,2026-01-31 16:12:14.225644,50000000,2026-01-31T16:12:59.522003,"Kids Games: For Toddlers 3-5
1.7.0",RV AppStudios,23 Jan 2026
0BB2DB7ED6456CD46EC6CE5265E236AE54072E160360A355377FB78E7AAA4A3C,com.gamestart.hypergasstation3d,89,1981-01-01 01:01:02,2026-02-21 17:52:27.753962,10000000,2026-02-21T17:53:46.948187,"Gas Station Inc.
1.6.4",Lion Studios,12 Nov 2025
09E388A999458A97E1F4515AE83654A8956F47753DAEAA7ECDE69C96AE69C981,com.uefa.ucl,1643667073,1981-01-01 01:01:02,2026-02-02 21:26:13.823578,50000000,2026-02-02T21:27:26.934874,"UEFA Champions League Official
15.9.0",UEFA,2 Feb 2026
077E81305EE2FDFFA22E5F1B5CDF14C8EC9D08A641876ED4186DF9202807F267,com.application.zomato,1710019310,1981-01-01 01:01:02,2026-01-09 04:27:28.792465,100000000,2026-01-09T04:27:20.569630,"Zomato: Food Delivery &amp; Dining
19.3.1",Zomato,6 Jan 2026
1040AA9214BBC6DF20EBBBD710E764EC85E56D7E25FBE6357B89BE46588D0E3B,com.timbojimbo.ssr,416,1981-01-01 01:01:02,2026-02-23 11:44:17.310218,10000000,2026-02-23T11:48:52.196606,"Static Shift Racing
113.6.1",Timbo Jimbo,22 Feb 2026
0CFB999AA8B035BCB25A733F5F7B8FAFF5F5866D45540838D1914DC1C56D0E33,com.dopuz.klotski.riddle,57401,1981-01-01 01:01:02,2026-02-09 15:49:35.497996,100000000,2026-02-09T15:39:15.223433,"Numpuz: Classic Number Games
5.7401",HDuo Fun Games,28 Jan 2026
8AFB9C4AB456B8E960A62162AC5BD7E2947C28BA48946010E09133E39D93CC36,slingshot.building.destroy,363,1981-01-01 01:01:02,2026-02-22 10:53:08.631358,50000000,2026-02-22T10:53:35.281921,"Slingshot Smash－Shooting Range
1.9.0",CASUAL AZUR GAMES,20 Feb 2026
6475E9D2B92BCCE4793926386D306FDCAB1D5AC86BC8BBE0E465888569F9073C,ru.kinopoisk,1241213,1981-01-01 01:01:02,2026-02-20 02:21:06.140622,50000000,2026-02-20T02:26:10.745382,"Кинопоиск: фильмы и сериалы
7.73.1",Direct Cursus Computer Systems Trading LLC,11 Feb 2026
2A947E5E8C6159DFE725BEEB516EE138EB08E4446F69B2DC3E9B6C6430F5AC60,com.newnormalgames.phonecasediy,4730,1981-01-01 01:01:02,2026-02-26 14:43:44.827541,100000000,2026-02-26T13:42:02.502639,"Phone Case DIY
4.7.3.0",CrazyLabs LTD,13 Feb 2026
2CA02812571DE4B18C065077CD5E725219B0CD432B91325DB1C5A4501F5DED79,com.google.android.apps.work.clouddpc,10546140,1981-01-01 01:01:02,2026-01-13 05:57:00.271131,100000000,2026-01-13T06:13:46.643674,"Android Device Policy
148.35.1 (10546140)",Google LLC,5 Jan 2026
099E7EEE00E141AF8F33B8C4FC95CF0B822847DC424293319FD7469CB862B5E1,com.vostic.android,2521001,1981-01-01 01:01:02,2026-02-21 21:30:42.081349,10000000,2026-02-21T21:32:50.305725,"Lemo - Chill &amp; Chat
2.52.1",LEMO TECHNOLOGY PTE. LTD.,5 Feb 2026
90D1845A3A7601FABD0567FBA96212CEB7A8EE46AF2C575355451562CF697EF8,com.netease.newspike,118,1981-01-01 01:01:02,2026-02-28 11:44:59.732706,100000000,2026-02-28T11:45:37.943534,"Blood Strike - FPS for all
1.003.650013",NetEase Games,24 Feb 2026
32737752AD5C5771D2BB049D1FE39643168BDA31F14A298BD7536245D5CE22CF,com.techlogix.mobilinkcustomer,9147,1981-01-01 01:01:02,2026-02-24 17:33:31.808612,50000000,2026-02-24T17:36:29.487359,"JazzCash - Your Mobile Account
9.1.47",JazzCash,6 Feb 2026
276E7AF395EA7553C452A016A19DD2B7CCD838690C5C79E5480BADE7A9F21017,com.rovio.angrybirdsfriends,389901,1981-01-01 01:01:02,2026-03-07 02:12:28.254225,100000000,2026-03-07T02:31:52.573197,"Angry Birds Friends
14.1.0",Rovio Entertainment Oy,2 Mar 2026
8BDD12548482F17E0E09667186FCE8E8B199F48B9FD76BA7823EC7629E98DCD2,com.alfaondo.monstersgang,211,1981-01-01 01:01:02,2026-02-25 10:00:52.862828,50000000,2026-02-25T09:56:13.644954,"Monsters Gang 3D: beast fights
4.9.3",MOONEE PUBLISHING LTD,7 Feb 2026
56D1A889E0E4A047275661FF86DF6942E004066E031CE2FA79EBD952FC40C4A3,com.suntv.sunnxt,200341,1981-01-01 01:01:02,2026-02-24 13:48:06.221407,50000000,2026-02-24T13:55:39.954430,"Sun NXT
4.1.71",Sun TV Network  Limited,16 Feb 2026
0A74AF1BE3E0A8003E107B115C65EA0D0A5B04834D9791A300D8193EAED96ACA,com.dobroapps.popit.anti.stress,34,1981-01-01 01:01:02,2026-03-02 12:12:08.643353,10000000,2026-03-02T12:20:32.464047,"Pop It Antistress Fidget Games
1.9.3",DobroApps,26 Feb 2026
3F3216C80E5A6755578C3572EFC46579DD0DC113E7E22894FEAF5CB05D779A27,com.lidl.eci.lidlplus,1470408912,1981-01-01 01:01:02,2026-01-03 01:42:57.729628,100000000,2026-01-03T01:43:03.839940,"Lidl Plus
16.40.15",Lidl,16 Dec 2025
0DBDAA466FE3D6B19F754D80DF370229D23FA157CEB45EBF03259998504BF18B,com.homedesign.restore.asmr.games,109,1981-01-01 01:01:02,2026-03-07 00:14:14.391212,50000000,2026-03-07T00:14:09.917422,"Home Makeover: ASMR Game
0.9.7",Happy Giggles,13 Feb 2026
012F7A65239F76B4B56EE821D367A8C6175B1F7CC079AAFD283E28AE25A78274,com.TrofyGames.UboatAttack,1829,1981-01-01 01:01:02,2026-02-10 01:08:17.920204,10000000,2026-02-10T01:09:22.349750,"Uboat Attack
2.55.0",VOODOO,29 Jan 2026
0ED8AD8754C08936E3654BBD77E9F00722280DF05F61781ACFC03F78AE0A1F39,com.teamlava.restaurantstory,69,1981-01-01 01:01:02,2026-03-06 02:53:03.709414,10000000,2026-03-06T03:44:47.884611,"Restaurant Story™
1.9.0.0g",Storm8 Studios,27 Feb 2026
C7C374E28F2D4240DD174DE83B076FD066E7A13D7A04C4FD70DAD11BA5F7FB20,vidma.video.editor.videomaker,20250101,1981-01-01 01:01:02,2026-02-03 19:54:58.565136,50000000,2026-02-03T19:56:12.594387,"AI Video Editor &amp; Maker: Vidma
2.25.1",Vidma Video Studio,1 Feb 2026
090B0832903F56B4D42927180B083041F541BA3A1016A2FF770B2DAF5808126A,com.mad.gunz,701901356,1981-01-01 01:01:02,2026-02-25 03:07:00.996558,10000000,2026-02-25T03:07:16.683405,"Mad GunS online shooting games
4.2.46",Go Dreams,23 Jan 2026
0A040237880CECD410DBCA01E4433B8CC5F7406C140E29DC74AD13015CFD0E65,com.dramaton.dolls,570,1981-01-01 01:01:02,2026-01-03 03:28:02.871747,10000000,2026-01-03T03:29:22.884411,"Go! Dolliz: Doll Dress Up
5.70",Dramaton,21 Dec 2025
6AEB953F9183620DFCC8D989BD8524D9DC02BDD518304ACCEDBE4FC31B6B5911,com.eliferun.music,733,1981-01-01 01:01:02,2026-01-03 07:14:41.337306,50000000,2026-01-03T07:20:23.042864,"Music Player for Android
7.3.3",Leopard V7,26 Dec 2025
27E849F4317D3B87F18B44A8CDC0BD37713C5477EE9CCA47CF85D2D27E049447,bubble.shoot.fruit.splash.game2,100,1981-01-01 01:01:02,2026-01-14 11:10:28.29103,50000000,2026-01-14T10:32:10.745324,"Shoot Bubble - Fruit Splash
100.0",4 GAME STUDIO,8 Dec 2025
7E666CC94FC520BFFC5CD6CE5F87611869593F0613D8B4AF8FF5B7336EC7A10E,com.mobirix.swipebrick2,260109000,1981-01-01 01:01:02,2026-01-12 15:33:08.220996,100000000,2026-01-12T15:35:42.385213,"Bricks Breaker Quest
2.1.13",mobirix,8 Jan 2026
0D68B95EF2CA0E88C7EC0976452ECB2A1C44A0BCDDAD85B77CD0965351A1B901,jp.co.skylark.app.gusto,8000501,1981-01-01 01:01:02,2026-02-17 15:54:43.150629,10000000,2026-02-17T15:58:20.118895,"すかいらーくアプリ
8.0.5","Skylark CO., LTD.",4 Feb 2026
6D81F05696285915824610B4C6B8DDAEA991F334F0618BDD2415DC04602D2C8E,org.jw.jwlibrary.mobile,753777,1981-01-01 01:01:02,2026-01-02 23:18:17.898255,50000000,2026-01-02T23:57:40.911533,"JW Library
15.6.1",Jehovah's Witnesses,30 Dec 2025
0CD172B62B7D9405B108BBDA7668A4FB8A6AEF6612E5473CB2A5AC3EDD98DB41,com.valuephone.vpnetto,900010000,1981-01-01 01:01:02,2026-02-03 20:18:39.136291,10000000,2026-02-03T20:19:11.460486,"Netto plus
9.0.1",Netto Marken-Discount Stiftung & Co. KG,12 Jan 2026
0DDA98E890B0B6D8E684B77E0F065AE8BFFF3E4FAB4C2E4DE3A393866AA478CD,com.cdtg.we.craft,235,1981-01-01 01:01:02,2026-01-26 16:06:57.584391,10000000,2026-01-26T16:08:08.638811,"WeCraft Worlds
1.4.14",Glow Games Studio,26 Dec 2025
0355504C9E5173851BE360979FC891AB065E94524435785B443B2B0EB5BCC0C7,com.evolution.hyper,141,1981-01-01 01:01:02,2026-02-28 13:27:07.019157,10000000,2026-02-28T13:18:09.180496,"Hyper Evolution
1.2.27",SayGames Ltd,24 Feb 2026
03B212A4CFF85B1D49136687DB34E1E170CBB345C3B4D3E55D152834684B2421,com.worldcoin,4000500,1981-01-01 01:01:02,2026-01-13 23:33:00.968492,10000000,2026-01-13T23:33:01.861574,"World App - Real Human Network
4.0.500",TFH,9 Jan 2026
0E8AD5C4D744472516C73EE8329470E2DEC7F0BE4C64B4F04C54E70C63CEB0AD,com.gjg.colorfill3d,200354,1981-01-01 01:01:02,2026-02-02 16:46:34.767226,100000000,2026-02-02T16:46:26.103549,"Color Fill 3D
300000.5.0",CASUAL AZUR GAMES,23 Jan 2026
A67C31D55EB6D4655188AAF183CB4080FD5647253A0DC29B2625BA7557D0E875,com.fingersoft.hcr2,713,1981-01-01 01:01:02,2026-02-17 19:16:56.234651,100000000,2026-02-17T19:20:45.413271,"Hill Climb Racing 2
1.71.4",Fingersoft,15 Feb 2026
49E76F9FC2C019956A5C7B740A44FF03FC3BADEE9B2ED521A36ABD733201D53E,com.sonyliv,20456,1981-01-01 01:01:02,2026-03-02 07:04:37.473863,100000000,2026-03-02T08:17:01.463535,"Sony LIV: Sports &amp; Entmt
6.28.12",Culver Max Entertainment Private Limited,13 Feb 2026
CFCE57285233FBA1408FFBD19A3FE9C57E3183F2AE7091EB10B05BE2CC0EE15B,ru.yandex.androidkeyboard,31130100,1981-01-01 01:01:02,2026-02-22 01:11:14.31764,50000000,2026-02-22T01:11:51.406737,"Yandex Keyboard
113.1",Direct Cursus Computer Systems Trading LLC,18 Feb 2026
0A2901639AEA765DCDC84196C5ED161375577CCF003717AFF603BB97CE9B33D3,com.kongregate.mobile.throwdown.google,28679,1981-01-01 01:01:02,2026-02-01 01:01:00.507998,10000000,2026-02-01T01:00:48.952666,"Animation Throwdown: Epic CCG
1.170.0",Kongregate,20 Jan 2026
3581883ED7972EC2341CD205508BAAB834179931D75F2440FC91563D2B7EDD1A,com.excelliance.multiaccounts,626,2025-12-26 17:42:32,2026-01-07 11:14:18.647228,50000000,2026-01-07T11:15:07.464360,"Multiple Accounts: Dual Space
5.3.6",MA Team,26 Dec 2025
24347B57F5B6B2FCDC336E7811973EB61759E845A4517E801C0222E111571F2A,com.crunchyroll.crunchyroid,1062,1981-01-01 01:01:02,2026-02-14 13:23:09.583081,100000000,2026-02-14T13:23:00.026848,"Crunchyroll: Anime Streaming
3.99.2","Crunchyroll, LLC",10 Feb 2026
150A8642C3DC7E21AB34B1780931EE810BB6FE61764E6611F7F3B61DEDA741B5,com.dywx.larkplayer,2026010709,1981-01-01 01:01:02,2026-01-26 16:57:15.633419,500000000,2026-01-26T16:58:52.582102,"Lark Player:Music Player &amp; MP3
2026.1.7","Lark Player Studio - Music, MP3 & Video Player",23 Jan 2026
44BCBEF3F195D1110AA45E72476BD17391FB40BB8A5615AAD4324EF605D927EC,free.vpn.unblock.proxy.turbovpn.lite,2025121101,1981-01-01 01:01:02,2026-01-03 02:26:42.162553,50000000,2026-01-03T02:26:39.201966,"Turbo VPN Lite - VPN Proxy
1.4.8.1",Innovative Connecting,11 Dec 2025
0974F3C3622199747CB39C80EA815BF1C09AE16931CDB7BA640CC5BB819CFB10,com.GamesForKids.Mathgames.MultiplicationTables,187,1981-01-01 01:01:02,2026-01-03 06:05:25.114543,50000000,2026-01-03T06:05:21.654365,"Math Games, Learn Add Multiply
18.7",GunjanApps Studios,16 Dec 2025
07A51DB571726AA758204166FC9D6D1A7E38DE632B8DDC099A885D955F2063C6,com.rapid.short.tv,494,1981-01-01 01:01:02,2026-02-15 06:17:15.071908,50000000,2026-02-15T06:18:17.383038,"RapidTV - Short Dramas
4.9.4",Kennedyy,26 Jan 2026
2EF5BCD80F0D581A196C11E4EFD636FD374A88D831B6561E137D01C721AACE2F,com.cerebelliumapps.motoextremeracing,185,1981-01-01 01:01:02,2026-02-24 18:54:44.45624,50000000,2026-02-24T19:32:10.847928,"Motorcycle Real Simulator
4.2.1",Cerebellium Apps,17 Feb 2026
0D9AD1CB94B27FEECA8BC0E458A6F9081772567E89D14BF99EC1BCE6D68015AB,com.onesports.score,281,1981-01-01 01:01:02,2026-01-27 11:51:22.480213,10000000,2026-01-27T12:14:22.536694,"AiScore - Live Sports Scores
4.0.9",AiScore Sports,22 Jan 2026
4BCE04008B342B6492EADFBF0EE0DF49333F0E687FEFACD48D087377A783C976,photo.filter.selfie.beauty.camera,538,1981-01-01 01:01:02,2026-01-11 06:37:29.267578,50000000,2026-01-11T06:40:29.383442,"Beauty Camera -Selfie, Sticker
5.3.8",Leopard V7,5 Jan 2026
0B81BC199E05BFD839DCCB3FE0954A768E2321A3D4071E5A9F87520F0E336F31,com.pinkapp,1001795,1981-01-01 01:01:02,2026-02-19 00:45:52.531995,10000000,2026-02-19T00:45:55.144431,"Lovely – Meet and Date Locals
202601.2.5",Joyride GmbH,12 Feb 2026
068EBF393D1195BDE9876B9951D4D825B17565248A94EE9FDC88D709509C1B9B,com.mcdonalds.mobileapp,49755,1981-01-01 01:01:02,2026-02-14 02:22:47.605834,100000000,2026-02-14T02:45:55.770028,"McDonald&#39;s
3.38.0",McDonald's Apps,20 Jan 2026
7785DB0F1440FC7A4CC69A805BA8871B13EBD8456752BE7FE99C3129501231B4,com.snake.io.slither.merge.fun.game,86,1981-01-01 01:01:02,2026-01-09 02:54:19.701845,50000000,2026-01-09T02:54:10.736276,"Worms Merge: io snake game
1.21.1",Hippo Lab,26 Dec 2025
011CC087553D4761637212F1981B342C33CED929E1F57BC5919BB25F853175C7,com.my.cooking.chef.kitchen.craze.fever,1102075086,1981-01-01 01:01:02,2026-02-03 21:53:10.244884,50000000,2026-02-03T21:53:53.242904,"My Cooking: Restaurant Game
11.2.07.5086",gameone,2 Feb 2026
2708F86B271DB4223B668C050D8FA9C8F6FE223F54AD9D3808AA4CC87E0F0C81,com.litatom.app,661,1981-01-01 01:01:02,2026-02-14 19:11:38.824463,100000000,2026-02-14T19:19:02.556274,"Litmatch—Make new friends
7.55.1",CONSTRUCT TECHNOLOGY,5 Feb 2026
D798DFB540D0CD6041114F84F3B46CC4BE8F4275DAF177D969E63A5981BAE619,com.ea.games.simsfreeplay_row,11200000,1981-01-01 01:01:02,2026-01-27 08:35:06.705424,100000000,2026-01-27T08:36:14.512116,"The Sims™ FreePlay
112.0.0",ELECTRONIC ARTS,5 Jan 2026
04C01268A452E623453AE4E6C4B4F52730F94C4620D0D9AEA0EA3945F589053D,com.launcher.ios11.iphonex,202602060,1981-01-01 01:01:02,2026-02-10 00:52:25.069671,100000000,2026-02-10T00:52:45.643901,"HiPhone Launcher OS Phone:Fast
1.0.5.0",SaS Developer,5 Feb 2026
1177317307BA969D717625938C974FD995FB086F851B3A5EFD2241329B0C0D99,com.outthinking.imageblur,89,1981-01-01 01:01:02,2026-02-22 18:12:48.694071,10000000,2026-02-26T09:00:42.702569,"Blur Background Photo Editor
1.83",Pixels Dev Studio,11 Nov 2025
579F4E0BE051C9070ABEC1DEC2F6C6735644E817C003EF16FEEF788CBB939199,com.tensquaregames.hunting.clash.wild.hunter.deer,6922,1981-01-01 01:01:02,2026-02-02 20:46:51.261891,50000000,2026-02-02T20:46:46.352172,"Hunting Clash: Sniper Hunt
5.16.1",Ten Square Games,30 Jan 2026
3A403D42AE30DB52973871A4593027B5F86DB7A52CAD52420EF1ED3E637377CA,com.unicostudio.whois,180,1981-01-01 01:01:02,2026-01-27 15:57:35.917669,50000000,2026-01-27T15:57:53.106301,"Who is? Brain Teaser &amp; Riddles
1.14.5",Unico Studio,26 Dec 2025
5ABBC63448AD547DAE33713615E28BA9202FE7A4F18F395DCF07A569579971C8,breastenlarger.bodyeditor.photoeditor,143001,1981-01-01 01:01:02,2026-02-06 15:09:43.040782,50000000,2026-02-06T15:23:56.542257,"Face Editor - Photo Editor
1.521.143",Photo Editor & Collage Maker,16 Jan 2026
0FAF85F9B979DE4D5B2D5BC638E0956A4670E1577CF6AF0716832A10E5C1FB90,com.mapswithme.maps.pro,71979,1981-01-01 01:01:02,2026-01-26 13:58:34.499065,50000000,2026-01-26T13:58:43.961829,"MAPS.ME: Offline maps GPS Nav
v17.7.71979-googleRelease",Maps_Me,18 Jan 2026
28FBF39B728B606614198CE25DC1DB5310AFA8CBBE719A3C99EA1092BDF343F7,com.playgendary.tom,219,1981-01-01 01:01:02,2026-02-16 10:22:03.800013,100000000,2026-02-16T10:50:28.455412,"Tomb of the Mask: Fun Games
1.24.1",Playgendary Limited,30 Jan 2026
1FD6A61408CFAA7507D0112D2512E81C3861AEFE9699AC17DDAC506A7023F8F4,com.miniclip.soccerstars,987,1981-01-01 01:01:02,2026-03-07 03:45:55.790891,100000000,2026-03-07T03:47:11.496797,"Soccer Stars: Football Kick
36.11.1",Miniclip.com,2 Mar 2026
6098C35D6606803DF1B81A10B4F0621BBCFF6DA74E9CCF6BDC91C58C989F7535,com.imo.android.imoim,26011021,1981-01-01 01:01:02,2026-01-26 15:29:52.197073,1000000000,2026-01-26T15:29:46.004399,"imo video calls and chat
2026.01.1021",imo.im,23 Jan 2026
03FD04DD22665F5A81F98F43BD896530D499C8D066F6DF7B3A1D1A32D7F23F6A,com.zinio.mobile.android.reader,2026020301,1981-01-01 01:01:02,2026-02-15 16:53:03.778634,50000000,2026-02-15T16:52:59.647224,"ZINIO - Magazine Newsstand
4.72.2",ZINIO,2 Feb 2026
DD6B7F15524E0F225396CB90940F9DE9B1D5C55E9134120FDDF7E593FBC8F9B1,com.spilgames.ThrillRush1,501535,1981-01-01 01:01:02,2026-01-09 02:39:20.902335,50000000,2026-01-09T02:43:31.330689,"Thrill Rush Theme Park
4.5.35",Azerion Casual,23 Oct 2025
29F8D3A16BEF0DB8F096DA7011ADBEB9B247F0FC6B595484DB85982E4D231574,com.starplay.spider.fighter.openworld,1770803190,1981-01-01 01:01:02,2026-02-14 18:14:05.579113,100000000,2026-02-14T18:18:54.118541,"Spider Fighter 3: Action Game
3.47.55",Starplay FZCO,11 Feb 2026
0E66D318FE8811A379055756863EDD8D9961FFF089995BF861C79B62E7128465,com.fourchars.lmpfree,9000421,1981-01-01 01:01:02,2026-01-02 18:36:23.220545,10000000,2026-01-02T18:35:40.733210,"LockMyPix Secret Photo Vault
6.0.0.1F Gemini",fourchars,18 Dec 2025
0A46E89F21BE7F8DDAB49ADFA47C78F72FFF016ECBE16799C99E606E2A20FB9C,com.masarat.salati,411,1981-01-01 01:01:02,2026-01-10 23:18:05.029306,50000000,2026-01-10T23:18:12.510140,"صلاتك Salatuk (Prayer time)
3.7.45",Masarat App,9 Jan 2026
8A104E161E290DE3A61D00F6E075DDCAD54797B313B90DFDF291978BFF1AE446,com.cassette.aquapark,283,1981-01-01 01:01:02,2026-03-07 03:15:19.911095,100000000,2026-03-07T03:15:09.053308,"aquapark.io
6.30.1",VOODOO,27 Feb 2026
03CF15987B9A4841BF0D79A2D5838304F68683E7CB29BD24CF57EB92AC33B004,com.vitastudio.mahjong,1463,1981-01-01 01:01:02,2026-01-11 01:26:53.420219,100000000,2026-01-11T01:26:53.978689,"Vita Mahjong
3.6.1",Vita Studio.,9 Jan 2026
09794E9F45C56D65790587A6C0FC4D2CAE2ADEEC9CBADF6EB0819DCFB30A0B72,com.diandian.gog,8351,1981-01-01 01:01:02,2026-01-13 01:32:34.420848,50000000,2026-01-13T01:33:58.678533,"Guns of Glory: Lost Island
13.9.0",FunPlus International AG,7 Jan 2026
2F92A273046A891D76DC1DF272FFECE43046235035C11BDAC3FDDF9B8D28923F,com.hyperkani.trialbike,177,1981-01-01 01:01:02,2026-01-26 08:53:20.528951,50000000,2026-01-26T08:54:55.997904,"Stunt Bike Extreme
0.555",Hyperkani,23 Jan 2026
2E48BA19ABB32EACB781DDFBD6ED3C652775C133999AF20EACB544BF4F6430C0,com.lf.sniper.gun.shooter.free.apps,267,1981-01-01 01:01:02,2026-02-14 10:37:45.432749,50000000,2025-12-15T19:46:51.346594,"Sniper Games Offline Shooting
2.6.7",GAMEXIS,27 Nov 2025
1ADED483983872A91142A37573983BDB697E5A98A0E21EFB9AC65EEE0F14B1D0,com.rubygames.assassin,2629,1981-01-01 01:01:02,2026-02-13 14:37:29.375548,500000000,2026-02-13T14:42:49.334460,"Hunter Assassin
2.038",Ruby Games AS,8 Feb 2026
119B794833D133D68FA06DAF734E44E9704A2820760ABCAEC373D49A7F422036,com.adidas.app,60030955,1981-01-01 01:01:02,2026-02-15 06:19:50.327679,50000000,2026-02-15T06:42:42.160429,"adidas: Shop Clothing &amp; Shoes
6.0.1",adidas,26 Jan 2026
CEDFE2429D35B2449CE13F58BB9AFA261D32F6C7EE9016E7CD5E47BB47440178,com.videochat.livu,10719003,1981-01-01 01:01:02,2026-01-27 05:18:22.60391,50000000,2026-01-27T05:19:28.948124,"LivU - Make friends
1.7.19",LIVU Team,21 Jan 2026
2513CF3A658E046E08B235227425D889C92EEB9EF6494169DC3B318ACB27FD27,screenrecorder.recorder.editor,214,1981-01-01 01:01:02,2026-03-03 09:33:25.006239,100000000,2026-02-26T21:20:38.163903,"Screen Recorder Video Recorder
8.3.0.0",VIDEOSHOW Video Editor & Maker & AI Chat Generator,26 Feb 2026
12BC25FDEF433FC7E0D0EE773E225E7638A463DA69B0CCF917D4DB4B573AF449,com.gameinsight.gplay.mmanor,682,1981-01-01 01:01:02,2026-02-27 20:38:19.103669,10000000,2026-02-27T20:34:32.799040,"Mystery Manor: hidden objects
7.120.0",Game Insight,20 Feb 2026
0993FD45F8DEE0A4CA3DBA6B05FF6E1CACE1513D83BB4E9A7AE4F1B99E37E998,ru.cian.main,24151300,1981-01-01 01:01:02,2026-02-28 15:28:45.875153,10000000,2026-02-28T15:32:59.407210,"Циан. Недвижимость, квартиры
2.415.1",Cian.ru,19 Feb 2026
29BF69B3404DE2884AD8C594CDD0AB61F59A7B95B77FC8966A33387E7865F4BE,com.ubercab.driver,260602,1981-01-01 01:01:02,2026-01-09 02:55:56.285569,100000000,2026-01-09T02:56:13.185580,"Uber Driver: Drive &amp; Deliver
4.560.10000","Uber Technologies, Inc.",29 Dec 2025
350AC650D335B1C3B8042EC254D1771897072B850C8D1DB755F384219CF48BC0,com.orange.gamesforkids.coloring.princess,116,1981-01-01 01:01:02,2026-02-15 12:40:24.658483,50000000,2026-02-15T12:41:34.042752,"Princess Coloring Book &amp; Games
1.116",Orange Studios Games,26 Jan 2026
147EAF92EC6BCB249301D547C7C6D33739ADB2C6A7A2F7F740412F4BB302CD9A,com.MA.LAC,55,1981-01-01 01:01:02,2026-02-14 22:24:57.173514,50000000,2026-02-14T22:45:54.949248,"Los Angeles Crimes
1.9.3",Mohammad Alizadeh,13 Feb 2026
613A11E042316795A7B436010D54FE8EF7881A6AB0884C824BA55B3D9850B093,tools.photo.hd.camera,97,1981-01-01 01:01:02,2026-01-10 20:34:23.65353,50000000,2026-01-10T20:58:26.850939,"HD Camera
1.15.0",KX Camera Team,31 Dec 2025
0C2D7F1F56E2CD413677749957C46477B068C826CF91F8FC54A226447418BFA7,com.babycenter.pregnancytracker,206,1981-01-01 01:01:02,2026-02-27 06:08:15.398181,10000000,2026-02-27T06:11:38.731528,"Pregnancy App &amp; Baby Tracker
6.02.0",BabyCenter,17 Feb 2026
0B27CAC1CD1377BD59A83BD27AAFDC436FE23F7F8E0518B56C69B1854703984C,com.lamoda.lite,501500,1981-01-01 01:01:02,2026-02-16 17:17:19.770939,10000000,2026-02-16T17:23:07.793829,"Lamoda: мода, красота, дом
5.15.0",Lamoda Group,19 Jan 2026
992DF0A9B37F149174B6E3389A3996131605CAA58B33138E7D225C6B063C5ED1,ru.mw,214808,1981-01-01 01:01:02,2026-02-28 16:52:43.663207,50000000,2026-02-28T17:09:05.640375,"Qplus — your e-wallet
7.0.7","KIVI, AO",25 Feb 2026
074C9959386A28E7AFC97272722F9EB6BECBB3C83E29E317471E13F5282B2B9B,com.bankbazaar.app,7511,1981-01-01 01:01:02,2026-01-04 04:37:28.540882,10000000,2026-01-04T05:43:58.488411,"Credit Score &amp; Credit Cards
3.11.11",BankBazaar.com,30 Dec 2025
4A4D00B8821A5CDEA7CAF16630CE7F5BD0F02244E2718C593606602D1923B173,com.goolny.Split2048,409,1981-01-01 01:01:02,2026-02-20 10:50:17.024469,50000000,2026-02-20T11:10:27.779725,"Jelly Run 2048
1.65.3",CASUAL AZUR GAMES,11 Feb 2026
1023AB4AB90A238886148C49064A9EECE521A50FB042F4B77070338A2E5A295F,music.beat.piano.fire.magic.tiles.challenge.free,138,1981-01-01 01:01:02,2026-02-18 01:38:27.391588,10000000,2026-02-18T08:20:38.953616,"Beat Piano - Music EDM Tiles
1.92.2",Avatar GG,12 Feb 2026
37631B82B9BE85C0A208FF8E3881427A57D7361FF19B32B7B1BE4933B95E7EA9,com.playvalve.wsjourney,384,1981-01-01 01:01:02,2026-02-15 09:21:48.959165,100000000,2026-02-15T09:22:33.345805,"Word Search - Word Puzzle Game
3.8.4",Bluetile,11 Feb 2026
127D1A636EC951B8468BE7DD57D477B510FEC592458AB8BA44D8287C21AE8BB8,com.xa.video.downloader,10108006,1981-01-01 01:01:02,2026-02-16 14:59:26.047484,10000000,2026-02-16T15:04:19.182851,"XA Downloader - Video Saver
1.8.6",RedFoxUnitedInc,6 Feb 2026
9F456CC5F178A836F7E1A7221B64DC5A9A5511383A3F05EF0B8E6369DC61337D,pdfscanner.scan.pdf.scanner.free,114,1981-01-01 01:01:02,2026-02-05 00:53:49.631476,50000000,2026-02-05T00:54:29.204077,"PDF Scanner - Document Scanner
1.4.5",QR Code Scanner.,9 Jan 2026
175CE68B5473F6926AF80268D437A610929FFF09F7A52CA40250A67B3FF712FC,com.rvappstudios.kids.coloring.book.color.painting,334,1981-01-01 01:01:02,2026-01-12 19:17:52.732086,100000000,2026-01-12T19:17:53.772578,"Coloring Games: Color &amp; Paint
1.9.2",RV AppStudios,8 Jan 2026
1B5A8736B429FE131ECC3479920128D6691F1D9ADFC8F4A5CE133DD5EEB17014,free.vpn.proxy.secure,201,1981-01-01 01:01:02,2026-02-21 13:45:12.896386,50000000,2026-02-21T13:45:16.254114,"VPN - fast proxy + secure
3.0.1",Stolitomson VPN,19 Dec 2025
0F461651C04E7350E8E18888628F69B8ED3E3138296FE960A2FAF426E5794D7D,net.peakgames.mobile.spades.android,2170,1981-01-01 01:01:02,2026-03-06 07:33:04.560906,10000000,2026-03-06T07:39:34.309248,"Spades Plus - Card Game
6.72.2170",Zynga,3 Mar 2026
1DE432D2578EEE2A83B1E1A680589FE78B94255C54BD34D9A73C9889E3F69155,com.vpnbottle.melon.free.unblock.fast.vpn,90212,1981-01-01 01:01:02,2026-01-06 23:41:10.374808,50000000,2026-01-06T23:42:27.823966,"Melon VPN - proxy in low cost
9.0.212",WILDLOOK TECH PTE. LTD.,6 Jan 2026
06257DCE2BB2C5E8BC6F48465D9B34D0CED99E8593A478F591FC15336668F67A,com.covermaker.thumbnail.maker,332,1981-01-01 01:01:02,2026-01-09 14:29:00.221291,10000000,2026-01-09T15:10:31.251341,"Thumbnail Maker - Channel art
12.12.132",CA Publishing,31 Oct 2025
1E8F7E0B39F11FDA89EB7CF97E4A632841335B2A74B52C5D577440907248CCFE,es.monkimun.lingokids,10038297,1981-01-01 01:01:02,2026-02-24 17:36:12.356678,50000000,2026-02-24T17:36:29.605789,"Lingokids - Play and Learn
26.9.0",Lingokids - Playlearning™ Games & Shows for Kids,19 Feb 2026
9210C5CBE31C99A4B16F4973821CF5330234CACEBA1BB4B6ED9EA9C58ACE1063,com.vladk.pipemasters,873,1981-01-01 01:01:02,2026-02-12 18:07:29.986535,100000000,2026-02-12T18:09:04.562959,"Flow Legends: Pipe Games
1.14.0",CASUAL AZUR GAMES,5 Feb 2026
51D75531A8838A5392842C73EF939E011D9357A8F2FEF9EDB0592D794F1F71C8,com.yg.mini.games,239,1981-01-01 01:01:02,2026-02-01 15:03:20.687609,50000000,2026-02-01T15:04:54.342274,"Relax Mini Games
2.3.9",SUPERIOR  STUDIO,21 Jan 2026
1240648D35ECEF42C26EA1E638C5E46EA5D41FA9A4457470D418EEAFD16F13E5,com.hamrokeyboard,114,1981-01-01 01:01:02,2026-02-17 03:23:07.859981,10000000,2026-02-17T03:26:25.789632,"Hamro Nepali Keyboard
5.4.4",Hamro Patro,16 Feb 2026
34F02A247DAA21BA4F70004A7A65CD0F4AAC5CDB781E4D5ADE148E02340FDA6B,br.com.bb.android,4852,1981-01-01 01:01:02,2026-03-04 06:20:46.01059,100000000,2026-03-04T06:20:47.191236,"BB: Banco, Conta, Pix, Cartão
9.94.0.10",Banco do Brasil SA,20 Feb 2026
7FEFDE178519B010028C5E42FD6490A4BE8FE06549CBBE90A7BCCCE44DDB49EB,com.ibragunduz.applockpro,56400,1981-01-01 01:01:02,2026-02-06 00:52:41.681929,100000000,2026-02-06T00:53:44.261700,"Applock Pro - App Lock &amp; Guard
5.6.4",App Lock LLC,23 Jan 2026
0CF72414FCB7399182AF96F8AF342108A17D9F581E37CFD556729FA08A7B91A6,com.alltrails.alltrails,60363,1981-01-01 01:01:02,2026-02-27 23:02:14.662447,10000000,2026-02-27T23:05:41.003904,"AllTrails: Hike, Cycle &amp; Run
26.2.40","AllTrails, LLC",24 Feb 2026
1893A357D50FBA7C2E52849E66D837563F5680AC683BBD673A799F4164F54233,com.microsoft.copilot,431230007,1981-01-01 01:01:02,2026-01-03 04:33:32.020304,50000000,2026-01-03T04:33:27.042673,"Microsoft Copilot AI Assistant
30.0.431230007",Microsoft Corporation,30 Dec 2025
052CE9651A74305FCA7338A33106D8F59DECBCC9CF4468D449C50CAC7B204F4D,com.alibaba.aliexpresshd,80005762,1981-01-01 01:01:02,2026-01-10 17:14:13.910018,500000000,2026-01-10T17:19:15.214781,"AliExpress: Shopping Online
8.151.1",Alibaba Mobile,8 Jan 2026
D0191440EFF77BD8FB263CC0F2CF5B22DFB39C90454F343C221C03BFB2C0C110,com.robtopx.geometrydashsubzero,11,1981-01-01 01:01:02,2026-02-07 23:36:58.279858,100000000,2026-02-07T23:37:26.051384,"Geometry Dash SubZero
2.2.147",RobTop Games,30 Jan 2026
7820C7BF1A75CB11FAD8F01C8F5E445536A93AA47BD189341BFC1C1BA70226D5,com.ea.game.nfs14_row,63101,1981-01-01 01:01:02,2026-01-28 19:57:41.246994,100000000,2026-01-28T20:02:23.914832,"Need for Speed™ No Limits
9.0.0",ELECTRONIC ARTS,16 Jan 2026
E36A818405FC505018545EEEBF2BEBBE6101698D27B12A430E4D0C720F0F7A96,com.free.turbo.unlimited.touch.vpn,62918,1981-01-01 01:01:02,2026-01-07 05:33:22.906281,50000000,2026-01-07T05:34:13.400387,"Touch VPN - Stable &amp;Security
6.2.918",The Tool Tech,31 Dec 2025
0C92C2D06A33F50004C266E96DF785EE30BEB068B5C1966269D9429B5142E833,com.arkgames.ggplay.tlonglobal,1768887911,1981-01-01 01:01:02,2026-02-01 04:37:01.643893,10000000,2026-02-01T04:37:56.238656,"The Legend of Neverland
1.27.26012001",SKYWORK AI Pte.Ltd.,21 Jan 2026
09B0C33856C8F8B82035C1EDDB63B7012864327BECDA682748A1DCA8DAFBE619,com.hellochinese,338,1981-01-01 01:01:02,2026-01-05 13:04:30.354261,10000000,2026-01-05T13:03:21.511451,"HelloChinese: Learn Chinese
7.9.8",HelloChinese,4 Jan 2026
7973635CD0342F05DCD7AE61572D75DA51DD4F3DE33504624F3BDC6393ED07E4,net.peakgames.amy,2382900,1981-01-01 01:01:02,2026-02-23 11:00:43.010599,100000000,2026-02-23T11:00:52.954955,"Toy Blast
23829",Peak,20 Feb 2026
C4DE405E9DA1239C1991258C94A961B2486A366F9C0FE4834A3B7728AD395FF7,kr.co.smartstudy.babyshark_android_googlemarket,5208,1981-01-01 01:01:02,2026-02-01 08:23:04.872386,50000000,2026-02-01T08:24:13.458433,"Pinkfong Baby Shark: Kid Games
52.08",The Pinkfong Company,7 Jan 2026
03D1BC65E31242F82212619FFA1BC600D70CC6342E02F27B04E899B7685097D5,com.hihonor.magichome,96312301,1981-01-01 01:01:02,2026-01-31 16:46:47.125468,10000000,2026-01-31T16:46:47.530003,"HONOR AI Space
9.63.12.301","Honor Device Co., Ltd.",7 Jan 2026
470974E08B29F52B03CC8B5C9E6878A17AE3591AB8BC25BC2DDF409E9EC735D9,com.rsupport.mvagent,170501031,1981-01-01 01:01:02,2026-02-03 13:47:37.761264,100000000,2026-02-04T16:40:44.550888,"Mobizen Screen Recorder
3.10.17.5",MOBIZEN,28 Jan 2026
0141076081D419354537F69960EA084386AFF368E6D9683D2E2F8CA305B4257E,org.torproject.torbrowser,2016137506,2026-01-08 22:37:00,2026-01-14 00:26:00.551741,10000000,2026-01-14T00:34:24.448724,"Tor Browser
15.0.4 (140.7.0esr)",The Tor Project,13 Jan 2026
02F72A227DA752A289A0D30267E30896518D3F5CE69F98F752F7BECD479A20E0,com.soomapps.screenmirroring,108,1981-01-01 01:01:02,2026-03-01 11:23:14.976796,50000000,2026-03-01T11:32:30.705204,"Screen Mirroring Cast to TV
2.9.8",Softoria LLC,13 Feb 2026
14066388AF3D7E7EC835E32A8841E4CCC6A8AD2D1A987C6CD8B6AC171CF70885,com.klab.bleach,54154,1981-01-01 01:01:02,2026-02-26 23:25:11.991727,10000000,2026-02-26T23:25:15.084329,"Bleach:Brave Souls Anime Games
17.4.0",KLab,8 Feb 2026
93833B9A26F7A883F62611DEE134DC4F76B4B4CA48751C3015A4C626DC1D7744,com.crazylabs.hair.dye.challenge,1954,1981-01-01 01:01:02,2026-02-14 15:14:11.247239,50000000,2026-02-14T15:21:49.486816,"Hair Dye
1.9.5.4",CrazyLabs LTD,9 Feb 2026
015C5007ACC261F23C53592BF2862B209F2DB47EE70490BD06962B87CEEEB182,com.yottagames.gameofmafia,977,1981-01-01 01:01:02,2026-01-05 16:04:15.501739,10000000,2026-01-05T16:04:53.016400,"The Grand Mafia
1.3.799",Phantix Games,28 Dec 2025
4FA73E9AF83F53C4A7B11688A7262370EBAC8C91814203B10D636D4B6E8927D2,com.google.android.projection.gearhead,161660414,1981-01-01 01:01:02,2026-02-19 05:06:02.723034,10000000000,2026-02-19T05:06:42.020979,"Android Auto
16.1.660414-release",Google LLC,30 Jan 2026
4784A8E8017D0772610061283005EBC049767DE5157D4D293D5A781CE2239DF0,com.google.android.apps.tachyon,7003746,1981-01-01 01:01:02,2026-03-07 02:40:50.918728,10000000000,2026-03-07T02:41:23.875591,"Google Meet
349.0.877258174.duo.android_20260302.01_p0",Google LLC,5 Mar 2026
59ADBA08C5DBF32FC47714F44084FB217BFF55028A1AA2AF349508AD836660C0,com.lockwoodpublishing.avakinlife,2017010031,1981-01-01 01:01:02,2026-02-14 14:20:50.073293,100000000,2026-02-14T14:21:02.169468,"Avakin Life - 3D Virtual World
2.017.01",Lockwood Publishing Ltd,10 Feb 2026
881323153E0D97A1DD33B5E8041C6714A478DE9563072747F558DA1F56E658EA,ru.yandex.searchplugin,251206033,1981-01-01 01:01:02,2026-02-15 09:15:18.509716,100000000,2026-02-15T09:16:54.624663,"Yandex Start
25.126",Direct Cursus Computer Systems Trading LLC,13 Feb 2026
42B9C0F86C93C354B203B7CC658A7A1FC4B61B519C9AB72EE62B23284929D322,com.arena.banglalinkmela.app,1202001,1981-01-01 01:01:02,2026-02-15 16:03:04.590324,50000000,2026-02-15T16:03:46.171751,"MyBL (My Banglalink)
12.2.1",Banglalink,8 Feb 2026
09372DD61D71B0EE1F89AC2C1EAE615E98BD9004547AC5EACF451DC753CD30FA,live.shorttv.apps,2930,1981-01-01 01:01:02,2026-02-09 17:09:24.278357,50000000,2026-02-09T17:09:14.393302,"ShortMax - Watch Dramas &amp; Show
2.15.0",SHORTMAX LIMITED,21 Jan 2026
E4ABE02C837801A029B66F741B6B03C4F03E4102E8F02AC3FAB0035456F518F4,com.minibuu.princessphone,200096,1981-01-01 01:01:02,2026-02-26 17:06:31.249925,50000000,2026-02-26T17:08:00.173911,"Baby Princess Phone
2.6.1",Minibuu,2 Feb 2026
890C2154072384D5978E7ADDC6EC28282558DB7730202CD659FC7684EA59E799,com.Nokobot.FrozenHoneyASMR,2400,1981-01-01 01:01:02,2026-01-03 06:29:36.929388,50000000,2026-01-03T06:30:57.743713,"Frozen Honey ASMR
2.4.0.0",CrazyLabs LTD,22 Oct 2025
1263795A347F1B73EBBAF4E939009A4E9C88FC7161D74A8116507C2ADCB8794D,com.gpg.ninemonths,66,1981-01-01 01:01:02,2026-02-09 23:02:31.665487,10000000,2026-02-09T23:02:12.475563,"Idle 9 Months
1.41.7",Green Panda Games,29 Jan 2026
667E8738BACEE8AD0A0DBB381A07AEAF9E70F9CD8E1BEB8197938C4D57298275,com.git.carromking,135,1981-01-01 01:01:02,2026-02-27 00:48:28.293897,50000000,2026-02-27T00:48:59.029717,"Carrom King™
5.8.0.135",Gametion,23 Feb 2026
E761AF4E285D2F35EE39E0C48AF80DCB438CCACC81DB6A3FD4A7A9419249B523,com.digitalchemy.calculator.freefraction,20601050,1981-01-01 01:01:02,2026-02-05 01:20:07.820405,10000000,2026-02-05T01:20:23.019999,"Fraction Calculator Plus
6.1.5","Digitalchemy, LLC",25 Jan 2026
B8960D268A3596C9EC3F4C5159D2A4A31691BE26C244092BF279B9A2182AEF39,com.gotv.nflgamecenter.us.lite,1352680,1981-01-01 01:01:02,2026-02-09 17:07:25.874781,100000000,2026-02-09T17:09:14.174864,"NFL
60.0.24",NFL Enterprises LLC,16 Jan 2026
09723808464BD79C5EEB423A0E0489F02D4D6A9998D9452FF6A6026873CBE844,com.nike.snkrs,2026010811,1981-01-01 01:01:02,2026-01-13 15:20:58.376727,10000000,2026-01-13T15:16:07.530427,"Nike SNKRS: Shoes &amp; Streetwear
8.0.0","Nike, Inc.",8 Jan 2026
2BAB86C374A97DC7897AEAAF7DD4CC999E7E0EB5E72B5B9B3A93F06E434426F6,com.infraware.office.link,312,1981-01-01 01:01:02,2026-03-02 05:08:53.014887,50000000,2026-03-02T05:04:29.762209,"Polaris Office: Edit&amp;View, PDF
9.9.16",Polaris Office Corp.,26 Feb 2026
25282FD24CE2FB1A79E802E2ADDACE7880AF86AA7D41B2D7414A40116789415F,com.knights.bikesstunt.motomaster,194,1981-01-01 01:01:02,2026-01-26 10:50:48.065029,100000000,2026-01-26T10:51:46.076764,"Bike Stunt 3D: Motorbike Game
3.194",GAMEXIS,13 Nov 2025
084C41E5278B04F37088D60F46E7EE6DFAB72E530C988B4B179DB077B26A040C,com.playtika.wsop.gp,2013,1981-01-01 01:01:02,2026-02-20 15:29:42.670507,50000000,2026-02-20T15:31:44.708642,"WSOP Poker: Texas Holdem Game
13.2.1",Playtika,19 Feb 2026
053C70D370FDE4F234A73A8500B490C5C86F21DA0061D2D513944D2DC82BB652,com.kiloo.subwaysurf,88332,1981-01-01 01:01:02,2026-01-12 11:18:47.17455,1000000000,2026-01-12T11:27:34.566134,"Subway Surfers
3.57.1",SYBO Games,8 Jan 2026
C7ABF7CE0EFBEF74A3FF6000B4F0B2280F03CB74A03786F894B98103DD5C9631,com.quran.labs.androidquran,3630,1981-01-01 01:01:02,2026-03-02 01:56:31.926751,50000000,2026-03-02T01:57:03.595652,"Quran for Android
3.6.3",quran.com,24 Feb 2026
131AEA570CEE911BEDDE03D7B14BB57D514F5414AB228890D846868011DD524C,com.rovio.dream,68916,1981-01-01 01:01:02,2026-01-14 00:08:38.144014,10000000,2026-01-14T00:13:42.673811,"Angry Birds Dream Blast
1.99.1",Rovio Entertainment Oy,7 Jan 2026
0F199326F993F5287EB85833134F94736A919DAD18F5B751D0E45486705569A4,com.sweatwallet,5952,1981-01-01 01:01:02,2026-02-22 02:20:27.208971,10000000,2026-02-17T21:14:45.173541,"Sweat Wallet: Walk Into Crypto
152.0",Sweat Foundation,13 Feb 2026
1D4D59AEB10AA4F963393E5A922A6FF8EEBE9D5EC0B8EECDD2DE3DFA54CC7FE4,sun.way2sms.hyd.com,381,1981-01-01 01:01:02,2026-01-27 08:36:37.427155,50000000,2026-01-27T08:50:32.329436,"Way2News Daily News App
9.36",Way2News ( Formerly Way2SMS ),9 Jan 2026
08C22ED981EB069C00C459506C13EBB777C2ED85580B2D5A8FB22A6B301C4AD4,com.viber.voip,1274000,1981-01-01 01:01:02,2026-03-05 14:01:17.494933,1000000000,2026-03-05T14:01:20.206082,"Rakuten Viber Messenger
27.4.0.0",Viber Media,4 Mar 2026
15C7B90882C2FE6D3B654B27A5CEE48123AACB9429A34E9D5EC9FAD194412744,gallery.hidepictures.photovault.lockgallery,208,1981-01-01 01:01:02,2026-02-15 14:51:14.748981,50000000,2026-02-15T15:44:31.017772,"Gallery - Photo Gallery App
2.0.8",InShot Inc.,10 Feb 2026
576981A53E30C90CB3E897ECEE55905B9151D1F4C38C611BD1316C2B58283A85,com.halfbrick.fruitninjafree,84996100,1981-01-01 01:01:02,2026-02-12 18:21:40.648493,500000000,2026-02-12T18:22:03.394616,"Fruit Ninja®
3.93.1",Halfbrick Studios,10 Feb 2026
024695399800904610C173C0024BE62698753D7BDDB44F9D991241DB86BA5CDB,com.jewelblast.puzzlelegend,158,1981-01-01 01:01:02,2026-02-16 10:31:35.148017,10000000,2025-12-19T06:41:30.583724,"Dragondodo - Jewel Blast
158.0.0",DG&G,3 Nov 2025
7DB55DB372EC9F3C668FAE97D44C4154A608AF324CF0F717B6E7C3E6754BE305,br.com.rodrigokolb.realguitar,281,1981-01-01 01:01:02,2026-01-05 11:19:59.305757,50000000,2026-01-05T11:20:00.306220,"Real Guitar: lessons &amp; chords
8.37.4",Kolb Apps,12 Dec 2025
2D192F2B8CE741345BE8F4C1822806F4A17DD6D3C81FC41C516ACBDCB9E0ADAF,com.tencent.ig,20725,2025-12-25 08:05:30,2026-01-07 05:01:13.284772,1000000000,2026-01-07T05:01:13.712923,"PUBG MOBILE
4.2.0",Level Infinite,26 Dec 2025
85718AAF09ABE1C0DC478CA3335A829CB8CFC05AF2E67465336A46B9AEC1304A,glitchvideoeditor.videoeffects.glitchvideoeffect,2601006,1981-01-01 01:01:02,2026-02-14 12:07:19.369462,100000000,2026-02-14T12:05:42.734844,"Video Editor&amp;Maker - VideoCook
3.002.2",InShot Video Editor,10 Feb 2026
BD2AAD66A44D6F271E0F9AA0B29274B7562572B5416214937B1ED0F956D317B0,com.idoing.linefirefree,216,1981-01-01 01:01:02,2026-01-07 04:43:53.391723,50000000,2026-01-07T04:44:54.106622,"Gun Shot Fire War
2.1.6",FPS Shooter Game,17 Dec 2025
131D582A053F43480E2299700A61A0B08A3A890D185902908290F21E3E855F8F,com.playstudios.mykonami,44598,1981-01-01 01:01:02,2026-01-26 09:02:58.830749,10000000,2026-01-26T09:04:40.527871,"myKONAMI® Casino Slot Machines
1.129.0","PLAYSTUDIOS US, LLC",6 Jan 2026
807B3A6BE4BAC308FC41AF9034CEC52A5DEF4C83C05E6F23FDC0C323D0D83354,com.tripledot.woodoku,6991,1981-01-01 01:01:02,2026-02-02 17:22:44.723182,100000000,2026-02-02T17:21:48.467424,"Woodoku
4.10.00",Tripledot Studios Limited,20 Jan 2026
572B456CAC6F0B8F9272AF1080112205FAEE36240B644B024B12739F53D669AE,com.worldance.drama,51717,1981-01-01 01:01:02,2026-02-20 17:11:31.615943,50000000,2026-02-20T17:30:51.047135,"Melolo - Short Dramas &amp; Reels
5.1.7",POLIGON,10 Feb 2026
6C6B42741B0F9FFBAF15B1233D4C18D3014AA6EA41B46FA095537D972AC936A3,com.activision.callofduty.shooter,16807,1981-01-01 01:01:02,2026-02-15 16:39:41.982431,100000000,2026-02-15T16:41:22.021464,"Call of Duty®: Mobile
1.0.54","Activision Publishing, Inc.",4 Feb 2026
F2E2FF8E364F7539C5F7BF8B1A1015B3E64738E3241D6C517E3BE38748DE790F,com.samsung.android.app.watchmanager,2126010761,1980-01-01 00:00:00,2026-01-26 11:18:35.468027,1000000000,2026-01-26T11:18:41.973816,"Galaxy Wearable
2.2.68.26010761","Samsung Electronics Co.,  Ltd.",8 Jan 2026
0DB641BAA8B2A875267C026D2628AD2293DD7321835891C5EB44266BA81F60C2,com.gardenaffairs.affairsgp,17709974,1981-01-01 01:01:02,2026-02-24 06:07:55.499498,10000000,2026-02-24T06:11:18.139944,"Garden Affairs: Design &amp; Match
2.9400.102132339",Judian Technology International Pte. Ltd.,13 Feb 2026
34684F17525F7BE007F3A8B93B9DBBF30D83D9308B348CF5B63EB6EEA0D38794,com.colorswitch.switch2,1343,1981-01-01 01:01:02,2026-02-02 19:49:36.282764,50000000,2026-02-02T19:49:49.401858,"Color Switch - Endless Fun!
2.79",Color Switch Phoenix LLC,21 Jan 2026
29591D98D4DDC002CE0C2239109AB0C331E1D89C2D6CE3398EEBB52E8EA892A8,com.google.android.apps.photos,51384813,1981-01-01 01:01:02,2026-03-04 06:45:13.570849,10000000000,2026-03-04T07:03:11.750176,"Google Photos
7.66.0.876414181",Google LLC,1 Mar 2026
104F9C4B0DEF284F9106540AC36F4093E215E8D64CBA1181987A66717DF18AF7,com.matchingham.impossible.date.tricky.riddles,271,1981-01-01 01:01:02,2026-02-21 15:52:29.317188,10000000,2026-02-21T15:54:09.133801,"Impossible Date: Tricky Riddle
2.4.8",Pofuduk Games,10 Feb 2026
9291253FCACD9FD7FC0BB912B9C1274E046BDF8E1F55210F9A4FC3A2619005C8,ru.dublgis.dgismobile,282000609,1981-01-01 01:01:02,2026-02-24 13:18:19.109051,100000000,2026-02-24T13:16:37.205832,"2GIS: Offline map &amp; navigation
7.18.0.609.30",2GIS,5 Feb 2026
9AFD570335AF280BBFAEAB00862943F7069F86E0817CA69BE9385B423FD35676,com.streema.simpleradio,846,1981-01-01 01:01:02,2026-03-01 16:22:08.264515,50000000,2026-03-01T16:22:11.372238,"Simple Radio: Live FM AM Radio
6.1.6","Streema, Inc.",23 Feb 2026
21F97F75A4A8A1DEB74AFF857B8E5C3AB1204ED531AEA93EACFC31FB42B45A0B,com.michatapp.im,11420,1981-01-01 01:01:02,2026-01-27 20:52:56.569448,100000000,2026-01-27T20:54:14.058079,"MiChat - Chat, Make Friends
1.4.693",MICHAT PTE. LIMITED,14 Jan 2026
3EFF600EB3643AAFB6B370D770FCDAE2370CD027600C284F532523030E733507,com.supercell.clashroyale,130300024,1981-01-01 01:01:02,2026-01-08 17:53:32.479048,500000000,2026-01-08T17:43:45.007415,"Clash Royale
130300024",Supercell,5 Jan 2026
26AC9097A561275CE0BB29FECEF3E7CD40B9BD06B93AF37AD45C34B055C2B61B,com.yogaworkout.flexrun3d,25111021,1981-01-01 01:01:02,2026-02-10 02:14:32.690798,50000000,2026-02-10T02:15:04.047129,"Yoga Workout
3.6.2",ABI GAMES PTE. LTD.,10 Nov 2025
1889D51C384419ED16C1E1653425CE3554CF6F88877B3E7C6BD2AD02922FEB70,com.tfgco.games.sports.free.tennis.clash,18381,1981-01-01 01:01:02,2026-01-14 08:01:23.83394,100000000,2026-01-14T08:05:04.040033,"Tennis Clash: Multiplayer Game
6.25.0",Wildlife Studios,8 Jan 2026
A85933B4F71C1A2A8DBD9A1A9437A1A4F1BD3360B232DE4CD517DD8B3E4687E7,com.disney.disneyplus,177150352,1981-01-01 01:01:02,2026-02-20 22:13:17.298861,500000000,2026-02-20T22:13:24.778799,"Disney+
26.1.1+rc2-2026.02.19",Disney,19 Feb 2026
189EBCD74C26106D90B88019CF8E55F57699093A040948E30A4710500648134A,com.Seriously.BestFiends,2102110804,1981-01-01 01:01:02,2026-02-20 17:58:01.643439,50000000,2026-02-20T18:01:43.319871,"Best Fiends - Match 3 Puzzles
18.0.0",Playtika,17 Feb 2026
F5440F67217E9F71DBF76EAD680E7B91E6A14C465CF45813F45257D41A595E5E,com.atesgamestudio.rollance,164,1981-01-01 01:01:02,2026-03-03 04:38:32.810008,100000000,2026-03-03T04:40:15.237485,"Rollance : Adventure Balls
0.14.81",CASUAL AZUR GAMES,20 Feb 2026
C16C6FEC6E5737A5C18C5E4C448AC3C01F1186CE32DC20E615492FAD1B6C03A4,filerecovery.photosrecovery.allrecovery,71,1981-01-01 01:01:02,2026-01-03 05:07:33.600998,50000000,2026-01-03T05:08:08.679797,"File Recovery - Photo Recovery
1.4.1",AI Photo Team,18 Dec 2025
7C414EEBAB9177BB45CA368B1743F522371AC3E05F86A2534F20868386B66583,com.sinyee.babybus.shopping,8734400,1981-01-01 01:01:02,2026-02-10 01:35:16.074212,100000000,2026-02-10T01:35:22.336389,"Baby Panda&#39;s Supermarket
8.73.44.00",BabyBus,23 Jan 2026
1E983888A7969D781452618890BDFD66191BD0BAA347750169EA41DFF4D0F022,com.ahaworld.ahaworld,10224,1981-01-01 01:01:02,2026-02-22 06:04:46.619978,50000000,2026-02-22T06:05:47.066257,"Aha World: Doll Dress-Up Game
5.2.1",Aha World Ltd.,10 Feb 2026
002813FED29D189F240520E097AFEE71207CA53A02EA9ABC49E42416BB922A88,zahleb.me,402,1981-01-01 01:01:02,2026-02-07 19:40:14.473906,10000000,2026-02-07T19:41:58.574816,"Avidly: books, manga, fanfic
3.6.55","BUZZWORTHY VIBE COMPANY, LTD.",21 Jan 2026
5565F6578373450EB2BD003C24A21AF8DD9DF26197309C5F986C9B055F2E2EAD,com.hwqgrhhjfd.idlefastfood,14900,1981-01-01 01:01:02,2026-02-20 02:53:44.607208,50000000,2026-02-20T02:56:58.099364,"Eatventure
1.49.0",Lessmore UG,12 Feb 2026
0A2A2BC5702378AB724934A9C1B97488AD3F0B62B18CDA44282C5C01BA65F96E,com.hookah.sandboxinspace,309,1981-01-01 01:01:02,2026-02-25 19:32:52.670659,10000000,2026-02-25T19:43:07.636832,"Sandbox In Space
3.22.1",HOOKAH GAMES IT SERVICE L.L.C,19 Feb 2026
6F3119494CF41A2CA9C8002EC6B8CE3B4115AE471276D618E9F2988012874126,com.anghami,8000080,1981-01-01 01:01:02,2026-02-22 05:27:15.292192,50000000,2026-02-22T05:27:17.579788,"Anghami: Play music &amp; Podcasts
8.0.8",Anghami Technologies,7 Feb 2026
0C3963FA6E5B995D608C3844B5F9869E92121EC93E416E3E52526C8844EAD26C,ar.com.bancoprovincia.CuentaDNI,5185290,1981-01-01 01:01:02,2026-02-20 10:49:43.658433,10000000,2026-02-20T10:51:55.095492,"Cuenta DNI
7.14.0.51852",Banco de la Provincia de Buenos Aires,18 Feb 2026
00DB88A6D93C59D8BC3E7BD3922A77A21D39C5E180B707380F5CB50B513B5857,com.opera.app.news,138081638,1981-01-01 01:01:02,2026-02-17 14:57:26.503647,100000000,2026-02-17T14:58:32.049219,"Opera News: breaking &amp; local
13.8.2254.81638",Opera,13 Feb 2026
01AF903852304672A0990077E298A6D5A91DB8AF408589C31BC5BA48C33EB196,com.igg.android.doomsdaylastsurvivors,75103,1981-01-01 01:01:02,2026-02-17 00:37:16.938969,50000000,2026-02-17T00:46:50.153814,"Doomsday × Attack on Titan
1.54.0",IGG.COM,7 Feb 2026
43C9F25CC771A2B3F46B895709B0B695EF623721CCE8F8AAE610832396DBCEE7,com.clearchannel.iheartradio.controller,710610002,1981-01-01 01:01:02,2026-03-01 07:56:08.979967,50000000,2026-03-01T07:56:10.591804,"iHeart: Radio, Podcasts, Music
10.61.0","iHeartMedia, Inc.",24 Feb 2026
0FF6CF0F05125FEA4E997618F1E0D996546E8130B770676DD79076B184A3E170,com.freeletics.lite,26002001,1981-01-01 01:01:02,2026-01-26 17:02:42.779996,10000000,2026-01-26T17:03:38.121875,"Freeletics: Fitness Workouts
26.2.1",Freeletics,13 Jan 2026
028F41AD59C46767703C13BC198F615D5222A6D9FA4121C6623F64E632044817,com.fungames.flightpilot,5157,1981-01-01 01:01:02,2026-01-08 13:29:20.290106,100000000,2026-01-08T13:36:48.078490,"Flight Pilot Simulator 3D
2.12.9",Wildlife Studios,6 Jan 2026
0ADF36E37A755C05923EB40D0EA35E1BEF880B66AE17473AEEC3B4E8B203CCEF,org.nanobit.mystory,1643,1981-01-01 01:01:02,2026-02-01 02:40:43.009309,10000000,2026-02-04T16:40:31.351650,"My Story: Choose Your Own Path
6.13.1",Supercharge Mobile,20 Jan 2026
142732ECC3F86EC0BAD948063B75312CADB340E80266A53E30B75E3CE2A611F7,com.zapak.littlesinghamrun,512887,1981-01-01 01:01:02,2026-01-09 03:21:23.743181,10000000,2026-01-09T03:22:52.930773,"Little Singham
5.12.887",Zapak,24 Dec 2025
BCEF4B15410EE06B4F14D6D74007BE28E9AC4EAF4DEC60E68A092D41A889ED06,com.imangi.templerun,29440041,1981-01-01 01:01:02,2026-01-27 00:29:04.17567,500000000,2026-01-27T00:30:10.053564,"Temple Run
1.35.0",Imangi Studios,22 Dec 2025
003C3F28BA0053A99A0DCCC53009D198FB7B1DB735B3A1505847F0C089B7FD6A,com.kurogame.wutheringwaves.global,159500914,1981-01-01 01:01:02,2026-02-05 00:09:03.38441,10000000,2026-02-05T00:09:46.662750,"Wuthering Waves
3.1.0",HK KURO GAMES LIMITED,21 Jan 2026
10BC4DA838249E6F0DFA0576EFA9839DBCBE1385A83D719DEC5FF44EFCC074DA,com.calculator.lock.hide.photo.video,158,1981-01-01 01:01:02,2026-02-10 04:11:05.606101,50000000,2026-02-10T04:11:22.769449,"Calculator Hide Photo, Video
1.158",Applus Studio,20 Jan 2026
4A1407ECCCFEAF80B139624E15772F6F62599B7CEAD6650A2DDE4C2F96CFF3B4,com.marbleblast.zuma.marblegame,234,1981-01-01 01:01:02,2026-02-14 19:09:22.54762,50000000,2026-02-14T19:15:27.089529,"Bubble Shooter
234.0",JackJonesGame,26 Nov 2025
629747733FE6520C72BA3D0601A21C0BDA270D7BC81D627F64D83E75FD49CC13,com.nomonkeys.ballblast,3839,1981-01-01 01:01:02,2026-01-31 15:01:06.576518,50000000,2026-01-31T15:01:25.302897,"Ball Blast Cannon blitz mania
4.3",VOODOO,27 Jan 2026
0ED7C9FB9087AE1A12AB4549E4A99AE6E52BF5BDBBD2608FE5767F8E4EE4DE30,com.dragonplus.happyhospital,88,1981-01-01 01:01:02,2026-01-27 06:35:32.653229,10000000,2026-01-27T06:36:51.682232,"Happy Hospital®: ASMR Blast
1.0.85",DragonPlus Game Limited,21 Jan 2026
D8C5B550541522A192AE8C9879DEC36F4169F6AEFD19B45EA767E5093CBAC8DF,com.playgendary.creamaster,769,1981-01-01 01:01:02,2026-02-04 22:12:04.301647,100000000,2026-02-04T22:12:04.603123,"Perfect Cream: Icing Cake Game
2.5.4",CASUAL AZUR GAMES,19 Jan 2026
16C8AC2A427867249531231BF471E56D6413AFFB70A557CF4E209E41D36A03F5,vsin.t16_funny_photo,10508,1981-01-01 01:01:02,2026-01-31 16:07:39.7541,100000000,2026-01-31T16:08:39.277167,"Photo Lab Picture Editor &amp; Art
3.13.82",PHOTO LAB DMCC,29 Jan 2026
3074B6CFFD2C9D37B156745E128543355C1CA659195B148AD1E57F3969BB5D26,com.free.unblock.melon.vpn,43027,1981-01-01 01:01:02,2026-02-22 01:07:44.529511,50000000,2026-02-22T01:09:47.008962,"VPN ProMaster -Secure your net
4.3.027",Fruit Security Studio,4 Feb 2026
1E81A7B49A3AEA3C787A6887248F6E0AA2CF70C56E831597F091758FC06225A0,com.weplaydots.twodotsandroid,1805095459,1981-01-01 01:01:02,2026-01-08 22:06:47.304375,50000000,2026-01-08T22:08:29.787724,"Two Dots: Brain Puzzle Game
26.02.00",PlayDots,18 Dec 2025
06FA0CFF4B814440690F76FE80F2680FEAB8118CAA10B68BE08211D22C485ADB,de.hafas.android.db,240000620,1981-01-01 01:01:02,2026-03-05 07:37:00.880311,10000000,2026-03-05T07:37:02.076710,"DB Navigator
26.3.1",Deutsche Bahn,24 Feb 2026
110C34050FDAF3E32EF55733BDBD28A56A164D583BAB4B3397E0A9D5E3CA0C7A,br.com.tapps.cowevolution,300,1981-01-01 01:01:02,2026-02-01 07:42:20.897472,10000000,2026-02-01T07:42:55.054435,"Cow Evolution: Idle Merge Game
1.11.105",Tapps Games,23 Jan 2026
099F9D78B374C7B419C478FCB5F12E75C85AD1FD5482F9DA8175ACAA7213AD0C,com.hypgames.ultimategolf,671591,1981-01-01 01:01:02,2026-02-13 19:28:26.492436,10000000,2026-02-13T19:31:01.976454,"Ultimate Golf!
5.02.02",Miniclip.com,10 Feb 2026
4215ADA029960FD0DAF72DBC49692C32AB2BFDCBC9D5B12298BDD1CB9C510236,com.playstrom.dop2,236,1981-01-01 01:01:02,2026-02-17 21:23:36.023956,100000000,2026-02-17T21:23:38.598286,"DOP 2: Delete One Part
1.3.37",SayGames Ltd,30 Jan 2026
D26B20B976E37AE29735C8DB4F5E313A4F964ABBD41DE264583C134A200FC69E,com.playgendary.partymasters,579,1981-01-01 01:01:02,2026-01-12 07:41:11.216668,50000000,2026-01-12T07:39:43.540996,"Partymasters - Fun Idle Game
1.5.2",CASUAL AZUR GAMES,19 Dec 2025
1017676ACD2875EAE178A37C9F56224C5F3705786C401A37DEBAB656BB67BEFF,io.hyperhug.cube.slicer,612,1981-01-01 01:01:02,2026-03-03 15:31:04.992954,10000000,2026-03-03T15:42:36.418215,"Slice Masters: ASMR Game
1.0.612",HYPERHUG,22 Feb 2026
7CCA46444D36C79CC64D01FDF26061D26B3CE234E83CE099C05B8C2DC851E1CE,pdf.pdfreader.viewer.editor.free,122,1981-01-01 01:01:02,2026-02-09 14:21:27.710206,100000000,2026-02-09T14:26:54.428344,"PDF Reader - PDF Viewer
2.0.3",QR Code Scanner.,20 Jan 2026
2252CD228E19C6A8A30DF9D5E1437F6F1001BA2040A81FA5F2FCCF8D6268CAD2,com.themekit.widgets.themes,195,1981-01-01 01:01:02,2026-02-21 12:10:43.979864,50000000,2026-02-21T12:14:54.097645,"ThemeKit - Themes &amp; Widgets
19.5",ThemeKit,12 Feb 2026
111C87D4B2933694FAFDBEE6EE2B8A16B05A6881831C9FB7F2DADDD8ED205E83,faceapp.photoeditor.face.faceedit.faceeditor,36500,1981-01-01 01:01:02,2026-03-07 13:45:52.944074,10000000,2026-03-07T14:46:58.181127,"FacePic: Retouch, Photo Editor
3.6.5",Photo Collage & Grid - Foto Grid,5 Mar 2026
1495A5B178B7E2D228A18D2599017482C45D6DB6F94EA98F2D5AB8CEFB7C12EF,com.orangeapps.piratetreasure,2020000197,1981-01-01 01:01:02,2026-02-02 16:42:14.565587,50000000,2026-02-02T16:42:08.534520,"Pirate Treasures: Jewel &amp; Gems
2.0.197",TAPCLAP,29 Dec 2025
0AE477354984D6FA1277C9F136F8126A7D411862E8A58570C6168C4CE61C5297,com.mobirix.zombiefire,25120401,1981-01-01 01:01:02,2026-02-04 21:40:46.1449,50000000,2026-02-04T21:37:19.097965,"Zombie Fire
1.5.0",mobirix,3 Dec 2025
00D3DAF09BDC9FD3242722A27D50405F117B6BDEB5AF570AA3AA7D0F82153C00,com.viva.vivamax,202512191,1981-01-01 01:01:02,2026-01-06 23:50:50.650708,10000000,2026-01-07T00:20:12.160133,"Vivamax (VMX)
4.56.3","VIVAMAX, INC.",19 Dec 2025
F934A599CD8436ECAF01946032A17F76DDEBBFBA5E9AF1A0EAA3A5FAFCFA2801,com.gaana,1199,1981-01-01 01:01:02,2026-02-05 21:39:20.042893,100000000,2026-02-05T22:04:42.342027,"Gaana: MP3 Songs, Music App
8.55.5",Entertainment Network (India) Ltd.,24 Jan 2026
35BE18AA380DB10B699129F4FD2174F4B87A08CC38F959B0DB0B34ED3D7563CF,com.reliancegames.rschampions,686834035,1981-01-01 01:01:02,2026-01-29 14:48:00.803972,50000000,2026-01-29T14:49:26.653073,"RS Boxing Champions
80.80.103",Reliance Games,7 Jan 2026
07DF3F92B575B1131EADAC1B4AF8B0974828CC84EC62CDABAC2506CF6A789E24,qrcodescanner.barcodescanner.qrscanner.qrcodereader,81,1981-01-01 01:01:02,2026-02-17 23:30:17.86458,100000000,2026-02-17T23:52:44.495469,"QR Code Scanner &amp; Scanner App
1.6.3",QR Code Scanner.,5 Feb 2026
404AFF333878046D05569553ABE01CE8CF7EB6FFA4FA83893C6A7937A143957B,com.topfreegames.bikeracefreeworld,2026008642,1981-01-01 01:01:02,2026-02-20 05:30:34.551153,100000000,2026-02-20T05:30:35.582148,"Bike Race：Motorcycle Games
8.13.1",Wildlife Studios,12 Feb 2026
04ED11197701997401C1F6A787567CA157D42964FDC5F1038A4E03E15E4220FA,io.randomco.travel,80231,1981-01-01 01:01:02,2026-02-27 05:10:00.584355,10000000,2026-02-27T05:10:14.818505,"Travel Town - Merge Adventure
2.12.1450",Magmatic Games LTD,15 Feb 2026
074AAD500267A12F49179A1E3FE62508CDEF6D6711E1C007A1EB729F2E409D39,com.hyper.hundredmysterybuttons,42,1981-01-01 01:01:02,2026-02-27 06:25:18.82452,10000000,2026-02-27T06:25:05.589336,"100 Mystery Buttons - Escape
2.35",Panteon,13 Jan 2026
17AC9DE2A0464ABB8604EECD4B71AE728590CFA16161A125BAFCB33D78256CE4,io.state.fight,293,1981-01-01 01:01:02,2026-01-27 14:38:18.620204,50000000,2026-01-27T14:39:40.768496,"State.io — Conquer the World
3.4.0",CASUAL AZUR GAMES,16 Jan 2026
107767B3B29F0FC67E17F7AE422975D06275D6AA2A3F9D538CA54D020C3CE15E,com.dropbox.android,46220400,1981-01-01 01:01:02,2026-02-25 05:39:38.41649,1000000000,2026-02-25T05:39:40.001499,"Dropbox: Files &amp; Cloud Storage
462.2.4","Dropbox, Inc.",24 Feb 2026
0A2026E5731743C7ACECC46B18C6093FF9F565FF494B29A1D4D9D59C9C79604D,com.mwm.sampler,410641501,1981-01-01 01:01:02,2026-02-18 21:33:59.656254,50000000,2026-02-18T21:42:47.731208,"Beat Maker Pro - Drum Pad
4.15.01",MWM - AI Music and Creative Apps,13 Feb 2026
0AED6A7BBE42D8B11DB4780B4CAC0E7C3553F07E6ABAC67F1F527A1FCB366AA2,com.tumblr,1430200110,1981-01-01 01:01:02,2026-02-12 18:19:58.397815,100000000,2026-02-12T18:20:02.980102,"Tumblr Social Media &amp; Art Blog
43.2.0.110","Tumblr, Inc",6 Feb 2026
51A423BD91710074A5D0FFEAFA25F76D56B4253042EF533334ABA14388003188,com.riseup.game,200607,1981-01-01 01:01:02,2026-02-21 13:39:24.748309,100000000,2026-02-21T13:39:13.184303,"Rise Up: Balloon Game
300000.9.10",CASUAL AZUR GAMES,10 Feb 2026
18FE6283F85A6DB169246165026756C58F419D2DD1CEB46168618EFD34D3D8CF,com.GybeGames.FillTheFridgeTest,1983,1981-01-01 01:01:02,2026-01-11 02:56:15.269218,50000000,2026-01-11T02:56:07.718957,"Fill The Fridge
69.1.4",Rollic Games,6 Jan 2026
65A0899C1E56C22B2B331204AC0895019DF691E2382E24AD3DA64E29FC931A17,com.cardfeed.video_public,8010759,1981-01-01 01:01:02,2026-01-28 18:26:56.658316,100000000,2026-01-28T18:41:21.557139,"Public - Indian Local Videos
2.71.9",Public app,14 Jan 2026
0EBE60DC9FA47A59345B9B1D1EBCA0BACE8DCB3B12EBDDCB13ECDBBAB44145B7,com.thankyo.hwgame,1335,1981-01-01 01:01:02,2026-01-26 20:43:37.95199,50000000,2026-01-26T20:45:07.827763,"StreamKar - Live Stream &amp; Chat
9.18.0",Tipping Points Technology Ltd.,22 Jan 2026
738EFDDE33F57F1258E281281D93F813AB91750FCF4F89376D99B651A16B560B,com.naturalmotion.customstreetracer2,6305201,1981-01-01 01:01:02,2026-02-10 02:11:19.757137,50000000,2026-02-10T02:11:32.596525,"CSR 2 - Drag Racing Car Games
6.3.0",Zynga,2 Feb 2026
0AA0A85EB3C9DE5CDCABFA51E8438930E052648117C1B92EF9DA0AFDE4C5C7E5,ro.emag.android,310,1981-01-01 01:01:02,2026-02-24 19:59:45.125324,10000000,2026-02-21T00:45:36.670291,"eMAG: Cumpărături online
4.41.0",eMAG,19 Feb 2026
11C42E4AAC33B27EAFEDAA11762220E28AE83857B87265C558DD6B814A106BF3,com.ilmeteo.android.ilmeteo,27531,1981-01-01 01:01:02,2026-01-31 16:21:38.568532,10000000,2026-01-31T16:22:50.495951,"TheWeather: weather forecast
2.75.3",ILMETEO srl,30 Jan 2026
E06BC8C09C826AE1ECADA9F7AF4E751AEE67448109BBD47CF22B777A17737B48,com.ahoygames.okey,1320,1981-01-01 01:01:02,2026-02-10 04:37:21.787474,50000000,2026-02-10T04:37:12.045601,"Okey
4.13.0",Ahoy Games,2 Feb 2026
FA6628E7582778D4AA929F79F53D9F2849A699DBC88D992BB0DF5BE053C93935,mypoin.indomaret.android,235,1981-01-01 01:01:02,2026-01-27 03:46:38.516255,10000000,2026-01-27T03:46:55.220334,"Indomaret Poinku
3.40.1",PT. Indomarco Prismatama,20 Jan 2026
BB08F32773E482CC96FEEA1CCD9986FE9F1E5E28DB51729442B5CF88FA1C9CF5,vinkle.video.editor,11060,1981-01-01 01:01:02,2026-01-03 16:10:13.464206,100000000,2026-01-03T16:12:56.791922,"Beat.ly: music video maker
2.48.11060",Mivo studio,23 Dec 2025
248A0DBCCE73AF0FD53C57854CCF8622E2C2C438F2E76708EEDD540A1645D366,com.playflix.kick.breakragdoll.games,64,1981-01-01 01:01:02,2026-02-22 02:31:13.541293,50000000,2026-02-22T02:37:52.160309,"Kick &amp; Break The Ragdoll Games
10.5.0",Game District LLC,17 Feb 2026
0C31A6EE32E6379E1A975E3E7625586C2EA916224DE1076531EAB88A05F24D1A,com.transsion.phoenix,6275,1981-01-01 01:01:02,2026-01-05 21:29:14.156061,1000000000,2026-01-05T21:29:16.942223,"Phoenix - Fast &amp; Safe
20.3.1.6275",Colorful Point,4 Jan 2026
141B23C6B56505FA6A799203DDB4EC26F20311D7D6E0EA285F861390DFAF14AB,com.taxis99,1406580610,1981-01-01 01:01:02,2026-02-14 12:14:34.235876,100000000,2026-02-14T12:16:41.254100,"99: Rides, Food, Pay
6.58.6",99 Tecnologia LTDA,6 Feb 2026
F5D2CAA09AE6D69C4320A649961D4548DC19FDEE0B825B187CCBA3A365F92CAA,com.yg.bike.racinggame,190,1981-01-01 01:01:02,2026-01-26 12:43:25.807616,50000000,2026-01-26T12:43:16.849827,"Motocross Bike Racing Game
1.9.0",SUPERIOR  STUDIO,21 Jan 2026
5370C544A339CE5EC1D733F4C06DF08EC8FE81BE6ADADA23A13786A8E7C452EF,com.cuvora.carinfo,525,1981-01-01 01:01:02,2026-02-16 05:14:44.220821,50000000,2026-02-16T05:19:43.307356,"CarInfo - RTO Vehicle Info App
7.98.0",CarInfo - Challans| FASTag | Buy & Sell Cars,6 Jan 2026
F33B917E22CBCD5E36B20709AAF9A84A6BBEF16A4AFAF3CEAEC954243263F42C,com.muso.musicplayer,103090000,1981-01-01 01:01:02,2026-02-16 03:15:33.846949,50000000,2026-02-16T03:29:54.471398,"Offline Music Player App- Muso
1.3.9",BEABLE TECHNOLOGY,9 Jan 2026
47502BD337611E6BEBDBC77AD72728288309A43F67301BEDA21C34FAA92BFCD5,com.cdg.tictactoe,108,1981-01-01 01:01:02,2026-03-05 09:09:20.974063,100000000,2026-03-05T09:10:03.150551,"Tic Tac Toe - 2 Player XO
1.0.108",CDT Puzzle Studio,3 Mar 2026
030C8830CCC7B6F78BDBA191F31944EFF4E18D33E0723A27C234B90CB82804F2,com.joom,5001216,1981-01-01 01:01:02,2026-03-03 07:06:36.280947,100000000,2026-03-03T07:05:14.534121,"Joom. Shopping for every day
4.197.0",Joom,27 Feb 2026
3D402EEC699D70F9B2EF9B20CCF6955F691927F8A76CBB10A67171E804A5B495,com.dysugar.jewels.prince,567,1981-01-01 01:01:02,2026-01-13 06:57:37.717974,50000000,2026-01-13T06:59:59.861782,"Jewels Classic - Crush Jewels
5.6.6",IVYGAMES,28 Dec 2025
0736F4E67EFE2995A73F62314B5C5795719A5F84D4A2E19E4C09BEB8074CDBFC,com.starbucks.mobilecard,36646,2026-02-06 17:20:08,2026-02-13 15:07:39.167737,10000000,2026-02-13T15:14:41.867385,"Starbucks
6.115.2",Starbucks Coffee Company,6 Feb 2026
0CD97CB15ADD96AE1413B154FDC3F9246BE5EC882F577D07188AFA551F21F256,com.simejikeyboard,1047,1981-01-01 01:01:02,2026-01-01 04:03:15.885456,100000000,2026-01-01T04:03:48.610733,"Facemoji AI Emoji Keyboard
3.6.1",Nexileap,25 Dec 2025
8B20DC1AB16BB3A068991D94024AD9B578A91D65F92A9D98EB1AAA4438E0C648,qrcodereader.barcodescanner.scan.qrscanner,60,1981-01-01 01:01:02,2026-02-15 00:14:28.239244,50000000,2026-02-15T00:16:31.613390,"QR Scanner: Barcode Scanner
2.7.0",Simple Design Ltd.,23 Jan 2026
35A4DBBA349E8E6AB249B62B7A8B30D51053649046258B52F1F7338B12A53042,com.easybrain.block.puzzle.games,31801002,1981-01-01 01:01:02,2026-02-04 22:21:53.102589,100000000,2026-02-04T22:22:53.384585,"Blockudoku - Block Puzzle Game
3.18.1",Easybrain,3 Feb 2026
1FB8BBAC551C2BB67347611037E511122646E638501B71861AABC7F1F0A2D170,com.miui.player,5481,1981-01-01 01:01:02,2026-02-15 23:22:06.208774,1000000000,2026-02-15T23:22:07.474889,"Mi Music
9.34.02.020916i",Mi Music,9 Feb 2026
AF775B8A9DA21ACB040D27EE09FAEB61A4D703A21D118A0F014BE13775C30F6C,com.creative.sandbox.number.drawning.coloring,350204,1981-01-01 01:01:02,2026-02-14 17:57:30.996334,50000000,2026-02-14T18:00:05.503830,"Color by Number ®: No.Draw
3.5.2",Creative APPS,27 Jan 2026
DDD110AFAD1C696D2EADE9C6C9BE6D869B6076531E567F35406D4C80F1E53222,com.tcl.browser,806040,1981-01-01 01:01:02,2026-02-04 22:07:31.031709,50000000,2026-02-04T22:09:36.361078,"TV Web Browser - BrowseHere
8.06.040_69a6b41_260129_gp",TCL Group,29 Jan 2026
387366E5570EA61209FA61D904426572F11C6FFE795851DF27CB1A0C287C774D,com.parkourrace.game,1090891,1981-01-01 01:01:02,2026-01-07 22:58:36.560024,50000000,2026-01-08T17:28:58.133099,"Parkour Race - FreeRun Game
1.14.4",Madbox,15 Dec 2025
1C91773730E71A7149B748372D3215BC616D77C925E62F1426CEB425C406DE02,beatmaker.edm.musicgames.PianoGames,235,1981-01-01 01:01:02,2026-02-15 06:44:02.784258,100000000,2026-02-15T06:44:05.313770,"Piano Fire: Edm Music &amp; Piano
1.0.235",Adaric Music,4 Feb 2026
030221E3E81B70C6F872CA37EC44B74C7C4A8F9AF816126C76F59EDF7819D005,com.Upperpik.HairChallenge,943,1981-01-01 01:01:02,2026-02-14 21:34:05.109197,100000000,2026-02-14T21:38:54.201075,"Hair Challenge
43.3.1",Rollic Games,12 Feb 2026
14389758E5CFB278827DD7BDC71E4CF1B3ECD67A3080375A4424BE289C4849DA,jbl.stc.com,260109165,1981-01-01 01:01:02,2026-02-06 00:12:22.882558,10000000,2026-02-06T00:12:23.274757,"JBL Headphones
5.34.7","Harman Consumer, Inc.",9 Jan 2026
4FCA3FCD7D1456AED227BCBF838AD81366CBBC97083CE0F8AA2FC7189D15D77C,com.cnn.mobile.android.phone,18160194,1981-01-01 01:01:02,2026-02-20 19:26:34.955839,50000000,2026-02-18T21:09:34.083661,"CNN: Live &amp; Breaking News
26.4.0",CNN,6 Feb 2026
A3F8C413D81375CF2E77C2F3A7DF5B41185187364760F7D2731EBC98F6EC01D3,com.viki.android,77700,1981-01-01 01:01:02,2026-03-02 01:28:54.831688,100000000,2026-03-02T01:47:50.748277,"Viki: Asian Dramas, Movies, TV
26.2.0","Viki, Inc",18 Feb 2026
F7B0F74AA322FD1CC78BD954AFF5E7F57507ECD14DD882949D2E9EF25D05D0A4,freeplay.crowdrun.com,829,1981-01-01 01:01:02,2026-02-20 09:22:06.545826,100000000,2026-02-20T09:37:27.013348,"Count Masters: Running Games
1.100.1",Freeplay Inc,17 Feb 2026
964C6EA34F1E0960363DE5D7FED465CD50F49BAE26D05BCEA54EB22A5FB94D6D,com.dino.moto.race.master,148,1981-01-01 01:01:02,2026-01-26 12:49:54.048148,50000000,2026-01-26T12:51:13.817886,"Bike Race: Racing Games
1.148",iKame Games - Zego Studio,19 Oct 2025
1A8211A1A56E31D50DB619CD1693055D749381C40542CEBB1457142BCD0FADE7,com.rubygames.slingdrift,36078,1981-01-01 01:01:02,2026-02-10 02:24:42.196183,50000000,2026-02-10T02:26:15.616567,"Sling Drift
5.8.2",CASUAL AZUR GAMES,20 Jan 2026
004147111EBC7006D8A5C85D5F2CA0DD895737C85559BCC181AEB2F056544BAF,com.color.busfrenzy,931,1981-01-01 01:01:02,2026-01-03 04:06:01.951402,10000000,2025-12-31T07:12:52.809283,"Bus Frenzy - Traffic Jam
9.31",CrazyLabs LTD,26 Dec 2025
6822FA4825D0CF9204A9FDB4E795D1796975D1C552D1F06B445AF1868149F41B,com.gameloft.android.ANMP.GloftOLHM,22824,1981-01-01 01:01:02,2026-01-26 16:58:04.186436,50000000,2026-01-26T16:58:52.685110,"Gangstar New Orleans
2.2.8a",Gameloft SE,8 Jan 2026
150F889CBCC47FA9C11BFAEB413E408075FA13E0E1E7750299324F4A4D33CAA5,sg.bigo.ludolegend,1526,1981-01-01 01:01:02,2026-01-10 11:29:33.009068,50000000,2026-01-10T11:39:01.580844,"Ludo Talent - Game &amp; Chatroom
3.1.1",Spring Technology Pte. Ltd.,9 Jan 2026
6FE674DA999F0B2C10B9E8C5FD6B3A592A01EA5D92FB71D5A3027454573FCCC8,com.bagatrix.mathway.android,22273,1981-01-01 01:01:02,2026-03-03 06:55:00.889018,50000000,2026-03-03T06:55:56.128127,"Mathway
6.8.0","Chegg, Inc.",24 Feb 2026
36774CC35D64800C74642A0088865FE4F24AC60A84881FF787A24F0A3E5BB708,com.cricbuzz.android,1521070001,1981-01-01 01:01:02,2026-01-10 04:11:28.777385,100000000,2026-01-10T04:15:04.565489,"Cricbuzz - Live Cricket Scores
7.00.01",Cricbuzz.com,8 Jan 2026
25C0A827E2B4DE0378F885F0736F7C211EFA616AE21E2B93E85B4DA649929894,com.teamviewer.quicksupport.market,1574054,1981-01-01 01:01:02,2026-01-31 14:25:59.509487,50000000,2026-01-31T14:30:05.497773,"TeamViewer QuickSupport
15.74.54",TeamViewer,24 Jan 2026
2906CC04176EAFAD3423637A8339AE2D473E5B64DD783B3266A6D8449A7C1D75,com.budgestudios.googleplay.HotWheelsUnlimited,3634,1981-01-01 01:01:02,2026-02-07 21:02:47.309648,50000000,2026-02-07T21:04:19.884656,"Hot Wheels Unlimited
2026.1.0",Budge Studios,30 Jan 2026
05528F5EE2215A40975F9B88D774191C26ACD1649E89F4D5DE64EE896AA97A83,com.hulu.plus,60010101,1981-01-01 01:01:02,2026-02-21 04:31:50.837938,100000000,2026-02-21T04:32:54.362055,"Hulu: Stream TV shows &amp; movies
6.22.0+14562513-google",Disney,11 Feb 2026
4F4846FEA88A5D1DA8C430DFBC841285C947C44C5E506385573824BDD7B37777,com.amazon.mShop.android.shopping,1241312016,1981-01-01 01:01:02,2026-03-06 10:02:36.946227,500000000,2026-03-06T10:14:09.344303,"Amazon Shopping
32.5.0.100",Amazon Mobile LLC,25 Feb 2026
7C7D6B9257F1D1C16FE1149C44419307954D5395D56A7D11F7239233A3838737,com.blockpuzzle.jewel.diamond,20250,1981-01-01 01:01:02,2026-02-01 15:47:16.152445,50000000,2026-02-01T15:49:06.591696,"Block Puzzle Gem: Jewel Blast
1.29.9",Lynn Mobile Puzzle Games,12 Jan 2026
595C75570040E6751757D6961A06E69382C18C255F41860B2B8F18B9DCA1E36A,com.microsoft.bing,440107002,1981-01-01 01:01:02,2026-01-08 12:24:14.116198,100000000,2026-01-08T12:26:54.963644,"Microsoft Bing Search
32.7.440107002",Microsoft Corporation,6 Jan 2026
0358296BB7040DB2100ADB6D0BBC7E2D66291DD38F0CA2D4879A6FA71336FF94,com.match.android.matchmobile,441,1981-01-01 01:01:02,2026-01-27 18:15:05.270483,10000000,2026-01-27T18:22:52.848015,"Match Dating App : Chat &amp; Meet
25.15.00","Match Group Americas, LLC",17 Dec 2025
BF65F88BDB856D9312664B6D75E73242D092D1E61A7713BE7C0BBA8251C43681,com.rstgames.durak,99,1981-01-01 01:01:02,2026-02-20 11:47:47.160474,50000000,2026-02-20T11:44:55.965268,"Durak Online
1.11.1",Magic Board,5 Feb 2026
44BCCFF9F017EA147B506A31009878016D0192BD3BB0B9BFD9E9354194DB255A,com.mmircil.cnb2,555311,1981-01-01 01:01:02,2026-02-22 08:22:40.301226,100000000,2026-02-22T08:22:54.199272,"Crafting and Building
1.21.131.1",GeneRe,21 Feb 2026
036E3452329767C5046C846E318A711EAD3C08275A41522AF143FBC57956AA2B,org.fxclub.libertex,24480,1981-01-01 01:01:02,2026-02-05 11:02:42.117965,10000000,2026-02-05T11:04:54.460422,"Libertex: Trade &amp; Invest
2.54.0",Libertex International Company LLC,19 Jan 2026
173DC1E20BB27D4AFDFB458E3A49C5374ECC98646B4F6C3B53500EA52AB85722,com.dreamplug.androidapp,50600007,1981-01-01 01:01:02,2026-01-29 10:14:25.749017,50000000,2026-02-04T16:40:15.371097,"CRED: UPI, Credit Cards, Bills
5.6.0.7",Dreamplug Technologies Private Limited,14 Jan 2026
601C89C821C499EF9C96C588A1F6815F804ABEACB6CC315D825F50D5474287F4,com.google.android.stardroid,1594,1981-01-01 01:01:02,2026-03-02 18:44:05.079041,50000000,2026-03-02T18:44:26.538552,"Sky Map
1.11.1:Venus",Sky Map Devs,23 Feb 2026
14BA505F1C91D8538C88C478FDC7C0A250432A436C5AB2845D02835730954A0C,com.bitmango.go.linepuzzlepipeart,399,1981-01-01 01:01:02,2026-02-12 17:44:17.736887,10000000,2026-02-12T17:45:53.111046,"Line Puzzle: Pipe Art
26.0210.00",BitMango,5 Feb 2026
01186205B863B34B6F7B120DE5AD282BE6A5832FCFDA914F2FDEC2DA68447DAA,com.adobe.reader,1931242837,1981-01-01 01:01:02,2026-02-03 23:57:18.395873,500000000,2026-02-03T23:57:13.531184,"Adobe Acrobat Reader: Edit PDF
25.12.3.42837",Adobe,2 Feb 2026
53899D14296C88C54F236BABBDF9BC11D465703493E52866E64CDAF06229C409,net.peakgames.match,61035,1981-01-01 01:01:02,2026-02-09 16:09:57.141668,10000000,2026-02-09T16:11:31.355426,"Match Factory!
1.61.35",Peak,5 Feb 2026
0AA21D112A2FAF10C5BA09960DF3B58F30853D5B3D23F67DA4572F41E2CF1BD8,mobi.charmer.collagequick,304,1981-01-01 01:01:02,2026-01-11 16:02:47.686672,10000000,2026-01-11T16:24:45.408421,"Grid Photo Collage Edit, Video
9.3.0",MyMovie Inc.,9 Jan 2026
0373FE7B965ED2AEA0341A19EE9726BC3E52C71F52A68BA484D7FF0D07034117,in.playsimple.triple.tile.matchgame.pair.three.puzzle.object.royale,490,1981-01-01 01:01:02,2026-03-07 21:03:27.433882,10000000,2026-03-07T21:07:44.919131,"Tile Match puzzle - Tiletopia
1.490.0",PlaySimple Games,4 Mar 2026
6EE63243BB34E02A84B8AED0F381CAD606FAAC73EEFF2EB47C1F3B02C2A466C0,com.happykamp.aquariumland,1205,1981-01-01 01:01:02,2026-02-14 14:49:58.476921,50000000,2026-02-14T14:50:58.234719,"Aquarium Land — Fishbowl World
2.11.0",Homa,27 Jan 2026
8C555D2B013AA5DD3B04A79CBA869759297BDB014C3DC014F0F9CC0F5AFC9CA9,com.aim.racing,73746,1981-01-01 01:01:02,2026-02-13 17:31:27.454722,500000000,2026-02-13T17:41:37.654757,"Extreme Car Driving Simulator
7.8.4",AxesInMotion Racing,10 Feb 2026
6D1BDC5A89BD9C7C7729E96E4285F426B960BA302CE5B711D5F5EB2C4699AB5C,com.google.android.apps.restore,994508,1981-01-01 01:01:02,2026-03-07 16:34:03.847155,10000000000,2026-03-07T16:35:22.625139,"Android Switch
1.0.872357473",Google LLC,19 Feb 2026
0435AC497E4C7E038F189AC11D97927433BC30FD8CDBD730C9025A66D34BB042,com.taggedapp,22000,1981-01-01 01:01:02,2026-02-27 01:27:16.075471,50000000,2026-02-27T01:27:54.991745,"Tagged - Meet, Chat &amp; Dating
220.0",Ifwe Inc.,20 Feb 2026
17F57A15F1D51071EFBEAFD69C4A63C07E315DA9A67559833F78F481EAB39FC3,com.football.soccer.league,177,1981-01-01 01:01:02,2026-01-10 21:31:57.990067,100000000,2026-01-10T21:32:05.457197,"Football League 2026
0.1.77",MOBILE SOCCER,8 Jan 2026
20CEB1173516F91C7FA3EC42666DF643B0D51B39ED5877D40ACA6D9FBB30FCD0,com.ikeyboard.theme.neon.love,1005,1981-01-01 01:01:02,2026-01-04 07:41:03.390002,100000000,2026-01-04T07:40:11.897578,"Neon Love Themes
10.6.2.1219",Delicate theme for Android App,19 Dec 2025
979F0F00E6E37528C17EAC9F5D7A8A5BE556DD07BB3E01CD29FEFD9CE512355F,com.king.bubblewitch3,1001101000,1981-01-01 01:01:02,2026-02-26 22:36:25.834377,100000000,2026-02-26T22:40:45.935351,"Bubble Witch 3 Saga
10.11.1.0",King,25 Feb 2026
0F210FD19EF2DF2E4C63F3744C1943D58A28D65B0FC814BF08BA02F148E74AD5,com.google.android.apps.adwords,20147367,1981-01-01 01:01:02,2026-03-02 11:07:36.803799,10000000,2026-03-01T15:23:30.898747,"Google Ads
3.24.872399816",Google LLC,19 Feb 2026
1D5C33B9479532F457A6B1FE4C1E472A423343DFA62183FE822E6D91150EBE5C,com.ea.gp.fifamobile,40254,1981-01-01 01:01:02,2026-02-04 00:12:17.474152,500000000,2026-02-04T00:12:22.937979,"EA SPORTS FC™ Mobile Football
26.1.04",ELECTRONIC ARTS,2 Feb 2026
54B1EAA17C74B86CE826C1B09A76472CA7AB10C56F508318D7C697A65B9031A9,com.tplink.tether,752,1981-01-01 01:01:02,2026-03-04 23:58:14.502964,50000000,2026-03-04T23:59:13.115340,"TP-Link Tether
4.12.212",TP-LINK SYSTEMS INC.,13 Feb 2026
0664F445223EBF8035CCD992BD5FD12589BAA26739B6D3EF594B13F0FBFB9E81,com.comuto,340000557,1981-01-01 01:01:02,2026-02-05 01:12:46.13195,100000000,2026-02-05T01:13:09.896560,"BlaBlaCar: travel by carpool
5.237.0",BlaBlaCar,30 Jan 2026
1218F4C93319A5CBC0DA8766B83C46789EC7310F35879AE180F887770D5EB2B7,co.blocksite,31550,1981-01-01 01:01:02,2026-02-01 04:34:19.812044,10000000,2026-02-01T04:34:16.074049,"BlockSite: Block Apps &amp; Focus
2.9.9.2.9550",BlockSite,15 Jan 2026
0A411620EFD21E81439C47D66AE45C30AE4833B8B9AA9AC04033BBE75AAEE0D8,com.rvappstudios.math.games.kids.addition.subtraction.multiplication.division,242,1981-01-01 01:01:02,2026-02-01 17:14:23.689577,10000000,2026-02-01T17:15:20.268467,"Math Games: Math for Kids
1.9.9",RV AppStudios,30 Jan 2026
D630F1594DDF99205EDE06602B22A44AB789A065A4EE9F421C8598817F24B1E6,com.tmob.AveaOIM,354,1981-01-01 01:01:02,2026-02-27 06:16:10.131404,50000000,2026-02-27T06:16:01.351627,"Türk Telekom
10.5.0",TT Mobil İletişim Hizmetleri A.Ş.,6 Feb 2026
8B333B493BEA46FE58374F37C69887A20472DF25FF4B8EAAC665AEE32DA1FF8F,com.trustedapp.pdfreaderpdfviewer,1244,1981-01-01 01:01:02,2026-02-18 01:51:49.235434,50000000,2026-02-18T02:30:31.020168,"PDF Reader: PDF Viewer &amp; Ebook
5.2.8",TrustedOffice,13 Feb 2026
F81804C26E939FFDF79A9D8B55542C376EE0FDC3D298C4A5A33EFC32751F0B22,com.microsoft.office.officelens,2004969699,1981-01-01 01:01:02,2026-01-07 14:59:16.74698,50000000,2026-01-07T15:10:28.585991,"Microsoft Lens - PDF Scanner
16.0.19628.20008",Microsoft Corporation,4 Jan 2026
0EA0E9F1C888A80A5E022EB93AD4DDC0317EF9EA76E1612F5F8032B77309F825,com.digitalchemy.calculator.freedecimal,20801080,1981-01-01 01:01:02,2026-02-05 01:16:22.233462,50000000,2026-02-05T01:16:36.815904,"Calculator Plus with History
8.1.8","Digitalchemy, LLC",12 Jan 2026
C15AF3CB5FB2B9922838838F7169F24148FF4A5C2616E19FFB3D5C3B1BEBD49F,com.hwg.sos,1445,1981-01-01 01:01:02,2026-02-14 07:05:43.039111,50000000,2026-02-14T07:15:52.853549,"Brain Wash - Thinking Game
1.35.16",SayGames Ltd,12 Feb 2026
85196E8EFDFD4CAF91D17E2EFA1E0D8F1D9A89891C9A68C2FCA24FBA5760A69E,deezer.android.app,9000704,1981-01-01 01:01:02,2026-02-12 18:18:53.783788,100000000,2026-02-12T18:20:02.730953,"Deezer: Music &amp; Podcast Player
9.0.7.4",Deezer Music,9 Feb 2026
3BC30EA99411009B64F07001005C6E5E540BA6DC7FCF261D7663AAEA9653FC08,com.slacker.radio,50822,1981-01-01 01:01:02,2026-02-19 15:08:20.959697,100000000,2026-02-19T15:14:03.494663,"LiveOne: Stream Music &amp; More
9.16.2",Slacker Inc.,27 Jan 2026
12A23D99C84F9A2CB2CEDD4C61136A4347BB3DD354E4C960AC4BBDBC4A782A34,com.readygo.barrel.gp,2411,1981-01-01 01:01:02,2026-01-14 07:42:45.575918,10000000,2026-01-14T07:48:34.301648,"Last Z: Survival Shooter
1.250.692",Florere Game,10 Jan 2026
8541E937359EF0EE7C76F559AEC980AC92CE6A8444F773C80EADA9428836C338,com.wetter.androidclient,1515274700,1981-01-01 01:01:02,2026-02-26 05:12:24.059162,50000000,2026-02-26T05:11:20.302358,"weather24 - Forecast and Radar
2.74.7",wetter.com Group GmbH,23 Feb 2026
21B3901DE685778C846E25763EF94350499A762A3585D6BEDC7D1E3454D8E482,com.fungames.battletanksbeta,38378,1981-01-01 01:01:02,2026-01-26 12:39:10.286824,100000000,2026-01-26T12:39:33.362635,"War Machines：Tanks Battle Game
8.63.0",Wildlife Studios,20 Jan 2026
07EDAD3C75E5C4E2928254BE1DB9D232507B49DB596B21E006827EFE77CD4F55,de.gmx.mobile.android.mail,405171,1981-01-01 01:01:02,2026-02-25 23:47:08.353755,10000000,2026-02-25T23:51:18.804662,"GMX - Mail &amp; Cloud
9.2.1",GMX,19 Feb 2026
7B73097892C50FCF662A64017439AEAE045B3D8F3C17B4C5F6FEB3C1175BAD35,com.xiaomi.smarthome,11020700,1981-01-01 01:01:02,2026-03-05 02:03:33.985906,50000000,2026-03-05T02:05:14.649490,"Xiaomi Home
11.2.700","Beijing Xiaomi Mobile Software Co.,Ltd",1 Mar 2026
24FCDFE1FEECFD1CA93EA7984504D19D6CB7BB1F10715B3366449F3FDABE72CB,com.banglalink.toffee,200,1981-01-01 01:01:02,2026-01-11 08:18:33.6415,50000000,2026-01-11T08:19:41.422243,"Toffee - TV, Sports &amp; Movies
8.6.0",Banglalink,23 Dec 2025
37D6BB5CC1BD87FB4F731F73F595B6CBD47F72DA4A3F6BFE7B274D4A9AF95BBF,com.playcreek.DeathWorm_Free,319,1981-01-01 01:01:02,2026-02-18 21:57:17.963515,50000000,2026-02-18T21:58:58.887889,"Death Worm™ - Alien Monster
3.0.019",PlayCreek Games,12 Feb 2026
9AFD01ACCCBAF57B2E89E9599FDCD37BA654E7744848CC1E17F6A3344E1275E2,com.pixlr.express,38302,1981-01-01 01:01:02,2026-03-02 02:48:34.372285,100000000,2026-03-02T02:56:22.177889,"Pixlr AI Photo Editor
3.8.3",Pixlr Pte Ltd,27 Feb 2026
61A7850B8080E8886DA788275BDF603F7A99775693BCA6F4C9401666A4722B7D,hd.video.downloader.app.hdvideodownloaderapp,40,1981-01-01 01:01:02,2026-01-29 11:30:37.383749,100000000,2026-01-29T11:32:14.761959,"HD Video Downloader App
1.4.0",Leap Fitness Group,22 Dec 2025
7245146876F9545A0AB4FDA33E803E5794609824D1A03CD091324E95ACFAAD05,com.bigduckgames.flow,50901,1981-01-01 01:01:02,2026-01-26 18:25:45.712321,100000000,2026-01-26T18:26:42.663698,"Flow Free
5.9",Big Duck Games LLC,8 Jan 2026
402C6F95CEF0AEDEF5B9DD0FEF294138AA6D4B9598664E0858F5D85BC15882E1,id.dana,21120026,1981-01-01 01:01:02,2026-01-29 12:37:31.158205,100000000,2026-01-29T12:38:46.924044,"DANA Indonesia Digital Wallet
2.112.0",PT Espay Debit Indonesia Koe,22 Jan 2026
79F2B0FB4231CC87BC03CE5C3AD3ED4ED0CC17A878D26A9480A547C3283C412B,com.gpp.idleconstruction,57,1981-01-01 01:01:02,2026-01-08 04:15:09.393074,50000000,2026-01-08T04:23:37.962228,"Idle Construction 3D
2.34",Green Panda Games,18 Nov 2025
149F89E93F5B0B7165A32A306FBC70823CA27F5F45D95F5D5A249E9D661EE06E,com.budgestudios.googleplay.BlueyBLU,7394,1981-01-01 01:01:02,2026-02-25 00:53:27.874297,50000000,2026-02-25T00:54:51.577570,"Bluey: Let&#39;s Play!
2026.2.0",Budge Studios,12 Feb 2026
B3EADC01C02A2D61B90BD275245579D34A9D52ED616E1E22FEAA420617954EAA,com.animedressupgames.chibi,500115,1981-01-01 01:01:02,2026-01-07 04:50:53.890583,100000000,2026-01-07T04:52:10.381209,"Chibi Doll Dress Up Games
5.0",Anime Dress Up Games,16 Oct 2025
0D1C56A9B02F4D634ECF5E08039ED07E012D6923C4B8C84654D5F145C2BDFED0,com.nebula.mahjongtile,1641,1981-01-01 01:01:02,2026-01-03 00:57:02.208418,10000000,2026-01-03T00:57:19.375538,"Mahjong Wonders™
1.6.4",Nebula  Studio,31 Dec 2025
021C989B344B401AB6FAAD45CE9200D16FFCF3D023EFEDBEC9DFB4D1A9A218A8,com.king.candycrushsaga,13181011,1981-01-01 01:01:02,2026-01-08 12:58:05.244032,1000000000,2026-01-08T13:28:39.133048,"Candy Crush Saga
1.318.1.1",King,7 Jan 2026
13DD86BB4A2323F2BFD7E7F14A8C6C405D1E23CA66FB9F0DA1118C116A784194,studio.tg.rescue.cop,257,1981-01-01 01:01:02,2026-03-02 15:49:28.294887,10000000,2026-03-02T15:54:11.716793,"Rescue Cop: Shooting Game
5.4.0",Homa,6 Feb 2026
0734819FD0286ED30C7358552DD83BEF9740D90560C9577629900CC447414BFE,com.monstergamesproductions.train.driving.simulator,104,1981-01-01 01:01:02,2026-02-10 07:28:02.857365,10000000,2026-02-10T07:29:23.116011,"City Train Game 3d train games
3.4.4",Monster Games Productions PTY LTD,1 Dec 2025
E0E854A0BA026360A700B06FD231118D30D7543A47816DE9CFBEBFE991B4742C,az.kapitalbank.mbanking,602,1981-01-01 01:01:02,2026-03-03 05:10:38.046719,10000000,2026-03-03T05:10:52.972912,"Birbank
2.72.2",Kapital Bank OJSC,16 Feb 2026
7844CEF506A118C773A36FA3FF5534525128E9F7F9BAE39E74A7B1A5D20C50F0,com.ChillyRoom.DungeonShooter,70901,1981-01-01 01:01:02,2026-01-27 09:44:38.739836,50000000,2026-01-27T09:44:51.261451,"Soul Knight
7.9.0",ChillyRoom,15 Jan 2026
23307D57D25BDB1BBA70A20FD628DFEB67C3DB556FECEA500583DB03B4957953,stepcounter.pedometer.stepstracker,94,1981-01-01 01:01:02,2026-01-26 16:43:33.937314,50000000,2026-01-26T16:45:15.126895,"Step Counter - Pedometer
1.4.7",Hitchhike Tech,6 Jan 2026
07BE6C4B46BCC8D5815B20804B39F77EB74BCD138C967C80AE84FD4A2E907552,com.changdu.mobovideo,332,1981-01-01 01:01:02,2026-02-15 17:35:43.768859,10000000,2026-02-15T17:35:45.966968,"MoboReels: Good Reel Short TV
3.3.1.3",MOBOREADER TECHNOLOGY USA CO LTD,11 Feb 2026
052FE3F16BEE936C913B08825C80EC6E53091AE08A0435262FE2F7B4FF0AA331,com.app.resort.time.warp.scan.face.scanner.offline,70,1981-01-01 01:01:02,2026-01-14 18:23:53.721035,10000000,2026-01-14T18:25:48.370808,"Time Warp Scan : Face Scanner
1.3.39",Apps Resort - Daily Tool Apps,11 Jan 2026
4AC18CCDFF1225E340D742AE36BFFF412EAA7DBAEFEAFB531B9752DE0EFECCE5,org.telegram.plus,21910,1981-01-01 01:01:02,2026-01-13 02:09:20.972503,50000000,2026-01-13T02:11:08.734770,"Plus Messenger
12.2.10.2",rafalense,9 Jan 2026
3F255C04CFF6EF8138C881DB6F0591FE187791228D3376810B01646CA4E7FFE6,com.outfit7.talkingtomgoldrun,202601010,1981-01-01 01:01:02,2026-02-15 09:14:41.985727,500000000,2026-02-15T09:14:43.383482,"Talking Tom Gold Run
26.1.1.14841",Outfit7 Limited,2 Feb 2026
13BB810E9B57D9DAA477F826A7265252FBDC7FD0ED4E2CE984195CC7E890D723,com.joyplay.matchfrenzy,63,1981-01-01 01:01:02,2026-01-01 14:22:52.601807,10000000,2026-01-01T15:11:51.811766,"Match Frenzy™ - ASMR Tycoon
1.0.52",JoyPlay Pte.Ltd.,10 Dec 2025
0A4A42BBB7C18364D50CF9A611C0ED2B345F7E90B37AA58F6E3E66763D126E37,com.gt.club.drag.racing.car.game,101527,1981-01-01 01:01:02,2026-01-27 15:25:54.289472,10000000,2026-01-27T15:25:47.184260,"GT Nitro: Drag Racing Car Game
1.15.27",Raya Games Limited,19 Nov 2025
0CF3B74A21464F38198B096FA930AE3C61841FFE2883490A3336045188DC5B16,com.nvt.cs,18390,1981-01-01 01:01:02,2026-02-02 18:37:32.032942,50000000,2026-02-02T18:38:42.117645,"Minha Claro
18.39.0",Claro Brasil,26 Jan 2026
07818FB0B9CAB1C8CCE6DF9ADDF6B1C94A6FD423768BD15F8AF33DB53218BCB9,com.ponicamedia.voicechanger,21380,1981-01-01 01:01:02,2026-02-25 03:49:43.155676,10000000,2026-02-25T03:51:01.428055,"Voice Changer - Auto Tuner
1.38.0",ElQube Tech,22 Jan 2026
B1C6648773D5FA82133469E9EC2A71058AFF672F1F6339BBA4A3691A94706863,com.tripledot.triple.tile.match.pair.game.three.master.object,3051,1981-01-01 01:01:02,2026-02-15 03:20:18.685426,50000000,2026-02-15T03:24:17.897032,"Triple Tile: Match Puzzle Game
2.74.01",Tripledot Studios Limited,12 Feb 2026
F6A9088897B39B1EA9EC9E4D72DE470EF94E24CD403F5C02934164C57B303703,game.piano.music.tiles.challenge,3058,1981-01-01 01:01:02,2026-02-02 19:19:33.340612,100000000,2026-02-02T19:20:24.722720,"Piano Game: Classic Music Song
3.2.8",Dream Tiles Piano Game Studio,25 Jan 2026
11019B42F7AC1EAED8A439C31CDD528342271D4051FE7B903D12EF9627D1D1D0,com.puzzle.miniworld,20011100,1981-01-01 01:01:02,2026-01-31 23:33:27.446591,10000000,2026-01-31T23:34:12.398655,"Pocket World 3D
3.1.0",Minimonster game limited,27 Jan 2026
09AD776DE48717A10C121216B34FBAA25825CF7346C8ECBEA26B60CF43F9AC82,com.Muffinastic.BikeAction3D,80,1981-01-01 01:01:02,2026-01-26 09:58:24.229157,10000000,2026-01-26T09:59:01.792742,"Biker Challenge 3D
80",Yso Corp,22 Jan 2026
083D1BFD806E7EA7E9FBC8441C7E2D07C576513D0B09DE8D8E50DDE281780954,com.shape.change,2425,1981-01-01 01:01:02,2026-02-19 15:20:41.305693,100000000,2026-02-19T15:23:15.153784,"Jelly Shift - Obstacle Course
1.8.79",SayGames Ltd,26 Jan 2026
0B326445857C084E2042E9BB2AC8719D698476F5BBDF72215FF3B33F71AC660C,easynotes.notes.notepad.notebook.privatenotes.note,10541,1981-01-01 01:01:02,2026-01-31 12:27:39.522006,10000000,2026-01-31T12:29:21.387208,"Easy Notes: Take Notes &amp; Memos
1.3.39.0121","Gulooloo Tech Co., Ltd.",20 Jan 2026
0F882710D45AA6AE1154EC666164F6B9E0302B0063ED8A78532FA9063C03A498,com.shutterfly,66699,1981-01-01 01:01:02,2026-02-01 21:39:29.124465,10000000,2026-02-04T16:40:35.993451,"Shutterfly: Prints Cards Gifts
13.0.0","Shutterfly, Inc",6 Jan 2026
59DB784861878BFA3A3C41A2C29C8D1A5E6823B79545D5F183C1488FADCAA3B1,com.evernote,1245616,1981-01-01 01:01:02,2026-02-01 07:21:09.892462,100000000,2026-02-01T07:21:35.474087,"Evernote - Notes Organizer
11.1.1",Evernote by Bending Spoons,22 Jan 2026
1710563F91CB93BFF0021F1E5F74F3E6ACF6989315E61F5153A1865DC2E69FF2,com.game.colorslime,200322,1981-01-01 01:01:02,2026-03-08 11:44:44.724282,50000000,2026-03-08T11:53:32.500965,"Jelly Dye: Jelly Games &amp; ASMR
2.11.0",CASUAL AZUR GAMES,25 Feb 2026
0218E5EEFEE3B452D48F5D85626683B8966C1F4EE6D70C24F8C7B54BD03BDF04,com.joycity.gw,8711,1981-01-01 01:01:02,2026-01-29 04:39:39.701964,10000000,2026-01-29T05:01:01.763847,"Gunship Battle Total Warfare
8.7.11",JOYCITY Corp.,14 Jan 2026
C9DD35EE016DE499B2FC0F582342D5DDBF2197E0809B4AC87013175202FCB7C8,com.mobikwik_new,2218,1981-01-01 01:01:02,2026-01-28 16:27:04.212273,100000000,2026-01-28T16:27:06.967163,"MobiKwik: BHIM UPI &amp; Wallet
23.56.2",One MobiKwik Systems Limited,19 Jan 2026
141994087FC48B6EB8159309A9640236A10E8C4488BF679910EF1D713DD97692,com.ssi.bus.games.bus.simulator,57,1981-01-01 01:01:02,2026-02-01 02:59:22.076644,50000000,2026-02-01T02:59:45.533280,"City Bus Simulator - Bus Games
5.6",Solo Studio Inc,30 Jan 2026
16979F914D22CFB69575AD37BEC2899DD9411FA165404738316B60DCA33BE9AC,com.netqin.ps,340,1981-01-01 01:01:02,2026-01-06 19:19:48.138545,100000000,2026-01-06T19:48:10.044052,"Vault - Hide Pics, App Lock
6.9.13.08.22",Wafer Co.,6 Jan 2026
010F6E3DE5B5948002D6A001A5C6AACE38EA7E57AF2ADCDB1901C47CA86DF91C,com.audible.application,2090255109,1981-01-01 01:01:02,2026-01-08 23:40:24.873672,100000000,2026-01-08T23:31:03.589506,"Audible: Audio Entertainment
25.51.09","Audible, Inc.",8 Jan 2026
0E1BD5DC1385726C090FC0D3585C991DEF9F0E4F9BEFF9B990DAAEF5903ABBC6,com.dreamgames.royalkingdom,25152,1981-01-01 01:01:02,2026-01-12 17:35:04.361526,50000000,2026-01-12T17:40:20.023220,"Royal Kingdom
25152","Dream Games, Ltd.",9 Jan 2026
05303369521C6A1324FBDD99704DD821F6530D1742A54F4F0271E84B7278C022,com.nexters.herowars,127200000,1981-01-01 01:01:02,2026-02-25 06:52:18.893182,100000000,2026-02-21T20:24:59.010231,"Hero Wars: Alliance
1.272.000",NEXTERS GLOBAL LTD,19 Feb 2026
02BDAC3D3D614A198597764E3CDE3112DB421ECC84939455595EE722F969C6AA,com.sega.ColorfulStage.en,89,1981-01-01 01:01:02,2026-02-01 18:49:27.999518,10000000,2026-02-01T18:50:56.342745,"HATSUNE MIKU: COLORFUL STAGE!
5.0.5",SEGA CORPORATION,18 Jan 2026
07C3F0B05133A41387E9CA07BA93DC12967FCB3860D92EF3C3AD295883F7C074,com.grability.rappi,87269,1981-01-01 01:01:02,2026-02-27 01:24:23.359868,50000000,2026-02-27T01:25:59.040002,"Rappi: Food Delivery, Grocery
8.24.20260217-87269","Rappi, Inc - Delivery",17 Feb 2026
0F498EC13B977873656B7285E8580224E165EC1A443000F682E812EB68180823,com.com2us.ninepb3d.normal.freefull.google.global.android.common,200,1981-01-01 01:01:02,2026-03-05 20:34:25.057767,10000000,2026-03-05T20:51:15.325950,"MLB 9 Innings 26
11.0.1",Com2uS,23 Feb 2026
0654C66B220DE0696086BB2B4C50525A3A195483C1E3DAB4B43E030744AB03D6,com.nextstep.fruitburstline,150,1981-01-01 01:01:02,2026-02-27 16:50:11.919857,10000000,2026-02-27T16:58:58.814165,"Fruit Burst
15.4",TINY WINGS,27 Feb 2026
0159FCE32FB3CC27F2991B220A0020BC8A795CB241C2618300917A6D97207B46,com.sahell.holyquran,39,1981-01-01 01:01:02,2026-02-26 20:53:19.330784,10000000,2026-02-26T21:18:09.580222,"HOLY QURAN (القرآن الكريم)
1.5.23",Sahell,17 Feb 2026
31359975C800470C8559DE825EED1AC424D15140CD043462616C48F42726D0BF,com.charge.them.all,16738,1981-01-01 01:01:02,2026-01-11 00:18:49.352628,50000000,2025-11-23T06:46:30.053568,"Recharge Please!
4.0.6","Geisha Tokyo, Inc.",5 Nov 2025
0C325940D8E92C5B93334C76C8F3598302F10DBC4EED472B13DE1918146E9F4E,com.petitbambou,533,1981-01-01 01:01:02,2026-01-07 05:00:26.399383,10000000,2026-01-07T05:01:13.641573,"Mindfulness with Petit BamBou
5.8.5",FeelVeryBien SAS,30 Dec 2025
0D6B0FB80D3F62C1BB8DCD3B96A81032EC8E37B886C5F8084D06B3C49720C498,jp.co.ponos.battlecatsen,1501000,1981-01-01 01:01:02,2026-02-05 23:21:27.39847,10000000,2026-02-05T23:21:23.691548,"The Battle Cats
15.1.0",PONOS Corporation,20 Jan 2026
5C3C5629EFEA9CC9E6C678F395735D95EAE4E3698D06023AC29E046BDC546D6D,com.google.android.apps.chromecast.app,30528632,1981-01-01 01:01:02,2026-01-13 02:00:19.403914,1000000000,2026-01-13T02:01:21.576093,"Google Home
4.6.55.1",Google LLC,18 Dec 2025
0DEFCCCC4A0E15C85C76AE4CD15A7240C9E5CD3A0BF739B47314F34DE1468754,volume.boost.sound.effect.equalizer,331,1981-01-01 01:01:02,2026-02-14 10:29:31.68394,10000000,2026-02-14T10:29:57.919585,"Volume booster - Sound Booster
3.3.1",Mobile_V5,9 Feb 2026
026F225A77E62856302DD619BB466D821AFB777C724252215B43A012B70CFD26,io.voodoo.paper2,443,1981-01-01 01:01:02,2026-02-27 07:45:35.747955,100000000,2026-02-27T07:46:31.079021,"Paper.io 2
4.28.0",VOODOO,24 Feb 2026
3494613F1E0DEECA60976F77E8BE45C2396EADDEEB14B3179D0251C8D513A7F5,com.gojek.app,5483,1981-01-01 01:01:02,2026-02-02 18:21:21.213567,100000000,2026-02-02T18:21:49.661171,"Gojek
5.48.2",PT. GoTo Gojek Tokopedia Tbk,29 Jan 2026
0E362403072ED8F60BB60DFE40FB5338BE0ADBE96B03A85E99493E12CDF44F3B,com.epi,26010201,1981-01-01 01:01:02,2026-02-17 15:27:04.174358,10000000,2026-02-17T16:13:55.221467,"Báo Mới - Tin mới 24h
26.01.02","ePi Technologies, JSC.",2 Feb 2026
073F7B2E2ADBBEE640219EA5F87866EE3BAC73E79E347E632C74C72A1C93051A,com.google.android.apps.messaging,300318063,1981-01-01 01:01:02,2026-02-27 19:41:51.845998,5000000000,2026-02-27T19:41:54.264843,"Google Messages
messages.android_20260217_00_RC02.phone_dynamic",Google LLC,26 Feb 2026
4A1DCBA0EAEB2D076464412A9C56664FEF5BEDAF5B8769557FEB0C563C292CAF,com.agedstudio.card.solitaire.klondike,1209395,1981-01-01 01:01:02,2026-01-26 22:37:56.860774,50000000,2026-01-26T22:37:46.876328,"Solitaire
1.20.9.395",Aged Studio Limited,17 Jan 2026
24E8743D3BDC0BB81E5FEE305F3781639DD5DFB1141CEEB609FEB448F10F3382,musicplayer.musicapps.music.mp3player,182,1981-01-01 01:01:02,2026-02-18 14:30:01.618723,100000000,2026-02-18T14:35:45.973544,"Music Player: Play Music
4.1.1.182",InShot Inc.,5 Feb 2026
010F5577D2FAF4303A160CADE3B0C48D4FF822CD3E9F57B4447C7DCE3FF0AF15,org.olympic.app.mobile,1502,1981-01-01 01:01:02,2026-03-01 13:03:09.037255,10000000,2026-03-01T13:03:13.955366,"Paralympic Games™
11.8.3",IOC,26 Feb 2026
58C09BC35BE78D7B8F35A03F423A461B330A7EC2F66C8EB663CF30A0155D3E83,com.match3blaster.DropStackBallFall,82,1981-01-01 01:01:02,2026-02-15 10:57:37.706803,100000000,2026-02-15T10:58:33.855724,"Drop Stack Ball - Helix Crash
4.32",Tazkan Games,17 Oct 2025
00E80864B8B9A5C08AE4C955BA3BA12191EFE78780E3510515E1C07F9D4D5902,com.cricketwireless.thescoop,9512497,1981-01-01 01:01:02,2026-02-15 22:19:13.298045,10000000,2026-02-15T22:42:34.494848,"theSCOOP
95.1.2497",Digital Turbine Inc.,3 Feb 2026
0A7CED1B6EB14EDDC2893583F21A1AEF1B205FE46BBD422D34EE29BBDD667F11,photo.cam.filter.beauty.effect,213,1981-01-01 01:01:02,2026-02-09 22:48:18.703311,10000000,2026-02-09T22:48:43.305893,"Beauty Camera: Sweet Camera
2.1.3",Mobile_V5,4 Feb 2026
625EC4A275E4AD2F157EA054DAB4DCE366D9569186EEAD0FD423E4E1909072DA,com.ludia.jurassicworld,4352065,1981-01-01 01:01:02,2026-03-07 02:31:30.022235,100000000,2026-03-07T02:30:47.027384,"Jurassic World™: The Game
1.88.16",Ludia Inc.,27 Feb 2026
10BCAA2DFCD439C37E1B3650228F77563E889E8E7C4595A3C760FBFE73064A05,com.nhn.android.naverdic,310,1981-01-01 01:01:02,2026-01-05 03:24:13.363324,10000000,2026-01-05T03:25:18.140543,"NAVER Dictionary
3.1.0",NAVER Corp.,16 Nov 2025
00C7EA4C28A3B2A3ED0601363C0F4C675C7F6CBD3EF0D270D973AA65BF54602E,tv.abema,2120240,1981-01-01 01:01:02,2026-02-15 08:21:46.713212,10000000,2026-02-15T08:29:12.189137,"ABEMA（アベマ）テレビやアニメ等の動画配信アプリ
10.159.2","AbemaTV, Inc.",3 Feb 2026
05887F46EC5DAAF5FB04F725D79A706262EEF737321D853FBD931413212CC2A0,br.com.vivo.vivoeasy,297,1981-01-01 01:01:02,2026-03-08 11:40:03.805453,10000000,2026-03-08T11:42:05.007406,"Vivo Easy: Plano Celular
4.2.93",VIVO S.A.,3 Mar 2026
0163CD2DB825F24E1CB2832366E866799E1253F208A1B592820475D6781F30BA,com.proxima.dfm,1744,1981-01-01 01:01:02,2026-02-05 23:57:16.487033,10000000,2026-02-05T23:58:24.447450,"Delta Force
1.202.37110.3901",Level Infinite,21 Jan 2026
09BF312B8074EE5B456D32369849AB3B5E7E7D0B9267C7C46B06663C3CEAEB82,com.handmark.expressweather,120020,1981-01-01 01:01:02,2026-02-15 18:09:21.111644,100000000,2026-02-15T18:10:51.253147,"1Weather: Forecast &amp; Radar
12.2.0",OneLouder Apps,13 Feb 2026
1190E5620A3047F9C719FA12687F850DAA405CD3EE01F9E539E0BF5BC7A0C38D,com.stgl.global,495,1981-01-01 01:01:02,2026-02-27 01:34:37.762881,10000000,2026-02-27T01:36:06.547921,"War and Magic: Kingdom Reborn
1.1.320.108162",GOAT Games,29 Jan 2026
7DF8E29BC4B710E25C8813E4C806C53B15CD8C4D1F36239CF65A04C952D473CC,com.mindy.grap1,9003673,1981-01-01 01:01:02,2026-02-25 21:57:07.939491,100000000,2026-02-25T20:57:09.953825,"Stickman Hook
9.9.13",Madbox,9 Feb 2026
171A84F8C3DDAD5608DDEB29C4223D4BBEBF4B878433CC7F690E2ADC833D037C,com.king.candycrushjellysaga,400801000,1981-01-01 01:01:02,2026-01-29 13:37:28.767725,100000000,2026-01-29T13:38:14.196503,"Candy Crush Jelly Saga
4.8.1.0",King,27 Jan 2026
1FB3743314125BAD23D518D29935CD15B4E537E42C336E9C0E0CA62613E97196,com.moonactive.coinmaster,3341180,1981-01-01 01:01:02,2026-01-15 03:27:35.249742,100000000,2026-01-15T03:45:38.371955,"Coin Master
3.5.2385",Moon Active,9 Jan 2026
0456681636E9D097C17686676E1B1A984F61B67D823F46F831C2B13B1AAFA2C7,com.google.android.apps.kids.familylink,847320,1981-01-01 01:01:02,2026-01-26 14:53:32.991303,100000000,2026-01-26T14:54:00.718351,"Google Family Link
2.68.0.2026w03.855689569",Google LLC,13 Jan 2026
28DB6E4978E01104AD7540B59CB78DF5D01BC8FDE8820552FDDDCD224506D3F5,net.one97.paytm,721881,1981-01-01 01:01:02,2026-01-26 15:38:34.319711,500000000,2026-01-26T15:39:13.695422,"Paytm: Secure UPI Payments
10.74.1",Paytm - One97 Communications Ltd.,21 Jan 2026
50EEEE5DF6836F8081CDD63EE560F7E84A30CACB6C2F0530F053C66A4CC793EB,com.videoeditorpro.android,3404061,1981-01-01 01:01:02,2026-02-13 17:49:24.617111,100000000,2026-02-13T17:56:32.491963,"AI Video Editor - VivaCut
4.4.6",VivaCut professional video editor,28 Jan 2026
03EBFF14A4E8D9239EBE1A48269D7D6019A60315CD48C113411D4533CD847E76,com.calculator.hidevideo.hidephoto,182,1981-01-01 01:01:02,2026-01-11 06:55:28.316542,10000000,2026-01-11T06:56:25.779831,"Calculator - Hide Photo, Video
1.2.82",Hyper Security Lab,8 Jan 2026
1348D8F083C4C2F09D729BF357CF7DCE57EE78F36491F37E89E012AD44F39A6A,com.pegadaiandigital,193,2026-01-22 16:23:42,2026-02-16 20:32:04.434037,10000000,2026-02-16T20:32:30.026930,"Tring! by Pegadaian
8.4.0",PT Pegadaian (Persero),22 Jan 2026
BDA7F5255957C47329E833D53017164AEEC079E23AD22A012BB7AF43E090ED8E,com.vaibhavkalpe.android.khatabook,804300,1981-01-01 01:01:02,2026-02-24 09:17:43.887045,50000000,2026-02-24T09:53:29.693475,"Khatabook Credit Account Book
8.43.0",Khatabook - Business Apps,10 Feb 2026
3166009816F0D83EC6A38CE64B4649F3576D76D12F71D3D88AE3334EF1E0DF62,com.ketchapp.rider,2003040010,1981-01-01 01:01:02,2026-02-09 17:30:09.945008,100000000,2026-02-09T17:30:36.742751,"Rider – Stunt Bike Racing
3.04.0.01",Ketchapp,6 Feb 2026
C8BE34BFADB45F0ADD1CF81158BE56DD1CE240EC657203CDA4FDB94B513E1FD5,com.ea.gp.nbamobile,2100101,1981-01-01 01:01:02,2026-02-22 11:35:35.227963,100000000,2026-02-22T11:35:36.118474,"EA SPORTS™ NBA LIVE Mobile
10.01.01",ELECTRONIC ARTS,22 Jan 2026
AEF5BF65E96D2E55162EA10098CA8E84C5AD6A7533749B8A6BE556AF66AD4A17,com.edadeal.android,46703,1981-01-01 01:01:02,2026-03-03 06:08:32.818884,50000000,2026-02-27T02:59:36.833757,"Едадил: акции, купоны, скидки
26.9.0",Едадил,25 Feb 2026
0C6DEB1AD06CEEBD1685C9398C015224261F6D9776E3EF2860D653093C2BDBE5,com.YsoCorp.MonsterLife,66,1981-01-01 01:01:02,2026-02-12 13:06:19.939597,10000000,2026-02-12T13:06:08.728743,"Monster Life
0.7.0",Yso Corp,19 Dec 2025
061B63D8B750BA8FD577C676EDD43E200E3FBB0F8778DAA54B47C860AC151D0C,com.miga.world,183,1981-01-01 01:01:02,2026-02-13 10:12:16.311404,50000000,2026-02-13T10:17:00.256281,"Miga Town: My World
1.96","XiHe Digital (GuangZhou) Technology Co., Ltd.",2 Feb 2026
01DEEB04BD80C9D5541DEB4EBEB60558F5FE1ABF37AC1FFAC9898D29D3A32D36,com.kigle.cocobi.hospital,48,1981-01-01 01:01:02,2026-01-08 22:12:06.819911,10000000,2026-01-08T22:14:11.695766,"Cocobi Hospital - Kids Doctor
1.0.44",KIGLE,4 Jan 2026
F4A9D87E170F2D069A26795753709AA822FCA18D745D1AE8E0D3ACAEA0761492,net.lovoo.android,21901,1981-01-01 01:01:02,2026-02-22 01:09:43.810637,50000000,2026-02-22T01:09:47.168733,"LOVOO - Dating App &amp; Chat App
219.1",PE Digital GmbH,18 Feb 2026
0A43D9439945FE6E78EFB77338CC3C6EAAB6F45B96003F0780841C35297133F9,com.heatherglade.zero2hero,6581,1981-01-01 01:01:02,2026-02-17 23:08:09.136069,10000000,2026-02-17T23:28:55.203587,"From Zero to Hero: Idle games
2.0.6581",Heatherglade Publishing,8 Feb 2026
110A8736D07ABB60476999C4A8D669B5BEB03A85A529DA8397CBAFA6CEC7B231,de.komoot.android,263202002,1981-01-01 01:01:02,2026-02-03 20:23:44.200278,10000000,2026-02-03T20:25:12.999514,"komoot - hike, bike &amp; run
2026.5.3",komoot GmbH,2 Feb 2026
C81116619BD447000C0A87B570E5AA2E4B3E254F9ED1381C27FAC36EFCB4F4F3,com.skgames.trafficracer,404,1981-01-01 01:01:02,2026-01-03 04:26:02.506083,100000000,2026-01-03T04:29:26.409154,"Traffic Racer
4.0",skgames,8 Dec 2025
0EE661AA6F82AD41C549AD199BA4D6135450B02FC926410B58B277EFB141399C,com.necta.wifimousefree,405,1981-01-01 01:01:02,2026-02-20 20:17:37.317457,10000000,2026-02-20T20:18:29.336112,"WiFi Mouse
5.9.4",WiFi Mouse,12 Feb 2026
0968D9E63EF62781731A487172B64F0BE580D7A1DEC52764FE5768E853A849EA,com.opentable,2116262,1981-01-01 01:01:02,2026-01-13 13:17:35.793147,10000000,2026-01-13T13:35:12.160026,"OpenTable: Restaurant Bookings
26.6.0",OpenTable,10 Jan 2026
300FDD3F347A0D0FA98A49D316658E3524FC77CF66370F72530880518748CDB0,com.bethsoft.falloutshelter,206,1981-01-01 01:01:02,2026-03-03 20:24:16.216179,50000000,2026-03-03T20:32:19.896500,"Fallout Shelter
2.2.0",Bethesda Softworks LLC,25 Feb 2026
28BC7A839E0DEB4A7957CAF899443E85BA3C6CFB93E51A9E4BE09A5B1F2F60A6,com.gameloft.android.ANMP.GloftA9HM,4912000,1981-01-01 01:01:02,2026-02-10 04:21:38.549221,100000000,2026-02-10T04:22:09.918510,"Asphalt Legends - Racing Game
49.1.2a",Gameloft SE,4 Feb 2026
05D76742F615092269C60C8A415E3B0B0EAA4FAC2BF144645FC51A0C8B6B1BAD,com.vottzapps.wordle,428,1981-01-01 01:01:02,2026-03-05 19:07:44.700193,10000000,2026-03-05T19:07:46.134727,"Wordle!
2.7.0",Lion Studios Plus,3 Mar 2026
01B8DFB09A5335FF83B235B6E9A233E923F25DEE90C6D1397562095E37AB0FC3,com.wepartytt,125,1981-01-01 01:01:02,2026-02-27 03:51:52.012732,10000000,2026-02-27T03:52:00.977528,"HiFami - Join &amp; Play Freely!
6.6.600",SPACEZ TECHNOLOGY,28 Jan 2026
0701B1FE547490539CD665B7020035DDCF040B6873DED71CF53A0D8FDDC8BE23,com.star.mobile.video,62100,1981-01-01 01:01:02,2026-02-19 13:09:51.206839,10000000,2026-02-19T13:41:56.386392,"StarTimes ON-Live TV, Football
6.21",StarTimes Inc.,3 Feb 2026
2A170F7286E01AB4B1B90677D56E670D0EC410E6FAFAD219FA39A772138B7924,ctrip.english,84202000,1981-01-01 01:01:02,2026-01-29 14:05:43.7758,50000000,2026-01-29T14:06:27.109007,"Trip.com: Flight, Hotel, Train
8.42.2",Trip.com,22 Jan 2026
00E3E0D997C54F2E8C911A5434329A28B2A8EFAA1EEEA00773423750851F6AD7,com.google.android.keep,220641125,1981-01-01 01:01:02,2026-01-12 19:20:46.441115,1000000000,2026-01-12T20:11:36.718359,"Google Keep - Notes and lists
5.25.511.02.90",Google LLC,6 Jan 2026
457F3219D7CB5096FE60421858188A5993AA5E452DF21E27F2E2A1A7D179EBF1,com.bca,1273,2026-02-12 10:19:32,2026-02-15 21:37:23.648748,50000000,2026-02-15T21:42:53.495571,"BCA mobile
4.7.9",PT Bank Central Asia Tbk.,12 Feb 2026
04EAAEAE0918A8836BB634D455E81D3050B27ED4F6CC00B87903B931DEA36C71,com.quizlet.quizletandroid,2601735,1981-01-01 01:01:02,2026-02-21 20:55:33.484509,50000000,2026-02-21T20:55:53.152640,"Quizlet: AI-powered Flashcards
10.24",Quizlet Inc.,17 Feb 2026
1D61E85211AA4177BFA8D85D0402FBC1C317870729ED44BB67AA75C228DA8270,com.facebook.katana,468616425,2026-02-12 21:18:48,2026-02-20 13:20:25.036067,10000000000,2026-02-20T13:34:54.634418,"Facebook
547.0.0.41.68","Meta Platforms, Inc.",13 Feb 2026
E31017A823FC036F57F5BE336777E18D88E81A0D2824CB0C0921B45144C335B5,line.color.adventure,375,1981-01-01 01:01:02,2026-01-05 06:45:16.146574,100000000,2026-01-05T06:45:44.030416,"Colour Adventure: Draw a Path
1.22.1",CASUAL AZUR GAMES,10 Dec 2025
06686A7C0EE009A85F06CAC4E4691CBAA4045DE135663445BEABA844C826231A,com.eco.iconchanger.themes,109,1981-01-01 01:01:02,2026-02-10 01:01:10.800711,10000000,2026-02-10T01:02:05.645602,"Themes, Widgets &amp; Icon changer
1.0.107",Eco Mobile Style,6 Feb 2026
4ADDC883CE9FA3CE3C6F478230D2FC476B62D4CE630E758143271D3B2BF7387F,br.com.timbrasil.meutim,80250304,1981-01-01 01:01:02,2026-03-01 18:26:08.532804,100000000,2026-03-01T18:26:38.359484,"MEU TIM
8.25.3",TIM S.A.,19 Feb 2026
32C76ED982B9BAE0602A17B7FE34D224A8737CD8FE693F7DB07D53DC68700395,com.banggood.client,761010,1981-01-01 01:01:02,2026-02-10 06:25:27.973356,50000000,2026-02-10T06:27:05.903413,"Banggood - Online Shopping
7.61.10",Banggood,20 Jan 2026
275FA699999F3C9078F0334AFA68BCCE64A74DAD965F2EB09B132B72F67A85F4,com.game.foldpuzzle,200383,1981-01-01 01:01:02,2026-02-01 07:24:31.422815,100000000,2026-02-01T07:25:08.023768,"Paper Fold
200365",CASUAL AZUR GAMES,26 Nov 2025
058B09CEAFA126049FD6ACEEE64C02E0A4C2CCE55EC57045BEF44BE6F29A98FE,com.todoist,12038,1981-01-01 01:01:02,2026-02-12 13:05:32.092149,10000000,2026-02-12T13:06:08.403972,"Todoist: To Do List &amp; Calendar
v12038",Doist Inc.,10 Feb 2026
03FEC3BE37A105AFB6022A2CDB5CCA139117E28DD9EACFEC7F843E46190E11EC,com.bitmango.go.unblockcasual,286,1981-01-01 01:01:02,2026-01-26 09:35:59.721623,10000000,2026-01-26T09:36:03.329789,"Move the Block : Slide Puzzle
26.0122.00",BitMango,21 Jan 2026
177B9D42AFBCF83B32366C05AAA34B1E79B85FDFAD0CA8D2285B6B0EB0A60EC9,com.tinyco.potter,6090100,1981-01-01 01:01:02,2026-01-06 10:05:11.257266,50000000,2026-01-06T10:10:21.168221,"Harry Potter: Hogwarts Mystery
6.9.1","Jam City, Inc.",16 Dec 2025
0D794ABEC98FC73EA2D7D5EE4FCD1303A7688E078DC4B0B955F8844B3791B50F,com.santander.app,100971,1981-01-01 01:01:02,2026-02-20 00:09:51.061652,50000000,2026-02-20T00:13:10.547397,"Santander Brasil
26.0.2.0",Banco Santander (Brasil) S.A.,12 Feb 2026
104E4545160BE1A4B801200C4E6AC79890B1A80CFB64688553B07E50DB11F054,com.deepl.mobiletranslator,212,1981-01-01 01:01:02,2026-02-01 02:57:01.268184,10000000,2026-02-01T02:58:01.043885,"DeepL Translate
26.4",DeepL SE,21 Jan 2026
22E681B041B49F1618D085796744D7A34FE11BEC15C576BC5AB19FC82E8B82B2,com.rovio.baba,50291865,1981-01-01 01:01:02,2026-03-04 15:31:20.50404,100000000,2026-03-04T16:06:08.889126,"Angry Birds 2
8.0.1",Rovio Entertainment Oy,3 Mar 2026
00B1BF599146FD8ECF5FA0C99536052A2F9C60934BFEAB136A72F23D54C9258D,com.YsoCorp.DinoDomination,73,1981-01-01 01:01:02,2026-01-03 11:30:55.478743,10000000,2026-01-03T11:31:54.889424,"Dino Domination
0.8.4",Yso Corp,26 Dec 2025
50F42661AE9B95034E37BEDCE4418C7607275313EFBBC2170B523D129827AE29,com.rimashev.nextbots.sandbox,472,1981-01-01 01:01:02,2026-02-22 09:38:53.868567,50000000,2026-02-22T09:40:45.358117,"Nextbots In Playground mod
10.5.3",HOOKAH GAMES IT SERVICE L.L.C,6 Feb 2026
56970D4D663FEDCA6E9B2854D140164774385CBBB94B4A3A98B48FCAA96790D3,mydiary.journal.diary.diarywithlock.diaryjournal.secretdiary,10374,1981-01-01 01:01:02,2026-01-12 18:23:38.627504,50000000,2026-01-12T18:40:57.666984,"My Diary - Daily Diary Journal
1.04.08.0105",Dairy App & Notes & Audio Editor & Voice Recorder,6 Jan 2026
041C8201EB17373EC226558BB53F1DA712B36990ECE072E6A8967DEDAB63880D,com.nhl.gc1112.free,16040203,1981-01-01 01:01:02,2026-02-21 23:26:57.932904,10000000,2026-02-21T23:27:13.146527,"NHL
16.4.2","NHL Enterprises, LP",12 Feb 2026
136C7ED65F6E9A92EA7FFD8B0DD8B8B010800FB10CD78846B702BA9770A71C26,com.hornet.android,410364,1981-01-01 01:01:02,2026-02-21 15:20:10.412907,10000000,2026-02-21T15:21:16.468664,"Hornet - Gay Dating &amp; Chat
9.40.0",Queer Networks Inc.,16 Feb 2026
116CD1F8882EAC423B289DC31CD8312A2C7C384377A59A5A6FAF3C503E6E14D8,eu.livesport.FlashScore_com,485,1981-01-01 01:01:02,2026-02-27 01:08:24.110768,50000000,2026-02-27T01:09:16.541377,"Flashscore: Live Scores &amp; News
26.2.5",Flashscore,23 Feb 2026
07904673B4D10A4AF4512C296E28947F2BF139B83DA8C4FEF0957ED362FFDD9D,com.tripledot.tile.blossom,338,1981-01-01 01:01:02,2026-02-10 04:12:25.135323,10000000,2026-02-10T04:12:59.773612,"Blossom Match - Puzzle Game
2.72.06",Tripledot Studios Limited,5 Feb 2026
0E6D968866D9DBD0F9758514900C0B85DFFEC544222199EA574D3BADBB528880,com.google.android.calendar,2017981563,1981-01-01 01:01:02,2026-01-05 12:31:54.954076,5000000000,2026-01-05T12:39:54.292163,"Google Calendar
2025.50.1-844740156-release",Google LLC,18 Dec 2025
1C6AA332F47E49F91753792B420E55D1551ED6B30CF27DB0A43697976EFBE52F,zombie.survival.craft.z,600850,1981-01-01 01:01:02,2026-02-06 00:30:22.507343,100000000,2026-02-06T00:30:26.813819,"Last Day on Earth: Survival
1.44.0",KEFIR,30 Jan 2026
0660B928A919EC6DB4CFA90C08697681379E89FB13B170CB37102A6F0A3E7608,com.iabuzz.apk.BEEPZZ,900,1981-01-01 01:01:02,2026-01-11 07:46:01.701835,10000000,2026-01-11T07:46:48.725830,"Kids Car Racing game – Beepzz
9.0.0",Abuzz,9 Dec 2025
42A4B36A0CE7D4254CFAF821AC06200B6E38221419E36D652DC534CDFFF9EA92,com.bigwinepot.nwdn.international,202519488,1981-01-01 01:01:02,2026-02-14 14:35:39.790783,500000000,2026-02-14T14:36:10.909756,"Remini - AI Photo Enhancer
3.7.1276.202519488",Bending Spoons,12 Feb 2026
067CECAB473264A46699899DBB14F2BE14289BDD7BBA5B5EB6C7F25B77C23865,br.gov.dataprev.carteiradigital,1369,1981-01-01 01:01:02,2026-01-14 11:04:47.975773,100000000,2026-01-06T20:35:05.842512,"Carteira de Trabalho Digital
8.5.1",Serviços e Informações do Brasil,6 Jan 2026
0D739AB1DF13BE0114A299DD34C321D5CEB53FB66F65973C69444D4F4F026399,com.ig.screwdom,203,1981-01-01 01:01:02,2026-03-06 10:55:45.830789,10000000,2026-03-06T10:55:48.984589,"Screwdom 3D
10.3.9",iKame Games - Zego Studio,4 Mar 2026
37CCD1DE4CAE3FCF6D4B619EFA7B5B324E6C3B90C8989FF9AC982DA78A109D96,com.whatsapp,260507400,1981-01-01 01:01:02,2026-02-12 14:59:10.281472,10000000000,2026-02-12T14:59:24.612447,"WhatsApp Messenger
2.26.5.74",WhatsApp LLC,7 Feb 2026
06EB2EE3913BE174C8D39F86D54FC1F79093CBA999349C4D33B74B22121EDA34,com.skout.android,21901,1981-01-01 01:01:02,2026-02-20 18:53:20.57242,50000000,2026-02-20T18:55:55.748011,"Skout - Meet, Chat, Go Live
219.1",Skout Inc.,18 Feb 2026
845913F1FF880EBF1997A80AF652E8FA082F5A358E38318559515625A003C750,com.snowcorp.stickerly.android,1032703,1981-01-01 01:01:02,2026-01-27 16:01:01.552462,100000000,2026-01-27T16:03:09.237341,"Sticker.ly - Sticker Maker
3.27.3",Naver Z Corporation,15 Jan 2026
FC80B9D23268A029C0995B8F863088EB6C3B39D10A71114C6AA72B45889E5FED,com.gamexis.racing.ferocity.apps,1359,1981-01-01 01:01:02,2026-02-20 16:01:20.777951,100000000,2026-02-20T16:04:01.761214,"Real Car Racing - Offline Game
13.5.9",GAMEXIS,16 Jan 2026
0191CFFCBD35B9591902AEA76F40BB55114F654B1B423295DA81CF5CEE2D823D,com.king.candycrushsodasaga,13100040,1981-01-01 01:01:02,2026-01-26 16:28:53.306295,500000000,2026-01-26T16:29:06.437964,"Candy Crush Soda Saga
1.310.4",King,14 Jan 2026
014307AAB9C309B12812CBBDB00F6F1108473B620541CD3BD8F3F76A4463E672,com.canva.editor,29410151,1981-01-01 01:01:02,2026-02-12 17:44:27.414214,500000000,2026-02-12T17:45:53.268025,"Canva: AI Photo &amp; Video Editor
2.348.0",Canva,8 Feb 2026
2DB9534882DB9793DEE0542C6060A32B257EA196AF456807B3AA87CD3B1F60C4,ru.yandex.yandexnavi,738902110,1981-01-01 01:01:02,2026-02-09 18:21:59.915439,100000000,2026-02-09T18:22:00.634881,"Yandex Navigator
27.7.0",Direct Cursus Computer Systems Trading LLC,29 Jan 2026
0D6705FFE09903AC6590E073D93AB74129368642BA9C539B664D5A9C0DE301DA,com.a3.topgirl.gplay,395,1981-01-01 01:01:02,2026-01-31 11:50:16.130836,10000000,2026-02-04T16:40:28.316679,"Top Girl
1.0.117",A3Games,22 Jan 2026
B0B7177EFFB792A9B1BC890FC223CA9128E0A6CCB78EC435D5E010E701828C46,com.fdgentertainment.bananakong,109170302,1981-01-01 01:01:02,2026-01-30 01:04:10.922863,100000000,2026-02-04T16:40:21.563036,"Banana Kong
1.9.17.03",FDG Entertainment GmbH & Co.KG,16 Jan 2026
0760DAB924268E2EAA533606FC9C2F232C46722E224A4877673B59EF23727B3A,com.kouzoh.mercari,390000,1981-01-01 01:01:02,2026-01-14 10:49:44.305463,10000000,2026-01-14T11:15:42.735582,"フリマアプリはメルカリ - メルペイのスマホ決済でもっとお得
5.184.0","Mercari, Inc",24 Dec 2025
BD273262D46C643FCC1A341595C01EBD284FF34F409203FA7FBCE68D6DE68A4D,com.playstrom.dop3,152,1981-01-01 01:01:02,2026-02-25 22:53:12.523696,50000000,2026-02-26T09:00:53.082102,"DOP 3: Displace One Part
1.1.40",SayGames Ltd,10 Feb 2026
1A62C307F166AD51441249359B30E018E8C7788D3809B42E650DF14693433BF8,onet.tile.match.puzzle.android,2190000,1981-01-01 01:01:02,2026-02-06 22:23:01.003394,50000000,2026-02-06T22:23:03.714499,"Onet Puzzle - Tile Match Game
2.19.0",Infinite Joy Ltd.,21 Jan 2026
0A5F866B837C88777AD686431B1099C63F3F6FE3DEA39F276DBA2F7E62307982,com.bitmango.go.wordcookies,764,1981-01-01 01:01:02,2026-03-07 12:50:22.466768,50000000,2026-03-07T12:51:47.964712,"Word Cookies! ®
26.0305.00",BitMango,4 Mar 2026
F91B226419D901250C8A0E096069EB346075526387A2A65831FF524D41176BE5,com.axis.net,687,1981-01-01 01:01:02,2026-02-12 13:15:36.4958,50000000,2026-02-12T13:16:01.826153,"AXISnet Cek &amp; Beli Kuota Data
9.29.0",AXIS.,4 Feb 2026
33BF93485BCD5B8A91A3F28B5395103BA89AABB89DE14940D68D7D32E64C0E32,com.agoda.mobile.consumer,572500,1981-01-01 01:01:02,2026-03-05 17:18:04.952465,100000000,2026-03-05T17:19:31.190605,"Agoda
14.7.0",agoda.com,2 Mar 2026
825CB1488F857ED25E135832430147AB121DC2F0CF9ABEEC3F03F35EACD9E79F,com.kayac.DrawFight,3000100,1981-01-01 01:01:02,2026-02-24 12:30:24.324711,50000000,2026-02-26T09:00:49.655785,"Draw Action: Freestyle Fight
3.0.1",KAYAC Inc.,22 Jan 2026
033BD2E165EB6232F669531896C8BDCA1409C99795128318F79FF37E76D738A0,com.openworld.carsimulatorct,63,1981-01-01 01:01:02,2026-02-01 02:44:00.917959,10000000,2026-02-01T02:45:01.845405,"Car Simulator: Indian Drive
2.2.14",C2T Joybase Simulator,29 Jan 2026
038195871BD4110FF08A47D7779CA5E9C8DB2E12071E927F18805525D20A9E88,ludo.bead.online.board.game,10012,1981-01-01 01:01:02,2026-02-19 04:39:43.113445,10000000,2026-02-19T04:41:28.262945,"Ludo Super: Fun Board Game
1.0.20260207",Comfun,6 Feb 2026
1AB8F6C2839D8B055AA58121CDE52DDB9821EDF9823F749E5ABA06E6D4684D77,com.easygames.race,2301,1981-01-01 01:01:02,2026-02-08 13:35:28.210453,100000000,2026-02-08T13:44:04.100234,"レースマスター 3D (Race Master 3D)
3.6.28.3579",Beresnev Games,2 Feb 2026
246D81AF9487D025BA48FF46C300A8D31F00BA4FB7B17EE44E5C84D3FE53116D,com.dramawave.app,1760001,1981-01-01 01:01:02,2026-02-09 22:01:27.13709,50000000,2026-02-09T22:02:54.232528,"DramaWave - Dramas &amp; Reels
1.7.60",SKYWORK AI PTE.LTD.,6 Feb 2026
9D5C9B2DA5D632A9519B3CDB616EC1163529E3B97CBE9B907004E262B5FD7C67,com.lightx,537,1981-01-01 01:01:02,2026-02-20 10:51:54.147881,50000000,2026-02-20T10:51:55.166522,"LightX AI Photo Editor Retouch
2.5.3",AndOr Communications Pvt Ltd,12 Feb 2026
067FB2A3DBB2527F277C34A476E0A006A045B7646D449F7983FC19104EA68F17,com.grandegames.slots.dafu.casino,345,1981-01-01 01:01:02,2026-01-26 12:49:43.853313,10000000,2026-01-10T22:49:29.697640,"Jackpot World™ - Slots Casino
3.45",SpinX Games Limited,31 Dec 2025
6F622828FF7B3B92A7F1DBEB208CC3B123D591EF3D9E44CCF98A3B275F1BCA7B,com.master.hotelmaster,3205,1981-01-01 01:01:02,2026-02-24 15:50:31.287117,100000000,2026-02-24T15:55:07.940165,"My Perfect Hotel
1.32.0",SayGames Ltd,19 Feb 2026
089D5CC31E0817B22234A997DF513E9E34E310C2A30FF3D7F2ACDE093DF763C7,com.portbliss.icycake,139,1981-01-01 01:01:02,2026-01-05 18:54:07.182022,10000000,2026-01-05T19:12:03.584882,"Icing On The Cake
1.38.2",Lion Studios,25 Nov 2025
2A544A04BBE291ABC60CB175ADEFB7BCE9E67855C934EB2D061DBE24321395CC,com.strava,12396603,1981-01-01 01:01:02,2026-02-26 14:58:02.719254,100000000,2026-02-26T15:02:24.977692,"Strava: Run, Bike, Walk
452.10",Strava Inc.,23 Feb 2026
249EF38F3216E2E5867A0280D6D69CFBA9172E1861CF196FE8C3BBF8D15DA32B,com.tokopedia.tkpd,320334801,1981-01-01 01:01:02,2026-01-27 03:23:10.018583,100000000,2026-01-27T03:23:03.136129,"Tokopedia
3.348.0",PT. Tokopedia,15 Jan 2026
4D4D69901C1834ABC043AE5332D9D7C3399D6C775E5F0BD29F26C4C2E7F7FE62,com.linkdesks.bubblegames.bubbleshooter,1161,1981-01-01 01:01:02,2026-02-01 03:03:05.305659,50000000,2026-02-01T03:03:20.451879,"Bubble Shooter Genies
2.85.1",PUZZLEJOY,29 Jan 2026
106A2A4314F4A579245605F278AF1F504DA5C111B6E81E6EA0494194718D5D1D,com.pyrsoftware.pokerstars.net,80362,1981-01-01 01:01:02,2026-01-26 19:57:31.386749,10000000,2026-01-26T19:58:34.440577,"PokerStars: Texas Holdem Game
3.89.10",TSG Platforms Ireland Limited,12 Jan 2026
0DF646661331A06423217FC6F0F7C42684CDE559969B1A4FDFA4F59559237C93,instaplus.app.lee,20286,1981-01-01 01:01:02,2026-01-03 12:25:25.090916,10000000,2026-01-05T10:33:09.400035,"HD Video Downloader
9.0.15",Bitmatic Technologies,29 Dec 2025
1825817B6AB593C0DAE57AD0791B2FF9A1239592757AAD52C43638CB93699003,com.sharekaro.app,10500690,1981-01-01 01:01:02,2026-03-07 15:53:21.837736,100000000,2026-03-07T16:04:08.877115,"ShareKaro: File Share&amp;Transfer
5.0.69",ShareKaro Team,5 Mar 2026
06633FF090AD9F6CDE5D05047A17E8A93E634E13D949284C7D079FD63BE67D3C,myrecorder.voicerecorder.voicememos.audiorecorder.recordingapp,10227,1981-01-01 01:01:02,2026-02-15 07:18:49.604995,10000000,2026-02-15T07:18:52.427918,"Voice Recorder &amp; Voice Memos
1.02.34.0213",Dairy App & Notes & Audio Editor & Voice Recorder,12 Feb 2026
E3A36F54F3FC56FF42A2E6A477626893C1CA45DABD23EF0D4823AD241B5537F5,com.cocoplay.fashion.style,3800,1981-01-01 01:01:02,2026-02-16 10:17:12.879856,100000000,2026-02-16T10:18:15.639785,"Super Stylist Fashion Makeover
3.8.00",CrazyLabs LTD,8 Feb 2026
6B3AF11F9E969EF553C61309088BF65CDDB4144C73EFF7B8ECB4DA24C2696281,com.ubercab,265963,1981-01-01 01:01:02,2026-02-19 07:58:50.332289,1000000000,2026-02-19T07:59:54.626825,"Uber - Request a ride
4.618.10001","Uber Technologies, Inc.",10 Feb 2026
004243A3FB052DCA06A91742DE7A68D8983C51C0E59FACE01B1DE9D4081C686C,com.cocoplay.shoppinggirl,267,1981-01-01 01:01:02,2026-02-23 20:01:01.37013,50000000,2026-02-23T20:03:44.166849,"Shopping Mall Girl: Chic Game
2.6.7",Coco Play By TabTale,19 Dec 2025
0939D2A47CB51D6EDEC12EE19BD4EF536FE7CBCA8C86B25366190F8B6CDFF85A,gg.sunday.catescape,902,1981-01-01 01:01:02,2026-01-27 17:51:37.730564,100000000,2026-01-27T17:53:40.231485,"Cat Escape: Virtual Pet Game
26.18.0",Sunday.gg,16 Jan 2026
000BA421C9AACDAF2F1CC3F4EBCCA79F1033890CA412214CC408B260D2C15CAF,com.malvo.frisbee,81,1981-01-01 01:01:02,2026-01-10 01:35:40.425283,10000000,2026-01-10T01:29:11.752111,"Ultimate Disc 3D
1.2.39",24 HIT Riga SIA,8 Jan 2026
0507D4FD0D2CF377D7D5C7D60A559C12651166CEF1DCCEE7A9AFD66648BB5DA2,ai.video.generator,117,1981-01-01 01:01:02,2026-03-04 10:51:34.164917,10000000,2026-03-04T10:59:15.104862,"AI Video - AI Video Generator
2.6.9",HubX,27 Feb 2026
205C06849E26216063C909472A5419E14F885F4027F23CDAEA0DE85D2F96A52C,com.audiomack,31455,1981-01-01 01:01:02,2026-01-27 07:43:04.033502,100000000,2026-01-27T07:43:35.678819,"Audiomack: Music Downloader
7.11.1",Audiomack Music Apps,21 Jan 2026
09E66B7489BF256B9522B200C3014C7368B1370513BDEE5F581C4F730A39C4D2,com.mobilefootie.wc2010,16020,1981-01-01 01:01:02,2026-02-23 15:37:28.599744,10000000,2026-02-23T15:40:29.331802,"FotMob - Football Live Scores
225.16020.20260223",FotMob AS,23 Feb 2026
040920612EA6DA84DF1CFEA20A0112778D09DA2DF6F5F1C1EC62EA957FE667B9,com.craftgames.plntcrft,457082,1981-01-01 01:01:02,2026-02-27 13:00:55.900799,10000000,2026-02-27T13:00:57.134188,"Mini Block Craft: Planet Craft
6.3.5","Playlabs, LLC",17 Feb 2026
D8EBD2E257F55D89CA0A0BF86D35256035F1376DB1AFF89CC115DA5AC70F4F17,com.ffgames.racingincar2,195,1981-01-01 01:01:02,2026-01-03 04:45:01.767009,100000000,2026-01-03T04:46:57.637949,"Racing in Car 2
1.9",ckgames,19 Dec 2025
4F149E664B449D890C0B5DA9CD26F15B3BD4A5C3656C6AD2186EF7EBBF5BD584,com.tutotoons.app.smolsiesmycutepethouse.free,8000336,1981-01-01 01:01:02,2026-02-15 08:07:56.030643,50000000,2026-02-15T08:09:05.228431,"Smolsies - My Cute Pet House
8.0.336",TutoTOONS,5 Feb 2026
0A81FCABA86A2DA91B71C381CE21BD90E10AF5A5E6E39CBD2F742CAB586C86A5,com.google.android.apps.translate,700455322,2009-01-01 00:00:00,2026-01-26 16:13:17.583839,1000000000,2026-01-26T16:14:06.590194,"Google Translate
10.1.35.855527520.1-release",Google LLC,13 Jan 2026
0D02D85A95D1A92703608549ABEAE68C247B192DE226BFF0CFA6B5D230597828,com.google.android.apps.dynamite,6429739,1981-01-01 01:01:02,2026-02-21 18:17:39.651167,50000000,2026-02-21T18:25:33.435356,"Google Chat
2026.02.16.870743904.Release",Google LLC,19 Feb 2026
12909A49415CD8D5F54205783D3E19776FD82D7D866E064865C536AB7B8456DA,com.traveloka.android,2101,1981-01-01 01:01:02,2026-01-27 08:43:06.338259,50000000,2026-01-27T08:43:20.943615,"Traveloka: Book Hotel &amp; Flight
5.37.0",Traveloka,26 Jan 2026
AE0BA364BA764CB71437CC429735B64CEDCFB170EE5D957AF126425C0579890F,com.gamegou.football,439,1981-01-01 01:01:02,2026-02-17 21:25:32.007245,50000000,2026-02-17T21:30:24.243847,"Top Football Manager 2026
3.1.09",Gamegou Limited,26 Jan 2026
0372A83449849DC560D2E97D4ADBA23334FD64F067906E54E48E7FBC5B0891A5,com.vodigitalarts.rally1,1272,1981-01-01 01:01:02,2026-01-03 06:45:39.563043,10000000,2026-01-03T06:45:26.786180,"Rally One : Race to glory
1.64",zBoson Studio,20 Dec 2025
09C34B1D29BFA9065CD7F3BBA40ADD65AEBAF915BEF256667F5AA81419A0102A,com.busuu.android.enc,1585215,1981-01-01 01:01:02,2026-02-28 09:28:01.720559,50000000,2026-02-28T09:36:28.447891,"Busuu: Learn Languages
32.31.1(1585215)",Busuu,27 Feb 2026
44776F5A768368BAB5126B7376AE3A555BBF139B22515E697103154F4D5DC3AA,com.meitu.meiyancamera,13001,1981-01-01 01:01:02,2026-02-06 11:38:47.645588,50000000,2026-02-06T11:33:09.997003,"BeautyCam-AI Photo Editor
13.0.01",Meitu (China) Limited,2 Feb 2026
111D82EAC2D3791B2B8CA63405FE4733B72BDABE09D54A95BE30CA2526811AB0,kr.sira.measure,88,1981-01-01 01:01:02,2026-01-11 03:12:36.428447,10000000,2026-01-11T03:13:01.592877,"Smart Measure
1.8.2",Smart Tools co.,23 Dec 2025
0CF75F5727453CE8FFEDCD9C057FF5BE48D4902C3AE1ECB031541D14EF2FAFDB,com.BallGames.Woodturning,4062,1981-01-01 01:01:02,2026-02-17 18:39:48.21321,100000000,2026-02-17T18:41:51.702973,"Woodturning
3.11.31",VOODOO,4 Feb 2026
06E985BFE057EC0B9E1D774F93FDF9E713FAD1616BFD4D972C7197E1A495F70E,com.meitu.wink,22605,1981-01-01 01:01:02,2026-01-07 10:11:01.586896,10000000,2026-01-07T10:11:28.327400,"Wink: Video Enhancer &amp; Editor
2.26.5",Meitu (China) Limited,30 Dec 2025
B4B92631021FD2A1ADA73F73EF04683CC8C53FCD74652147131A980916632FD7,com.stealthgame.master,279,1981-01-01 01:01:02,2026-02-24 11:16:36.247218,100000000,2026-02-24T11:23:04.530728,"Stealth Master - Ninja Killer
1.12.34",SayGames Ltd,5 Feb 2026
E930A71E6DB4EB5F70650BCBAD79C174C75BA95534D6F4EBD98B835E8B127B23,com.monster.demolition,1031,1981-01-01 01:01:02,2026-01-27 14:21:03.248094,50000000,2026-01-27T14:21:35.248390,"Monster Demolition - Giants 3D
1.4.12",SayGames Ltd,10 Dec 2025
08001892EB6CD4CBCDCD6747649446DE037BCEEC7AC68C41EF288E23C821C768,com.mmmoussa.iqra,373,1981-01-01 01:01:02,2026-02-21 11:14:49.633909,10000000,2026-02-21T11:09:08.695703,"Tarteel: AI Quran Memorization
5.75.1",Tarteel Inc.,19 Feb 2026
17C0BC849B3942532C010F3A482E04D1D168422C377B09D372D2076C56912297,com.binance.dev,100301102,1981-01-01 01:01:02,2026-03-07 02:36:39.120793,100000000,2026-03-02T12:00:37.497991,"Binance: Buy Bitcoin &amp; Crypto
3.11.2",Binance Inc.,27 Feb 2026
536EA801C79DFDEB844F3A6E24E9C3852B1EE6C78CCF2410136F9DD40D81AE1A,com.tutotoons.app.sweetbabygirlcleanup5.free,700030375,1981-01-01 01:01:02,2026-01-31 15:39:55.785834,50000000,2026-01-31T15:40:45.533417,"Sweet Baby Girl Cleanup 5
7.0.30375",TutoTOONS,27 Jan 2026
4F2039374FC13C66BAC69CF40BE214054449A88369AC845436AF7EABF6A88001,com.myyearbook.m,21900,1981-01-01 01:01:02,2026-02-15 08:28:04.090044,100000000,2026-02-15T08:28:04.528443,"MeetMe: Chat &amp; Meet New People
219.0",MeetMe.com,6 Feb 2026
339786A08EEDAEEE7104CB729FD3C146CAEEB47D9D4E48DFA3D669AA31890FCF,videoeditor.videorecorder.screenrecorder,2491001,1981-01-01 01:01:02,2026-02-10 01:13:29.95036,100000000,2026-02-10T01:13:26.940780,"Screen Recorder - XRecorder
2.4.9.1",InShot Inc.,20 Jan 2026
2AF1367C5FA7606E63A2DEBAB018D5AF3A9D8C2FCCA569EE9CA7EEADA35FACE7,com.pedidosya,2566,1981-01-01 01:01:02,2026-02-12 13:43:56.670872,50000000,2026-02-12T13:44:23.530833,"PedidosYa - Delivery Online
10.5.7.2",PedidosYa S.A,9 Feb 2026
0FE6B0132A35C90D60C45B4176D877B70B5C31949400DEA06656683946EB0F52,com.uefa.euro2016,1643667750,1981-01-01 01:01:02,2026-03-07 07:39:30.507806,10000000,2026-03-07T07:40:55.139919,"UEFA EURO &amp; Nations League
16.0.0",UEFA,23 Feb 2026
903B4B7863E6D76F61A4FB9C2597C4943BABA2A896649CA23141E9C22D07BE99,jp.ne.ibis.ibispaintx.app,1301190129,1981-01-01 01:01:02,2026-01-27 02:44:57.150814,100000000,2026-01-27T02:46:04.855100,"ibis Paint X
13.1.19",ibis inc.,16 Jan 2026
DC594C132C0CD1C29F927A350F2E27027130557FF256973F7A1567D57898D361,com.radio.fmradio,745,1981-01-01 01:01:02,2026-01-09 04:19:35.532305,100000000,2026-01-09T04:19:31.145595,"Radio FM Online
18.4.17",RadioFM,29 Dec 2025
0D3873C33493B8A4A8A6E64AE4E746AC9417F5151D12C6C16FE08678FF88EBBC,com.pieyel.scrabble,1981041000,1981-01-01 01:01:02,2026-02-26 10:34:02.628191,10000000,2026-02-26T10:37:15.674957,"Scrabble® GO – Fun with Words!
1.104.1",Scopely,13 Feb 2026
14F591AAE0B9D425EE60D63AC8D8D8E2387D8201FD9967FA9F0E585FE8AE230F,us.mitene,371,1981-01-01 01:01:02,2026-02-12 16:59:09.717992,10000000,2026-02-12T17:00:29.721773,"FamilyAlbum - Photo Sharing
22.38.1","MIXI, Inc.",11 Feb 2026
49D7514EEECCEBC6B46079F7B99C78FBE338D6292EF3BC121261AB22C1B2020D,com.speedymovil.wire,1525,1981-01-01 01:01:02,2026-02-22 00:14:18.746244,100000000,2026-02-22T00:14:29.365190,"Mi Telcel
14.6.4","Telcel, Radiomovil Dipsa S.A. de C.V.",13 Feb 2026
1378BE1A6D3714B92B2F574F3EDDD60440343CB37B59DA6347A953A9C3BE7412,io.supercent.burgersimulator,33,1981-01-01 01:01:02,2026-02-01 00:00:28.860509,10000000,2026-02-01T00:00:49.747002,"Burger Simulator!
20.4.0","Supercent, Inc.",11 Jan 2026
3D32BA85296AFB414B15990E34624375AF7491A895131CB74DFBFC5E7B62EE36,blockpuzzle.new1010.jewelgames.puzzlegames,252,1981-01-01 01:01:02,2026-03-07 04:09:52.329925,50000000,2026-03-07T04:13:42.135431,"Block Puzzle
1.25.2",Block Puzzle Jewel Games,2 Mar 2026
0C5D65D6378E92BC278BAEFEF43D4D21F7148719583415A3B0F929CC6E1C8AAC,com.ak.ta.divya.bhaskar.activity,659,1981-01-01 01:01:02,2026-02-13 17:26:55.792115,10000000,2026-02-13T17:31:46.479900,"Gujarati News by Divya Bhaskar
14.8.0",Dainik Bhaskar Group,4 Feb 2026
051F9DB1F060F7F6F9798261ABA47880D090267B8974A8E53531F38B4F69441B,pdf.reader.pdfviewer.pdfeditor,69,1981-01-01 01:01:02,2026-01-26 12:41:45.634335,50000000,2026-01-26T12:43:16.581561,"PDF Reader - PDF Editor
1.6.2",Simple Design Ltd.,30 Dec 2025
3DBA56F8C7C339E6EAE7BDF6D532A9B68A000B7967E58401D733D2AE137E1F63,com.forqan.tech.PrincessColoring,2000025,1981-01-01 01:01:02,2026-02-16 03:51:11.110951,50000000,2026-02-16T03:52:47.667332,"Princess Coloring &amp; Dress Up
2.0.25",KiDEO - Learning Games for Kids,15 Dec 2025
3FB597232900E3F248CF6C9F749BAD3C34664069B411367920357BF381C51B58,com.dressup.fashionshow.leftright,36,1981-01-01 01:01:02,2026-02-23 04:18:17.73305,50000000,2026-02-23T04:22:16.236407,"Left or right: Magic Dress up
3.5",ABI GAMES PTE. LTD.,6 Feb 2026
576D72E5863010D03919668FD3B9346184FE133CDDC810BE88070AAD2A9CBC66,solitaire.patience.card.games.klondike.free,26012641,1981-01-01 01:01:02,2026-02-05 00:44:00.379694,50000000,2026-02-05T00:47:14.635982,"Solitaire - Classic Card Games
6.2.0-26012641",Guru Puzzle Game,25 Jan 2026
117E7859FB3A2EBF2C8570256223B77AF7737D19B8584FDF348E2CA32F5D5E55,com.sinyee.babybus.taxi,8731622,1981-01-01 01:01:02,2026-01-31 14:34:19.444929,100000000,2026-01-31T14:34:21.941918,"Baby Panda&#39;s School Bus
8.73.16.22",BabyBus,26 Jan 2026
032B4FBCD777D904C6CD83E291E2BB65E1C652B5E92BCBC7A8503FCEACD05917,com.wave.personal,26021101,1981-01-01 01:01:02,2026-02-12 17:11:12.329906,10000000,2026-02-12T17:11:16.986177,"Wave - Mobile Money
26.02.11-ed634a",Wave Mobile Money,11 Feb 2026
F93BF0C03B8D33B56D5F16B371CBEFC5B47527FE7DEB0DCD6DAF5CEA0539A82C,com.geishatokyo.trafficrun,17234,1981-01-01 01:01:02,2026-02-03 20:19:49.389491,100000000,2026-02-03T20:22:27.749556,"Traffic Run!: Driving Game
3.0.8","Geisha Tokyo, Inc.",29 Dec 2025
053F0EF9BA8CA05681E9001740765D50D6D6BC682FFB8B98AD097050EC57A125,me.lyft.android,1770794749,1981-01-01 01:01:02,2026-02-19 11:26:29.799454,50000000,2026-02-19T11:29:25.669581,"Lyft
2026.5.3.1770794749","Lyft, Inc.",10 Feb 2026
0BEA52047AA0E2C738FB680F7474A0DB5B00B599255DC8F0B7D7F6169AE1996E,com.dailyyoga.inc,402,1981-01-01 01:01:02,2026-01-27 14:15:08.471733,10000000,2026-01-27T14:16:27.706479,"Daily Yoga: Fitness+Meditation
8.85.00",DAILY FITNESS,14 Jan 2026
0C3E7147EC0BAA897AFDACFFF25E0C1004642832C3B26A6018F457642368390A,com.zeptolab.bulletecho.google,2348679,1981-01-01 01:01:02,2026-03-03 14:00:02.458181,10000000,2026-03-03T13:59:10.835747,"Bullet Echo: Multiplayer PvP
7.9.0",ZeptoLab,20 Feb 2026
C17F6365663D9B6D42DB5338E11A8CC6AF4EB508FAB7CF1A542993044A82635D,com.ytv.pronew,17,1981-01-01 01:01:02,2026-02-22 07:57:39.043932,50000000,2026-02-20T00:33:43.773682,"YTV Player Pro
14.0",Prod ADP,9 Dec 2025
30369E5D9BF2759D96EC688F94FED2DA20697F0561CDC1C041AE38B302C9CDB4,com.yandex.searchapp,251202043,1981-01-01 01:01:02,2026-01-01 03:37:38.24127,50000000,2025-12-30T07:34:07.638842,"Yandex Search
25.122",Direct Cursus Computer Systems Trading LLC,26 Dec 2025
90D9AEC9E503F3466B2388943BE313B53091F1AB5903FDB8B8B3F11467AE4D77,com.ea.gp.fifaultimate,26040,1981-01-01 01:01:02,2026-02-19 12:41:15.522551,50000000,2026-02-15T02:16:46.013669,"EA SPORTS FC™ 26 Companion
26.4.0.10509",ELECTRONIC ARTS,14 Jan 2026
1257FC78D14DD95F50BBC3A933DC728C5D661FC537A7EFDFD395D98972A3ABB2,com.truecaller,2604006,1981-01-01 01:01:02,2026-02-05 00:48:07.386614,1000000000,2026-02-05T00:49:01.234537,"Truecaller: Caller ID &amp; Block
26.4.6",Truecaller,28 Jan 2026
136E35A351E4CF8F158D716555CDA7119F561A5F625F7E480EB34DC5EF646AE4,com.LuB.DeliveryConstruct,67,1981-01-01 01:01:02,2026-01-27 05:27:44.940176,50000000,2026-01-27T05:22:18.598017,"Ride Master: Car Building Game
4.7.3",Freeplay Inc,12 Jan 2026
07C4AABB7CD1062FDD60E60EA2BBCFE3CFB4F0703E8C6F181B5738E27825479E,com.distimo.phoneguardian,2026021302,1981-01-01 01:01:02,2026-02-17 05:33:45.195115,10000000,2026-02-17T08:35:52.234733,"Phone Guardian Mobile Security
5.3.0",ST Advanced,12 Feb 2026
8A715BF58795ACADC53C736BDE51A1D6BEE443562CA4815D8239370465E84D56,com.aceviral.petrun,145,1981-01-01 01:01:02,2026-02-15 07:24:05.847024,50000000,2026-02-15T07:24:56.656291,"Pet Run - Puppy Dog Game
1.26.6",Ace Viral,6 Feb 2026
0DA98BB245C211C239577ABD966B839756ED3198CD73BDD210670D0F2490F5E6,com.greentech.quran,162,1981-01-01 01:01:02,2026-02-22 08:19:04.710382,10000000,2026-02-22T08:21:03.782649,"Al Quran (Tafsir &amp; by Word)
1.35.5",Greentech Apps Foundation,21 Feb 2026
45FD5A7F5028224575F906E6DA21AC5302F04F9928CAE17AF9A8F040D2855353,com.education.android.h.intelligence,2026019100,1981-01-01 01:01:02,2026-02-12 16:58:43.183052,100000000,2026-02-12T17:00:29.617979,"Gauth: AI Study Companion
1.91.0",GauthTech Pte. Ltd.,10 Feb 2026
93E6CEC4986A10F846478EC17B00733191EF886C571204A48C3298CB18E08C46,com.matteljv.uno,164416,1981-01-01 01:01:02,2026-01-07 06:17:04.36721,100000000,2026-01-07T06:17:20.705188,"UNO!™
1.16.4416",Mattel163 Limited,26 Dec 2025
80FA42C995F9297F1623E83CF4FE51994F074DF0518DAC3994ED681C5A7AC07B,ball.sort.color.puz.game.puzzle,1170001,1981-01-01 01:01:02,2026-01-27 04:20:35.347076,50000000,2026-01-27T04:21:43.011679,"Ball Sort - Color Puz Game
1.17.0",Infinite Joy Ltd.,6 Jan 2026
12A9D1FE321376687374EB1A8EC0896662E7D92D321A9E1419EFCD8CF9FBE8BE,com.loudtalks,6001601,1981-01-01 01:01:02,2026-01-11 10:25:55.672662,100000000,2026-01-11T10:22:17.175469,"Zello PTT Walkie Talkie
6.16.1",Zello Inc,6 Jan 2026
0A74150F1182CF7BEBD4BA07C28629EF110E6490664FCA8DDB6DA13DB14BB2D3,easy.launcher,10841,1981-01-01 01:01:02,2026-02-08 06:18:28.199635,10000000,2026-02-08T06:25:17.476308,"Easy Homescreen
1.8.41",Homescreen Apps,28 Jan 2026
121D6FDEFDA0B2433081754500DE1B7FF6EE43E75D0DF37F9D6DB522F28F699B,com.and.riseofthekings,245,1981-01-01 01:01:02,2026-01-26 15:50:11.016164,10000000,2026-01-26T15:50:26.639933,"Rise of the Kings
1.9.79",ONEMT,14 Jan 2026
0CF68AA0D83AECF27B07449D9F282FEC7A093B4E4B246B7B4C7A6EEBC1D6D9EA,com.stepsappgmbh.stepsapp,389,1981-01-01 01:01:02,2026-02-10 06:22:16.407067,10000000,2026-02-10T06:23:04.014321,"StepsApp – Step Counter
6.4.2",StepsApp,6 Feb 2026
51E34988FAF9B8EB29ACFD42D27266E51370C9A042EE43597EE9929B4F021243,com.fast.free.unblock.thunder.vpn,202512240,1981-01-01 01:01:02,2026-01-02 00:43:54.377302,100000000,2026-01-02T00:43:58.384512,"Thunder VPN - Fast, Safe VPN
5.3.17",Secure Signal Inc.,23 Dec 2025
21A21F4BE99997A63455A4D433B070BDA6AD27AA5637335BD88F7EB6E3FADB2D,com.bestringtonesapps.bestringtonesfree,15083,1981-01-01 01:01:02,2026-01-12 15:53:44.745166,50000000,2026-01-12T16:01:20.367398,"Ringtone app for Android™
15.8.4",Peaksel Ringtones Apps,23 Nov 2025
81D1E30CD7379F27136607CE03EEEAA41883ABB573C1E02353310A81D03F67BD,com.budgestudios.googleplay.PawPatrolRescueWorld,8955,1981-01-01 01:01:02,2026-02-02 17:33:56.692961,50000000,2026-02-02T17:34:13.400244,"PAW Patrol Rescue World
2026.2.0",Budge Studios,23 Jan 2026
B3F32288C55429F9D77BC536D23E668576212DE76C22F8E23891B5C55BE6F04B,com.flashkeyboard.leds,226,1981-01-01 01:01:02,2026-03-01 18:33:31.299056,50000000,2026-03-01T18:37:42.270470,"LED Keyboard: Colorful Light
16.6.16",Zayzik : LED Keyboard Studio,12 Feb 2026
AE4715FA7EAF8636D7E226CB096E08770AA60416488A2AB0F2EBFA443D52C287,com.tattoodo.app,215001083,1981-01-01 01:01:02,2026-03-04 08:36:01.215793,10000000,2026-03-04T08:40:56.023644,"Tattoodo - Your Next Tattoo
9.3.9-r215001083",Tattoodo,9 Feb 2026
09FB19E914D6AF145E6679A26BCF9F67A6AB31E5FB311828B1A11AC1594E6DAE,free.alquran.holyquran,119,1981-01-01 01:01:02,2026-03-02 01:52:38.452746,50000000,2026-03-02T01:53:17.049933,"Al QURAN - القرأن الكريم
4.4.31","9D Muslim Apps - Quran, Qibla Direction & Prayers",25 Feb 2026
0FB2D3B687DF2D75D6928429035AE2A36836450BF3BC5F58A1012999531D6309,com.jctswbglsm.SwipeAway,1650104,1981-01-01 01:01:02,2026-02-03 20:39:10.880648,50000000,2026-02-03T20:40:44.346530,"Tap Away
165.1.3",Popcore Games,27 Jan 2026
925335770ADA16662B427A1D24C53858393B2FFCAFA973FFFAAAB4D9D5A069C9,com.jaumo,1001800,1981-01-01 01:01:02,2026-03-07 00:52:01.534456,50000000,2026-03-07T00:52:16.939223,"Jaumo Dating App: Flirt &amp; Date
202602.1.0",Joyride GmbH,23 Feb 2026
290250CBD5E0CBC1512F0E2A19FDDD2C5A434028094A6AE9A9B214A368DAC148,com.zynga.words,500101,1981-01-01 01:01:02,2026-02-26 01:17:18.371847,50000000,2026-02-26T01:18:31.670650,"Classic Words With Friends
50.01.01",Zynga,13 Feb 2026
0339032927CBB1D7EDFBD69620BD3C69AFDD05E5D88318F4CC55F737B6139B3D,com.titan.fastrack.reflex,258,1981-01-01 01:01:02,2026-02-07 18:36:05.160047,10000000,2026-02-07T18:36:37.084257,"Fastrack Smart World
6.5.0.271119",Titan Company Limited,27 Jan 2026
125F38C16FE55915472CE5F9E0C5120F036F87FA3FF46EE531B474118FDAC8B7,kik.android,80000955,1981-01-01 01:01:02,2026-01-27 07:01:50.320281,100000000,2025-12-23T12:57:21.873704,"Kik — Messaging &amp; Chat App
17.8.3.33653",MediaLab AI - Kik,16 Dec 2025
11212E4E305DCD75525405048561B6020C0B746822DC1648AD0BC47AD7180E9F,com.radarapp.trip.speedometer,52,1981-01-01 01:01:02,2026-02-10 17:35:28.554853,10000000,2026-02-10T17:37:21.146060,"Offline Maps, GPS, Speedometer
1.4.1",Appcentric Team,6 Feb 2026
0D558623359DEBCEE811A5AC7347DFAEE3A8C4C282859D8D9FB407F655D5759E,com.gamovation.chessclubpilot,300,1981-01-01 01:01:02,2026-03-05 18:24:04.545971,50000000,2026-03-05T18:22:31.276643,"Chess - Offline Board Game
2.8.1",GamoVation,4 Mar 2026
3295FE14217F1EC77478DA37BB0C0B7EDFDE2DBABD557CC4071225F93D71D9C9,com.swiftappskom.thewolfrpg,200234,1981-01-01 01:01:02,2026-02-04 23:18:41.011633,50000000,2026-02-04T23:20:00.689141,"The Wolf: Animal Game MMORPG
4.4.0",Rage Quit Games Group,23 Jan 2026
07349BBAFFE4CE1BBBF84B3FEF01C5A0E639E4EA3AC00E242674711C1DB372DC,in.stage,505973,1981-01-01 01:01:02,2026-02-20 15:27:56.298312,10000000,2026-02-20T15:28:02.682715,"STAGE: Cultural Series &amp; Films
4.63.1",STAGE Technologies Private Limited,18 Feb 2026
12291B76F3AE5E3968285F44744C0E68BDA316114CA01BA26702E56571ADD1BC,com.ViperGames.StickmanWarriors,200022,1981-01-01 01:01:02,2026-01-04 09:04:05.90607,50000000,2026-01-04T09:05:54.046138,"Stickman Warriors
3.2.1",ViperGames,1 Dec 2025
03B8B8C5C2EE2238DDCD413657B68B88E8807A7BD85DAFD9651A9AB4CBD17F84,com.bandlab.bandlab,11170200,1981-01-01 01:01:02,2026-02-19 09:41:16.465794,100000000,2026-02-19T09:42:29.291526,"BandLab – Music Making Studio
11.17.2",BandLab Technologies,16 Feb 2026
C94C842750ACA3E48F4D0D5BD9A28DC60853C8F9EA0A35CCE11A149C23005B66,com.StressGame.AntistessPopToySatisfying,200088,1981-01-01 01:01:02,2026-02-14 19:47:22.443795,50000000,2026-02-14T19:54:45.725032,"Pop it Fidget Toys 3D Games
5.10.8",FALCON GAME,16 Oct 2025
00F423A47C3F0636CB34838593D550D292CC7E55A84641476B22A32FD0BA1CAF,com.foxsports.android,514600002,1981-01-01 01:01:02,2026-02-17 05:58:43.53015,10000000,2026-02-17T06:05:25.006967,"FOX Sports: Watch Live Games
5.146.0",FOX Sports Interactive,6 Feb 2026
0D84C7C9A9EC7C8ED4E321D501F7D82643CAD7E6CAE74566E0D6AFDAA6E4E4FD,uz.uzum.app,644681,1981-01-01 01:01:02,2026-02-27 15:54:57.978719,10000000,2026-02-27T16:03:53.246141,"Uzum Market: Online Store  UZ
1.79.1",Uzum,27 Feb 2026
2C0FD7FFFF8533FE5021868F13A24DE3DCA6BD580D4C8DEA3D27033B940DE302,com.microsoft.skydrive,2027490502,1981-01-01 01:01:02,2026-03-02 07:03:15.558638,5000000000,2026-03-02T07:08:21.086051,"Microsoft OneDrive
7.49.1",Microsoft Corporation,25 Feb 2026
136447F32D8E6F2FD2B1446A019EF642FDD8808C3700EBC90DEB8762D2103334,com.funtomic.dynamons3,11229,1981-01-01 01:01:02,2026-01-09 04:25:43.56306,10000000,2026-01-08T06:58:07.922606,"Dynamons World
1.12.29",Azerion Casual,7 Jan 2026
2A17AB3E8AE07D3E05FD0A4B76B077E61F08067FB0492501E46EAEDEB18AFF33,team.opay.pay,7516192,1981-01-01 01:01:02,2026-01-05 17:12:57.041977,50000000,2026-01-05T17:17:43.551203,"OPay
7.43.2.417",OPay Digital Services Limited,4 Jan 2026
07F730AC20A44121A3EA3EDFCC88ABAB2679EC25CBB1B19ACECD77C21624B5D5,com.hts.ams,4032,1981-01-01 01:01:02,2026-02-18 09:32:43.380197,10000000,2026-02-18T09:35:08.282474,"TOY WARS
3.280.2",Volcano Force,10 Feb 2026
0C607EFB8C65BF2D4DCDD436129BEBDC929CF41B21B908F9C1E8BBB6A8C0456A,com.moonton.mobilehero,11953,1981-01-01 01:01:02,2026-01-26 19:27:24.837046,10000000,2026-01-26T19:28:22.600109,"Mobile Legends: Adventure
1.1.628",MOONTON,13 Jan 2026
03DF982577C2054F3D63E94506A2826D6B291FC4137586D63D247F3448E33587,com.productmadness.lightninglink,260551635,1981-01-01 01:01:02,2026-02-25 21:28:27.338701,10000000,2026-02-26T09:00:52.767901,"Lightning Link Casino Slots
10.1.1",Product Madness,24 Feb 2026
0B5491CB1423789C5D6338C1ECB7EC38080DB4C22ECF8EBAFCF5C9E06EA528F4,com.scribd.app.reader0,6125002,1981-01-01 01:01:02,2026-01-27 16:27:18.360655,10000000,2026-01-27T16:29:16.141902,"Everand: Audiobooks &amp; Ebooks
16.1.1","Scribd, Inc.",25 Jan 2026
077E373B61D4AB0563225351B6D91FE805E0F84748DD6F4AF8953DD007A1BE4D,com.burockgames.timeclocker,191402452,1981-01-01 01:01:02,2026-02-09 15:02:01.14481,10000000,2026-02-09T15:10:56.513234,"StayFree - Screen Time
19.14.2",ST Pulse,4 Feb 2026
E6E3EB6E72E9A7589144999BE91D9D701FF2EB8E16B64383CD5251B5CA3CCD97,cn.xiaofengkj.fitpro,198,1981-01-01 01:01:02,2026-02-06 00:10:32.259762,100000000,2026-02-06T00:12:23.119738,"fitpro
2.9.7","Shenzhen Well Fitness Management Technology Co,LTD",2 Feb 2026
C87BDFA3D2942BA11E69FF55B84D980DDA31426F3FACB102423BE37CC48F92D2,com.fanatee.cody,400,1981-01-01 01:01:02,2026-01-27 04:53:31.292053,100000000,2026-01-27T04:54:15.338725,"CodyCross: Crossword
2.7.0","Fanatee, Inc.",9 Jan 2026
47AAA52DB5EBF09EAC51701699AE12C7C3FE3BECF2B3B55FAA839E07F524602E,com.jellybtn.boardkings,32268,1981-01-01 01:01:02,2026-01-26 18:28:07.160005,50000000,2026-01-26T18:29:38.343593,"Board Kings: Dice Online Game
5.46.0",Playtika,26 Jan 2026
FA92E4232A435C3B91E5AD1786EBC15F7A64DEC04313C1E10D98740C310336A7,com.alphapotato.prankster,216,1981-01-01 01:01:02,2026-01-01 04:55:47.83203,50000000,2026-01-01T04:55:51.021575,"Prank Master 3D
1.19.0",Lion Studios,26 Nov 2025
0A487B167BEB00DBED1DDCE98F4CE7360510B97A0F85EBD2C84FDB6BE1A54284,in.redbus.android,814010,1981-01-01 01:01:02,2026-02-09 16:30:46.723999,100000000,2026-02-09T16:32:06.026098,"redBus Book Bus, Train Tickets
81.4.1","redBus - Bus, Ferry, Train, IRCTC Auth. Partner",3 Feb 2026
44A612EC1684F22E23A7003F9C75C1C03AD9D6B2A1628E873936BC318C956127,com.king.petrescuesaga,401301000,1981-01-01 01:01:02,2026-02-25 11:53:21.824165,100000000,2026-02-25T11:55:52.862142,"Pet Rescue Saga
4.13.1.0",King,20 Feb 2026
0C7309724F19746B814ED74F40979238AC42D91F8090B58D68E963AF33B115D2,com.arlosoft.macrodroid,896000009,1981-01-01 01:01:02,2026-01-26 09:42:39.26644,10000000,2026-01-26T09:44:24.650382,"MacroDroid - Device Automation
5.60.9",ArloSoft,15 Jan 2026
07AD79F4A6EA02D66DBD99B8F1107BE86EAEFF6832ECF52E2A0E965139FCE577,notion.id,9540,1981-01-01 01:01:02,2026-01-07 00:29:41.875834,10000000,2026-01-07T00:30:12.143414,"Notion: notes, tasks, AI
0.6.3540","Notion Labs, Inc.",4 Jan 2026
E5A1C6C7D703ED39BE46756EA94AF6F3FB8A1A7112538488E2C197356AE2296D,com.mobilityware.spider,4890,1981-01-01 01:01:02,2026-03-03 01:37:20.565639,50000000,2026-03-03T01:53:28.312325,"Spider Solitaire: Card Games
7.7.0.4890",MobilityWare,26 Feb 2026
52237A1CED2E1EED2BB67D12D35EEDBF96589AF906CDDE8F22F62047F67198A3,com.discord,311020,1981-01-01 01:01:02,2026-01-14 10:24:51.279626,500000000,2026-01-14T10:26:45.986517,"Discord – Talk, Play, Hang Out
311.20 - Stable",Discord Inc.,9 Jan 2026
133A02B113174E7202A2683BB1766BFF6E1F32AA6EC0054E616151D5B8643902,com.heli.monsters,118,1981-01-01 01:01:02,2026-02-16 21:40:43.054068,10000000,2026-02-16T21:51:31.694707,"Heli Monsters - Giant Hunter
1.4.13",SayGames Ltd,30 Dec 2025
10877770124D3748D88C43A60166722AE9A4261517F097AEF1EA8AAA70C99B54,br.com.stone.ton,38835,1981-01-01 01:01:02,2026-02-18 00:30:16.353076,10000000,2026-02-18T00:30:19.049242,"Ton: maquininha, tap e conta
52.4.0",TON S/A,5 Feb 2026
014F217760ED51BB55DFA2FC95AA354E7360B9CB3C8E1E7E64AEEC293EFD0A9D,sixpack.sixpackabs.absworkout,98,1981-01-01 01:01:02,2026-01-07 03:56:35.28832,100000000,2026-01-07T04:42:21.037754,"Six Pack in 30 Days
1.4.4",Leap Fitness Group,3 Jan 2026
736B8E4B7AF4D0ABC186C4918F3B03E978A96078471A56D0A33A9117B87EE554,com.ubisoft.hungrysharkworld,747,1981-01-01 01:01:02,2026-01-29 12:59:46.983694,100000000,2026-01-29T13:01:04.818416,"Hungry Shark World
7.4.7",Ubisoft Entertainment,21 Jan 2026
39D1ECC8CC5CF040955C11C4C1B68268F36B72ED48132DA061FAAA6CDEBDB0AE,com.google.android.apps.docs.editors.sheets,220672802,1981-01-01 01:01:02,2026-02-24 05:44:14.847483,1000000000,2026-02-24T05:44:15.858098,"Google Sheets
1.26.071.02.90",Google LLC,23 Feb 2026
027AD159953B7224F185A743965B6304D9A009698AEDEEBA81A91679B0ADE28A,pedometer.stepcounter.calorieburner.pedometerforwalking,104,1981-01-01 01:01:02,2026-02-14 10:13:55.439856,50000000,2026-02-14T10:15:17.616834,"Pedometer - Step Counter
2.4.6",Simple Design Ltd.,15 Jan 2026
3C14C43E756D8B8C3055CE0A47D41EBBF03C7C4D1208EB25A997793B7C8DD621,com.google.android.apps.magazines,2022231980,1981-01-01 01:01:02,2026-03-04 14:04:52.326689,1000000000,2026-03-04T14:23:43.001670,"Google News – Daily Headlines
5.150.0.868861049",Google LLC,26 Feb 2026
2FAB5403E294D9042C2A6D2EF611D8CA3FF8DF335C3C91CA561D3B20A59FEB31,com.europosit.pixelcoloring,1121006105,1981-01-01 01:01:02,2026-02-07 18:40:14.752074,100000000,2026-02-07T18:41:16.046238,"Pixel Art - Colour by Number
10.6.1",Easybrain,6 Feb 2026
1319408EB44A666BD4E739EECCE6F8DC2C4D29CC8568E68F421538FCF5C768AA,org.thoughtcrime.securesms,164701,1981-01-01 01:01:02,2026-02-14 13:18:23.608958,100000000,2026-02-14T13:23:10.057429,"Signal - Private Messenger
7.73.2",Signal Foundation,9 Feb 2026
0511555AC9A9D6FDCD58DFFA3DCE93288B0A0B9ACC85DF4538469C2C3F643E46,com.vk.vkvideo,38826,1981-01-01 01:01:02,2026-02-18 11:29:05.933294,10000000,2026-02-18T11:32:06.846099,"VK Video: movies, cartoons, TV
1.132",VK LLC,11 Feb 2026
0352DED174559A41F3B3B7C5A3BB47C5AE0E832AC00B79AFA18B2CDEE8521D60,com.gabama.monopostolite,685,1981-01-01 01:01:02,2026-02-21 19:24:57.580648,10000000,2026-02-21T19:31:58.692182,"Monoposto
6.34",Marco Pesce,20 Feb 2026
0AEA1766827D582B52729BE8356AA84D33F262A9FC70C617A30FD58A6BEDBC4B,com.dailymotion.dailymotion,32515,1981-01-01 01:01:02,2026-01-27 00:55:42.443675,50000000,2026-01-27T00:55:42.852071,"Dailymotion Video App
3.25.15",Dailymotion,26 Jan 2026
087FD01AAE55115558D31A94B9AE0D205E12873737896176D457442CECE60B27,com.renderedideas.jungleadventures3,466,1981-01-01 01:01:02,2026-03-03 19:50:12.509315,10000000,2026-03-03T19:50:14.204874,"Jungle Adventures 3
466.0",Rendered Ideas,2 Mar 2026
041FD943B50D374D610F0ED6F9182E65FADD010A6E6CC34D30638651DDB6B31A,com.babbel.mobile.android.en,21910099,1981-01-01 01:01:02,2026-01-26 15:47:34.539593,50000000,2026-01-26T15:47:48.931258,"Babbel: Language Learning
21.91.0",Babbel,12 Jan 2026
8FC8C5022FFC133F0D07639596EB2E0D88DEA0542E2CF7D318E584FDB381613F,com.easybrain.number.puzzle.game,13900054,1981-01-01 01:01:02,2026-01-26 13:26:06.169882,50000000,2026-01-26T13:26:48.861125,"Number Match - Numbers Game
1.39.0",Easybrain,19 Jan 2026
38D52F883BA7AEC60F5E282DB5C47C4310418CA09E0D6C76979FA19D3F6F5747,com.YsoCorp.StretchGuy,3050,1981-01-01 01:01:02,2026-01-13 01:21:51.936362,100000000,2026-01-13T01:23:06.804101,"Stretch Guy
0.15.0",Yso Corp,29 Dec 2025
9090B1443E74AF773416AC57120BDFF6F233521AC8A5675018CEA45F14BFD276,com.mobile.bizo.reverse,152,1981-01-01 01:01:02,2026-03-07 00:52:08.23769,50000000,2026-03-07T00:56:03.243790,"Reverse Movie FX - magic video
1.5.152",Bizo Mobile,3 Feb 2026
36EEE2149DA29A7C030BAFCD3AD88EC5C96A1D7E6F012229EBEB485C12FBEE30,com.fugo.wow,55875747,1981-01-01 01:01:02,2026-03-05 19:12:07.675591,100000000,2026-03-05T19:07:46.300558,"Words of Wonders: Crossword
5.6.0",Fugo Games,3 Mar 2026
08017FD04A70F892816011774947732A584EC2FBE70E9F8C912E57E086598707,com.autoscout24,2600710,1981-01-01 01:01:02,2026-02-17 20:33:29.912962,50000000,2026-02-17T20:36:58.298846,"AutoScout24: Automobile market
26.7.10",AutoScout24 GmbH,12 Feb 2026
5AE25F5481D9E1996B725E107A194CE4E2F2E5FE69B7620A8A4E52C16438EDB1,com.bubadu.duddu,108,1981-01-01 01:01:02,2026-02-19 18:44:30.922893,50000000,2026-02-19T18:50:58.532633,"Duddu - My Virtual Pet Dog
1.108",Bubadu,17 Feb 2026
3EA8C9B12953CE32477195A1AA929701F63FC94D64FC72172799EE4552DA6150,com.kwalee.transformhunt,4956,1981-01-01 01:01:02,2026-01-02 01:48:44.119962,50000000,2026-01-02T01:49:49.710023,"Hunt &amp; Seek: Disguise &amp; Escape
2.1.5",Kwalee Ltd,4 Dec 2025
101EF58A01DCE7CE1FDDFC77D182D9CE63752ABF84D439AA54CD549591D6EFA0,com.bubblepop.cannon.puzzle,3190000,1981-01-01 01:01:02,2026-02-07 02:18:21.821369,10000000,2026-02-07T02:18:24.371991,"Bubble Pop! Cannon Shooter
3.19.0",Infinite Joy Ltd.,5 Feb 2026
0A8EC9B319BAB3EAD00DF4C70D4E83CEE4EC803E9C10A606A8D3F4FC75F865A1,com.catdaddy.nba2km,11814069,1981-01-01 01:01:02,2026-03-01 01:46:37.15141,10000000,2026-03-01T02:02:35.403242,"NBA 2K Mobile Basketball Game
10.6.11814069","2K, Inc. - a Take-Two Interactive affiliate",24 Feb 2026
0633C919A5495D17BC9436AEF17EFF72525E3D940BB8F61A67FD216259F47AD3,ai.praktika.android,2351,1981-01-01 01:01:02,2026-02-15 05:23:22.450937,10000000,2026-02-15T05:24:21.592769,"Praktika – AI Language Tutor
4.5.0",Praktika.ai Company,6 Feb 2026
05A138984F92CCF746EAA1B3DBC71A372B03A12519678607AC48E874C77B07D5,sinet.startup.inDriver,1662,1981-01-01 01:01:02,2026-02-21 19:19:29.237284,100000000,2026-02-21T19:30:05.579887,"inDrive. Rides with fair fares
5.157.0",® SUOL INNOVATIONS LTD,18 Feb 2026
1AA763074E41E19B36052A4F8461A44DCB8677599C53922EB5D588C4D28FA3CC,com.opera.mini.native.beta,998081794,1981-01-01 01:01:02,2026-03-02 07:55:11.605343,100000000,2026-03-02T07:57:57.892856,"Opera Mini browser beta
99.0.2254.81794",Opera,27 Feb 2026
92E7FDA67CF1C577BFE0E7C17E8F9A725FB4396CE32CA3087F94EEA5D2EC7976,com.miracle.savethedoge.an,1010200,1981-01-01 01:01:02,2026-01-11 13:23:10.810324,100000000,2026-01-11T13:23:14.253933,"Save the Doge
1.1.2.0",WONDER GROUP,31 Dec 2025
8ADDF45764CC56CFE927F29FB12833B713B9309653B2EE97C496437C5A90BF44,com.keplerians.icescreamtwo,2208,1981-01-01 01:01:02,2026-02-01 18:38:47.23199,50000000,2026-02-01T18:40:26.877254,"Ice Scream 2: Scary Horror
2.0.2208",Keplerians Horror Games,30 Jan 2026
0A8685CEA85FCAB11244CD1104171F2D0CE01A050E2D2F487F22B838176959B2,com.dxx.firenow,1525,1981-01-01 01:01:02,2026-01-05 17:17:46.051186,10000000,2026-01-05T17:22:25.366313,"Survivor.io
4.4.3",Habby,24 Dec 2025
2CDB761D4251C94482EFA721FB67254819C6B9C08A1F8E5AD18E19DDDE5F832E,com.orange.kidspiano.music.songs,366,1981-01-01 01:01:02,2026-03-03 05:38:38.182056,100000000,2026-03-03T05:46:45.745489,"Piano Kids - Music &amp; Songs
3.66",Orange Studios Games,2 Mar 2026
594B4D2EC6CD594625A6B7D98788CE06DEB4F70EA89E0D11024C261EBA0E547B,com.sinyee.babybus.restaurant,8730012,1981-01-01 01:01:02,2026-01-11 04:30:51.97397,100000000,2026-01-11T04:40:27.619932,"Little Panda&#39;s Restaurant
8.73.00.12",BabyBus,23 Dec 2025
2FD6689B3204E0536D7C752EED86F62404060E9429C5309BD591759EDFEE78F1,com.fingersoft.hillclimb,840,1981-01-01 01:01:02,2026-03-04 07:40:53.457394,1000000000,2026-03-04T07:45:56.463954,"Hill Climb Racing
1.67.9",Fingersoft,23 Feb 2026
4F448404F5D13FF3F09A76426F2AB0B87A7440FC8EF64122ACCD1379C634924D,com.smartfren,790510020,1981-01-01 01:01:02,2026-02-05 23:44:04.912596,50000000,2026-02-05T23:46:34.746401,"mySF. For everything smartfren
7.51.0",Smartfren.,3 Feb 2026
04D470AEA4DD29C9F61F18D7C6D0E08F6BC6BC3DACC71B0A42F1E76A8D921D51,com.linkedin.android,207300,1981-01-01 01:01:02,2026-02-05 00:30:37.618753,1000000000,2026-02-05T00:32:03.647671,"LinkedIn: Jobs &amp; Business News
4.1.1165",LinkedIn,30 Jan 2026
0EBE81C3A508EEAF866D1A23801B4DB38EB918F384326E2A9A5BF611E5A2005C,mx.com.liverpool.shoppingapp,8012001,1981-01-01 01:01:02,2026-02-02 17:14:13.079661,10000000,2026-02-02T17:14:45.823041,"Liverpool: Compras online
8.12.1",Distribuidora Liverpool SA,20 Jan 2026
0DC4039034D550DC71E03C0AE86CC44CEFEC7450BFEEC534D8072937443027DF,com.nflystudio.InfiniteStaircase,495,1981-01-01 01:01:02,2026-01-27 18:52:41.250261,10000000,2026-01-27T18:53:23.951727,"Infinite Stairs
1.3.286",Neptune Corp.,18 Jan 2026
647D938D4952196BB0B8557E82DA5BB1B714FFEF10C9AD742EE87E2598614AAB,com.gameswing.impossible.formula.car.stunts.gt.mega.ramp.games,88,1981-01-01 01:01:02,2026-02-23 03:58:58.209036,50000000,2026-02-23T04:12:48.791669,"Formula Car Racing - Mega Ramp
1.8.7",Games Wing,29 Oct 2025
28D0E4C922972474F22B588965605B58A124FC4BB1CDC8286DF8404C73647CC1,com.supercell.clashofclans,180200007,1981-01-01 01:01:02,2026-03-01 19:02:52.615424,500000000,2026-02-28T10:49:02.648327,"Clash of Clans
18.200.6",Supercell,27 Feb 2026
1BD7FA58A072AD96A606B8AEBA15F9A16E918125D50609BEAEF4683B3067F94B,com.playspare.supermarket.store.simulator,111,1981-01-01 01:01:02,2026-01-01 04:05:40.54114,100000000,2026-01-01T04:05:40.751813,"My Supermarket Simulator 3D
1.25.1",Game District LLC,23 Dec 2025
2986D6F9A911A6BEB77EC7CC8C799B3954155AD3A69B31AD790F9B09E8033BAF,com.idle.egg.factory.inc.tycoon,274,1981-01-01 01:01:02,2026-01-09 03:51:41.058681,50000000,2026-01-09T03:52:53.038016,"Idle Egg Factory
3.3.3",Solid Games,7 Jan 2026
6337739342E458DBDB7EBF689A72E2F3059282B0768D8BF09CC9B8574F6CC1DF,com.rvappstudios.jigsaw.puzzles.kids,307,1981-01-01 01:01:02,2026-02-16 13:53:06.026651,50000000,2026-02-16T14:17:55.140238,"Puzzle Kids: Jigsaw Puzzles
2.1.5",RV AppStudios,23 Jan 2026
164757EC68CB773F3AE842A484B6F7B889D54D116F07C797A255F2D74437A5CB,com.sega.sonicdash,1726154990,1981-01-01 01:01:02,2026-03-04 06:45:30.574922,100000000,2026-03-04T06:52:05.883558,"Sonic Dash: Endless Run
9.5.0",SEGA,26 Feb 2026
3FB57B45506212EA71450FA62300C96DE7917654AF32998CE630626145DCE0FB,com.scee.psxandroid,26010000,1981-01-01 01:01:02,2026-02-01 07:34:12.319785,100000000,2026-02-01T07:35:41.411787,"PlayStation App
26.1.0",PlayStation Mobile Inc.,8 Jan 2026
2DE04EC7AD457CEFDEB0DBBC2018DB674A5A595294BFFFFF931BC4E55553C510,com.google.android.apps.nbu.files,1711587,1981-01-01 01:01:02,2026-02-18 17:31:38.69834,5000000000,2026-02-18T17:44:38.153610,"Files by Google
1.10256.867145328.0-release",Google LLC,9 Feb 2026
AD780403733EDC6B51A1ECA51988E8D955D46BB295B268827975D229FB61074B,com.edujoy.dentist,174,1981-01-01 01:01:02,2026-01-02 22:46:07.122997,50000000,2026-01-02T22:47:06.830064,"Dentist games
17.4",AppQuiz,21 Oct 2025
AC6C821F16F504F39F50B47E695D85C89AC380F99E3CB6AB90EEFFFEF583DED6,com.luckydeveloper.apkshare,121,1981-01-01 01:01:02,2026-02-10 02:27:22.630365,50000000,2026-02-10T02:28:19.713084,"APK Share - File Transfer
5.13.4",Lucky Developer,6 Feb 2026
0B0528C206EFC5FD50A349EFC6DA5A71CBDAA7F4EFDAD04E730595304EBC416C,com.rbl.rblmycard,235,1981-01-01 01:01:02,2026-01-13 22:16:02.394744,10000000,2026-01-13T22:18:55.901274,"RBL MyCard
3.156",RBL BANK LIMITED,11 Dec 2025
2E6B81F69E2D704E95C5CEF21BA3B543FBA19DF8E437802ACF10EEB6696277FB,com.apps.MyXL,1211,1981-01-01 01:01:02,2026-02-01 06:46:46.024872,50000000,2026-02-01T06:46:50.359104,"myXL - XL, PRIORITAS &amp; HOME
9.0.0",XLSMART,29 Jan 2026
DEC1D342C2E1C399163B95EF3006A664DEC4EA437D208250613E99FFD3E4CCA0,me.apptivise.vladnikita,20707266,1981-01-01 01:01:02,2026-02-14 14:14:53.472133,50000000,2026-02-14T14:15:07.064422,"Vlad and Niki – games &amp; videos
2.7.7",Mobinautica Limited,30 Jan 2026
5347E5031922EA762BB7CCA5B18004CE620EB38C9D2F4C4029A6D71FBE7727CA,com.aa.generaladaptiveapps,751,1981-01-01 01:01:02,2026-02-27 15:47:05.397168,50000000,2026-02-27T15:53:32.514134,"aa
7.0.1",General Adaptive Apps Pty Ltd,28 Jan 2026
E60B4E10EDA06B53DF75D24ABE80B05ACD51F12E4687F13495CF90C83775170F,com.one.m1.world,305,1981-01-01 01:01:02,2026-01-05 03:53:00.082613,50000000,2026-01-05T03:58:18.400070,"Pop&#39;s World - Running game
3.0.5",ABI GAME,18 Dec 2025
C5CD7F97383CA1D74C2B4256B7514A28DD4EB8E3BB5FD0A7C376C06192C0466C,io.voodoo.paper3,23476,1981-01-01 01:01:02,2026-01-27 18:07:31.549529,50000000,2026-01-27T18:09:00.002624,"Paper.io 3D
3.4.38",VOODOO,7 Nov 2025
96D84929C49C1BCE4615A153262A7A8E976CF66DD656F9B6EC46744E457B308A,com.ryanair.cheapflights,1014,1981-01-01 01:01:02,2026-01-29 14:06:52.280735,50000000,2026-01-29T14:10:44.257639,"Ryanair
3.222.1",Ryanair Limited,27 Jan 2026
D77DF7BD82FB51F3600887A095BD83DB041077B4E2205B851F32C16D5CD4E137,all.video.downloader.allvideodownloader,62,1981-01-01 01:01:02,2026-01-10 12:21:30.199905,100000000,2026-01-10T12:23:00.488803,"All Video Downloader 2019
1.6.2",InShot Inc.,3 Jan 2026
DEA16BC2BC744786EE61DB7FCC73A6BDE6ED05B7B7561781E8CABBEC2BA6304F,com.zatg.scaryneighbor.hellgame,145,1981-01-01 01:01:02,2026-02-21 06:45:59.539004,50000000,2026-02-21T07:10:35.540455,"Scary Stranger 3D
7.5",Z & K Games,15 Feb 2026
66746D11C8643702FAD9285662A5A83756BC37A0CC459A1BA67C810F0DC0DEFA,com.google.earth,253252986,1981-01-01 01:01:02,2026-03-03 04:30:35.120017,500000000,2026-03-03T04:30:32.620667,"Google Earth
10.101.78.00",Google LLC,24 Feb 2026
122F3C92AD2C15D053D481C5333C041F811BBAE4DD2C464FB13D3D1F5803E653,com.unrealgames.RacinginCar2020,201412,1981-01-01 01:01:02,2026-02-10 03:07:41.773349,10000000,2026-02-10T03:08:29.841050,"Racing in Car 2021
3.7.2",Studio WW Games,5 Jan 2026
461E0C86BBEC09224342BE63A3A624F1BEF49C362AB23897C0E1DDD16BCF273B,photoeditor.layout.collagemaker,199001,1981-01-01 01:01:02,2026-01-11 03:56:46.404556,100000000,2026-01-11T03:57:00.222314,"Collage Maker - Photo Editor
2.363.199",Photo Editor & Collage Maker,7 Jan 2026
3A194AFCD1E832D1DBC59AACC075AE6AAD4BF16D1426F3746E8FBF989726D1CD,beatmaker.edm.musicgames.gunsounds,201,1981-01-01 01:01:02,2026-01-07 03:56:42.814394,50000000,2026-01-07T04:08:14.790424,"Beat Fire - Edm Gun Music Game
2.0.1",Adaric Music,4 Dec 2025
D7CC440C741F1826AE222F639D89864A56497FFA64E6DBB0F7394FC3F59867DD,in.AajTak.headlines,3850829,1981-01-01 01:01:02,2026-02-22 10:11:57.646435,100000000,2026-02-22T10:12:19.884147,"Hindi News:Aaj Tak Live TV App
9.95.79",TV Today Network Limited,26 Jan 2026
31260D0CD3E1257696DDFA2FD862D1B6EBAE6FB1E6400AC3F683471E4024E38E,com.wemesh.android,2160,1981-01-01 01:01:02,2026-02-15 19:24:47.769175,50000000,2026-02-15T19:24:49.045272,"Rave – Watch Party
8.2.20",Rave Inc.,5 Feb 2026
3DAEF1A5211BC33E378FA3B5A96A98F91DFC1BBCB4DF5BF2618D9FDE4F5B49F3,com.igg.castleclash,42009000,1981-01-01 01:01:02,2026-02-14 11:23:48.357511,100000000,2026-02-14T11:23:50.856863,"Castle Clash: World Ruler
4.2.9",IGG.COM,10 Feb 2026
2A59E30BE50E46F31F9E2AE0BEA88DFBC43DA47471ED1A5C06A699958DBFDD6E,com.bible.kids,1191,1981-01-01 01:01:02,2026-01-31 16:54:22.543104,100000000,2026-01-31T16:55:39.309635,"Bible App for Kids
3.1.3",Life.Church,30 Jan 2026
4C26DE4C3906A9958BB147B0220AABA18F9CDB900B8D008F1980EF5455AB1D68,free.video.downloader.freevideodownloader,51,1981-01-01 01:01:02,2026-02-06 14:43:22.242446,100000000,2026-02-06T14:54:07.957881,"Video Downloader - Downloader
1.5.1",Simple Design Ltd.,27 Jan 2026
0F1020427DF445D385970B918808E410A1D2108AFBC017D4B588121EFD256B24,in.mohalla.video,260606,1981-01-01 01:01:02,2026-02-20 06:42:51.178639,100000000,2026-02-20T06:42:52.308426,"Moj: Free Short Drama &amp; Reels
2026.6.6",ShareChat,13 Feb 2026
101CFCD631A511917422F6236583F69C3597E1DA96030C81EC968500EC22DAAE,com.Splitwise.SplitwiseMobile,899,1981-01-01 01:01:02,2026-02-14 07:46:40.805567,10000000,2026-02-14T08:23:18.646956,"Splitwise
26.2.1",Splitwise,11 Feb 2026
0F18C6EE7C354392D3EFF19152863B68287857992AF2F2A71D749D5B8D3130CC,jp.ne.paypay.android.app,53401,1981-01-01 01:01:02,2026-01-09 15:21:03.340303,10000000,2026-01-09T15:37:32.670964,"PayPay-ペイペイ
5.34.1",PayPay Corporation,26 Dec 2025
0229DD37FD2E89C7E0A9D53DB69F05C019AE5A65FEEA2F9A2A113453D319414A,me.mycake,306040101,1981-01-01 01:01:02,2026-01-05 13:43:57.419691,100000000,2026-01-05T13:43:59.917876,"Cake - Learn English &amp; Korean
6.4.1",Cake Corp.,4 Jan 2026
5D0CC93D74A8EFD4D4531C4766ECAF2548E509CDB403251179CE03822515364C,com.heytap.music,101501511,1981-01-01 01:01:02,2026-01-27 18:35:27.98238,1000000000,2026-01-27T18:35:18.379678,"Music
48.15.1.51.1_d301ddf_260116",VanSound - HeyTap,16 Jan 2026
71029E9E3EF2DD946C183278FF51F21FCA4844B798971D8DFFC52AF64A84FB12,com.dodreams.driveahead,387,1981-01-01 01:01:02,2026-02-14 09:07:11.970626,100000000,2026-02-14T09:12:58.864568,"Drive Ahead! - Fun Car Fight
5.1.12",Dodreams Ltd.,3 Feb 2026
603E685A0F893739F421AA24310EDE39F98ADBDC4481C0E4F69DBB7B9A2E244D,com.colobolo.chainball,110620,1981-01-01 01:01:02,2026-02-19 09:16:38.432513,50000000,2026-02-19T09:17:15.776541,"Chain Cube 2048: Number Merge
1.135.0",CASUAL AZUR GAMES,20 Jan 2026
0097E7A3431BF765FD55A4E52E15EB38B949615CE744A89E1841F626AB5A3A06,com.habby.archero,14802,1981-01-01 01:01:02,2026-01-26 15:46:22.674699,50000000,2026-01-26T15:47:48.668096,"Archero
7.6.3",Habby,24 Jan 2026
F2F44F2C5AEF4975B53A715CAD4C771AA217C186F26FDC4BB055819EEF439EB4,com.unicostudio.braintest,2788,1981-01-01 01:01:02,2026-02-20 14:20:17.084821,100000000,2026-02-20T14:21:29.561214,"Brain Test: Tricky Puzzles
2.764.0",Unico Studio,5 Feb 2026
11169B16C556CCB033AA1FCC9CC0DC1AA3CBB2467E3F884220BF3BB19DA5318F,com.makemytrip,1020,1981-01-01 01:01:02,2026-03-07 20:06:23.511126,100000000,2026-03-07T20:15:45.830857,"MakeMyTrip - Flights &amp; Hotels
11.2.3","MakeMyTrip—Hotel, Flight, IRCTC Authorised Partner",27 Feb 2026
7EDD364BF3D288CF7BBCEDDEE35AB75F573188DD6D28C04FFF4ECA8379ECE61E,com.sgiggle.production,1751021050,1981-01-01 01:01:02,2026-02-20 22:20:45.682917,100000000,2026-02-20T22:21:14.696577,"Tango – Go Live, Chat, Connect
9.47.6",Tango,16 Feb 2026
10449C672A871226FDFBD6B190E9DD39A1D7540AD1F3E8F783E1ACECF8944086,com.buffstudio.myoasis,313,1981-01-01 01:01:02,2026-02-01 14:38:51.412358,10000000,2026-02-01T14:39:23.879025,"My Oasis: Relaxing, Satisfying
2.64.2","JUNEiNTER Co., Ltd.",29 Jan 2026
068EC0D9D2C78C11F9DE73E0088C3BFBE34BC51B5D4B0B6902DFE2DC7F3A0C99,com.tayu.tau.pedometer,83,1981-01-01 01:01:02,2026-02-22 09:25:25.660525,50000000,2026-02-22T09:25:56.141004,"Pedometer - Step Counter
5.56","ITO Technologies, Inc.",21 Feb 2026
0B2DC6C99D85DE9C964E62D12E770D3879FAAF28643C786E36D0B0D2FD9A8ED0,com.scopely.monopolygo,60240,1981-01-01 01:01:02,2026-03-05 03:02:52.51115,100000000,2026-03-05T03:04:17.968203,"MONOPOLY GO!
1.64.0",Scopely,2 Mar 2026
0531A5102DA79F3A55A616855655F15D0C8A52EB8BD7C4F51A1C0192019A1FC3,com.tellmewow.senior.wheel.fortune,248,1981-01-01 01:01:02,2026-03-07 03:20:04.572346,10000000,2026-03-07T03:20:37.739723,"Wheel of Fame - Guess words
2.4.8",Senior Games,27 Feb 2026
01A692CAA6C0E1D931972E9ADD5392B9B009A21A2A5B933D19D8BB6C39FDF47E,com.outfit7.mytalkingtom2,202505120,1981-01-01 01:01:02,2026-02-16 22:28:28.111619,1000000000,2026-02-16T22:28:29.531525,"My Talking Tom 2: Pet Game
25.5.12.19218",Outfit7 Limited,16 Feb 2026
36B719DAE64A01E8FE5C795DEE054DDBF325771887235CCA2A1CCABB65DB27E2,com.gojek.gopay,2030,1981-01-01 01:01:02,2026-02-21 23:40:41.457896,50000000,2026-02-21T11:19:36.821663,"GoPay: Transfer, Payment, QRIS
2.3.0",PT. GoTo Gojek Tokopedia Tbk,11 Feb 2026
159C38EA989F9BDC0E391DD2D278E2EF780299B0CED4CA99C9686F8609E1F9A8,com.mgc.stickman.rope.hero,437,1981-01-01 01:01:02,2026-02-15 04:54:58.297011,50000000,2026-02-15T04:56:46.211092,"Stick Rope Hero
4.3.7",Naxeex Action & RPG Games,13 Oct 2025
A094F725681CAB17C577306FD9F63F3C8C7E0A8DFB6C496D350DBC3ED080E621,com.gokids.bphone1,4002000,1981-01-01 01:01:02,2026-02-09 15:09:45.429129,50000000,2026-02-09T15:10:56.574530,"Babyphone game Numbers Animals
4.2.0",GoKids! publishing,6 Feb 2026
FEAB6576B9C2B1DCA27AE3973971A8BD27F82FFBDABFB7CD5592FAAC5004274F,com.RedLineGames.Game49,128,1981-01-01 01:01:02,2026-02-24 19:06:26.849576,100000000,2026-02-24T19:06:42.757763,"Ice Cream Inc. ASMR, DIY Games
1.7.0",TapNation,22 Jan 2026
0C7883D90972239D90FC6941BD7318ED24E5AEDE267A7D31B701E8C342E53B47,com.kooapps.stackybirdandroid,702,1981-01-01 01:01:02,2026-01-11 03:31:04.316532,50000000,2026-01-11T03:31:39.490125,"Stacky Bird: Fun Offline Game
1.4.36",Kooapps Games | Fun Arcade and Casual Action Games,18 Dec 2025
0E1A1364E778C3460F352D17DBAA2179623B95E22BA067D733094808DAA0CEC0,com.perblue.disneyheroes,5553530,1981-01-01 01:01:02,2026-01-11 11:14:15.486684,10000000,2026-01-11T11:14:20.995378,"Disney Heroes: Battle Mode
7.8",PerBlue Entertainment,2 Jan 2026
24356CB48CE07F3EAA5D7E43FFDD8BD515E2FDB0EB49573A906CCD9EB75FF457,com.orbital.brainiton,628,1981-01-01 01:01:02,2026-02-23 01:23:07.351922,50000000,2026-02-23T01:23:55.165545,"Brain It On! - Physics Puzzles
1.6.404",Orbital Nine Games,4 Feb 2026
3AD0A37F4492CFF2C6DD971600158A61F31E5C7569535823942830BF526A7CE9,com.callapp.contacts,2247,1981-01-01 01:01:02,2026-02-14 11:49:01.939613,100000000,2026-02-14T11:50:03.716272,"CallApp: Caller ID &amp; Block
2.247","CallApp Caller ID, Call Recorder & Spam Blocker",3 Feb 2026
10A54DBA52BA29D7A659E4BF41582AC55B545F1CA5A135BBD33109E3048476AE,com.divum.MoneyControl,624,1981-01-01 01:01:02,2026-02-17 07:58:55.890605,10000000,2026-02-17T08:28:49.134122,"Moneycontrol-Share Market News
14.0.0",Network18,20 Jan 2026
09A42F74C2DDA3C0C8B464C6930B409D0D2737322995B5822F939C9D73DFC8DA,jp.konami.masterduel,88,1981-01-01 01:01:02,2026-03-05 01:19:48.03252,10000000,2026-03-05T01:19:50.400203,"Yu-Gi-Oh! Master Duel
2.6.2",KONAMI,17 Feb 2026
001F06A9911933B5CD6BD7BF3014B2766812584A3F47B0262DD6D7BAF57B952C,in.crossy.daily_crossword,824,1981-01-01 01:01:02,2026-01-10 20:47:03.030704,10000000,2026-01-10T20:48:09.716765,"Daily Themed Crossword Puzzles
1.824.0",PlaySimple Games,30 Dec 2025
FBB06CAFFE7D3FD07B665580870864BAEC1B7ABE3D4CD6932659AA88678C1495,se.raketspel.digaround,251,1981-01-01 01:01:02,2026-02-15 21:34:55.505526,50000000,2026-02-15T21:41:56.941913,"Dig This!
1.4.1",Raketspel,10 Feb 2026
1DA86D1945BFA41CAF1F6290A19E2357030875854AC5A4FFA5C59289E9B98A92,com.crazylabs.acrylic.nails,2300,1981-01-01 01:01:02,2026-01-03 04:20:48.016345,100000000,2026-01-03T04:21:31.404290,"Acrylic Nails!
2.3.0.0",CrazyLabs LTD,24 Dec 2025
42EC472E1A3145EC5B0CBBFE28C32173998402F80B41ABD1B3274C4B0DD7174E,com.mamara.bakery,8730700,1981-01-01 01:01:02,2026-01-12 17:50:00.058404,50000000,2026-01-12T17:48:16.937171,"Little Panda: Sweet Bakery
8.73.07.00",BabyBus,11 Jan 2026
55724428B6ADF3D95C63B74C6EFFE0CF7DFD35FBB3BF6396D7934F3B34FEDDC3,com.easybrain.art.puzzle,40800034,1981-01-01 01:01:02,2026-02-15 11:51:02.072794,100000000,2026-02-15T11:52:13.013968,"Art Puzzle - Puzzle Games
4.8.0",Easybrain,3 Feb 2026
2099B49AF3CF417A06516E858A1C94E1C77677CB64FE32C1A192AACEC95F3B17,com.rioo.runnersubway,751,1981-01-01 01:01:02,2026-03-06 07:14:05.92693,500000000,2026-03-06T07:38:28.693238,"Subway Princess Runner
8.5.0",Ivy,8 Feb 2026
FA6B6FDDD6BBE4878F5BBE233FE7373BDEDEA296B8FAB2FD2599E0A169A1C207,com.olzhas.carparking.multyplayer,200439,1981-01-01 01:01:02,2026-01-26 11:27:11.497657,100000000,2026-01-26T11:27:36.189783,"Car Parking Multiplayer
4.9.7",olzhass,17 Jan 2026
07378C7575860679AC5F06C92EE6C8D0463D2D35E3AB8AFA3DCAC3B3D69DC1AB,ru.rzd.pass,5672,1981-01-01 01:01:02,2026-02-10 05:54:21.555985,10000000,2026-02-10T05:54:13.215705,"РЖД Пассажирам билеты на поезд
1.55.5672","ОАО ""РЖД""",15 Jan 2026
A89BE9DEB56D912836D480A5FD2700D9E43BA42DCD0C7187537E857ABE76D6A3,com.telkomsel.telkomselcm,1005948478,1981-01-01 01:01:02,2026-02-02 17:23:58.886318,100000000,2026-02-02T17:24:43.049828,"MyTelkomsel – Buy Internet
9.1.0",Telkomsel,11 Dec 2025
740A2D8D67E5B1BC1D6C48DCE975A44A75E37E681A3D75C692931138537F89C8,com.camelgames.aoz,2760,1981-01-01 01:01:02,2026-02-02 20:36:08.409938,50000000,2026-02-02T20:36:31.323113,"Age of Origins
1.3.824",CamelStudio,29 Jan 2026
5A7F89B55BB2FBA3FC2860772D35A4F106070DF157117122ACA305F25B49C82A,com.yodo1.rodeo.safari,10000040,1981-01-01 01:01:02,2026-02-09 20:34:34.450381,50000000,2026-02-09T20:35:32.995483,"Rodeo Stampede: Sky Zoo Safari
4.19.1",Yodo1 Games,3 Feb 2026
31BD5AA393357B598D34DD02E8A96321826FC470E12BF2E982000FF796EA115A,com.gta.real.gangster.crime,627,1981-01-01 01:01:02,2026-01-29 15:13:32.986015,100000000,2026-01-29T15:14:20.332469,"Real Gangster Crime
6.2.7",Naxeex Action & RPG Games,13 Nov 2025
1C080089BABF9E99BFAE74B63CE547D145E7BEBE09833836B794087BF1DAF78C,com.wb.goog.mkx,1423271,1981-01-01 01:01:02,2026-02-14 11:48:11.850208,100000000,2026-02-14T11:48:07.492179,"MORTAL KOMBAT: A Fighting Game
7.1.1",Warner Bros. International Enterprises,5 Feb 2026
347457F5F6494C949D65B1C2F04127B6EA904D734D2683FAE3E7B0B77F5EA632,com.picsart.studio,993829407,1981-01-01 01:01:02,2026-03-05 15:04:15.67729,1000000000,2026-03-05T15:02:53.127480,"Picsart AI Photo Editor, Video
29.4.7","PicsArt, Inc.",4 Mar 2026
092600D389D889E2B591C0E578BC603C2F29A121F7893DAF61335EB6C36B183B,com.easybrain.find.the.difference,33700018,1981-01-01 01:01:02,2026-02-02 20:47:16.838554,50000000,2026-02-02T20:48:59.927375,"Differences - spot &amp; find them
3.37.0",Easybrain,26 Jan 2026
08869F3C7425E820167C6700BAA1B5C5534CB06BFBF0AE95874DD67E5F9F479C,com.hundred_doors_game.escape_from_school,200130,1981-01-01 01:01:02,2026-01-01 21:18:04.363625,10000000,2026-01-01T21:49:05.366870,"100 Doors Games: School Escape
4.3.0",Peaksel Games,30 Oct 2025
EF886728880AFFC899BDC85CEBAA986793C59A17ABC0EA86C54DC337D2C90B1A,com.zuuks.truck.simulator.euro,41,1981-01-01 01:01:02,2026-02-10 06:42:21.547005,100000000,2026-02-10T06:43:57.568200,"Truck Simulator : Europe
1.4.0",Zuuks Games,4 Feb 2026
44423133FCE2F4C6B4FC83501E5CC83C862B4658681010919B5C7B1FD9EABB35,com.bumble.app,3916,1981-01-01 01:01:02,2026-03-05 01:23:42.744084,100000000,2026-03-05T01:23:44.253084,"Bumble Dating app: Chat &amp; Meet
5.456.0",Bumble Holding Limited,2 Mar 2026
0AB7515479E50B3A32377F625C452D4F5B85225CEEFBE271118702650EE78A21,com.etermax.preguntados.lite,3721,1981-01-01 01:01:02,2026-01-27 04:51:31.301725,100000000,2026-01-27T04:52:32.548300,"Trivia Crack: Brain Quiz Games
3.353.1",etermax,21 Jan 2026
06DA5DF5693FE49EF3C1CB7E520CFC42386CAF1107A0BB8774C3E31B4E44DD57,com.advant.streamer,23703,1981-01-01 01:01:02,2026-02-22 03:58:51.26692,50000000,2026-02-22T03:59:01.535426,"Lamar - Idle Vlogger
237.0.3",CrazyLabs LTD,20 Feb 2026
04CE19387A3158FF44B84AE17174C536104D16AB526B8348AF90DA444B3B66C6,com.kigle.cocobi.babycare,42,1981-01-01 01:01:02,2026-01-08 01:19:18.179715,10000000,2026-01-08T01:20:27.461997,"Cocobi Baby Care - Babysitter
1.0.26",KIGLE,4 Jan 2026
5DFFB43ED1CA3E30121703FDCFDFDC079A50C1E551D1E61C11E25A3059FEC021,com.asus.ia.asusapp,4653,1981-01-01 01:01:02,2026-02-22 07:34:54.149829,100000000,2026-02-22T07:35:42.927936,"MyASUS - Service Center
4.6.53",ASUSTeK COMPUTER INC.,2 Feb 2026
DAC107AF38B2B6132DDB7EF3ADD76FBC2F26629D15FB83D5FD6769D18F98CCCB,com.nekki.vector,5000265,1981-01-01 01:01:02,2026-03-02 19:39:10.038607,100000000,2026-03-02T19:52:42.953998,"Vector
2.8.6",NEKKI,27 Feb 2026
22E4F2386BC1436930975955290D355BA7C89F02E31A684FCEF728BBE328C767,com.igg.android.lordsmobile,660,1981-01-01 01:01:02,2026-02-01 06:52:53.333596,500000000,2026-02-01T06:53:27.701727,"Lords Mobile: Kingdom Wars
2.186",IGG.COM,28 Jan 2026
CDDC664B336869A6EB4FE55EEAF099702862037E0642BC854E3C8EC4F565DEB2,com.leodesol.games.classic.maze.labyrinth,264,1981-01-01 01:01:02,2026-02-19 08:06:41.070486,50000000,2026-02-19T08:09:50.698977,"Mazes &amp; More
4.4.3(264)",Maple Media,4 Dec 2025
2B398FD4B19CF8664511550E182870FE417E00EB4581D60A6C1D1F62A6198EE6,pdf.tap.scanner,3093,1981-01-01 01:01:02,2026-01-10 08:15:46.106121,100000000,2026-01-10T08:19:57.937906,"PDF Scanner app - TapScanner
3.0.93",Tap AI,30 Dec 2025
07FA3615863BD59B6AFE357095A9F4620A1777B13259580356E47D5807C1108E,com.supersolid.snake,1020099270,1981-01-01 01:01:02,2026-01-26 10:11:33.038828,10000000,2026-01-26T10:11:53.599481,"Snake Rivals - Fun Snake Game
0.71.2",Supersolid,16 Jan 2026
005FBF418C87562BA37F49C26E4CA368DF8D287C9112F0ABF48A375944E66ED6,com.studio27.MelonPlayground,357,1981-01-01 01:01:02,2026-03-02 22:31:33.288103,50000000,2026-03-02T22:45:55.497548,"Melon Sandbox
34.5",playducky.com,26 Feb 2026
7A3290F88D3E6A8D277DD5155E98B7F6F1EBC38EB4A95C4EEBC31E8C35F83E25,com.playgendary.bowmasters,14049,1981-01-01 01:01:02,2026-02-07 15:12:27.120114,100000000,2026-02-07T15:35:32.843593,"Bowmasters - Shooting Games
10.1.2",Playgendary Limited,26 Jan 2026
038088870FD5E2382A09C03188A62074E49C3B9BC22E0E3C16AF7C3AA22B4E85,com.HoYoverse.Nap,321,1981-01-01 01:01:02,2026-02-07 22:01:13.231973,10000000,2026-02-07T22:01:16.531211,"Zenless Zone Zero
2.6.0",COGNOSPHERE PTE. LTD.,20 Jan 2026
016A9AE7B28D49335B19ECC02AF5306602EE8D56B790C3FB1BB48D03D7CFE97E,com.levelinfinite.sgameGlobal,960201051,1981-01-01 01:01:02,2026-01-09 17:22:45.764367,50000000,2026-01-09T17:27:48.867175,"Honor of Kings
11.2.1.5",Level Infinite,6 Jan 2026
1B01CE8818C8BE8BB050DAAC90F5984AB529DF53E589F0C18273916D369FDFD6,com.cookingcity.chef.kitchen.craze.fever,38305086,1981-01-01 01:01:02,2026-01-27 06:13:03.757183,50000000,2026-01-27T06:14:33.558540,"Cooking City - Cooking Games
3.83.0.5086","MAGIC SEVEN CO., LIMITED",19 Jan 2026
C25E0AC4B1F2E1A4D95616760994A654A3FE5869DC1420D3B316378CBE530824,com.ANGamingStudio.IndianVehiclesSimulator3d,44,1981-01-01 01:01:02,2026-01-09 06:41:16.370101,50000000,2026-01-09T06:42:27.228369,"Indian Vehicles Simulator 3d
0.44",AN Gaming Studio,8 Dec 2025
2CAF8518A96A307E294F7FA19AFB3CD2185287D59D24C5A031D52E429141F2F6,com.scaleup.chatai,40012,1981-01-01 01:01:02,2026-01-26 14:33:05.362078,50000000,2026-01-26T14:34:20.404915,"AI Chatbot - Nova
4.0.12",ScaleUp,22 Jan 2026
A535C26C04E3F4549200201DAA800E9C7B63A2DFAE65171367188E8FF6B73CC9,com.ta.strike.ops,150,1981-01-01 01:01:02,2026-01-29 08:48:46.76792,100000000,2026-02-04T16:40:14.581436,"FPS Strike Ops : Modern Arena
1.5.0",FPS Shooter & Action Game,22 Jan 2026
0B0E3F1F9111058F638444474297CB47D68FB487A3D6A64D07ABBF9799ED1C4D,in.playsimple.wordtrip,742,1981-01-01 01:01:02,2026-02-10 01:07:08.38002,10000000,2026-02-10T01:07:35.474634,"Word Trip
1.742.0",PlaySimple Games,21 Jan 2026
9094C393EF9DF7E2362D96B46988A1574C05717E693E7C17FEB22222A8A41E6D,com.google.android.apps.accessibility.voiceaccess,113306,1981-01-01 01:01:02,2026-01-09 00:58:30.793626,1000000000,2026-01-09T00:58:16.739376,"Voice Access
16.2.852851101",Google LLC,6 Jan 2026
4D17A4E7791B7A2AD1336C12AD711A37BC1956480A6A65F0F8582E0FA1686CE7,com.turbo.stars,311,1981-01-01 01:01:02,2026-02-17 13:32:00.529707,100000000,2026-02-17T14:03:43.988323,"Turbo Stars - Rival Racing
1.8.48",SayGames Ltd,1 Dec 2025
1706309DE13CD2E800584D54F03D3C1E65EF3C0B9A881639D4017BEF0D78B9BE,com.global.foodpanda.android,260600154,1981-01-01 01:01:02,2026-02-12 17:52:41.501873,100000000,2026-02-12T17:53:36.841744,"foodpanda: food &amp; groceries
26.6.0",Foodpanda GmbH a subsidiary of Delivery Hero SE,6 Feb 2026
01036081A3FD33F1AB3AA0A9900FA9F0161A7CAC75C986994F7BC493F8FF6D0A,com.Kidoverse.HairSalon,73,1981-01-01 01:01:02,2026-02-06 00:06:30.680305,10000000,2026-02-06T00:06:27.867557,"Hair Salon Games For Kids
73",Kidospace LTD,5 Feb 2026
D6EFC190AB1AA0DF4B574038A5FE971BB12822398308ED65766AEEEDB66A8986,com.playgendary.polyspherecoolgame,971,1981-01-01 01:01:02,2026-02-01 07:37:53.793632,50000000,2026-02-01T07:39:18.836639,"Polysphere: Art Puzzle Game
1.22.0",CASUAL AZUR GAMES,24 Dec 2025
023B111DFDFA6D5AB681635A4202A719ED10A61B7F9CD6BD81D330245664B900,com.lastmangaming.forkliftextreme3d,360,1981-01-01 01:01:02,2026-01-02 23:22:41.328353,10000000,2026-01-02T23:24:24.680320,"Forklift Extreme Simulator
3.6.0",Last Man Gaming,29 Dec 2025
76EE76C945A9FA450EE95A724618D218DDA0AADEC4B011E47DD313CB97B70391,cat.game.liftapp,205664,1981-01-01 01:01:02,2026-02-15 07:03:02.5822,50000000,2026-02-15T07:04:05.442353,"My Cat - Pet Games: Tamagotchi
5.3.1.0",Appsyoulove,5 Feb 2026
0697F25C4D927626C1013800B15052F833CA0B6A9BAF28A01F675F2410E8C238,com.mercadopago.wallet,1816181261,1981-01-01 01:01:02,2026-03-02 12:35:15.91475,100000000,2026-03-02T12:44:23.315950,"Mercado Pago: cuenta digital
2.424.5",Mercado Libre,22 Feb 2026
0BA1F056CA38514BD49AFED713C47274749F51802A61A75C08B9FDA9558532C1,com.instagram.barcelona,508124709,1981-01-01 01:01:02,2026-01-07 05:43:05.207336,500000000,2026-01-07T05:43:25.213778,"Threads
411.0.0.22.255",Instagram,6 Jan 2026
ABE9608FEF6C72AD748D362C481FA9A00DC6747F7D8C98C0112E7DF919EBE091,io.chingari.app,872,1981-01-01 01:01:02,2026-01-29 22:11:46.075916,100000000,2025-12-19T06:02:00.781066,"تشينغاري: اجتماع أصدقاء
4.4.1",Chingari,14 Nov 2025
BACF8BD0ECF9B3B613B0974709A52E6670D017A34C5E48C010F3A65B21DB9D87,com.GMA.Ball.Sort.Puzzle,865,1981-01-01 01:01:02,2026-02-17 12:38:20.755197,100000000,2026-02-17T12:38:03.447664,"Ball Sort Puzzle
26.0.0",HM Games Pty Ltd,10 Jan 2026
00FB659A3B82772EA011E82A8E2EA31C46D50F0A50D37817A39B5DD5408AEA42,dk.tactile.lilysgarden,682805,1981-01-01 01:01:02,2026-01-29 13:07:44.238584,50000000,2026-01-29T13:09:35.915626,"Lily’s Garden - Design &amp; Relax
3.51.0",Tactile Games,28 Jan 2026
2F9883F2FF92C56C18D113A7C2CF1B355991B8D181434B8EA524C52EB661F146,com.yodo1.crossyroad,243740,1981-01-01 01:01:02,2026-02-06 00:29:37.576408,100000000,2026-02-06T00:30:26.763734,"Crossy Road
7.10.0",HIPSTER WHALE,29 Jan 2026
8604EB437AE8827797D41AFEF9B21C9D634A74F6450E8654C74AD8262C5A3918,com.vnstartllc.sort.water,237,1981-01-01 01:01:02,2026-02-02 21:28:14.133965,50000000,2026-02-02T21:29:43.201822,"Water Color Sort
1.2.17",Vnstart LLC,18 Jan 2026
00B07DF4339822A94A12E42514AC0671D95767D1BB00431BAEB02783E7BEB083,com.mattel163.phase10,140895,1981-01-01 01:01:02,2026-03-07 20:43:27.843898,10000000,2026-03-07T20:50:26.709478,"Phase 10: Casual Card Game
1.14.895",Mattel163 Limited,5 Mar 2026
181888B1691206F185828174BD74A9B59C58F66587FC8D79D5703E49F249321E,mymusic.offlinemusicplayer.mp3player.playmusic,100413,1981-01-01 01:01:02,2026-02-02 02:16:03.068688,50000000,2026-02-04T16:40:37.217393,"Offline Music Player: Play MP3
1.02.118.0123",Dairy App & Notes & Audio Editor & Voice Recorder,23 Jan 2026
0F62165FE53E06693D1FFAB6041756B582E42AE724A763C35172CA86E6F9BD70,net.orizinal.subway,2025111019,1981-01-01 01:01:02,2026-01-10 23:30:39.579587,10000000,2025-11-12T03:42:28.501029,"KakaoMetro - Subway Navigation
3.14.2",Kakao Mobility Corp.,10 Nov 2025
2B5A72591CD577C215528E0DF1D1FAFAFEA98AF59EFB7793BDA27561D127F5B9,com.ingka.ikea.app,16670,1981-01-01 01:01:02,2026-02-19 08:49:01.448661,50000000,2026-02-19T08:50:28.894725,"IKEA
4.35.0",Inter IKEA Systems B.V,13 Feb 2026
28E3135CB66D20D7BE0C699CCA592AB4DEB59ADAB7DC28837AF17E6DA5333D86,com.rvappstudios.math.kids.counting,367,1981-01-01 01:01:02,2026-01-31 16:24:01.152877,50000000,2026-01-31T16:24:48.074057,"Math Kids: Math Games For Kids
2.1.7",RV AppStudios,27 Jan 2026
1ED494F16C88F6D06B6D7BD32F60D87EA68ACF9EF14AC2DB627D38F391C9DC54,com.robtopx.geometrydashworld,14,1981-01-01 01:01:02,2026-02-07 23:34:25.591901,100000000,2026-02-07T23:35:21.014643,"Geometry Dash World
2.2.147",RobTop Games,30 Jan 2026
2B18D1D6AD3594988C5FAA49C959C043EAE5261CFB3759D60E45357A31C0A7B0,com.my.defense,125470,1981-01-01 01:01:02,2026-02-22 07:22:50.354751,50000000,2026-02-22T07:23:23.469240,"Rush Royale: Merge Games Tower
35.0.125470",MYGAMES MENA FZ LLC,21 Feb 2026
1A965B0D86993C30439F138B00D75113C6C348064CF01047847C72FD9CF2E44F,com.gokids.tbdoll,26000000,1981-01-01 01:01:02,2026-01-12 19:35:24.488187,50000000,2026-01-12T19:37:00.155874,"Fashion Dress up girls games
26.0.0",GoKids! publishing,8 Jan 2026
C4071D43DA9DF3BBFB2F1FBD2837B61CD388F80DD1F6E536FF1F46B65EDF205B,com.vpncapa.vpnmaster.free.unblock.vpn,64852,1981-01-01 01:01:02,2026-01-05 19:26:19.977889,50000000,2026-01-05T19:27:12.751926,"VPN Expert - Smooth VPN Proxy
6.4.852",Unlimited DT Security Studio,27 Feb 2025
19AC5E7BC518A38D2C7F674248FB66372581F0836BED4178C0BF9D5887EFD68A,com.sinyee.babybus.bakery,8730463,1981-01-01 01:01:02,2026-01-05 04:44:04.551963,50000000,2026-01-05T04:44:36.937952,"Little Panda&#39;s Cake Shop
8.73.04.63",BabyBus,3 Jan 2026
0A456F928390A515ACA574756F2546198128C8AB33DC130872AEA34B6D5B978F,com.pulselive.bcci.android,10041294,1981-01-01 01:01:02,2026-02-27 18:50:19.595787,10000000,2026-02-27T19:03:16.067620,"IPL
10.4.2.294",Board of Control for Cricket in India (BCCI),26 Feb 2026
88837B84A6576884AFDCC81A04E5465E6BB92D3CFFEBC86811244CC277F42DE2,com.afmobi.boomplayer,7691,1981-01-01 01:01:02,2026-01-27 14:50:12.792599,100000000,2026-01-27T14:50:18.187076,"Boomplay - Download Music MP3
7.6.91",Transsnet Music Limited,22 Jan 2026
ADC96B963305F6183253406E2F137BD1A252005C7D8CC1AB0549D07239C31D4C,com.atknsyl.weaponmaster,706,1981-01-01 01:01:02,2026-01-27 04:03:29.080857,50000000,2026-01-27T04:03:22.330995,"Weapon Master: Action Gun Game
2.35.3",Homa,20 Jan 2026
50D58328A57F9F62BCFB200810624D8465384AB3AADC3A82784BCFB524075B0D,com.coloros.weather.service,16013000,1981-01-01 01:01:02,2026-02-01 03:19:46.763743,1000000000,2026-02-01T03:20:48.819344,"WeatherService
16.13.0",ColorOS,15 Dec 2025
043F5301585D5023D667C97DC06420D664E7CA140E0112E18B307779289784A1,air.nn.mobile.app.main,303008082,1981-01-01 01:01:02,2026-01-27 15:27:14.849516,10000000,2026-01-27T15:28:16.450834,"NeuroNation - Brain Training
3.8.82",NeuroNation,22 Jan 2026
6CA4682D0011C8C76E1A46B82596B5759DC3F0CA2182CF36D3B3DF6758974F7F,com.xphotokit.app,26010601,1981-01-01 01:01:02,2026-01-14 08:34:43.004019,50000000,2026-01-14T08:35:27.238356,"X PhotoKit
4.5.8",X PhotoKit,6 Jan 2026
057B1F3853E71FD62A857C7C6935583692EEA93ADC20371FA8F8045AC1FF48FD,com.rapido.passenger,505,1981-01-01 01:01:02,2026-02-03 21:51:18.203991,100000000,2026-02-03T21:51:23.669516,"Rapido: Bike-Taxi, Auto &amp; Cabs
8.93.0",Rapido Bike Taxi,28 Jan 2026
7D64699AC4AB91CD93D6B121407A171F6CC2A31D3142045ADAB11A89BD1F4E69,com.agent.action,281,1981-01-01 01:01:02,2026-02-23 13:19:56.413042,50000000,2026-02-23T13:39:05.484531,"Agent Action -  Spy Shooter
1.6.41",SayGames Ltd,4 Feb 2026
8B43040FBC1D7A25D486D3412124F656F69C8022C5DE9A37E2D798D1D6A9F553,com.telkom.tracencare,677,1981-01-01 01:01:02,2026-03-05 09:27:53.871303,50000000,2026-03-05T09:42:36.527661,"SATUSEHAT Mobile
8.5.1",Ministry of Health Republic of Indonesia,28 Feb 2026
14DF1CB9EFC13942B4CEC4E50696107C99AD8F91D923278A6F3121DFC52EAAF9,br.gov.dataprev.meuinss,5290000,1981-01-01 01:01:02,2026-02-21 09:22:19.852386,50000000,2026-02-21T09:20:44.955846,"Meu INSS – Central de Serviços
5.29.00",Serviços e Informações do Brasil,20 Feb 2026
41D3D7C124934C7062D20F340D0EC6069C76EC6E427665AD470D3D108B4580B8,com.superplaystudios.dicedreams,33461,1981-01-01 01:01:02,2026-02-25 04:42:27.77144,50000000,2026-02-25T04:43:04.689275,"Dice Dreams™️
1.103.1.33461",SuperPlay.,24 Feb 2026
4A6CF703AC133A006DCA98E182E3D2278DED9E9C004892B55342A02AC6471807,com.nianticlabs.pokemongo,2026012202,1981-01-01 01:01:02,2026-01-26 13:36:59.40219,500000000,2026-01-26T13:38:06.638895,"Pokémon GO
0.395.1","Niantic, Inc.",22 Jan 2026
0CC318BAE5A904D7AE6A3FDED3AA1B57702EEB0B5C9345F71380E2BC25110551,com.fantome.penguinisle,367,1981-01-01 01:01:02,2026-02-02 21:25:33.806658,10000000,2026-02-02T21:25:11.325602,"Penguin Isle
1.92.0",Habby,20 Jan 2026
11D5406C5C721B4ED345C6B9F8087444FC1E46FC819335D61E29AABBD9885C3F,com.wastickerapps.stickerstore,267,1981-01-01 01:01:02,2026-02-15 19:26:32.004926,10000000,2026-02-15T19:29:23.638137,"Stickify
6.0.4",Stickify,6 Feb 2026
3041A879866A2486F46D86A4DE51A1BB4DB2E5E3C9E49E71311D152907533F56,com.xmonetize.quizzland,3462,1981-01-01 01:01:02,2026-02-24 05:26:05.174753,100000000,2026-02-26T09:00:48.508774,"QuizzLand. Trivia Brain Test
3.14.010",Quiz & Trivia Games by Mno Go Apps,12 Feb 2026
058038C7001E8FB10494292DE1BE95C5A7065749AE470F7B31E942B4E2FB6BE5,com.pz.life.android,4207,1981-01-01 01:01:02,2026-01-29 04:30:07.378658,10000000,2026-01-29T04:31:01.600399,"Highrise: Avatar, Chat &amp; Games
4.26.0",Pocket Worlds,19 Jan 2026
0D6A88148F506B3F7440011FE7AE19061013A22D30FCAACFD43C3533DD546DC8,com.xgame.VehicleDriving3D,100104,1981-01-01 01:01:02,2026-01-02 23:17:55.925794,10000000,2026-01-02T23:35:54.616209,"Real Driving: Vehicle &amp; Park
1.00.104",XGAME STUDIO,19 Dec 2025
1D4D2EFAC48E5DA6E14582CB38CD5C6715D088D60D2BC8A92848A28C26C9CB35,com.sahibinden,1622,1981-01-01 01:01:02,2026-02-10 17:02:09.846553,50000000,2026-02-10T17:03:49.536736,"sahibinden #AlSatKiralaKesfet
5.22.1",sahibinden.com,3 Feb 2026
464A77BD2934A707FEF376718ECF48126CBA8793AD260E2AFCC5AA2ECF70C353,com.google.android.videos,439617871,1981-01-01 01:01:02,2026-02-09 17:56:02.620835,10000000000,2026-02-09T17:57:09.794498,"Google TV
4.39.4162.864772944.4-release",Google LLC,5 Feb 2026
BD7F1076A8258499CA38C1599E773544E48BE049272C5B88FD09DD8A0A953FF7,com.telenor.pakistan.mytelenor,146,1981-01-01 01:01:02,2026-02-12 14:17:43.273026,50000000,2026-02-12T14:18:13.703637,"My Telenor
4.2.60",Telenor-Pakistan,11 Feb 2026
172BDBFB4BC584D4CFDB4BA0D0276BE7B2E31981D13C77B673975529F6F873F2,com.transsion.carlcare,3852,1981-01-01 01:01:02,2026-02-01 18:08:55.290479,1000000000,2026-02-01T18:08:46.373474,"Carlcare
V6.4.9.2",Transsion Holdings,19 Jan 2026
1C3B37086838AA8AB9ED2B8E259B4E268802666B8CABAF16D507445449C307E3,com.overlook.android.fing,121107004,1981-01-01 01:01:02,2026-01-31 13:18:56.593575,50000000,2026-01-31T13:19:49.357364,"Fing - Network Tools
12.11.7",Fing Limited,29 Jan 2026
138BF0AE75814F560668C3833D8AEE040A4FFE9BFE3C5425C31B837345CBC130,com.unearby.sayhi,2177,1981-01-01 01:01:02,2026-01-30 20:43:28.993027,50000000,2026-02-04T16:40:25.846039,"SayHi Chat Meet Dating People
21.77",UNearby,23 Jan 2026
0714A0AEA9B0F9F49F2826FB19334949A52190B2FE0BB2F7686CB7386EFD6DEA,kr.sira.distance,56,1981-01-01 01:01:02,2026-01-08 03:08:52.292229,10000000,2026-01-08T03:09:43.331446,"Smart Distance
1.6.0a",Smart Tools co.,23 Dec 2025
05E92B149F54567438E87C11BA7E95CC5187E6A717EE1BFCEBE93FCE5E608929,com.dreamgames.royalmatch,34388,1981-01-01 01:01:02,2026-02-17 15:57:07.237774,100000000,2026-02-17T15:58:20.132908,"Royal Match
34388","Dream Games, Ltd.",16 Feb 2026
0ADBB6BDEEAB340B7F7671A3B630913C5225B8269006C8349C7793F7DF8F6BE2,com.mgc.Miami.ViceTown,338,1981-01-01 01:01:02,2026-01-03 12:57:42.379994,10000000,2026-01-03T12:57:45.957999,"Miami Crime Vice Town
3.3.8",Naxeex Action & RPG Games,18 Dec 2025
1029EDCCE97D5C1AD184F3FD24CE9A4E5E67C3420A2EBAA30C19AD81B17A3409,com.gokids.transportbuilding,13005000,1981-01-01 01:01:02,2026-02-16 08:32:37.760812,100000000,2026-02-16T08:27:18.809210,"Truck games for kids: building
13.5.0",GoKids! publishing,30 Jan 2026
10CE59F76BB5D8826B21C2EA6250F970ED059DDEF96AF32B703D23691C1AFAAF,com.gramgames.mergedragons,1351,1981-01-01 01:01:02,2026-02-18 18:08:09.136463,50000000,2026-02-18T18:09:16.479011,"Merge Dragons!
13.1.1",Gram Games Limited,13 Feb 2026
1650715E91C6D736D0E942FBDCA8CA0D8EAB16582E26DB7EACA08A5C55A676B2,com.camelgames.superking,3325,1981-01-01 01:01:02,2026-01-26 09:09:12.966808,50000000,2026-01-26T09:09:05.484414,"War and Order
4.0.62",CamelStudio,22 Jan 2026
05287BC44A1B0DD9F175929C0DC18B01E5B5FAC567FF2AFB632DA518D940E44D,com.wallet.crypto.trustapp,1770385660,1981-01-01 01:01:02,2026-02-10 20:06:27.395533,50000000,2026-02-10T20:07:10.945769,"Trust Wallet: Bitcoin Wallet
8.84.9","DApps Platform, Inc.",6 Feb 2026
14D1EAC0445F84B7C2C7A637694000E87756832B1FCDCAE9FE324E26F453FFB1,ru.perekrestok.app,3035,1981-01-01 01:01:02,2026-02-03 21:19:39.561886,10000000,2026-02-03T21:20:33.161971,"Перекресток доставка продуктов
3.85.0",X5 Tech,13 Jan 2026
50B050E885FAE8FB516969784555C60C442497175D5E6399A8600B7F5EA21FCF,com.casttv.castforchromecast.screencast,42101,1981-01-01 01:01:02,2026-03-07 06:49:50.9729,50000000,2026-03-07T06:51:05.320956,"Cast for Chromecast &amp; TV Cast
4.2.1",iKame Applications - Begamob Global,26 Feb 2026
0C8C0F67B2AB7D79FAA31D5D2298E6CFCB87E16A70D40BA6A914B01D955CD050,and.brainworks.nummatch,256,1981-01-01 01:01:02,2026-02-19 07:07:10.238195,10000000,2026-02-19T07:11:11.284533,"NumMatch: Logic Puzzle
1.31.0",BRAINWORKS PUBLISHING PTE. LTD.,6 Feb 2026
1FCC4FDD40ED3EAC11D005A0F020294420F2ADFAE2EFADC551DA0107D7A28580,com.wordgame.words.connect,199,1981-01-01 01:01:02,2026-02-07 20:06:10.115002,50000000,2026-02-07T20:06:34.649823,"Word Connect
9.203.489",ZenLife Games Ltd,3 Feb 2026
17165CDFCF8002E812D0B2F4B5C7556014ABA3318F9A5317108CCED5F9A884C8,jp.konami.pesam,310030001,1981-01-01 01:01:02,2026-02-05 21:41:11.414202,100000000,2026-02-05T21:42:24.132994,"eFootball™
10.3.0",KONAMI,27 Jan 2026
08881BBBDC612B50AC9701F30FC42B7FF9FA74158D01A00C782C771F98E108A9,com.raimbekov.android.sajde,6118,1981-01-01 01:01:02,2026-02-04 06:30:46.94717,10000000,2026-02-04T06:31:38.684106,"Sajda: Prayer times, Quran
6.3.4",GOOD/APP,16 Jan 2026
3BB7A5677B5B7453ACE05083EE2F3A6C7E87B19B9DE018ACEE81422F3B6EB516,women.workout.female.fitness,129,1981-01-01 01:01:02,2026-01-07 18:48:00.181396,50000000,2026-01-07T18:49:45.373510,"Workout for Women: Fitness App
2.2.2",Leap Fitness Group,6 Jan 2026
544A88EAD23878AB7E7F557830033F30B4B1E8866B71F10CCD771B26AF1B54D1,com.easybrain.nonogram,53001003,1981-01-01 01:01:02,2026-03-04 16:19:09.012044,50000000,2026-03-04T16:56:37.165728,"Nonogram.com - Logic Games
5.30.1",Easybrain,3 Mar 2026
631476CAAD554F96AFE0F9F5461940FB5004E9089F46803775A33E4C6AC2A54B,com.avcrbt.funimate,894,1981-01-01 01:01:02,2026-01-26 17:45:56.127144,50000000,2026-01-26T17:46:56.588957,"Funimate Video Editor &amp; Maker
13.5.0",Pixery Bilgi Teknolojileri,20 Jan 2026
0AC457AEF039DFDBC5981A1BC559B09E0F3DCF8D7399E61A182DC7CA8DA3783D,com.pocketchamps.game,12112706,1981-01-01 01:01:02,2026-02-01 07:53:23.692721,10000000,2026-02-01T07:53:54.148039,"Pocket Champs: 3D Racing Games
7.3.14",Madbox,28 Jan 2026
4CF3A08100B5A9DE0F9C3A4B28832618B1BA866229DD69C7D4B953A7B948DECD,com.ixigo.train.ixitrain,1988,1981-01-01 01:01:02,2026-01-26 19:42:39.828813,100000000,2026-01-26T19:44:23.943875,"ixigo Trains: Ticket Booking
9.5.3","ixigo - IRCTC Authorised Partner, Flight Tickets",15 Jan 2026
95AD58E1D504C801CB6C61FFF31015A5E75D6A767C68C79B2AAE202263BA1E92,com.UCMobile.intl,50502,1981-01-01 01:01:02,2026-01-30 05:03:09.354922,1000000000,2026-02-04T16:40:22.926250,"UC Browser-Safe, Fast, Private
15.0.8.1384",UCWeb Singapore Pte. Ltd.,22 Jan 2026
0DC5700A5119EFA273BECE515E62DC3E0BDC7A700E81A2706918261841E4610C,bbc.mobile.news.ww,10007050,1981-01-01 01:01:02,2026-02-17 15:00:51.352382,10000000,2026-02-17T15:00:42.679625,"BBC: World News &amp; Stories
9.0.10.0",BBC Studios Distribution Ltd.,19 Jan 2026
86EB573FB9540BF9092AFC2C87F92F39CEED7E6B5A4D39EA6BA10A221A89130F,mytown.home,2843,1981-01-01 01:01:02,2026-01-26 09:56:20.089406,50000000,2026-01-26T09:57:12.936117,"My Town: Home Family Playhouse
7.03.02",My Town Games Ltd,20 Jan 2026
9F7D4CB2C07483A0E2F1257CD7BED2004A5C7B25ACC03785FE8FE4C9BB56C538,ai.character.app,136,1981-01-01 01:01:02,2026-02-23 18:05:01.319246,50000000,2026-02-26T09:00:46.652850,"Character AI: Chat, Talk, Text
1.15.3",Character.AI,20 Feb 2026
10E8EB424ACF07458F8BC12A1A035C8BAEE24E9D022BC075A6122C921327A6DA,com.Locos.MBS,28,1981-01-01 01:01:02,2026-01-06 09:31:55.991956,50000000,2026-01-06T09:30:37.654463,"Mobile Bus Simulator
1.0.8b",LOCOS,20 Nov 2025
7095FA7A516DEBA217DE9F66D73F823E9FA3063EB3ADAD0DE0A006285B8C01B5,photo.android.hd.camera,69300,1981-01-01 01:01:02,2026-03-06 14:30:51.558574,100000000,2026-03-06T14:39:49.587103,"HD Camera for Android
6.9.3.0",Mobile_V5,5 Mar 2026
2172EAD52B030AFE7C4CFE1DD014A8AC9E3BCE0927357020A6B1AD15FB58F816,com.google.android.apps.docs,214351246,1981-01-01 01:01:02,2026-02-28 07:35:32.21957,10000000000,2026-02-28T07:36:44.991105,"Google Drive
2.26.077.2.all.alldpi",Google LLC,27 Feb 2026
04D61BEABA780D7E1AD22AD188D4F5C78417AAD7D42A4B48F1B78FD81F8634FE,com.bestplaygame.screwmatch,48,1981-01-01 01:01:02,2026-01-01 22:01:18.292029,10000000,2026-01-01T22:13:55.631824,"Screw Match: ASMR Blast
1.0.42",AlphaPlay Games,16 Dec 2025
25ED0DB5F4D8E21F027C2029B358CA09C67487E30F67AA0C9E9F5F2BC31A1297,com.meesho.supply,801,1981-01-01 01:01:02,2026-02-26 21:56:20.154382,500000000,2026-02-26T21:54:56.310864,"Meesho: Online Shopping App
27.0",Meesho,24 Feb 2026
FE99E44D969ADB665B5495C12FAE22CA0084CE3E43AB7DFBE88DB724C041FC7B,com.xiaomi.wearable,352000,1981-01-01 01:01:02,2026-02-16 02:34:59.993091,50000000,2026-02-16T02:43:07.001148,"Mi Fitness (Xiaomi Wear)
3.52.0i","Beijing Xiaomi Mobile Software Co.,Ltd",26 Jan 2026
B69F116FE9E556850C880F45E87BDC6E950574A97BC373E4EEC4F9935CEAF1A4,com.catsbit.oxidesurvivalisland,11532,1981-01-01 01:01:02,2026-03-02 09:01:23.337814,10000000,2026-03-02T09:02:13.661481,"Oxide: Survival Island
1.10.11532",HYPERHUG,1 Mar 2026
365180C84E11BD8C4F6C124CC870EFD2C5FB1ABFD274B2B5BD019DECC3B934D5,com.expertoption,15222,1981-01-01 01:01:02,2026-02-04 21:52:12.487559,50000000,2026-02-04T21:53:28.276758,"ExpertOption - Mobile Trading
25.0.0",ExpertOption,3 Feb 2026
44F94139E8463F14614AD3B0AF64C512C715FA759F8E8744BB8025D43E131D66,com.coloros.video,9220100,1981-01-01 01:01:02,2026-01-26 10:11:39.936701,500000000,2026-01-26T10:11:53.605645,"Videos
9.22.1.0",HeyTap,19 Jan 2026
22A9E1B71C2E76BDE3DCA31DFD031884040F616355670977028A1DBCBF9662F5,com.anydesk.anydeskandroid,80300,1981-01-01 01:01:02,2026-02-15 05:54:01.797775,50000000,2026-02-14T09:53:42.108273,"AnyDesk Remote Desktop
8.3.0",AnyDesk Software GmbH,2 Feb 2026
46774C3C8EB9A4CBA620B45B772BB475E91E560B496481616348DBF1F68E976B,com.plexapp.android,971049968,1981-01-01 01:01:02,2026-03-05 02:36:05.57517,50000000,2026-03-05T02:09:58.105855,"Plex: Stream Movies &amp; TV
2026.3.0","Plex, Inc.",2 Mar 2026
06D78E7A05CA266C95BD490B8C7123673C113B37B09314B863CBA856B12718BE,com.finansbank.mobile.cepsube,414,1981-01-01 01:01:02,2026-02-27 06:38:07.704814,10000000,2026-02-27T06:38:00.180032,"QNB Mobil &amp; Dijital Köprü
4.5.3",QNB Türkiye,16 Feb 2026
390FD05E94CC5F561740BDF3C7653DE4EDED01DB899FD96BFE80DB9F6514B65B,com.gameloft.android.ANMP.GloftA8HM,88012,1981-01-01 01:01:02,2026-03-07 07:41:57.545487,500000000,2026-03-05T21:05:19.076298,"Asphalt 8 - Car Racing Game
8.8.0i",Gameloft SE,4 Mar 2026
E60CCD90775C4F87B342EFF63680550B4412BE867049A648D83D1CAC31641A41,com.pubg.imobile,20725,2025-12-25 06:00:02,2026-02-14 23:25:08.183244,100000000,2026-02-15T00:01:26.578410,"BGMI: Online Multiplayer Game
4.2.0","KRAFTON, Inc.",29 Dec 2025
00738BD027F6C4FC26B5DCF6A95F2F2920B8A0C5D7C28E2885D17725DF4639C8,dance.fit.zumba.weightloss.danceburn,137,1981-01-01 01:01:02,2026-02-17 14:03:16.115827,10000000,2026-02-17T14:02:19.223432,"Dancefitme: Fun Workouts
4.42.1",TechPionners Team,10 Feb 2026
F6776DE12377D15B3B3377AD6DBB294C5956F6FC9F1A19A6B19A982089CA0CB1,ru.tele2.mytele2,169182660,1981-01-01 01:01:02,2026-02-16 00:53:28.909161,50000000,2026-02-16T00:54:51.439622,"t2. Новый уровень
6.34.0",t2,4 Feb 2026
84FEA8F558F630F30E17A77698448AABED2FDC6D283F95DC769242AA0D04968A,com.amanotes.pamarollingtiles2,200897,1981-01-01 01:01:02,2026-03-06 18:33:12.093072,50000000,2026-03-06T18:34:29.637225,"Hop Ball 3D: Dancing Ball
2.23.0",AMANOTES PTE. LTD.,18 Feb 2026
0B8F67AF30016AA9890BEB229B0F6AFE24AA9E9EF0065F1470E6D83DB631EAAE,video.player.videoplayer,250100,1981-01-01 01:01:02,2026-01-26 11:47:35.212079,100000000,2026-01-26T11:48:26.713427,"Video Player All Format
2.5.0.1",InShot Inc.,9 Jan 2026
FC40E9DF5ABB19817F9B2A335C6BFC197746DF6DE52A9494E9BBDAA85A3C42A0,com.dropdom.blockpuzzle.hwwgame,254,1981-01-01 01:01:02,2026-01-31 21:42:36.090913,50000000,2026-02-04T16:40:30.180318,"Dropdom - Jewel Blast
2.5.4",hua weiwei,27 Jan 2026
0CDF7EDCF400DE39E46079EEB36BC6279BB3D49FC6F244CBAFF73BF74F33D32D,eu.nordeus.topeleven.android,9795,1981-01-01 01:01:02,2026-01-26 22:43:47.323845,100000000,2026-01-26T22:45:27.405326,"Top Eleven Be Football Manager
26.15",Nordeus,23 Jan 2026
08ADC463D7B1CEE968BDA9D9290978572D7CFA3273BD95F32488C3D832183E4F,com.bybit.app,2025122300,1981-01-01 01:01:02,2026-01-01 06:45:26.569033,10000000,2026-01-01T06:46:23.693614,"Bybit: Buy Bitcoin &amp; Crypto
5.9.2",Bybit,23 Dec 2025
00CFC87F6BF2F6CB32D12819F8149F995F6FD98213C0D2F19691D1815CFBF001,com.global.pnck,260,1981-01-01 01:01:02,2026-03-07 04:06:41.025065,10000000,2026-03-07T04:07:30.152285,"Puzzles &amp; Chaos: Frozen Castle
1.87.00",37GAMES,1 Mar 2026
71D5431E80BAB1A3243A8DA3AE3D20AA3034382E5479AFCF9F423A19391A4DEB,com.vuclip.viu,790,1981-01-01 01:01:02,2026-02-16 04:34:06.517485,100000000,2026-02-16T04:44:54.554199,"Viu - Mzansi&#39;s Favourite Shows
2.23.0",Vuclip Mobile Video,30 Dec 2025
08F570A489BF88EF07D6D10FC7B355341CEE5338947722FE09B0068301B678CF,trendyol.com,1077,1981-01-01 01:01:02,2026-01-26 15:12:35.843969,100000000,2026-01-26T15:14:32.283724,"Trendyol: Online Shopping
7.59.0.1077",Trendyol,19 Jan 2026
80FA3BA0B8DC4ED00820140511CE357FEC81276799162EB24429CDD567B1DCD9,com.run.squid.challenges.survival.clash,180,1981-01-01 01:01:02,2026-02-01 04:38:03.764458,50000000,2026-02-04T16:40:31.782487,"456 Run Challenge: Clash 3D
12.1.7",Amobear Studio,20 Nov 2025
0A45DC43539E8C55F115FB531195E741F96A89D7FC2CD6BD90F8A4C70605C12D,mylittleprincess.fairy.free,254,1981-01-01 01:01:02,2026-01-07 04:23:33.184157,10000000,2026-01-07T04:34:11.085530,"My Little Princess Fairy Games
7.03.02",My Town Games Ltd,27 Oct 2025
46A7CB757208976C0D502F4A455CC4704EBFC0123233868C1E9CC58A0C16A58C,com.shaiban.audioplayer.mplayer,1070070000,1981-01-01 01:01:02,2026-02-04 06:44:08.755225,100000000,2026-02-04T16:40:47.153640,"Music Player - MP3 Player
7.7.0",Red Sky Labs,22 Jan 2026
12EF5CA8185BEE8231E94CA4923A5519B35A3BDFDC608A4B3C2B85FFEEB7B89B,org.zwanoo.android.speedtest,249386,1981-01-01 01:01:02,2026-01-27 18:46:24.530853,100000000,2026-01-27T18:46:26.912486,"Speedtest by Ookla
6.5.3",Ookla,20 Jan 2026
0C983C3B99488C1C09F3217E7549F9A3C62BB904BFA95EF85B498A4BDDD1136A,net.supertreat.solitaire,6950,1981-01-01 01:01:02,2026-01-05 15:29:33.301055,50000000,2026-01-05T15:34:28.675652,"Solitaire Grand Harvest
2.407.0",Supertreat - A Playtika Studio,5 Jan 2026
1275DDA8424D6DA38E1171033B5F6A594FD979084EDC1E05DB7019DA77D203D7,com.tinybytes.massivewarfare2,200605,1981-01-01 01:01:02,2026-02-05 21:10:49.282937,50000000,2026-02-05T21:16:16.725324,"Massive Warfare: Tanks PvP War
1.104.605",TinyBytes,26 Jan 2026
261D224E8525EF4F044FBA0B7729D9F27C0D0C4F9DF5B0A30769A7B948028CC2,com.orange.coloring.learn.kids,215,1981-01-01 01:01:02,2026-02-04 21:21:24.843178,100000000,2026-02-04T21:22:15.862553,"Coloring &amp; Learn
2.15",Orange Studios Games,26 Jan 2026
47B8E76BF4FE08A39EDB1534EB388B72085305D69088172419DECCEAC3E9D030,net.skyscanner.android.main,2021112228,1981-01-01 01:01:02,2026-02-14 11:24:48.216659,50000000,2026-02-14T11:26:02.134888,"Skyscanner Flights Hotels Cars
7.178",Skyscanner Ltd,10 Feb 2026
0B4AEB9235C76C4FD3CD51AD26357256ED9EFA413AEEC291F54452391567EB70,com.concretesoftware.spades_demobuynow,22298,1981-01-01 01:01:02,2026-02-04 22:57:36.256908,10000000,2026-02-04T22:59:07.425524,"Aces® Spades
3.15.2","Concrete Software, Inc.",9 Jan 2026
090A1229AD60CC83EB224363E41B6EB9A30002B9B7811F1780E5AB102534146D,com.wb.headsup,4150600,1981-01-01 01:01:02,2026-03-07 16:01:04.139918,10000000,2026-03-04T10:14:35.864565,"Heads Up!
4.15.6",Warner Bros. International Enterprises,26 Feb 2026
405EC34751A8161DAA00A79FDDC4C51AF84F8C2E1720020B9C5F7D4BB1715C4C,com.rud.twelvelocksvn,86,1981-01-01 01:01:02,2026-01-31 03:25:16.839176,50000000,2026-02-04T16:40:27.001183,"Vlad &amp; Niki 12 Locks
1.35.1",RUD Present,15 Jan 2026
B2A14A8EED0BC8A41ABA87F9A1999472A30AF68AA2DA6657C7F690A8D2834E43,loseweightapp.loseweightappforwomen.womenworkoutathome,102,1981-01-01 01:01:02,2026-01-27 01:30:47.991876,100000000,2026-01-27T01:32:06.189706,"Lose Weight App for Women
2.3.5",Leap Fitness Group,26 Jan 2026
029DC157F679A7B73AA9CE2E14C43E35B7BE0DF34864E5E1624C7FF94E8B5BAC,com.nttdocomo.keitai.payment,7133022,2025-12-26 15:27:40,2026-01-11 16:17:16.008137,10000000,2026-01-12T08:07:52.190719,"d払い－スマホ決済アプリ、キャッシュレスでお支払い
7.13.3",NTT DOCOMO,5 Jan 2026
028159A68703067817C887BC6BF97D78CD6D43FC36C4E597C15D82C5C851D77D,app.source.getcontact,16460,1981-01-01 01:01:02,2026-02-27 08:36:26.329884,100000000,2026-02-27T08:37:03.028658,"Getcontact
8.12.0",Getverify LDA,20 Feb 2026
048F44B55954862AD19E36FF05B174E4BF125EF6066552D1E9150D60A6EFF584,in.swiggy.android,1673,1981-01-01 01:01:02,2026-02-14 06:55:46.528759,100000000,2026-02-14T06:55:48.108645,"Swiggy: Food Instamart Dineout
4.102.1",Swiggy,9 Feb 2026
1FE50BB6199FD6AE83BD352D30CB6CFD87765604AF81353B0803FFF94DA10641,dj.music.mixer.sound.effects,259,1981-01-01 01:01:02,2026-02-24 06:26:39.39281,50000000,2026-02-24T06:31:34.746024,"DJ Music mixer - DJ Mix Studio
2.5.9",Easyelife,1 Feb 2026
81D137DEDEEAD99D4888CF1C8BBD1E1F14986AAAD71AFD5861341790EF990ADE,com.rescue.agent,281,1981-01-01 01:01:02,2026-02-06 00:33:54.219436,50000000,2026-02-06T00:33:54.707563,"Helicopter Escape 3D
1.18.20",SayGames Ltd,16 Dec 2025
78D6B5CB8B34E8B0C639C19EFCC4507FC40C4890706CBE18EEEFD99C0FD0C0B6,com.devgame.masha.and.bear.pizzeria.games,351,1981-01-01 01:01:02,2026-02-12 18:42:35.615126,100000000,2026-02-12T18:42:54.912182,"Masha and the Bear Pizza Maker
1.6.16",DEVGAME KIDS games,2 Feb 2026
02D6CF03C9D57C412827B0C65AFB6E0B3F7E3D0CEC560D7F684823E33541747A,word.riddles.guess.brain.test.tricky.puzzle.quiz.game.free,54,1981-01-01 01:01:02,2026-01-08 04:21:10.964254,10000000,2026-01-08T04:23:38.030029,"Word Riddle: Offline Word Game
5.4",Magic Word Games,20 Nov 2025
129558914C2B3B324094C11710D038EB304149A940FF5783DE309054257F635D,com.heetch,319080,1981-01-01 01:01:02,2026-02-25 20:32:11.887904,10000000,2026-02-25T20:42:39.418876,"Heetch - Ride-hailing app
7.27.0",Heetch,23 Feb 2026
1EF2225108F16001FEF515346F03F507D4FB993164FF7284033C82962A290231,org.wikipedia,50564,1981-01-01 01:01:02,2026-01-11 04:43:45.150435,50000000,2026-01-11T04:44:42.132220,"Wikipedia
50564-r-2025-12-15",Wikimedia Foundation,6 Jan 2026
06FDC928EBC3ADA295B1CC3B1834A297B836C64F57B30D8900535BE3C58AF83B,com.alibaba.intl.android.apps.poseidon,260401,1981-01-01 01:01:02,2026-02-05 02:03:05.506872,500000000,2026-02-05T02:03:33.524548,"Alibaba.com - B2B marketplace
26.4.1",Alibaba Mobile,4 Feb 2026
049A97AC83E6E9C165C8AD38BD9893089B737447FED669A56E334867B67F81D1,com.jlahhw.sl096,1230,1981-01-01 01:01:02,2026-02-02 19:03:12.48625,10000000,2026-02-02T19:04:59.395199,"DIY Mini Journals
1.2.3.0",TabTale,12 Dec 2025
02B16A96A2C43E9B5F168F354138FC28161DAE04BF255CE47A9F77834E10D644,com.rvappstudios.shapes.colors.toddler,389,1981-01-01 01:01:02,2026-02-04 21:34:34.482856,10000000,2026-02-04T21:35:00.210314,"Color Kids: Coloring Games
1.8.9",RV AppStudios,28 Jan 2026
AE2161DA9AB43AB79AB4DCB67581A5D0E3D0C03E7762EF0783E8AA97D9367DCD,com.icegame.fruitlink,140012063,1981-01-01 01:01:02,2026-02-05 21:32:08.830911,50000000,2026-02-05T21:33:25.038178,"Fruit Splash
14.0.1",Tap Run,19 Dec 2025
0B80E32E0C85B43AD1AA2EE579AF255A726F37987A1C2B563C29DE6B2A505492,com.gearup.booster,460,1981-01-01 01:01:02,2026-02-03 23:28:39.519813,50000000,2026-02-04T16:40:46.082598,"GearUP: Lower Lag Game Booster
3.46.6",GearUP Global,21 Jan 2026
71DB5D2F4F74CB4B0F1904F36DB4BB9A846EE191A2984C36DCEDB154E52299C4,ws.hanzo.Vrrh,1202601161,1981-01-01 01:01:02,2026-02-07 18:51:27.733659,10000000,2026-02-07T18:52:38.966299,"SuperApp VR
3.46.4",VR Benefícios,16 Jan 2026
059124DB3E0AE349383152C8D4C8BC30B7B62B5F0DFC6B9B8F07137CCE799F64,com.fast.translatealllanguages.voice.translateapp.texttovoice.alllanguages.translator,151,1981-01-01 01:01:02,2026-01-03 02:58:28.458518,10000000,2026-01-03T02:58:51.093403,"Go Translate All Languages
16.0",Orcas Tech,22 Dec 2025
0F07774A327D01609FA4D139BD7F8986037BBFE6E05DDFC3922284E3A1FE9498,com.futbin,6024,1981-01-01 01:01:02,2026-02-05 07:53:07.097246,10000000,2026-02-05T07:53:10.780126,"FUTBIN FC 26 Evolutions &amp; More
26.24",Better Collective A/S,29 Jan 2026
20ACA2B77BB70D235EF2EB20A82C0A694EE2DA904E005B56C4DAC195B82CCC55,com.MadOut.BIG,200289,1981-01-01 01:01:02,2026-02-22 01:44:13.207734,100000000,2026-02-22T01:44:18.447179,"MadOut 2: Grand Auto Racing
18.07",MadOut Games LLC FZ,18 Feb 2026
07AC6B63D104C887806DE2FF3D578D26191F64FB473B39B84573F90F3DBA6BCB,com.hit.master,199,1981-01-01 01:01:02,2026-02-07 07:21:18.128317,100000000,2026-02-07T07:14:50.681514,"Hit Master 3D - Knife Assassin
1.13.0",CASUAL AZUR GAMES,4 Feb 2026
06BC5FC0A32096E4F2684FFA0DA01E5C6FEA0B4758236EF1E0F82FCBB93C8D99,com.disney.emojimatch_goo,177256,1981-01-01 01:01:02,2026-02-15 12:49:01.523195,10000000,2026-02-15T12:49:15.712395,"Disney Emoji Blitz Game
74.2.0","Jam City, Inc.",29 Jan 2026
4A4B904164E1246B528A7DEF73B57B9C6E44D1FE483887B3406CDA117583C7DA,com.zeptolab.ctr.ads,2556295,1981-01-01 01:01:02,2026-01-03 17:07:43.77743,100000000,2026-01-03T17:16:34.556102,"Cut the Rope
3.78.1",ZeptoLab,24 Dec 2025
95F5C25507EF6B27CB713875880ACFCF1BB8C5CF8C6345275AB9206C6CB53E42,com.weieyu.yalla,5003,1981-01-01 01:01:02,2026-02-14 12:05:02.933207,100000000,2026-02-14T12:07:42.272584,"Yalla - Play Game &amp; Voice Chat
3.2.0",Yalla Technology FZ-LLC,3 Feb 2026
8616C4CDB349897CEAB9ABEC66C30011084A8482B977F0D9DA685F9D1F1711B4,com.globalfun.tj2015.google,130,1981-01-01 01:01:02,2026-02-20 07:40:21.133557,50000000,2026-02-20T07:45:17.160492,"Tom &amp; Jerry: Mouse Maze
3.0.30-google",GlobalFun Games,27 Jan 2026
09C81F2970B25719F6542FBF7961EE35EDFE06F864D83CDF9A3044469BE8176B,com.ace.ex.file.manager,39,1981-01-01 01:01:02,2026-02-15 06:02:15.312757,10000000,2026-02-15T06:02:18.277718,"EX File Manager
1.5.7",Ace Mobile,4 Feb 2026
101B38150D9DABA072BBE9FF6F11FE70E561B3E6FD02D210258ABE4683A49E5D,com.jumpgames.rswrb,1001001304,1981-01-01 01:01:02,2026-02-09 17:33:38.958261,50000000,2026-02-09T17:34:48.619230,"World Robot Boxing
105.105.104",Reliance Games,9 Feb 2026
02484219F044751E40EF4367CB74789AA81EF750A6EEE5A504323E942873BC01,com.madeinchina.b2b.trade,250,1981-01-01 01:01:02,2026-01-09 03:28:56.691243,10000000,2026-01-09T03:29:36.428780,"Made-in-China B2B Trade Online
7.08.14","Focus Technology Co., Ltd.",30 Dec 2025
62F005C0895B6C4D4EEE7AE27D7A7C280481B0E1C45608A9C2C36970B6201DE6,ru.fotostrana.sweetmeet,1615,1981-01-01 01:01:02,2026-02-01 07:03:56.05185,50000000,2026-02-01T07:05:04.398191,"Dating App - SweetMeet
1.20.277",SweetMeet,23 Jan 2026
0BBA64A234CD47CBD9EDCB2800C182A1BFAA7A1589DD3DA1026000C237D78297,com.tda.unseen,240,1981-01-01 01:01:02,2026-03-03 05:20:05.919486,10000000,2026-03-03T05:19:28.322887,"Unseen - No Last Read
3.1.6",Firehawk,24 Feb 2026
37C70D19BC00D8D332DC4E0DBCEF5234C5A0298D0390840E2530C9DBF25D40C0,homeworkout.homeworkouts.noequipment,141,1981-01-01 01:01:02,2026-03-06 10:10:57.52218,100000000,2026-03-06T10:20:55.190861,"Home Workout - No Equipment
1.6.8",Leap Fitness Group,4 Mar 2026
0E283CC0E0A65109085E3D1233FB171F567E953CF6EDA5D3A5BCE66A3AC04BA6,com.fcg.badmom.goodmom.rungames,39,1981-01-01 01:01:02,2026-01-13 00:52:34.892744,10000000,2026-01-13T00:52:39.244601,"Good or Bad Mom Run: Mom Games
0.7.12",Fried Chicken Games,28 Oct 2025
5129A3FB1D71A4038E4BA01C1455B7BAD5B47C04D0F925554CA1D84916EB8551,com.edkongames.mobs,972,1981-01-01 01:01:02,2026-02-15 10:39:57.832539,100000000,2026-02-15T10:41:44.771976,"Modern Ops: Gun Shooting Games
9.72",Edkon Games GmbH,9 Feb 2026
4E6869FF1E181EB03BABA293C1DBB1E5737809C63A65A05EA010E918B89242EB,com.bilkon.easypiano,28,1981-01-01 01:01:02,2026-01-31 14:23:54.069022,100000000,2026-01-31T14:25:34.457979,"Real Piano - Play And Learn
1.28",Bilkon,27 Jan 2026
1D1E09F4A616A277FEC444427713B1340A3CBB79BF9D8C67FD5EC7EAD2E81373,com.dts.freefiremax,2019116751,1981-01-01 01:01:02,2026-01-14 21:02:17.08232,500000000,2026-01-14T21:04:01.315736,"Free Fire MAX x JUJUTSU KAISEN
2.120.1",GARENA INTERNATIONAL I,7 Jan 2026
4138F51D437834C2B2F994A2119679BB8BA3D33B4F16B461F9AA0638C0DBDA39,com.instantbits.cast.webvideo,5612,1981-01-01 01:01:02,2026-01-29 10:22:07.109588,50000000,2026-02-04T16:40:15.952798,"Web Video Cast | Browser to TV
5.12.9",InstantBits Inc,23 Jan 2026
F6B49E040B8790EE54B421582CAB3CB80F13F0E5A72DDF37454C5348D042598C,com.vnid,22600,1981-01-01 01:01:02,2026-03-02 09:20:28.043441,50000000,2026-03-02T09:21:22.169475,"VNeID
2.2.6",Trung tâm dữ liệu quốc gia về dân cư,27 Feb 2026
91A0D25D00C1D3F3F2675B03B90F954F9BDE835DDD1FDC8745CE741ECE794696,com.tbegames.and.top_speed_racing,755014414,1981-01-01 01:01:02,2026-01-27 07:10:48.116257,50000000,2026-01-27T07:11:57.929077,"TopSpeed: Drag &amp; Fast Racing
1.44.14",T-Bull S A,9 Dec 2025
0964E6EA10228BF1FDC1666E351027D7FACB05795D1B5A3ACE35D04E875406A5,ar.gob.afip.mobile.android.contribuyentes.mi_afip,274,1981-01-01 01:01:02,2026-02-15 04:50:13.789205,10000000,2026-02-15T05:09:25.274638,"ARCA Móvil
3.7.2",AFIP - Oficial,22 Jan 2026
B733CC5BEC348BAC1F7C1B4853CC968540B2A69D663F487C32167986944747F9,buttocksworkout.hipsworkouts.forwomen.legworkout,73,1981-01-01 01:01:02,2026-02-25 17:46:35.956131,50000000,2026-02-25T18:13:45.811204,"Buttocks Workout - Butt &amp; Leg
1.0.73",Simple Design Ltd.,29 Jan 2026
075F8AD700BAD97199FCAFC663DD7A025A8496602F8E20705E14B7601FD98FA4,in.hopscotch.android,2026020613,1981-01-01 01:01:02,2026-02-16 02:21:22.865722,10000000,2026-02-16T02:23:10.092211,"Hopscotch - Kids Fashion Brand
10.6.1",Hopscotch,6 Feb 2026
1F9AFC198CBB49E248D1764FEFB64CD2402E64B24418C3BAEDEA06443D500379,com.gameinsight.airport,105301,1981-01-01 01:01:02,2026-02-26 18:23:08.708797,50000000,2026-02-26T18:23:40.673545,"Airport City transport manager
8.46.01",Game Insight,12 Feb 2026
0A0E52EE1DC932FC40DDA7779D81EBE9CE373D3A67E4BA77B0F611162DD00E5A,com.groupme.android,260400104,1981-01-01 01:01:02,2026-02-12 14:19:26.383233,10000000,2026-02-12T14:20:20.961334,"GroupMe
15.31.1",GroupMe,9 Feb 2026
30B6EC56547907AC326056E6A8AC1D1B19816773E54F78D074D21AB4CE8AA769,com.espn.score_center,21156,1981-01-01 01:01:02,2026-02-15 05:15:07.534984,100000000,2026-02-15T05:33:33.229337,"ESPN
8.11.1",Disney,10 Feb 2026
098A6C2D7444A9EF0FFAEEED07EFDEDC971E2EB43A53E21C57181C454EBCCF82,com.race.motorush,435,1981-01-01 01:01:02,2026-02-15 01:28:34.115147,10000000,2026-02-15T01:34:53.851408,"Wild Wheels: Bike Racing
1.1.17",SayGames Ltd,22 Jan 2026
E708CB3D384F982D5BFB27EAA6B36FB57F38658FC95674A31DECFD8445F1E2BE,com.contextlogic.wish,2761,1981-01-01 01:01:02,2026-02-03 04:29:44.556296,500000000,2026-02-03T04:29:51.934974,"Wish: Shop and Save
24.37.12",Wish US Holdings LLC,16 Jan 2026
14371AEF4B42F092877BCE20B44146A9A430B2D387072CB01D1009733B7F1ED5,com.waveline.nabd,185,2026-02-10 14:42:26,2026-02-23 03:02:52.74187,10000000,2026-02-23T03:27:39.902739,"نبض Nabd - اخبار العالم ، عاجل
19.4",Nabd Ltd,11 Feb 2026
0A36B604C618D798522EE5B3E4F69B1A6F22CA8DB1120F08977E069BC6202466,com.dd.doordash,15259039,1981-01-01 01:01:02,2026-01-26 21:50:07.933256,50000000,2026-01-26T21:50:10.340932,"DoorDash - Food Delivery
15.259.3",DoorDash,16 Jan 2026
52A576CD0FB2531953675B3B7D1B5238D6134736FA0EFF014A92FB6CD9DDE3CD,com.kwalee.drawit,3381,1981-01-01 01:01:02,2026-02-04 21:54:39.64092,50000000,2026-02-04T21:55:53.984782,"Draw it
2.1.1",Kwalee Ltd,16 Jan 2026
0FBC0BF03E855097CCC40E49A782EC1586C76C1F9C57A51CB14B7CDCF7B9019B,audioeditor.musiceditor.soundeditor.songeditor,10172,1981-01-01 01:01:02,2026-01-02 07:27:32.163325,10000000,2026-01-02T07:29:20.198688,"Audio Editor &amp; Music Editor
2.01.37.1226",Dairy App & Notes & Audio Editor & Voice Recorder,27 Dec 2025
08FC1374BCCB56F491308EDE649C5E6D3F85BB503F41156F8A07AF4F214517E7,com.sinyee.babybus.dress,8730601,1981-01-01 01:01:02,2026-03-02 07:59:58.366889,10000000,2026-03-02T08:01:16.104141,"Little Panda: Doll Dress up
8.73.06.01",BabyBus,12 Nov 2025
156ED3553A291145967D95127BC756F53649D3067FDEF6D2A7A00E528C701835,com.springwalk.mediaconverter,103,1981-01-01 01:01:02,2026-01-12 22:10:54.897527,100000000,2026-01-12T22:12:03.294151,"MP3 Video Converter
2.2.3",주식회사 스프링워크,30 Oct 2025
95ACE2B9656F3379DFAE41401ACE95C07089FE5691B624EAB5FF144C6C11F227,com.ea.game.starwarscapital_row,142,1981-01-01 01:01:02,2026-02-04 20:36:36.958227,50000000,2026-02-04T20:37:29.578157,"Star Wars™: Galaxy of Heroes
0.38.1947517",ELECTRONIC ARTS,28 Jan 2026
109EE548C6C2794DD17EA59B6C82304568F586D140C424A49084AB9E36B95A6D,com.crowdstar.covetHome,2026011601,1981-01-01 01:01:02,2026-01-27 02:28:41.88095,50000000,2026-01-27T02:29:08.626526,"Design Home™: House Makeover
1.128.070",Crowdstar Inc,20 Jan 2026
8F680A5BADD42824EA110758DAF6A3EE66409794B7F43A86C0C6D4F7BC3F74B9,hide.seek.room,1059,1981-01-01 01:01:02,2026-02-15 05:54:44.299632,50000000,2026-02-15T05:56:32.617095,"Hide in The Backrooms Nextbots
1.19.0",CASUAL AZUR GAMES,3 Feb 2026
6A5E7806AFA92396ADDAA78D38462FA75B9A1A13EEC9E151F257B88B73D3F17D,air.com.buffalo_studios.newflashbingo,50880379,1981-01-01 01:01:02,2026-01-26 15:58:19.958795,50000000,2026-01-26T15:59:08.169939,"Bingo Blitz™️ - Bingo Games
5.88.3",Playtika Santa Monica,20 Jan 2026
0ED9403BA73AC4A7F463089AED21DC241ABC22EC6027F508622B2189BBC65FA4,kr.co.hanamembers.hmscustomer,705,1981-01-01 01:01:02,2026-02-15 05:54:09.662292,10000000,2026-02-15T05:57:25.159648,"하나머니(트래블로그)
4.0.33",HANA CARD,2 Feb 2026
05021A98D9C45C45786797D798A1242F991F569B1561F2B18C0CFCDBF83EB616,com.edujoy.vlad.nikita,82,1981-01-01 01:01:02,2026-01-10 07:12:24.324796,10000000,2026-01-10T07:13:11.854456,"Vlad and Niki Educational Game
8.2",AppQuiz,17 Nov 2025
46F9C3BA77B31A6FB9A323EB20FF79AA4351942CD21EA2F5533C8D16426ABDCB,uk.co.aifactory.chessfree,238,1981-01-01 01:01:02,2026-01-01 20:34:20.553776,50000000,2026-01-01T20:34:32.720215,"Chess
4.18",AI Factory Limited,23 Dec 2025
27A54152C98AC1D18451A3673BCAB3396678F89A7051F9C8AFA5FB1C3C88FCCF,com.supercell.hayday,2144,1981-01-01 01:01:02,2026-02-28 02:09:59.485614,100000000,2026-02-27T03:42:49.616778,"Hay Day
1.69.93",Supercell,24 Feb 2026
1139D1749BF842F78F0485829540DC49986E14B5C827B566A37BAD2E5C377AC0,com.moonfrog.ludo.club,55168,1981-01-01 01:01:02,2026-02-20 05:50:06.189508,100000000,2026-02-20T05:48:20.019886,"Ludo Club - Fun Dice Game
2.6.10",Moonfrog,15 Feb 2026
009ADAD8FDF7074CF7FE223C835B154527C67B8C5C6FEDCAAEF3DC7F9ED94DA2,com.storytoys.lego.duplo.disney.mickey.and.friends.googleplay,664,1981-01-01 01:01:02,2026-02-06 18:45:20.159,10000000,2026-02-06T18:45:22.611696,"LEGO® DUPLO® Disney
16.2.0",StoryToys,23 Jan 2026
47DF6268C28B20BA40EC8FFD51BF1198E2B3294201781FA2492DA1F830F9A3FB,com.fungamesforfree.colorfy,611,1981-01-01 01:01:02,2026-02-14 10:38:46.259989,50000000,2026-02-14T11:18:40.896556,"Colorfy: Colouring Book Games
3.35.0",Wildlife Studios,2 Feb 2026
0397FBCCD288E99F1DE936C7F63094A9DCFCB0CFC840ADAAC7B5878E657DE5A3,cc.relive.reliveapp,12947,1981-01-01 01:01:02,2026-02-12 18:56:00.669359,10000000,2026-02-12T18:57:12.380684,"Relive: Run, Ride, Hike &amp; more
6.6.0",Relive B.V.,3 Feb 2026
4E5DFBC7F8003647BF612E63E7F1013AF79DE45EA7F7857EA4A9B756A6F90B57,com.hcg.cok.gp,10260,1981-01-01 01:01:02,2026-02-19 02:03:01.363669,50000000,2026-02-13T14:25:58.713046,"Clash of Kings
11.11.0",Elex Wireless,27 Jan 2026
0E23AA12BB37FB27EA713A8E30250A3841398213AEE5161037E85F21A8F9EA3A,com.gsn.android.casino,47602003,1981-01-01 01:01:02,2026-02-17 11:45:55.833831,10000000,2026-02-17T11:47:22.913321,"GSN Casino Slots Games
4.76.2",Scopely,21 Jan 2026
13C3269994E4C603E0648A9133A33AA3E9838AD4ED76B854C905879FC97637D0,net.wordbit.enes,1070000110,1981-01-01 01:01:02,2026-01-12 08:50:21.0038,10000000,2025-12-24T18:21:37.146821,"WordBit Inglés
1.7.1.10",WordBit,23 Dec 2025
10D7AB141D010A6D6BD25FC4CDF0CE10284015AD2E10E3199E185E5456472BFC,com.cg.tennis,17172,1981-01-01 01:01:02,2026-01-27 02:24:41.814,50000000,2026-01-27T02:40:26.558036,"3D Tennis
1.8.10",Mouse Games,15 Oct 2025
89FCEFB7ED2DE3D167279677819479D62CA3D934C2B6E1BB30BE520805A37578,com.razmobi.monstertrucks2,180,1981-01-01 01:01:02,2026-02-21 16:39:47.208502,100000000,2026-02-21T16:46:09.799176,"Monster Trucks Game for Kids 2
3.4.6",Raz Games,11 Dec 2025
2EE4CEA0EB92E5DDE93C744BB8894450DE4530517A6B3F301A7AC5ED7892DB1C,com.expressvpn.vpn,12500040,1981-01-01 01:01:02,2026-02-03 21:37:01.267009,50000000,2026-02-03T21:36:54.764156,"ExpressVPN: Fast &amp; Secure VPN
12.50.0",ExpressVPN,30 Jan 2026
14A0BACF705DD7ECEE677F898FEAD7E8ACEB930805C7C166BE9633C7270E4307,com.miniclip.realsniper,500324,1981-01-01 01:01:02,2026-01-26 16:22:21.855965,100000000,2025-12-15T15:47:52.382287,"Pure Sniper: City Gun Shooting
500324",Miniclip.com,5 Dec 2025
61E3CF803F346C35B7A1F2FB5283048AFDFEB91DF5AA0C0E73412A645432C074,offroad.racing.game,421,1981-01-01 01:01:02,2026-02-01 02:13:04.833324,50000000,2026-02-01T02:14:10.388356,"Off Road: Mud Truck Games
2.23.421",Azur Interactive Games Limited,12 Jan 2026
79ED70F4C3C0F3097594FB6A0AE0F45A551A9F94786F8FBC03659782AD23D43D,com.mobisystems.office,58775,1981-01-01 01:01:02,2026-01-26 11:33:43.614193,100000000,2026-01-26T11:34:37.350852,"MobiOffice: Word, Sheets, PDF
16.1.58775",MobiSystems,16 Jan 2026
498BBCCF415E5BFEF2A9E7B6C3F131279E1E2ABE4A7992C9E160EDDA71161BCE,com.valvesoftware.android.steam.community,10470850,1981-01-01 01:01:02,2026-03-07 03:25:32.457945,100000000,2026-03-06T04:42:23.328889,"Steam
3.10.9",Valve Corporation,23 Feb 2026
0197690E36CAF938CC27AF6176CD125B7607289E10B3B723045DF1852581B74D,com.openmygame.games.android.wordpizza,45104,1981-01-01 01:01:02,2026-02-15 09:31:04.018274,10000000,2026-02-15T09:58:03.860548,"Word Pizza - Puzzle Games
4.50.11",Malpa Games,15 Jan 2026
01AC7CCF87A450DECFF87209A10E9B2DBC41192550FEC7BD59ED75CA9C146B5D,com.msf.kbank.mobile,248,1981-01-01 01:01:02,2026-02-19 16:54:24.540427,50000000,2026-02-19T16:53:31.477680,"Kotak Bank (Old)
5.7.1",Kotak Mahindra Bank Ltd.,2 Feb 2026
1023CB4EBF96F6630585D565E100D1D4FE0012103CD776515880D084EDAB2CBB,grit.storytel.app,2289111,1981-01-01 01:01:02,2026-01-05 18:04:03.345995,10000000,2026-01-05T18:08:41.072954,"Storytel: Audiobooks &amp; Ebooks
25.52",Storytel Sweden AB,26 Dec 2025
018DD433F7939FFCFF1330B9227EDFA5134036810DF5450C207B0F4E0127DC72,com.doubleugames.DoubleUCasino,1037,1981-01-01 01:01:02,2026-01-26 09:44:56.978445,10000000,2026-01-26T09:46:24.176216,"DoubleU Casino™ - Vegas Slots
8.42.1",DoubleUGames,22 Jan 2026
EAA7DE0E684674005A1B6A7C556DA7D3070F04DB59F4430BCF2E9BE8271BE10C,ridmik.keyboard,276,1981-01-01 01:01:02,2026-02-27 04:46:53.9477,100000000,2026-02-27T04:47:51.539077,"Ridmik Keyboard
17.2.1",Ridmik Labs,24 Feb 2026
90D087790EFA04D9235CC3A5943361AB97F105CF16877BA9A7D41CA1F73A84EA,com.canarabank.mobility,1025,1981-01-01 01:01:02,2026-02-25 04:28:54.329562,50000000,2026-02-25T04:29:22.854385,"Canara ai1- Mobile Banking App
3.6.65",CANARA BANK,15 Feb 2026
6C10D33B2F26F25DD3C26AD8D4528B8C46D5A41472075DAE0D4F17AF1E8B39D3,musicplayer.playmusic.audioplayer,59,1981-01-01 01:01:02,2026-02-10 16:52:55.053169,100000000,2026-02-10T16:53:08.670874,"Music Player, MP3 Player
2.7.1",Hitchhike Tech,12 Jan 2026
03CAEA9CB24856A5112C6A3FB680E181920EAF52F0CEA574725543F30260DB75,com.hidephoto.hidevideo.applock,203,1981-01-01 01:01:02,2026-01-13 08:01:33.760517,50000000,2026-01-13T08:02:25.749191,"App Lock - Applock Fingerprint
2.0.3",Applus Studio,7 Jan 2026
A5685BBDD6081A0C43CCE8F99D274569684F670BE69C23F005405A7EF99F1035,com.hotheadgames.google.free.ks2,1121653344,1981-01-01 01:01:02,2026-02-24 11:11:08.065844,50000000,2026-02-24T11:11:09.171079,"Kill Shot Bravo: 3D Sniper FPS
14.1.2",Supercharge Mobile,19 Feb 2026
971AF5440414F215106D662B1E0332A20F025D73C68A823531CE0E3C0CD973AB,com.gameloft.android.ANMP.GloftDOHM,90527,1981-01-01 01:01:02,2026-02-14 10:17:40.717477,100000000,2026-02-14T10:18:56.271986,"Dragon Mania Legends
9.0.5d",Gameloft SE,9 Feb 2026
0030FE8A3BA8AD78B83E59CD3FB41E64F89FC6A422339FF454227EE88C9F3440,com.bunbunstudio.magicblocktiles,2026010716,1981-01-01 01:01:02,2026-02-09 23:38:47.285271,50000000,2026-02-09T23:39:26.479088,"Piano Music 7: Rush Song Games
3.7.0",Melodya Muses,5 Feb 2026
872C0AC312E637591A9B9023B5EF328B66AB6874950C5CD2A2F24C762DA17043,com.begma.bhoppro,236,1981-01-01 01:01:02,2026-02-20 22:16:56.146431,50000000,2026-02-20T22:28:43.837256,"bhop pro
2.6.3",begma,18 Jan 2026
04D1B5B5865CCF6541D3B1659EF6B4D7C9A8A1F8C822BA86CD927F258E357574,roll.unblock.ball.block.puzzle,162,1981-01-01 01:01:02,2026-02-28 22:32:58.13339,100000000,2026-02-28T22:40:58.186491,"Unblock Ball - Block Puzzle
162.0",AIM TOP GAME TECHNOLOGY LIMITED,27 Feb 2026
04CCAD852AC956680FD7AFF5E295840D70E58001AD1A9D1A8676DF86A6FD9A1F,com.newleaf.app.android.victor,3600,1981-01-01 01:01:02,2026-02-09 19:42:37.76055,100000000,2026-02-09T19:43:26.924435,"ReelShort - Stream Drama &amp; TV
3.6.00",NewLeaf Publishing,5 Feb 2026
13C9CC06433DDE84B52801AF37699F8BB2D6A51AB5C47B7023DE79A14C14F29A,com.aratai.chat,1799,1981-01-01 01:01:02,2026-01-14 02:07:38.016518,10000000,2026-01-14T02:13:07.716601,"Arattai Messenger
1.37.0",Zoho Corporation,9 Jan 2026
21A40FB0F6BE73591D6E4CF351BD0E77C33BDABBDD9EEF8B032C085E5958C765,com.scores365,1458,1981-01-01 01:01:02,2026-02-21 21:38:52.003641,50000000,2026-02-21T07:52:33.060863,"365Scores: Live Scores &amp; News
14.5.8",365Scores LTD,15 Feb 2026
162174EE626DF7184370FE45D1CB1E169B2D77EBD76450EA5E13F7A8065349E2,in.gov.umang.negd.g2c,250,1981-01-01 01:01:02,2026-01-15 14:25:10.545567,100000000,2026-01-15T14:30:03.864509,"UMANG
2.17.0","MeitY, Government Of India",9 Jan 2026
0A902947C6EB2C99C3AFD4746F9476427760D0D6EB3CB2942790EDC4CB834590,com.chillingo.ironforce.android.rowgplay,40100102,1981-01-01 01:01:02,2026-01-31 12:45:51.015207,10000000,2026-01-31T12:45:47.132020,"Iron Force
4.10.1",COOLFISH GAMES,12 Jan 2026
5CD13FA004ABF25E46970D207EE683791E406889F7206066A9B7EF766D3BC981,com.camscanner.documentscanner.pdfscanner.textscanner.photos.scanner,131,1981-01-01 01:01:02,2026-02-17 21:39:55.346594,50000000,2026-02-17T21:43:04.025522,"PDF Scanner App: Document Scan
6.1.23",Tools & Utilities Apps,28 Jan 2026
0D0A7C9005EEEF259AA6E3E03F6763CC7D36AEDA6F2503944C80678CD3DB4095,com.smartwatch.bluetooth.sync.notifications,265,1981-01-01 01:01:02,2026-02-14 15:44:28.921694,10000000,2026-02-14T15:50:29.980536,"Smart Watch app - BT Notifier
265",Tech that app,21 Jan 2026
075825EBFD0AB10EDDC77568E6E89D1E9F0D8F9D04EFADCDFD4929F14E94198E,lifeisbetteron.com,237378623,1981-01-01 01:01:02,2026-02-17 13:07:19.315695,10000000,2026-02-17T13:08:46.820507,"Libon Calls and Recharge
6.55.1",Libon,13 Feb 2026
1496652E484B430428BC6F6A2F6AC4E58E7C234C1243B78C46ED6F40BF01A64E,com.microsoft.office.outlook,42606013,1981-01-01 01:01:02,2026-02-20 02:41:52.657762,1000000000,2026-02-20T03:01:24.377903,"Microsoft Outlook
5.2606.0",Microsoft Corporation,14 Feb 2026
9E20E9BA78DD4174B3D661706043A7CD5AE392223E5EA3A9DF8092EDA81AC524,com.leftover.CoinDozer,29472251,1981-01-01 01:01:02,2026-02-10 01:15:16.413176,100000000,2026-02-10T01:15:18.959535,"Coin Dozer - Carnival Prizes
41.92","Game Circus Studios, LLC",12 Jan 2026
07E21EBC0B3A16CCC3D63363B39B73FC4578E2CDE6876C3D9E47F25D1BDF1A26,com.hyperkani.stuntcarextreme,545,1981-01-01 01:01:02,2026-01-26 09:32:20.024353,50000000,2026-01-26T09:34:15.135397,"Stunt Car Extreme
1.108",Hyperkani,23 Jan 2026
498658A8461EAC576B21E67252E3FADCD7708ED1985EFF90F9225D2E0BF6C29E,com.sinyee.babybus.market,8739912,1981-01-01 01:01:02,2026-02-02 17:01:56.129794,100000000,2026-02-02T17:03:56.400578,"Baby Panda&#39;s Town: My World
8.73.99.12",BabyBus,22 Jan 2026
0C2475D8A0FEB8B9B8C290E7CCE25C1553BB48CCF4F7BBCAC95739BCC15CD5D0,com.takimi.android,571,1981-01-01 01:01:02,2026-02-27 02:24:09.610457,10000000,2026-02-27T02:25:06.865782,"Taimi - LGBTQ+ Dating &amp; Chat
5.1.389",Social Impact Inc.,25 Feb 2026
065FDAE9F587029A3E56B6B1B49C393F2E688E40973B3D927FEADDADAE8F93CB,bwebmedia.strawberryicecreamsandwiches,9008003,1981-01-01 01:01:02,2026-02-27 17:57:29.745826,10000000,2026-02-27T18:00:42.785827,"Strawberry Ice Cream Sandwich
9.8.3",bweb media,9 Feb 2026
2A6A7EB2D43BCCBFD31764DE281FAB9AC567E7CB45D838D3D3FCE0847CC102EE,com.netshort.abroad,217,1981-01-01 01:01:02,2026-03-03 14:30:59.490523,50000000,2026-03-03T15:42:36.072641,"NetShort - Popular Dramas &amp; TV
2.1.4",NETSTORY PTE. LTD.,2 Mar 2026
308FBBC00149957D00364D682778C62B1F67D991BBAD669DD61E4E607863515E,net.mbc.shahid,4440,2026-01-06 11:04:36,2026-01-08 23:41:29.580555,100000000,2026-01-08T23:43:03.780672,"MBC Shahid
7.111.2",MBC Group,6 Jan 2026
D2EC041A7DCBB71169DDEB1DC3B208C496A5632E618499C81712240D77677195,com.dogerescue.drawpuzzle.save,47,1981-01-01 01:01:02,2026-02-01 05:21:29.069455,50000000,2026-02-01T05:21:29.420673,"Doge Rescue: Draw To Save
1.3.3",SuperBazooka Global,8 Jan 2026
8EF1D31B739AC30169D1DF458EB819BFCAD20249BA98C3EEFA4B496124620A49,com.wood.nut.and.bolts.puzzle,127,1981-01-01 01:01:02,2026-01-03 01:23:39.945661,50000000,2026-01-03T01:23:41.639126,"Wood Nuts &amp; Bolts Puzzle
12.7",ABI GAME,27 Dec 2025
614A8B498A557884E5DD8E8511923BECF7131EAF8279568923AE4C85FBEE815B,com.uc.minigame.relax,2000105,1981-01-01 01:01:02,2026-02-04 21:53:36.230066,100000000,2026-02-04T21:53:28.351531,"Mini Games: Brainrot Challenge
1.0.105",Unicorn Studio Official,2 Feb 2026
0C7E4204AC514FD2DC7EC03C95287BC450577D8CE11797DC74CD85BF126B86FC,com.maleo.trucksimulatorid,38,1981-01-01 01:01:02,2026-01-04 21:12:37.219853,10000000,2026-01-04T21:12:12.600120,"Truck Simulator Indonesia
1.1.4",Maleo,21 Dec 2025
00C9EDDCEE7E71C11306693967A6A88B67A3BBF8B34771F34387720C48FD5185,com.oculus.twilight,858856652,1981-01-01 01:01:02,2026-01-12 19:09:51.305603,10000000,2026-01-12T19:13:56.810169,"Meta Horizon
353.1.2.8.348",Meta Platforms Inc,9 Jan 2026
09839BCEDEB20A5855889D730ADE4AEA4D10B2C45F22452EAF24306BD38DCA71,net.wooga.junes_journey_hidden_object_mystery_game,3550410,1981-01-01 01:01:02,2026-02-27 21:05:08.110812,50000000,2026-02-27T21:05:09.680775,"June&#39;s Journey - Hidden Object
3.55.4",Wooga,26 Feb 2026
9449CDEB42BE7CFE22E442F602AACF4621DCF107BFC265FAF5C5EB07A637D841,jp.co.canon.android.printservice.plugin,21310,1981-01-01 01:01:02,2026-02-27 19:44:19.028817,50000000,2026-02-27T19:44:31.691122,"Canon Print Service
2.13.1",Canon Inc.,24 Feb 2026
0E9C50AF4422AB6D9E67898C8ABABDCC6911C77FA50953A7097CDF5F596903D1,com.wix.android,129262,1981-01-01 01:01:02,2026-01-07 02:16:36.025768,10000000,2026-01-07T02:16:40.870375,"Spaces: Follow Businesses
2.114732.0","Wix.com, INC.",4 Jan 2026
1169C9BFAC52A1A9BAFCE7B10CF22D11F8AD8A6D477A26D0C83FF362872C78EF,nu.bi.moya,9918904,1981-01-01 01:01:02,2026-01-12 23:46:04.564026,10000000,2026-01-12T23:54:54.652692,"MoyaApp
8.4.4",Moya App (Pty) Ltd,12 Jan 2026
151D1D38715A754BB54A6768A563E80C9D17DFB8D9F0BBFFF99F093D6BBCD437,com.officedocument.word.docx.document.viewer,308504,1981-01-01 01:01:02,2026-02-16 23:26:42.880706,50000000,2026-02-16T23:40:11.508767,"Word Document: DOCX, PDF, XLSX
308504",iKame Applications - Begamob Global,12 Feb 2026
1A0C4064CFFBFECFA44B9B739321D0B96E21AA04B88E89534CEF13ABC1698EB2,com.blackout.word,2210,1981-01-01 01:01:02,2026-03-04 23:54:19.224771,100000000,2026-03-04T23:48:59.947477,"Word Search Quest: Word Puzzle
2.1.4",Blackout Lab,3 Mar 2026
40F28762E1D1C7910249F5B39DF7804093CB29DCAF75E3F8889B24083CFC9823,com.playrix.township,1034010,1981-01-01 01:01:02,2026-02-20 21:21:54.838918,100000000,2026-02-20T21:21:27.841330,"Township
34.0.1",Playrix,19 Feb 2026
047B2A5796A942B71181F57A69FF0B387B31D615BF4197F31023693FBB5B8EFC,gta.grandtheftauto.five.crime,10119,1981-01-01 01:01:02,2026-02-15 12:03:07.766965,10000000,2026-02-15T12:49:23.597538,"GTI. Criminal Cheats.
1.1.10",Red car Games,30 Jan 2026
31476350D1EDCC7DB1E98C4842BB378AB7BC5C24AD4F41881D32A528908FC5BE,games.vaveda.militaryoverturn,1062,1981-01-01 01:01:02,2026-02-20 00:42:26.175025,100000000,2026-02-20T00:44:47.672058,"Tower War - Tactical Conquest
1.26.4",SayGames Ltd,6 Feb 2026
7F0F3F02D279CF55E4CB57E344E8657195FB8C348D784C065C72943ADF614D78,com.game.space.shooter2,300954,1981-01-01 01:01:02,2026-02-04 23:26:18.23563,100000000,2026-02-04T23:27:58.169737,"Space shooter - Galaxy attack
1.954",1SOFT,3 Feb 2026
240C5C1735378F956E95203D908109EB30C72E32F18683480190914D949D5C7F,com.hihonor.health,171801301,1981-01-01 01:01:02,2026-01-02 23:35:45.535656,100000000,2026-01-02T23:39:54.319638,"HONOR Health
17.18.1.301","Honor Device Co., Ltd.",18 Nov 2025
200F250AC7908B04675DEE6DAD40657B4BE936F3830AEA6CDB0C676D2E2A9D0E,com.whatsapp.w4b,260607204,1981-01-01 01:01:02,2026-02-19 07:02:49.26652,1000000000,2026-02-19T07:03:39.371039,"WhatsApp Business
2.26.6.72",WhatsApp LLC,13 Feb 2026
00B3B5998BDD31A85A43AF0EFECCA44E6D8B85193C02D05CED67E74E811D3836,com.estsoft.alsong,402002005,1981-01-01 01:01:02,2026-03-02 12:18:11.601848,10000000,2026-02-27T14:54:00.347397,"ALSong - Music Player &amp; Lyrics
4.20.2.5",ESTsoft Corp.,25 Feb 2026
10CCEA026299FD3105A6FE03F130D5EE4A214909791657950CD8C6E6005AA1F7,com.vpn.powervpn2,436,1981-01-01 01:01:02,2026-01-07 04:31:59.66319,10000000,2026-01-07T04:30:45.497506,"Power VPN : Fast &amp; Secure VPN
2.4","PowerVPN - Fast, Unlimited & Secure VPN",6 Jan 2026
57BCCEECFD2EF585496FE28E8734E6789A11CB9722CA1B60764FC05EAA877D69,com.cannonshot.game,265,1981-01-01 01:01:02,2026-02-21 22:43:40.940568,50000000,2026-02-21T22:45:37.785390,"Cannon Shot!
1.3.41",SayGames Ltd,28 Jan 2026
57BD58FD12AAE9222236C2491624C8E85AD456F8EA393B4AE2070F1912980B28,com.ea.game.pvz2_row,1038,1981-01-01 01:01:02,2026-02-07 23:31:31.783804,100000000,2026-02-07T23:31:38.332139,"Plants vs Zombies™ 2
12.9.1",ELECTRONIC ARTS,28 Jan 2026
2661D0D1796F99F8DEEA7CC012EAC471222B40D1CEA573C0F2785D3377135E7B,com.dogbytegames.offtheroad,284,1981-01-01 01:01:02,2026-01-02 22:45:47.857815,100000000,2026-01-02T22:47:06.818065,"OTR - Offroad Car Driving Game
1.18.1",DogByte Games,4 Dec 2025
70DB30432D819310C1E05615AE3804F2CEBEBD6C110F22A1D3C6EF2A1F02FA96,com.x3m.tx4,200316,1981-01-01 01:01:02,2026-02-25 15:15:20.875584,50000000,2026-02-25T15:15:23.505115,"Trial Xtreme 4 Bike Racing
3.0.5",Deemedya INC,19 Feb 2026
BFC695882DBBC9AC9151C4E332F157CCC5A3807F15E916B1B7C24E3A5ACC1356,com.outfit7.mytalkingangelafree,202601000,1981-01-01 01:01:02,2026-03-02 13:40:42.832445,1000000000,2026-03-02T13:40:43.306147,"My Talking Angela
26.1.0.8119",Outfit7 Limited,25 Feb 2026
216ABD85100E75CDF6204807754D87BA68226A2B0934EECCBE2502B3BE17FFF0,com.orbitalknight.ridiculousfreekick,1600239002,1981-01-01 01:01:02,2026-01-26 20:27:01.196104,100000000,2026-01-26T20:27:40.140168,"Crazy Kick! Fun Football game
2.39.2",VOODOO,20 Jan 2026
1C64B4B64FF677D52428694D2A0E8088CA47C096F7E60AD61EE81E7A1E87C08A,com.turborocketgames.wildcraft,120664,2026-01-30 20:07:02,2026-02-04 23:20:45.034628,100000000,2026-02-04T23:21:49.646734,"WildCraft: Animal Sim Online
43.5_adreno",Turbo Rocket Games,30 Jan 2026
01B17A8B8D472E143369478CF0041B397288EB0D37D4273800E1367F07EFAABC,com.einnovation.temu,42200,1981-01-01 01:01:02,2026-01-14 11:44:49.4714,500000000,2026-01-13T15:16:14.524922,"Temu: Shop Like a Billionaire
4.22.0",Temu,12 Jan 2026
60DEB7E0119C085492151236D99F4235BAF43FDA05B629B97B8AFD671D9DFDD3,com.indeed.android.jobsearch,96487,1981-01-01 01:01:02,2026-01-26 17:35:48.592379,100000000,2026-01-26T17:35:52.069252,"Indeed Job Search
263.0",Indeed Jobs,14 Jan 2026
09B27A86F8665FB3753B7697510F3D46F80EC9153DD75EA1A55065DF3FE77096,com.transferwise.android,1571,1981-01-01 01:01:02,2026-01-14 08:57:42.141682,10000000,2026-01-14T09:02:03.445627,"Wise - Global Money
9.8.3",Wise Payments Ltd.,13 Jan 2026
383D590034FA651FF912FBDEDC96C07F0C693913D4DD68D46B739C76F141762B,ru.ok.android,26022600,1981-01-01 01:01:02,2026-03-02 10:24:52.70251,100000000,2026-03-02T10:26:30.863088,"OK: Social Network
26.2.26",VKL,26 Feb 2026
331129F20CF25CABA04DF69E063856962B15E0017A219A8EA05156DAE315AF92,com.crowdstar.covetfashion,2026020223,1981-01-01 01:01:02,2026-02-09 21:38:41.750021,50000000,2026-02-09T21:56:22.265980,"Covet Fashion: Dress Up Game
25.02.223",Crowdstar Inc,2 Feb 2026
0FABA6AE958069D299E79A3F1C9B9A3D38678420C5911DAEB064E2950C43FD71,com.linkdesks.iBubble,1183,1981-01-01 01:01:02,2026-02-05 01:14:58.961634,50000000,2026-02-05T01:14:59.374021,"Bubble Shooter Legend
2.111.0",Bubble Joy,3 Feb 2026
1161B8D38C8294F03965B748D3659FA020A23AD70DDDC43A213115771B861013,com.webmoney.my,31203276,1981-01-01 01:01:02,2026-03-03 12:44:17.43714,10000000,2026-03-03T13:06:23.047079,"WebMoney Keeper
5.4.69.R-6515",Digimoney SIA,6 Feb 2026
4E6DBEA04077370B1E48A65EF08FF78E78F141F04C96BC090E4ACB1B197A49D8,com0.Company.ProductName1,571,1981-01-01 01:01:02,2026-02-25 20:01:11.332844,50000000,2026-02-25T20:04:25.889516,"3D Driving Class
35.62",John 3:16,12 Feb 2026
042946ED5F9B3EED6B44A0E45A9621652335D864C36FEBF956F536B1AE9712B3,com.UltimateGames.Fishing,77,1981-01-01 01:01:02,2026-01-02 08:54:43.887862,10000000,2026-01-02T08:55:06.705249,"Ultimate Fishing Simulator
3.71",Ultimate Games S.A.,10 Dec 2025
715953558B56AF5585837D375AE6DA9866E698EC5DA155544B684AD248562AC2,com.microsoft.windowsintune.companyportal,8000675,2026-02-12 20:28:00,2026-02-19 08:04:35.271959,50000000,2026-02-19T08:05:08.946485,"Intune Company Portal
5.0.6886.0",Microsoft Corporation,12 Feb 2026
66FEB5B83D19E971481091E36A8981212508C444FB5B8E83211BDDEDFE00B327,bloodpressure.bloodpressureapp.bloodpressuretracker,89,1981-01-01 01:01:02,2026-02-16 03:22:12.395714,50000000,2026-02-16T04:06:18.182530,"Blood Pressure App
1.9.2",QR Code Scanner.,5 Feb 2026
1EAD705391B11E01E19C2D7AFAC6AA7063467E0DF3DB322312D22F5BBF632D01,com.yogavpn,91064,1981-01-01 01:01:02,2026-02-10 05:19:49.100526,50000000,2026-02-10T05:20:43.647568,"Yoga VPN -Secure Proxy VPN
9.1.064",Sarah Hawken,24 Jan 2026
AB37928BE92DC23730273DC1ECA51351EBD4A74AE5F84509B1FACA3D6D393DCB,com.cocoplay.cakemaker,194,1981-01-01 01:01:02,2026-01-03 01:10:00.211816,50000000,2026-01-03T01:10:55.553047,"Real Cake Maker 3D Bakery
1.9.4",Coco Play By TabTale,26 Dec 2025
67E4A7D7CD0C7AEF41317F15D676DA38D10CAE68EAA312C93319295DAFFB20B0,video.like.lite,42301,1981-01-01 01:01:02,2026-01-26 20:49:07.688418,100000000,2026-01-26T20:49:11.064010,"Saya Lite - Games&amp;Party&amp;Chat
4.23.0",CUBE NETWORKS,22 Jan 2026
0610B1891630BA46BECE8B2CA11A85361BF9B44729476DDE6C18AE06A3BD2D39,ru.mail.cloud,10064375,1981-01-01 01:01:02,2026-01-29 12:06:04.90296,10000000,2026-01-29T12:07:10.845056,"Cloud: Drive photo storage
5.78.0.10064375",VKL,26 Jan 2026
2814A19125DAEBAF1A775538C54982A2D8D6E43356E019D4F463B82A76BC76B3,com.fusee.MergeMaster,3045056,1981-01-01 01:01:02,2026-01-29 22:19:21.229749,100000000,2026-02-04T16:40:21.091754,"Merge Master: Dinosaur Monster
3.45.46",Homa,22 Jan 2026
36DF764417BFE7D00F44D01BA8DE9EC046F8B49BBB3FA29355122C41E0DE62E6,com.yottagames.mafiawar,755,1981-01-01 01:01:02,2026-01-11 03:40:00.316033,100000000,2026-01-11T03:43:26.146432,"Mafia City
1.8.173",Phantix Games,4 Jan 2026
07BF07C11163B8058D83C89DEDB9E59B91623EE3833C87AD63243FC359E1699C,com.xbrowser.play,1012,1981-01-01 01:01:02,2026-01-06 05:01:49.691366,10000000,2026-01-06T05:13:14.146123,"XBrowser - Mini &amp; Super fast
5.5.2",byteman.su,4 Jan 2026
856CBB0F3D9286F3F864AE0C83F5D9C1639A6FF403263BFD6A41C39F458FABC2,com.game.colorroll3d,200299,1981-01-01 01:01:02,2026-02-18 14:45:54.328348,100000000,2026-02-18T14:46:22.722564,"Color Roll 3D
2.6.11",CASUAL AZUR GAMES,30 Jan 2026
09F653DC1DADA140122AB542A7D57ECF0F1E744D0D916786DFB5BD3855EDD4C0,com.google.android.gm,65563368,1981-01-01 01:01:02,2026-02-08 00:21:06.561488,10000000000,2026-02-08T00:21:12.932902,"Gmail
2026.01.26.862970449.Release",Google LLC,2 Feb 2026
42D011F563E756408E276530519F921C5E1B1A48C96461297D794A84935663B2,com.rvappstudios.baby.games.piano.phone.kids,325,1981-01-01 01:01:02,2026-02-04 21:30:06.288798,50000000,2026-02-04T21:30:54.164033,"Baby Games: Piano &amp; Baby Phone
2.0.7",RV AppStudios,3 Feb 2026
2CC040FEE49EF01BA0DD8C3FCBCFEA556B7750019637D1A1C9E98C61480A313E,com.star.union.planetant,1767590598,1981-01-01 01:01:02,2026-01-07 01:55:43.612742,50000000,2026-01-07T01:56:52.148930,"The Ants: Underground Kingdom
3.84.0",StarUnion,4 Jan 2026
038B32D92DC7A55ADDF5186F9DAA1C554405A15360D0DC298B3F7A653B1562F8,my.com.maxis.hotlink.production,542000,1981-01-01 01:01:02,2026-01-15 05:35:49.656328,10000000,2026-01-15T06:15:24.580450,"Hotlink
5.42.0",Maxis Broadband Sdn. Bhd.,12 Jan 2026
01BB9C035E24EB1B1AF950552BF0E5CAF995FB699A7F923B703A76784AA49EC7,org.toshi,298100000,1981-01-01 01:01:02,2026-02-10 16:57:45.588599,10000000,2026-02-10T16:57:22.584311,"Base: Formerly Coinbase Wallet
29.81.0",Coinbase Wallet,6 Feb 2026
75B4E57EE9CF4BC99637443372FC8A351CDD4AAE776EDDDB8A673A09CB4C253E,com.vtool.photovideomaker.slideshow.videoeditor,1384,1981-01-01 01:01:02,2026-01-03 07:06:45.164589,50000000,2026-01-03T07:07:41.695366,"Photo Video Maker With Music
2.5.72",Eco Mobile Editor,25 Dec 2025
150D151A01571E7F71A4A2CD4C81E2846D4BA286F7083ED9C359F057F95CDFCB,com.tutotoons.app.dopplesworld,16000027,1981-01-01 01:01:02,2026-02-21 01:36:02.031441,10000000,2026-02-21T01:40:52.211377,"Dopples World
16.0.27",TutoTOONS,19 Feb 2026
0A1BCA42B775B1079BB3C9450A7FB4859F0FB364A7BC847AA31CED9803D199C0,com.sopt.mafia42.client,88003,1981-01-01 01:01:02,2026-01-11 05:17:12.94978,10000000,2026-01-11T05:18:27.436538,"Mafia42: Mafia Party Game
8.8003-playstore",TEAM42,7 Jan 2026
84D538B376375BA3BD755799E9FD32445C545BDE7335F45EA16852EF4A44A623,com.sygic.aura,261260002,1981-01-01 01:01:02,2026-02-19 07:17:34.693928,50000000,2026-02-16T21:35:24.075801,"Sygic Offline Maps &amp; GPS Navi
26.0.2-105446",Sygic.,13 Feb 2026
0BB2256918993E3F73FB55950F3CBAE59A0243AD8E843283D47E0E0B409222B0,com.rosegal,165,1981-01-01 01:01:02,2026-03-02 02:50:10.518813,10000000,2026-03-02T02:59:03.473817,"ROSEGAL-1/2 vintage+1/2 gothic
7.13.0",rosegal.com,25 Feb 2026
9464B0FE1EEB61FAD38CE6DE7BCB956D43072CA0EB86C128017E21DADD234DDC,com.xvideostudio.videoeditor,1831,1981-01-01 01:01:02,2026-02-07 01:02:48.746831,100000000,2026-02-07T00:47:53.474139,"AI Video Editor - VideoShow AI
11.0.3.1",VIDEOSHOW Video Editor & Maker & AI Chat Generator,3 Feb 2026
3A8DC946557F49B666A90C14293B6826F927EA1CEBD9F3C44A23ABC9968204BD,com.weegoon.thiefpuzzle,175,1981-01-01 01:01:02,2026-03-02 01:53:09.085177,100000000,2026-03-02T01:53:17.092505,"Thief Puzzle: to pass a level
2.3.4",TapNation,18 Feb 2026
B8A7691113CFFFAEC49F317FDF067EAF8F1D91CEC2C35A3EC23D72765BEA232E,com.microblink.photomath,70001014,1981-01-01 01:01:02,2026-02-21 22:11:28.865253,100000000,2026-02-21T22:13:08.478369,"Photomath
8.47.0",Google LLC,19 Feb 2026
0A62EBC09F6751C5EF0A1FF3097360611622C95163D0CA66A3835E866B721F4B,com.hotheadgames.google.free.survivors,211652366,1981-01-01 01:01:02,2026-02-15 09:58:29.938245,10000000,2026-02-15T09:58:58.441755,"Hero Hunters - 3D Shooter wars
10.1",Supercharge Mobile,26 Jan 2026
096589B6DFF6C3B98D1D9C8F286895CFCC73EDBE21C93F7F2B67BA2F2299067E,com.miniclip.puresoldier,500191,1981-01-01 01:01:02,2026-02-23 03:37:53.235457,10000000,2026-02-23T03:34:33.190988,"War Sniper: FPS Shooting Game
500191",Mobile Gaming Studios Ltd.,19 Feb 2026
0C908A5AB22FD789E1940448F690B9A492E5CCD7DE193F357CEB21E71470BA14,com.clusterdev.hindikeyboard,11707,1981-01-01 01:01:02,2026-01-27 02:37:26.514678,10000000,2026-01-27T02:38:34.276901,"Desh Hindi Keyboard
17.0.7",Desh Keyboard,14 Jan 2026
4A4FB2F59DEE9F2E176E55197283B599FC7F2C0A7A8749B09011BF3AB2327209,com.atpc,20251226,1981-01-01 01:01:02,2026-01-03 00:10:41.695126,100000000,2026-01-03T00:10:43.084328,"MP3 Downloader - Music Player
20251226",Super Music Player Downloader,25 Dec 2025
136816F0B003317736AE0ED2AC1F805022249272F6EB78B0E56A7DA5E117F288,com.neulion.smartphone.ufc.android,11168,1981-01-01 01:01:02,2026-03-02 22:45:35.84062,10000000,2026-03-02T22:47:09.351939,"UFC
17.0.0",UFC® - The Ultimate Fighting Championship®,26 Feb 2026
035B74D8B9E2838F2C12B8524E44FDB4161FCACE63902580F9538855B4136FAE,ru.ozon.app.android,2648,1981-01-01 01:01:02,2026-02-01 18:47:37.370046,100000000,2026-02-01T18:47:40.795042,"OZON: товары, одежда, билеты
19.2.1",Internet Solutions LLC,28 Jan 2026
0522444CD23301889E5F863AC6803CC23D50AA7CFA2240539008EBB9118C86B4,com.openmygame.magicwordsearch,2460004,1981-01-01 01:01:02,2026-01-31 16:45:16.476645,10000000,2026-01-31T16:46:47.444197,"Word Spells: Game for Adults
2.46",Malpa Games,26 Jan 2026
B7ECA62215FA97170F0A72B7E553486E0056CFA0BE835DE5B1475E39BD4B8172,com.larus.wolf,11090202,1981-01-01 01:01:02,2026-02-05 16:24:44.53548,100000000,2026-02-05T16:43:24.264635,"Dola: Formerly Cici
11.9.2",SPRING (SG) PTE. LTD.,28 Jan 2026
152245244E3E0A776C0CAA64713E8042ACD0A8937A876119BC016DCF94B17364,com.je.supersus,175060302,1981-01-01 01:01:02,2026-03-07 07:55:08.025557,100000000,2026-03-07T07:56:33.875802,"Super Sus
1.75.6.032",PIProductions,5 Mar 2026
AB15C31632956703B4EC45DDF939D1F27BD0F44AF8B99377BA7578FE0A0B74D8,com.sdpgames.sculptpeople,403224,1981-01-01 01:01:02,2026-03-02 21:38:06.306051,100000000,2026-02-26T09:00:41.381950,"Sculpt People
3.3.3.0",CrazyLabs LTD,30 Jan 2026
0193C5CA0AE728271A83D4945289F77203FAFA6A322464A78F115B1B2EDAA605,co.bitx.android.wallet,1517,1981-01-01 01:01:02,2026-01-26 20:19:57.269022,10000000,2026-01-26T20:20:35.672229,"Luno: Buy Bitcoin &amp; Crypto
8.99.3",Luno Group Holdings Ltd,22 Jan 2026
984AADBB855FD5903FF49B1B4CFF1C50B057C6596F113A62EC210F16917EA4D9,com.moon.craft.buildingcraft,207,1981-01-01 01:01:02,2026-01-26 17:05:41.710885,100000000,2026-01-26T17:05:56.591735,"Town Building Life Simulator
4.1.2",XGame Global,19 Jan 2026
B54A8094C2CF1A8D2F7C652EEC3DD5AE97A60CFDDD007F03B2A16BC2168211D4,com.cooyostudio.marble.blast,377,1981-01-01 01:01:02,2026-01-16 07:08:12.412092,50000000,2026-01-16T07:13:18.798139,"Jungle Marble Blast
3.7.7",coolstudios,15 Jan 2026
020FF991510FE2D2A03DC9CE39DAEF1285740914FC874D1DFE794104C2D0662C,com.tutotoons.app.fluvsies.free,20000006,1981-01-01 01:01:02,2026-02-19 09:44:34.389556,100000000,2026-02-19T09:46:39.017619,"Fluvsies - A Fluff to Luv
20.0.6",TutoTOONS,13 Feb 2026
2DF07B73554DDCC60C6AAAE8F93F0BAD17B6122E254EEF7DCA1EF0F65CA8548A,free.tube.premium.advanced.tuber,50500014,1981-01-01 01:01:02,2026-03-03 05:15:18.788302,100000000,2026-03-03T05:19:28.289079,"Pure Tuber: Video &amp; MP3 Player
5.5.0.014",High5 Animation Company Limited,4 Feb 2026
01D637E565CAF5A8EF0567B1FE1FDBCD81F6B81A3B6F8A33D2B6BBB6D008B02F,com.nt.games.busjam,5590,1981-01-01 01:01:02,2026-02-10 00:32:28.258735,10000000,2026-02-10T00:34:11.126425,"Bus Jam
79.0.1",Rollic Games,28 Jan 2026
D7EA1B11B346B0BDB31206978E09688F72DD7C0C08D061EFDE333913FEC9D8EA,com.color.cars,1904,1981-01-01 01:01:02,2026-02-17 21:50:58.900522,50000000,2026-02-17T21:52:49.310194,"Cars Coloring &amp; Drawing Game
18.11.0",Coloring Games,21 Oct 2025
42D68A7315FC8B60E9F27EF5A22C3A3B5B1712D861EB71D6F3E7D12338709311,com.candyroom.clubcraft,1008015,1981-01-01 01:01:02,2026-03-09 11:58:23.481606,100000000,2026-03-06T04:47:33.293252,"School Party Craft
1.8.15",Candy Room Games & RabbitCo,4 Mar 2026
1E5A0FCA4A34BD3C7085BE652D157B787C35F61489EE9092E5A70FBD68D2925D,com.hkfuliao.chamet,2026011601,1981-01-01 01:01:02,2026-01-26 21:02:19.295095,50000000,2026-01-26T21:02:53.409342,"Chamet - Live Chat &amp; Party
4.3.9",Chamet Team,15 Jan 2026
0F84BC7705A0D2BF6168C210EF877D76A8B504BEFD79EA54F6B015F324C111B6,com.hdvideodownloader.downloaderapp,87,1981-01-01 01:01:02,2026-02-15 17:08:47.913166,50000000,2026-02-15T17:09:56.386948,"Video Downloader HD - Vidow
2.4.2",Vidow™,11 Feb 2026
3DA3382D5CD070047FDBEC3E0881CB6CE06F9D34021DCB46E2A8B53A25D78BA7,com.appadvisory.drawclimber,399,1981-01-01 01:01:02,2026-01-08 07:14:55.51315,100000000,2026-01-08T07:21:49.229102,"Draw Climber
1.23",VOODOO,30 Dec 2025
070750442A3DF76FA31B64D3BE07C0E3A17FF597FF2DC9CAFED6D3D29AE0CD7F,com.breboucas.coreanoparaviajar,290,1981-01-01 01:01:02,2026-01-05 12:24:15.848081,10000000,2026-01-05T13:08:36.381557,"Learn Korean - Beginners
5.9.35",BNR Languages Inc.,19 Dec 2025
7EEAE321EC4F332543A5A9C71EE5567BE93990F1B4C5C1EBEEBCFF5B94C4057D,com.totalbattle,341042379,1981-01-01 01:01:02,2026-02-26 23:30:39.940967,50000000,2026-02-25T05:23:14.438406,"Total Battle: War Strategy
341.4.2379-arm64-v8a",Scorewarrior,20 Feb 2026
89C5EC23FD7520751DE29693C9481ACF10B1819322434E218F594F40469F81FE,free.vpn.unblock.proxy.turbovpn,2026012711,1981-01-01 01:01:02,2026-01-29 12:56:02.408607,100000000,2026-01-29T12:57:11.546826,"Turbo VPN - Secure VPN Proxy
4.2.9.6",Innovative Connecting,27 Jan 2026
771D840502D6D32E3AD497994E833967E397DB4AA1B4A36F69F5CACFD1DB4484,com.emoji.coolkeyboard,478601,1981-01-01 01:01:02,2026-02-15 03:09:37.185347,100000000,2026-02-15T03:09:38.905032,"Emoji keyboard - Theme, Font
3.4.4755",Emoji Keyboard & Sticker Design Team,15 Jan 2026
A6E133394555C1C88107DFD1396142F1A1E460E611E654E7F2C637F2FC7FF8D2,com.outfit7.mytalkinghank,202601000,1981-01-01 01:01:02,2026-03-07 01:34:30.735487,100000000,2026-02-27T12:15:03.430086,"My Talking Hank: Islands
26.1.0.47958",Outfit7 Limited,26 Feb 2026
40C7ECFAB08715B9D901C5A0BD8C53B6357D2740DB7D6B45669D9C63F84ACEDB,com.revolut.revolut,1011509246,1981-01-01 01:01:02,2026-02-02 17:32:01.48758,50000000,2026-02-02T17:32:05.130331,"Revolut
10.115.2",Revolut Ltd,31 Jan 2026
0F218826AB6073ECB8425629D655C3E300786A7F9D0670BA904127A00A0EE16A,com.spilgames.UphillRush,4015460,1981-01-01 01:01:02,2026-01-10 02:43:05.126306,100000000,2026-01-10T02:43:20.920026,"Uphill Rush Water Park Racing
4.3.1040",Azerion Casual,23 Oct 2025
08525568C57E246C0AB31EDA233A21692DCB134F4B9E83E453DE57E25A8F9EF4,com.intellihealth.truemeds,890,1981-01-01 01:01:02,2026-02-16 10:55:25.233453,10000000,2026-02-16T11:15:48.759514,"Truemeds - Online Pharmacy App
8.9.1",Truemeds - Healthcare & Medicine Delivery App,4 Feb 2026
04DB706A88BC36BAC721F2B77EB833C4ABFE2B79D04E6F78E975FA4832B0F161,com.sega.sprint,1126061670,1981-01-01 01:01:02,2026-01-27 18:15:34.775309,100000000,2026-01-27T18:16:30.441400,"Sonic Forces: PvP Battle Race
6.3.1",SEGA,23 Jan 2026
3D65D7F04146152DFE2BCB1F310D74C1CCC6621E8121E5EBF0F68DF570FB6611,kr.co.emart.emartmall,42006,1981-01-01 01:01:02,2026-02-01 01:45:17.688262,10000000,2026-02-01T01:45:49.000328,"이마트몰 – emart mall
4.2.0",SSG.COM,24 Jan 2026
4DC8872A341D2D9DC96C8DA0EDAFD395DC519C9B2E762E5EB15B8CEED81E84D8,com.keplerians.icescream,3612,1981-01-01 01:01:02,2026-02-22 11:00:51.052475,50000000,2026-02-26T09:00:41.964656,"Ice Scream 1: Scary Horror
1.3.3612",Keplerians Horror Games,20 Feb 2026
09FEEB2F5F4725699CDFD6F1A267CBB5E9B56DC91B89582609F44B0EAB80F93C,com.gamexglobal.ultimate.car.parking,140,1981-01-01 01:01:02,2026-01-08 17:06:30.177171,10000000,2026-01-08T17:29:01.004669,"Advance School Car Parking 3D
1.4.0",Gamex Global,6 Aug 2025
0AAEF8084C5D27CC6679211554418B48D95AC647F929385D4EF4305E09B60491,com.etoro.openbook,6629201,1981-01-01 01:01:02,2026-02-27 15:35:07.702053,10000000,2026-02-27T15:36:32.671804,"eToro: Trade. Invest. Connect.
651.1192.1",eToro,20 Feb 2026
07776BACCCD07BD3C3C15730CD7FB1EB93E5F06719048C3A3D7646565A3D2447,com.anuntis.fotocasa,731501,1981-01-01 01:01:02,2026-02-12 14:47:33.132547,10000000,2026-02-12T14:48:30.867685,"Fotocasa: Houses &amp; Flats
7.315.1",Adevinta Real Estate,9 Feb 2026
7027AAB6628ED70BDAD05BABD9A6E1DE36FAA4BF99BBE314DB664840055C845D,com.criticalforceentertainment.criticalops,3062,1981-01-01 01:01:02,2026-01-08 20:37:00.122287,100000000,2026-01-08T20:37:50.338949,"Critical Ops: Multiplayer FPS
1.52.0.f3088",Critical Force Ltd.,18 Dec 2025
31F590AF313971D57DDFE29CF22FAD58C56B7430EAC78CC7CC3013A8397A45F3,com.androvid,7103,1981-01-01 01:01:02,2026-02-01 03:39:22.563032,50000000,2026-02-01T03:39:26.845213,"Video Editor &amp; Maker AndroVid
7.1.0.3",Fogosoft Ltd,17 Jan 2026
1E4C47059271C0DC63F1C2122CD88DE6936558909730109C323B0A172C2A7B91,com.musixmatch.android.lyrify,2025122902,1981-01-01 01:01:02,2026-02-06 00:18:29.363075,50000000,2026-02-06T00:19:58.664525,"Musixmatch Lyrics
8.2.1",Musixmatch,30 Dec 2025
081AB3A1F4129691734B245599F9C3F9F5C7588FA33B3936E6669D914C7E1B77,com.iconchanger.widget.theme.shortcut,3698,1981-01-01 01:01:02,2026-01-09 04:40:23.003482,50000000,2026-01-09T04:40:46.346233,"Themepack - App Icons, Widgets
1.0.0.3698",YoloTech,26 Dec 2025
34E062D70C44CAB7C6EB3F121D93EEF1CDD10EF064632FB2A3F7C52E9D4C7FA6,com.tap4fun.ape.gplay,47590,1981-01-01 01:01:02,2026-02-01 01:41:29.196153,50000000,2026-02-04T16:40:31.113070,"Age of Apes
0.84.0",Tap4fun (Hong Kong) Limited,14 Jan 2026
6FAEA888B5BCB29167BF7C88202302D8CF82A61C8B6001C5B49C98FF4E77FE69,com.Game.SpongeArt,200116,1981-01-01 01:01:02,2026-01-05 06:19:13.104771,50000000,2026-01-05T06:19:14.376119,"Sponge Art
2.17.3",CASUAL AZUR GAMES,15 Dec 2025
04653D283A2C5D0F9B4E3826D4F132FF0B3F310B583A741B8D314139ED480D16,com.bitkeep.wallet,1320,1981-01-01 01:01:02,2026-01-10 11:26:17.8079,10000000,2026-01-10T11:27:00.828453,"Bitget Wallet: Crypto, Bitcoin
9.31.0",Bitget Wallet,7 Jan 2026
B1B05A0699E329F31FB7B8025FD51D9A079EF33CBAD570F06E9E6D9D133103D5,com.popreach.dumbways,916,1981-01-01 01:01:02,2026-02-22 00:26:33.519598,50000000,2026-02-22T00:27:37.665102,"Dumb Ways to Die
36.3.916",PlaySide Studios Ltd,10 Feb 2026
21B9BD895377026507F302635EF31428B309B105E7D9BA0ED5B014F322CF7487,com.google.android.apps.searchlite,1171959,1981-01-01 01:01:02,2026-01-26 15:03:13.756945,1000000000,2026-01-26T15:03:50.608209,"Google Go
3.135.858568802.release",Google LLC,20 Jan 2026
5E8BE2775B7F978E841433A35AD0A31E606BE9B4F6D19835A8D41FB4BBD2B71E,com.transsion.magazineservice,1513004,1981-01-01 01:01:02,2026-02-15 22:30:33.778532,50000000,2026-02-15T23:11:54.037611,"Magazine Lockscreen
15.1.2.25102",Transsion Holdings,16 Jan 2026
09FA3674690278E3B34FDB12003BD99935DE5A91C4201D71068EAD11139FB758,com.security.xvpn.z35kb,5339,1981-01-01 01:01:02,2026-01-14 21:50:54.602209,50000000,2026-01-14T21:52:13.473748,"X-VPN - Private Browser VPN
206.1.0",LIGHTNINGLINK NETWORKS PTE. LTD.,8 Jan 2026
2D197E35A4FF6D04BCAD8591D809BE6B3D964FD2A9C2CE7DDF9A9E169B7C9406,com.frontrow.vlog,6531,1981-01-01 01:01:02,2026-01-26 14:46:13.495577,100000000,2026-01-26T14:46:18.191490,"VN - AI Video Editor
2.9.10","Ubiquiti Labs, LLC",19 Jan 2026
A71D6DFA833E1DFB311721FA59C115F7312EE51D5861439562626D36CAD669DE,com.jura.coloring.page,118,1981-01-01 01:01:02,2026-01-09 08:49:39.713813,50000000,2026-01-09T08:53:37.866338,"Color ASMR: Drawing &amp; Painting
1.118",iKame Games - Zego Studio,12 Nov 2025
0A641413BFC3DB031D64C36E3B0C33B76288327D53E39CCFE3F6055CA18CE8E9,com.grabtaxi.driver2,54200000,1981-01-01 01:01:02,2026-01-26 12:16:26.53075,50000000,2026-01-26T12:18:03.970818,"Grab Driver: App for Partners
5.420.0",Grab Holdings,12 Jan 2026
6DD44D2A9687947DB459211529A984A6985A0F6665085188847035FB229D7F70,com.no1ornothing.color.water.sort.woody.puzzle,2010102,1981-01-01 01:01:02,2026-01-07 05:19:09.8623,50000000,2026-01-07T05:19:12.222194,"Color Water Sort Wooden Puzzle
2.1.1",FALCON GAMES,15 Oct 2025
A5D57A60FB60714C7C357E2F052AB22E45E38061B30D1924627CBB56002A864B,com.stickman.warriors.stickwarriors.dragon.shadow.fight,211,1981-01-01 01:01:02,2026-02-15 18:27:23.534778,100000000,2026-02-15T18:27:37.670788,"Stickman Warriors
2.1.1",SkySoft Studio,12 Feb 2026
0B4E42900CC0D1FC7FE6D246D03ED944F4F3FA02854DBDD6E3B46C20BAB40FAE,com.gstarmc.android,284,1981-01-01 01:01:02,2026-01-26 15:25:13.592708,10000000,2026-01-26T15:25:21.327047,"DWG FastView-CAD Viewer&amp;Editor
5.16.11","Gstarsoft Co., Ltd.",26 Jan 2026
0F8278BB435638345DACEA931B58D7B52197E30BFB9142CDBB54B1FD7F684BDE,com.clean.road,343,1981-01-01 01:01:02,2026-02-21 18:35:05.893259,50000000,2026-02-21T18:35:38.053502,"Clean Road
1.6.63",SayGames Ltd,26 Jan 2026
7100C1513EF130576FB492C05A2E4A9471BDF69204F587EAC045AAEB3A88D7B3,com.h8games.helixjump,52100080,1981-01-01 01:01:02,2026-01-10 03:27:09.316296,100000000,2026-01-10T03:27:10.207069,"Helix Jump
5.21.8",VOODOO,6 Jan 2026
055AA355A622B127DA31E0A562B13E629A202437A9C2A7A108F3ED4DDE7DE676,com.kayac.eatingsimulator,30500,1981-01-01 01:01:02,2026-01-12 17:04:53.531889,10000000,2026-01-12T17:06:33.662981,"Eating Simulator: Physics Food
0.3.5",KAYAC Inc.,10 Dec 2025
27ED4E8AEAA1A5625FC6A8D899FA080DB6A6E7D1196457C84E6143BC144D35F8,com.coinbase.android,140300370,1981-01-01 01:01:02,2026-02-01 04:15:42.087474,50000000,2026-02-01T04:15:51.932745,"Coinbase: Buy Bitcoin &amp; Ether
14.3.37",Coinbase Inc,22 Jan 2026
00D3E354550305638AEB0BE0E5ADEC79E050D733595018D9404B4444C18643D7,com.ea.BejeweledBlitz_row,1050,1981-01-01 01:01:02,2026-02-05 23:29:45.012994,10000000,2026-02-05T23:29:27.544602,"Bejeweled Blitz
2.33.1.6",ELECTRONIC ARTS,8 Oct 2025
045E432FEF888570D29B64EC3DA574EA68892D4F88E21C648C92FF3D6E20865B,games.noho.gungang,319,1981-01-01 01:01:02,2026-01-03 05:13:13.115767,10000000,2026-01-03T05:13:24.146633,"Gun Gang
4.4.6",Rollic Games,30 Dec 2025
0104A5081DB124F559BCA995BB12026A3E006F0F9EE984B20AC13C2A9D13ECD5,im.thebot.messenger,6613,1981-01-01 01:01:02,2026-01-26 21:09:38.49378,100000000,2026-01-26T21:09:39.961725,"Botim - Video and Voice Call
4.4.1",Algento Cloud Computing Limited,19 Jan 2026
667915EB24D8AD6548EA958A572332B7A6A1EF3BC5D011FD4751B7C6A36BE8C9,com.sh.fidget.toys.mini.relaxing.antistress.games,86,1981-01-01 01:01:02,2026-02-01 16:04:35.933537,50000000,2026-02-01T16:06:44.857244,"Mini Relaxing Game- pop it
9.5",stick hunter,9 Jan 2026
0E374BFB24CE294CE01700731589C9C220BE5F2872E246816E9F94086DEE37F3,com.foxnextgames.m3,1626352,1981-01-01 01:01:02,2026-02-19 13:58:11.270421,50000000,2026-02-19T14:07:34.316983,"MARVEL Strike Force: Squad RPG
9.6.4",Scopely,17 Feb 2026
0372593D2C744501EEAE1DAAF417D6856F347AFE841625F69B0DE0839AFE9DCD,com.Dominos,322,1981-01-01 01:01:02,2026-02-16 09:56:48.130258,100000000,2026-02-16T09:54:18.657457,"Domino&#39;s Pizza - Food Delivery
12.1.44",Jubilant Foodworks,11 Feb 2026
BC40ACC9594E55D2E6E4EB434D3D3841B3BE0FDAECC8D805E0ED835A559F2D55,com.joinblob.clash,121,1981-01-01 01:01:02,2026-01-13 00:42:56.568718,50000000,2026-01-13T00:43:00.904396,"Join Blob Clash 3D: Mob Runner
0.3.71",CASUAL AZUR GAMES,29 Dec 2025
06EB20783774A01BC327C1ACC6670E3E96F179004732A73CF7C16C9E56CC43CE,com.northcube.sleepcycle,9523,1981-01-01 01:01:02,2026-02-18 19:16:14.535086,10000000,2026-02-18T19:18:03.163548,"Sleep Cycle: Sleep Tracker
4.26.06-production",Sleep Cycle AB,4 Feb 2026
108B05826F6E8736144398235C97EF46666460303E7967BE95EFBBBE139BB22C,com.maxgames.stickwarlegacy,2026001483,1981-01-01 01:01:02,2026-03-07 03:51:55.33152,100000000,2026-03-06T07:26:39.063831,"Stick War: Legacy
2026.1.483",Max Games Studios,4 Mar 2026
7CE377994C4AB786F657A5BF7279317C4AA38E125CD74AD7137FE9CA3D846864,com.block.game.jigsaw.puzzles,5191,1981-01-01 01:01:02,2026-01-26 15:42:53.688782,50000000,2026-01-26T15:43:39.749782,"BlockPuz: Block Puzzle Games
5.191",HDuo Fun Games,7 Jan 2026
00E4EF3B4BF31DA4E296A2F113413749BF2BC7A77B74AD784B61371E65263E69,net.infojobs.mobile.android,1604043001,1981-01-01 01:01:02,2026-02-12 12:51:20.790669,10000000,2026-02-12T12:51:55.101369,"InfoJobs - Job Search
4.43.1",Adevinta Jobs S.L.U.,11 Feb 2026
51ED5D82A84557E5B0BB9E1D6F5EBEF589953A572CF5ACBC39096FCA793AAA8B,com.weloadin.dessertdiy,3500,1981-01-01 01:01:02,2026-03-05 10:48:24.206494,100000000,2026-03-05T11:10:18.573797,"Dessert DIY
3.5.0.0",CrazyLabs LTD,3 Mar 2026
EFD737DE3660D71C16D5DE94A6C99C8F6DC2FBAE80BC3028C37DAB5B29EDB289,com.bandainamcogames.dbzdokkanww,323,1981-01-01 01:01:02,2026-01-27 00:00:03.847961,50000000,2026-01-27T00:00:06.283844,"DRAGON BALL Z DOKKAN BATTLE
5.33.5",Bandai Namco Entertainment Inc.,20 Jan 2026
D06332C79673497835E058AC0AE96272A948ACBC33E526A1559197AD639E1F63,com.rsupport.rs.activity.rsupport.aas2,425,1980-01-01 00:00:00,2026-01-13 07:10:49.06306,100000000,2026-01-13T07:44:39.712469,"Smart Tutor for SAMSUNG Mobile
1.5 (build 425)","Samsung Electronics Co.,  Ltd.",7 Jan 2026
09FD96E109D72D3A061CA468FFD18614F932871F55B2781468F3D59C1450D1EC,com.grppl.android.shell.halifax,17905,1981-01-01 01:01:02,2026-02-07 20:48:05.84667,10000000,2026-02-07T20:47:53.624555,"Halifax Mobile Banking
179.05",Lloyds Banking Group PLC,23 Jan 2026
3872A3D7C76852957B2F37717EE37140BE01B7258E67AC49CEE999B7E4AAD86F,com.rollic.tanglemaster3D,429,1981-01-01 01:01:02,2026-01-09 17:41:51.658612,100000000,2026-01-09T17:31:41.623245,"Tangle Master 3D
47.0.3",Rollic Games,6 Jan 2026
05DD255DCD6DB788B1B8516D5FD874F2B251FDA32B109F1023F5CAEE16419456,com.KrakerStudio.IHeelGood,153,1981-01-01 01:01:02,2026-01-10 22:41:18.910619,10000000,2026-01-10T22:42:05.791782,"ASMR Tippy Toe - ASMR Games
1.4.5",TapNation,6 Jan 2026
01F479F0DD42C8162A93A952B4AC3F3B1C75E97C15AA85005EBAB7F868CB3DA4,com.whitedot.fg2,23203,1981-01-01 01:01:02,2026-01-10 19:01:46.080061,10000000,2026-01-10T19:14:32.167814,"Fish Go.io 2
2.32.3",Whitedot,23 Dec 2025
0D8CC914A17251149EB6D1C9C020ABB32A5A3BBC80558D3F924A9C09C0BA9462,com.facebook.stella,464002170,1981-01-01 01:01:02,2026-02-19 07:52:35.884589,10000000,2026-02-19T08:20:47.547979,"Meta AI - Vibes &amp; AI Glasses
260.0.0.30.167","Meta Platforms, Inc.",12 Feb 2026
4C66541AC2680835EDA7B08B781DA3DB55A9B22565B43CB3492336F0707A8D01,com.higgs.cubemaster3d,26020521,1981-01-01 01:01:02,2026-02-19 09:07:38.059057,50000000,2026-02-19T09:08:17.416925,"Cube Master 3D®:Matching Games
1.12.9",Higgs Studio,5 Feb 2026
09F4FF9FD534E0E60EA1E64C723ADED6C02B36265655E4CA4027C2B6CE228CED,cricketgames.hitwicket.strategy,205869,1981-01-01 01:01:02,2026-01-26 16:58:50.274959,10000000,2026-01-26T16:58:52.907759,"Hitwicket Cricket Game 2025
12.1.0",Hitwicket Cricket Games,23 Jan 2026
1A0FFD0990C6DA329A1FF4D4D9BF8CE9728F3A8E4305F2E3CE05136C36897601,com.ig.spider.fighting,192,1981-01-01 01:01:02,2026-02-15 03:05:36.965496,50000000,2026-02-15T03:09:38.688209,"Spider Fighting: Hero Game
3.9.2",Zego Studio,9 Jan 2026
0BF18B024937E26771C5745FEDE5BDED294E030ABCDF6ECCB9C2396A68F33A9B,com.Eliten.Turning,340,1981-01-01 01:01:02,2026-02-27 20:45:35.227469,10000000,2026-02-27T20:45:37.596413,"Wood Turning 3D - Carving Game
3.36.3",Eliten,24 Feb 2026
0A5F7A619C925DC12E44B0ADACE153DFF8E86D48ABF698FE8D4F9A9052982231,easy.sudoku.puzzle.solver.free,433,1981-01-01 01:01:02,2026-01-03 14:35:22.816655,100000000,2026-01-03T14:55:09.400580,"Sudoku - Classic Sudoku Puzzle
5.41.1",Oakever Games,30 Dec 2025
87F8DA8BBD7BF7EACDB4DF8C25549C210B5F2CE1C343AC6C136E204F15C66ED3,com.impp.city.traindriver.simulator,116,1981-01-01 01:01:02,2026-02-10 07:42:43.095252,100000000,2026-02-10T07:42:29.470159,"City Train driver: Train Games
5.1.28",Imperial Arts Pty Ltd,20 Jan 2026
047279B0DA7DBBCD30257080680AE1B35B7808E36EFDAFFCB98770ECD45CB5ED,com.bgg.jump,1331,1981-01-01 01:01:02,2026-02-25 16:15:37.960969,100000000,2026-02-26T09:00:52.009786,"Project Makeover
2.133.1","Magic Tavern, Inc.",11 Feb 2026
010E272306783216CEF83541FD717A9C035D24D0AF83599A9D31821FD3857BF0,com.instabridge.android,101778,1981-01-01 01:01:02,2026-03-07 05:50:10.908581,100000000,2026-03-07T05:50:55.478268,"Instabridge: Wifi Map
22.2026.03.04.1440",Instabridge Sweden AB,4 Mar 2026
0F05D9C03AB2FC448579D415C9BFEC9FBBBCBD8D99B2AC904C0AE49CD24B4A38,com.download.funny.online,435,1981-01-01 01:01:02,2026-01-30 22:34:00.150529,10000000,2026-02-04T16:40:26.338178,"Live Chat Video Call-Whatslive
2.4.35",Live Chat.Video Chat,8 Jan 2026
093A23CD63031AE14F28208910C36CCE7434DD587552A1F38B6A3338A21D52DA,com.gsn.android.tripeaks,201883,1981-01-01 01:01:02,2026-01-07 04:02:27.31615,10000000,2026-01-07T04:03:14.134546,"Tiki Solitaire TriPeaks
15.7.1.201883",Scopely,11 Dec 2025
68E24698083C6D60280F6D04108C7409E2197635098A3686359020923E0AC420,com.vkontakte.android,48210,1981-01-01 01:01:02,2026-02-10 19:20:15.430432,100000000,2026-02-10T19:20:04.087718,"VK: music, video, messenger
8.164.1",VKL,9 Feb 2026
33F5AC4FEA684879651026DBB58A711921E53A8E917E8A02D55D50E5679365BE,com.gamma.scan,221,1981-01-01 01:01:02,2026-02-15 08:36:41.241723,500000000,2026-02-15T03:33:40.000200,"QR Code Scanner
2.2.221",Gamma Play,2 Feb 2026
9DCA2DEBF92F900C2A6712AF81A6329ADA70571AABA03114DB59684B1EC42E52,com.madfingergames.deadtrigger2,2100000034,1981-01-01 01:01:02,2026-03-04 02:46:35.369703,100000000,2026-03-04T02:47:19.482641,"DEAD TRIGGER 2: Zombie Games
3.0.0",Deca_Games,23 Feb 2026
03A1BA79AEABC0E4D7DD7199C943DEFE31902605D400AFE0396041191FBBBCDA,com.bitmango.go.bubblepop,512,1981-01-01 01:01:02,2026-02-12 15:52:21.556475,10000000,2026-02-12T15:56:02.264202,"Bubble Pop! Puzzle Game Legend
26.0210.00",BitMango,8 Feb 2026
11AA1951F3E7B637F2EDF445F30C17444743951768C741EEA7C567DBCCA21FA9,com.thetransitapp.droid,5124460,1981-01-01 01:01:02,2026-02-10 03:15:40.86433,10000000,2026-02-10T03:16:17.847802,"Transit: Live Bus &amp; Tube Times
6.1.0","Transit, Inc.",24 Jan 2026
F1AC1E7BCA436309E97DD36A48369602CE8FDA80DD611BD498B62E0B72FC2D1F,com.mobile.legends,211811491,1981-01-01 01:01:02,2026-02-01 07:18:40.227816,500000000,2026-02-01T07:19:42.104872,"Mobile Legends: Bang Bang
2.1.47.11491",MOONTON,23 Jan 2026
20BD0E85A0BE17BC633F160EB688EE475132E1B06659F720F0A91FEA372D1CA3,com.aldagames.zombieshooter,206,1981-01-01 01:01:02,2026-02-15 07:27:26.816529,50000000,2026-02-15T07:28:42.557218,"The Walking Zombie 2: Shooter
3.50.0",Alda Games,6 Feb 2026
175C8B3006AE59910CC428123ED4EAB1E552687CD55A8140A44F2CE16FC6802A,com.craftsman.go,166,1981-01-01 01:01:02,2026-01-08 18:46:10.210079,100000000,2026-01-08T16:20:14.436968,"Craftsman: Building Craft
1.66",StarGame12,5 Jan 2026
149DBF3C4A09537BCBD4F3359E3C56147C8B795E13A56837C03ACB1C98789C3E,ru.aviasales,69700137,1981-01-01 01:01:02,2026-01-02 09:27:24.014848,10000000,2026-01-02T09:28:34.471706,"Aviasales — Сheap flights
6.97.0",Go Travel Un Limited,24 Dec 2025
FEA9C1843B2669D4D381FEE5159EE252D52FE3D8B35BC40098E98D9BF324BFC5,com.train.taxi,539,1981-01-01 01:01:02,2026-02-26 16:48:59.434281,50000000,2026-02-26T16:49:43.263371,"Train Taxi
1.4.45",SayGames Ltd,27 Jan 2026
0204C15C7A90FA6A6B92D57E439C2158C3889571DD3F6DB9C7BAE4768D488448,com.avirise.praytimes.azanreminder,879,1981-01-01 01:01:02,2026-02-15 07:18:12.553211,10000000,2026-02-15T07:18:15.819761,"Prayer Times - Azan Pro Muslim
8.7.9",AVIRISE LIMITED HK,13 Feb 2026
A999231C88D7B64F7F6D453EE299238741B2F00FCFFF9D74BD188F618E3C394A,com.outfit7.talkingtom2free,200601050,1981-01-01 01:01:02,2026-01-27 07:01:32.096285,100000000,2026-01-27T07:02:17.526944,"Talking Tom Cat 2
6.1.5.416",Outfit7 Limited,21 Jan 2026
9B1FAC5C663DE8DC18BCAEBCFD1304DFCBC7A99C5F7D32E53E868AAA7DD6F9EC,com.byril.seabattle2,298,1981-01-01 01:01:02,2026-01-27 03:16:35.625776,50000000,2026-01-27T03:17:19.504158,"Sea battle 2: Warship Online
3.14.2",Byril,26 Jan 2026
306E86B853374DC7FE12FAD463658DAC0ED3E729E5F6DF6EA8B67831F106AE17,com.pixelbox.roofrails,122,1981-01-01 01:01:02,2026-02-10 07:44:02.353358,50000000,2026-02-10T07:44:29.027614,"Roof Rails
3.1.5",VOODOO,5 Feb 2026
55FB79673E64764CF34AFED5F2995A3B9A92E6228A194FDE33ED5224FA1ED4C6,com.azarlive.android,2122,1981-01-01 01:01:02,2026-01-26 19:51:22.410464,100000000,2026-01-26T19:51:27.042058,"Azar: Video Chat, Meet Friends
6.21.0",Hyperconnect LLC,16 Jan 2026
12D44CA193A2894DD17A53216CD29BBF2B12CD8607ADACBC22A5D10D817A27B7,com.nekki.shadowfight3,19188,1981-01-01 01:01:02,2026-02-26 08:59:33.050258,100000000,2026-02-26T09:04:58.291629,"Shadow Fight 3 - RPG fighting
1.44.3",NEKKI,20 Feb 2026
79606548EF61AF40F7E6AA4A5686B1C1AA01420A9EED72BFBFA25D94405A70A9,com.ziipin.softkeyboard.saudi,568,1981-01-01 01:01:02,2026-02-15 08:31:37.396399,50000000,2026-02-15T08:31:30.694236,"تمام لوحة المفاتيح العربية
3.24.248",Alef Network,9 Feb 2026
4D9CAB2960D68F58FAF42A7ED9FFB7AD3C97B7064A9A975BB0173B63EB5F4C40,com.smule.singandroid,12810,1981-01-01 01:01:02,2026-02-25 16:31:03.654052,100000000,2026-02-25T16:42:46.961085,"Smule: Sing Karaoke &amp; Music
12.8.1",Smule,23 Feb 2026
00DBE9B10A22F7C422C3F9F328917419AA1D069A43E3C789854DA0DA1E6D2C99,br.com.marisa.android,845,1981-01-01 01:01:02,2026-01-07 05:47:46.213608,10000000,2026-01-07T05:48:39.793294,"Marisa: Roupas, Calçados, Moda
6.37.18",Lojas Marisa,29 Dec 2025
14AEFBB0939361C23FC47900AD02EAEF9E063DE3225B77EC0CC5B4A74AE95C37,com.enhancer.photoeditor.aiart.remover.sharpenimage,66,1981-01-01 01:01:02,2026-01-03 07:42:40.120373,10000000,2026-01-03T07:50:07.261595,"AI Photo Enhancer and Remover
2.6.2",Prop studio,9 Dec 2025
558436ED35B7B67BA3AE533E1530FB2210090FC59B51587120116F36535CED18,com.goibibo,2144,1981-01-01 01:01:02,2026-02-04 04:42:36.454052,50000000,2026-02-04T16:40:46.791959,"Goibibo: Hotel, Flight &amp; Train
19.9.0","Goibibo — Hotel, Flight, IRCTC Authorised Partner",15 Jan 2026
224100190B47D50D48B918A11A186C6BAA78FC00CEBCB4BE9C328B8BDD5E0DE3,com.miui.videoplayer,2026012160,1981-01-01 01:01:02,2026-01-31 23:53:32.63638,1000000000,2026-01-31T23:54:29.013536,"Mi Video-Short Video Download
2026012100(MiVideo-GP)",Mi Video,21 Jan 2026
2C1F92644A51BC16764C2CC0548DC0DC454C58BBE393C69C3D7597073EC83F5E,com.maroieqrwlk.unpin,2380304,1981-01-01 01:01:02,2026-02-03 22:13:46.925916,100000000,2026-02-03T22:14:07.613195,"Pull the Pin
238.3.3",Popcore Games,27 Jan 2026
09AD135664063AF80701558B0111FA0F48634AAE673CAC2FCC461E5E4D38E204,com.mergegame.merge,82715,1981-01-01 01:01:02,2026-02-15 06:31:53.914876,10000000,2026-02-15T06:42:42.205112,"Merge Inn
7.15",Original Games Pte. Ltd.,30 Jan 2026
07E55A766DA85119245487540C12EEA6291EFFD178BDFD26D1485C2185960A9C,com.werewolfapps.online,4194893,1981-01-01 01:01:02,2026-02-04 23:15:51.725456,10000000,2026-02-04T23:15:56.393801,"Wolvesville - Werewolf Online
2.7.135",Wolvesville GmbH & Co. KG,23 Jan 2026
F4D5200E5E825562D6EA882D190BF8120FBC6C6549FCA21E42A9427194134479,com.ezt.pdfreader.pdfviewer,139,1981-01-01 01:01:02,2026-02-17 06:30:20.745269,100000000,2026-02-17T06:44:55.491372,"PDF Reader – PDF Viewer
3.2.3",EZTech Apps,23 Jan 2026
2161CB95DCC34CFE7084395493EB07D2668FC26EED2120451E2C0AD2B5386999,com.google.android.apps.youtube.music,90952240,1981-01-01 01:01:02,2026-03-05 13:05:00.37156,5000000000,2026-03-04T03:08:48.105437,"YouTube Music
9.09.52",Google LLC,26 Feb 2026
143E28EBD02BCB495B0DEE109D824342104BE5C7DCBEA83633A75607A94BDB59,mobi.charmer.mymovie,552,1981-01-01 01:01:02,2026-01-02 13:17:20.361937,10000000,2026-01-02T13:46:09.055402,"Video Editor &amp; Maker :My Movie
14.16.0",MyMovie Inc.,31 Dec 2025
15988311586D72354760BA2D69FB80266FDE20D506F3BC48FC2A09A246AD243E,com.gtsy.annoying.punch.game,46,1981-01-01 01:01:02,2026-02-14 10:47:12.508973,50000000,2026-02-14T10:48:57.965420,"Annoying Uncle Punch Game
0.4.6",Game District LLC,23 Jan 2026
52AB384C762DC3F672812671DDC6159F92C1EE1A5B5D35626B6C5F9582F8428A,th.co.truemoney.wallet,1278,1981-01-01 01:01:02,2026-02-07 19:53:07.566301,50000000,2026-02-07T19:53:28.697234,"TrueMoney - Pay &amp; Earn Coins
5.74.1",True Money Co. Ltd.,3 Feb 2026
1000BE5C4FE87C6415C38D28F88C8B43A1C311EC4EFF789D4F5991524817CDB9,com.kayak.android,10715,1981-01-01 01:01:02,2026-01-26 14:21:08.854348,10000000,2026-01-26T14:22:40.840730,"KAYAK: Flights, Hotels &amp; Cars
247.1",KAYAK.com,20 Jan 2026
0FB36CC71E120DFAC421B32DE407F15F2BBF31654D2C505710D8E1C7713AE2F9,com.linkdeskstudio.popcat,71,1981-01-01 01:01:02,2026-02-14 22:01:53.481724,10000000,2026-02-14T22:04:15.134790,"Pop Cat-Bubble Cat Games
2.8.0",LinkDesks - Jewel Games Star,11 Feb 2026
6B85D9EA3F0ADE32198E3FD9C08DBF60D868CB21F1A419345818F4A69B7C1F6F,com.mi.global.shop,43203,1981-01-01 01:01:02,2026-02-19 09:50:55.98967,100000000,2026-02-19T10:06:38.284843,"Mi Store
4.32.3",Xiaomi,23 Jan 2026
0241CB1C54F9921A2EC68EC76A5711687005A415CAFA7A3BD1FA991CE972B4FE,fc.admin.fcexpressadmin,1334,1981-01-01 01:01:02,2026-01-12 15:29:48.418221,50000000,2026-01-12T16:04:22.953405,"FirstCry India - Baby &amp; Kids
9.9.95",FirstCry.com,7 Jan 2026
1CD46620F8A61453B785FA0C759CD080AF5F2552091EEB4CB857AE39952CE08C,com.crack.screen.prank.bfun,62,1981-01-01 01:01:02,2026-02-21 20:12:17.467702,50000000,2026-02-21T20:13:13.865911,"Broken Screen Prank
7.0.7",HappySpark,2 Nov 2025
709F7373B210A237DE43E2B57147F5372699A76070DBC21C5C5BE26EB359677F,com.oppanagames.car.simulator,353,1981-01-01 01:01:02,2026-02-10 05:00:29.475459,100000000,2026-02-10T05:01:16.290629,"Car Simulator 2
1.60.6",OppanaGames FZC LLC,2 Feb 2026
2ABC91E2A3BC444DC5F231C9A2F4FFAAF0F6D995FEDD8DC52CCF1F330A8D702B,com.lyrebirdstudio.montagenscolagem,207827,1981-01-01 01:01:02,2026-01-13 00:07:38.836853,100000000,2026-01-13T00:08:24.399115,"Photo Editor Picsa: Collage
3.1.12",Prometheus Interactive LLC,30 Dec 2025
197B53E0C0625EBF19948BC0CD06FE78D91B7E7882D5E7D062209DD50D658988,com.ivuu,5886300,1981-01-01 01:01:02,2026-01-27 05:37:51.462885,50000000,2026-01-27T05:38:45.968089,"AlfredCamera: Home Security
2026.2.1",Alfred Systems Inc.,21 Jan 2026
05B09A168290DB732140AAF0A989A384931CA19FA7CFA6788B0A759F87417D96,com.meetup,2817,1981-01-01 01:01:02,2026-02-14 14:15:30.120359,10000000,2026-02-14T14:17:14.670689,"Meetup: Social Events &amp; Groups
2026.02.10.2817",Meetup,10 Feb 2026
097EBE6096C4CC0A3AC05FD376656C5BC3E02E9E11B97F4A38641D4337A1B922,com.fungames.sniper3d,24014,1981-01-01 01:01:02,2026-01-29 12:03:17.914278,500000000,2026-02-04T16:40:17.511633,"Sniper 3D：Gun Shooting Games
6.14.2",Wildlife Studios,26 Jan 2026
C3AB6C1298208032508B86323AF6FB0ED5A6E5CFD8D59022F41909FD47D6E150,sensustech.universal.tv.remote.control,64,1981-01-01 01:01:02,2026-01-13 00:59:35.512671,50000000,2026-01-13T01:13:39.142775,"Universal TV Remote Control
1.7.5",SensusTech LLC,13 Dec 2025
48BB32A5D00C30FB8BF7E6CF4A9F302A440983BF42B36C040F92A97F94D708B4,com.dazn,145493,1981-01-01 01:01:02,2026-02-04 21:31:02.050522,50000000,2026-02-04T21:30:54.265465,"DAZN - Watch Live Sports
2.53.34",DAZN,3 Feb 2026
0B847353D863829D1F0129751CF31E0B821C8D9B62004F9DFC0484DE95E67557,com.cabify.rider,17156763,1981-01-01 01:01:02,2026-02-25 06:08:14.66928,10000000,2026-02-25T06:08:21.135061,"Cabify
8.227.0",Cabify Technology,16 Feb 2026
072A616458F43EA4A904F1FF351AEBD562260511BAE6F28D99BDD6D3B71CE7D2,com.bd.nproject,110302,1981-01-01 01:01:02,2026-02-24 05:58:39.396159,10000000,2026-02-24T06:33:18.542215,"Lemon8 - Lifestyle Community
11.3.2",TikTok Pte. Ltd.,5 Feb 2026
5F71C8770E9BC90E6D1396A0BC25BCC52FF3A75629DB2FBA62E06888C1D97E17,com.edjing.edjingdjturntable,63073100,1981-01-01 01:01:02,2026-02-19 15:19:49.98893,100000000,2026-02-19T15:28:30.529181,"edjing Mix DJ Music Mixer App
7.31.00",MWM - AI Music and Creative Apps,13 Feb 2026
B029DAC00E0EC48BC6FD6818F6559A4ADE7AD0C1B56900677D6459F5AE07DA27,musicplayer.hdvideoplayer.backgroundmusic,10040500,1981-01-01 01:01:02,2026-02-15 16:49:15.478954,50000000,2026-02-15T16:49:17.752714,"Music Player - MP3 Player
1.4.5",SuperStar Labs,27 Jan 2026
2A2A80118ECD8F3EA075CD406AAECC5F1F24F1C27067A50288C9EE8C0ECDC86E,app.bible.lite.offline,7082173,1981-01-01 01:01:02,2026-02-06 14:45:50.781741,100000000,2026-02-06T14:54:07.996092,"Holy Bible Offline NIV KJV App
2.1.0+7082173",Life.Church,26 Jan 2026
7926FE26C045AD10F20AD5D44FA1D23C2A254622EDBBBDDBA083F364F512E47A,com.bravestars.hair.salon.beauty,156,1981-01-01 01:01:02,2026-02-06 00:14:09.134279,50000000,2026-02-06T00:14:32.956600,"Hair Salon: Beauty Salon Game
2.52",Bravestars Games,1 Feb 2026
FCF301290E89DB3F10BA967AE3156B042F4FD77889B4507CEB5BACF0931939A2,com.inapp.incolor,119,1981-01-01 01:01:02,2026-02-14 17:04:42.615072,50000000,2026-02-14T17:23:26.649312,"InColor: Coloring &amp; Drawing
7.3.0",Eyewind,5 Feb 2026
246136019346E2643920C6DE22E3BDCE85654FEA603F16DA9210AA6BAF8D1046,photo.editor.photoeditor.photoeditorpro,246000,1981-01-01 01:01:02,2026-01-13 02:45:29.241151,100000000,2026-01-13T02:45:41.972024,"AI Photo Editor - Polish
1.712.246",InShot Inc.,8 Jan 2026
6AD0C9603F8D24298C541E38D9858B030BB26623660F2292D7957C62DA8D2583,com.sinyee.babybus.policemen,8730001,1981-01-01 01:01:02,2026-03-02 15:40:26.472228,100000000,2026-03-02T15:44:48.326191,"Little Panda Policeman
8.73.00.01",BabyBus,9 Feb 2026
8B9C17A6118CB0888B010E6FA4DEF0A4B8A5EE5818DF57E23CA6A7C61E6686FA,com.outfit7.movingeye.swampattack,585,1981-01-01 01:01:02,2026-01-27 12:54:38.733076,100000000,2026-01-27T12:55:18.947714,"Swamp Attack
4.6.9.0",Moving Eye,24 Jan 2026
17A8B86FC76F01A0FDEB3096358094ECB7979B978D35F4A406C0195771DA9B8C,com.google.android.apps.fitness,2027208625,1981-01-01 01:01:02,2026-02-27 01:37:28.415779,100000000,2026-02-27T01:37:49.845232,"Google Fit: Activity Tracking
2026.02.12.00.arm64-v8a.release",Google LLC,19 Feb 2026
06119849B3C2F98C6D08FB2CE9A8B28B53CC79CDA095CF3DA62DFAC43447F099,com.vincentb.MobControl,12466,1981-01-01 01:01:02,2026-01-14 14:55:33.953505,100000000,2026-01-14T14:51:51.533141,"Mob Control
3.11.0",VOODOO,14 Jan 2026
C6FB81A7A78F838276B086CD8C2C0A19DDEBE1754D0CCC0690066F8DB167E641,com.sinyee.babybus.icecream,8731411,1981-01-01 01:01:02,2026-02-04 21:05:52.779089,100000000,2026-02-04T21:07:55.911845,"Little Panda&#39;s Ice Cream Games
8.73.14.11",BabyBus,2 Feb 2026
0AC41D261943A5A0BB249B1B1194E4A285FE9B2A74D7AB012F6ECF8E4E11F913,com.tvf.anti.stress.relaxing.mini.games,21,1981-01-01 01:01:02,2026-01-27 02:30:11.958379,10000000,2026-01-27T02:31:02.903323,"Mini Fidget Antistress Games
0.2.1",The Fashion Valley,26 Dec 2025
8A7EAD3988E38D843EE1BB75169EB389D0F15D48111812A1FBC11FDD45407AA5,ocean.nomad.survival.simulator,300,1981-01-01 01:01:02,2026-02-01 19:23:49.777403,100000000,2026-02-01T19:26:24.638138,"Raft® Survival - Ocean Nomad
2.8.0",Survival Games Ltd,26 Jan 2026
0287F2636EBED1385256BA13C000E11546CCC1AD30C7A79E605630DE6E8CA125,com.ihg.apps.android,50020408,2026-03-02 15:41:18,2026-03-05 12:32:33.099075,10000000,2026-03-05T12:40:47.276468,"IHG One Rewards: Book Hotels
5.93.1",IHG Mobile,2 Mar 2026
394A8D3FF12150475DBFC970C77489B619F63169355AF13D1A8C257ED6F75AD5,com.mediamushroom.copymydata,700000106,1981-01-01 01:01:02,2026-02-20 22:25:40.019909,50000000,2026-02-20T22:26:26.610225,"Copy My Data: Transfer Content
70.0.1",Red Sky Labs,6 Feb 2026
18222A31E9B671A2F8F70015A36F9EC76D1541D686F3E117786063AEF9D8765E,com.mathpresso.qanda,7240,1981-01-01 01:01:02,2026-01-26 09:41:36.707085,50000000,2026-01-26T09:42:02.341072,"QANDA: AI Math &amp; Study Helper
7.2.40",Mathpresso,16 Jan 2026
1B988EEA8DDD1F516EC238A1C8339EFB0A494763CE322A7F2369359DF66C7880,com.topgamesinc.evony,481321,1981-01-01 01:01:02,2026-03-07 16:28:23.089276,100000000,2026-03-07T16:35:22.602066,"Evony: The King&#39;s Return
5.20.1",TG Inc.,26 Feb 2026
ADC4103107041D9B985115FC5C7C5CDA8C142B8B198B7F764CF7E12E96774AA3,com.ryzmedia.tatasky,839,2025-12-19 08:12:46,2026-01-09 13:47:02.182143,50000000,2025-12-30T13:02:51.023793,"Tata Play - Live TV &amp; DTH Pack
19.9",TataPlay,22 Dec 2025
302A3608DF8E59361B11E1EB6F82952A09BC54C4EF53E1C36850E69C9ACA8A0B,com.bubbleshooter.popbubbles.shootbubblesgame,189,1981-01-01 01:01:02,2026-02-15 05:12:45.311623,100000000,2026-02-15T05:14:40.098534,"Shoot Bubble - Pop Bubbles
2.8.8",IVYGAMES,5 Feb 2026
135E94960E5D2868B6499B582ABFC39555C558AA7463A645665D0FE9528FFCF2,com.talabat,2190,1981-01-01 01:01:02,2026-01-13 06:13:58.117618,10000000,2026-01-13T06:16:02.004692,"talabat: Food, grocery &amp; more
13.22.1",Talabat,9 Jan 2026
00E2331D218DD54EE8A16B4FBC4E4B92B4C5828F0323278D8009658BCF3CEB74,com.ziraat.ziraatmobil,2012301598,1981-01-01 01:01:02,2026-03-06 03:26:52.360816,50000000,2026-03-06T03:26:54.966537,"Ziraat Mobile
3.4.5",T.C. Ziraat Bankası A.Ş.,2 Mar 2026
C60CFCBCD452F15038DD44D70D41696EABF1AF8766377AF00DDBF5CFFCC455EF,com.mind.quiz.brain.out,3040501,1981-01-01 01:01:02,2026-03-05 00:52:16.299788,100000000,2026-03-05T00:52:25.718338,"Brain Out®: Can you pass it?
3.4.5",Focus apps,30 Jan 2026
14768D91CD7C648F12CCF923ECBCE71E1C7C4480F9AF26FA97C4199348ED91F8,com.outfit7.mytalkingtomfriends,202504050,1981-01-01 01:01:02,2026-01-26 10:33:41.653501,500000000,2026-01-26T10:33:28.064380,"My Talking Tom Friends
25.4.5.17176",Outfit7 Limited,12 Jan 2026
416935BA30581376768E8D2A8E888EA7C864A335B59870E9AD370C2EEAD10508,com.dts.freefireth,2019119621,1981-01-01 01:01:02,2026-01-14 21:56:49.674059,1000000000,2026-01-14T21:54:51.756308,"Free Fire x JUJUTSU KAISEN
1.120.1",GARENA INTERNATIONAL I,7 Jan 2026
14EFB3B1A0BF0AA06D4AD2920DF0BBA815021D13D2671A1F6D27E9E478DE1A31,bp.free.puzzle.game.mahjong.onet,257,1981-01-01 01:01:02,2026-03-09 17:36:14.876455,10000000,2026-03-07T04:11:48.597556,"Onet 3D - Classic Link Puzzle
2.9.122",Metajoy,3 Mar 2026
27CFBC4BB086D68B5085F977B95E9AB91C073D8EFB703EB18949D9BE4F095D0F,com.voicemaker.android,288,1981-01-01 01:01:02,2026-01-27 14:06:31.201818,50000000,2026-01-27T14:10:00.450487,"SUGO: Voice Chat Party
2.43.0.2",IndiaMasterApp,11 Jan 2026
19C7422307AEC56704B1C3686468A62AF9C78E56EE45D1BFF875ABDFBF71DFEE,com.tt.mega.ramps.ultimate.races,110,1981-01-01 01:01:02,2026-01-01 05:59:00.128957,50000000,2026-01-01T05:59:00.505083,"Mega Ramp Ultimate Racing
1.9.9.2",Virtual Dream Heroes,27 Nov 2025
FFDDD293E57DD7AC2B47F9441449DCABEEDF0EE330A361A81385403E98E97712,io.wifimap.wifimap,9452,1981-01-01 01:01:02,2026-03-01 16:30:18.228019,100000000,2026-03-01T16:32:59.212969,"WiFi Map・Password, eSIM Travel
8.6.31",WiFi Map LLC,19 Feb 2026
0A59F29D3AC877C7B677CAA0272D1A9D8F2402BD53CB42F2523C24363FEDB99A,com.iz.pretend.play.my.monster.town.airport.games.kids,78,1981-01-01 01:01:02,2026-02-26 01:11:37.604165,10000000,2026-02-26T09:00:53.459874,"Tizi Town - My Airport Games
3.0.3",Tizi Town Games,19 Jan 2026
14C20C9982A9C84E53FBF238A6F8329F39039981219AE0B448282D916FE0D9A6,com.partyup.blockjam,2025002985,1981-01-01 01:01:02,2026-02-23 08:31:05.238106,10000000,2026-02-23T08:31:19.752284,"Block Jam: 3D Color Puzzle
3.5.1",VOODOO,19 Feb 2026
3076AF95A249C6D26B49FBC269ACF7C6DE6D7B26531556036CA8D65BDD7E0D4A,com.quvideo.xiaoying,6933001,1981-01-01 01:01:02,2026-01-27 04:14:39.064284,500000000,2026-01-27T04:14:27.267170,"VivaVideo - Video Editor&amp;Maker
9.33.0",QuVideo Inc. Video Editor & Video Maker App,11 Jan 2026
1DB6FEAB296AA43D477ACBE03C05C42D08DCB1A7C4326AC7D64B6C38BFE4FCCB,air.com.goodgamestudios.empirefourkingdoms,4124089,1981-01-01 01:01:02,2026-02-12 15:24:24.793995,50000000,2026-02-12T15:26:03.802806,"Empire: Four Kingdoms
4.124.89",Goodgame Studios,6 Feb 2026
0C87774F24739649530FE6BCFFF680DA91736EC603CF20EE18E1F8A6BFAE5574,com.tutotoons.app.lolsurprisediscohouse,2005449,1981-01-01 01:01:02,2026-03-07 01:43:49.836053,10000000,2026-03-07T01:45:12.560387,"L.O.L. Surprise! Disco House
2.5.449",TutoTOONS,27 Feb 2026
17025A34B05E9B24871786B98C2DE2392A3E5B2D311948E746A2742E6D22250B,com.ihappydate,212,1981-01-01 01:01:02,2026-02-27 01:39:37.666428,50000000,2026-02-27T01:39:30.442220,"Dating and Chat - iHappy
1.1.49",ihappydate,17 Feb 2026
1435D65F869334F63881BBE70AA7DEDDBB288461E0E6D473C94C94B3A6E83294,jp.co.mixi.monsterstrike,14558,1981-01-01 01:01:02,2026-02-07 06:42:58.131132,10000000,2026-02-07T06:51:20.970730,"モンスターストライク
31.3.0","XFLAG, Inc.",29 Jan 2026
00966A33C4E70336CCC03426AD44EE4DCAC1922F6026D94F2A0C338047201542,com.mercadolibre,1816182158,1981-01-01 01:01:02,2026-02-22 08:03:41.172652,100000000,2026-02-22T08:10:08.479966,"Mercado Libre
10.510.1",Mercado Libre,17 Feb 2026
0EF8040AD06A37E8C7F3CE930C9BFB6665DC935C2B36B0AD539709004A7C5881,pe.com.interbank.mobilebanking,1794,1981-01-01 01:01:02,2026-01-04 06:18:23.536395,10000000,2026-01-04T06:24:11.475522,"Interbank APP
21.5.1",Banco Internacional del Peru,20 Dec 2025
0322FCB2AC4C41B38C30DEF9365C14F2B65655865708CFC57ABC64A2BB72A809,com.linkdokter.halodoc.android,1608,1981-01-01 01:01:02,2026-02-09 16:39:18.46692,10000000,2026-02-09T16:40:15.308981,"Halodoc: Dokter, Obat &amp; Lab
27.300",Halodoc,30 Jan 2026
C0D13ECCF5E9B48A5E2EFCC02FAD64343633F860F78FF3472D43037CBB4D8EE8,tr.gov.turkiye.edevlet.kapisi,21035064,1981-01-01 01:01:02,2026-02-19 18:01:28.885299,100000000,2026-02-19T18:35:00.599448,"e-Devlet Kapısı
2026.02.5064",T.C. Cumhurbaşkanlığı Dijital Dönüşüm Ofisi,16 Feb 2026
80961B39E826EF1509B549FCCFEE0103408490FD2BB47B2425C59DA6F93AEC89,com.miniclip.plagueinc,2742,1981-01-01 01:01:02,2026-02-10 18:03:39.761405,100000000,2026-02-10T18:05:08.557367,"Plague Inc.
1.23.0",Ndemic Creations,5 Feb 2026
198CF0F65DA0F8E56253F79CEC88A809FBCEF05AA020069DCE2D7D7E926923F4,in.sweatco.app,16532,1981-01-01 01:01:02,2026-01-27 05:50:32.128158,100000000,2026-01-27T05:51:30.356203,"Sweatcoin・Walking Step Counter
233.0.0",Sweatco Ltd,23 Jan 2026
9855946133BB10D34D520A85DDF25EDF7DBBFB7EA1377DD207C8737C8505970C,com.utorrent.client,7629,1981-01-01 01:01:02,2026-01-31 13:57:36.13631,100000000,2026-01-31T13:58:19.207518,"µTorrent® - Torrent Downloader
8.3.4","Rainberry, Inc.",20 Jan 2026
B13028B7C992683ED0F924E4097649850C6DA149A92F9F71B2636D3237E36B06,mbinc12.mb32b,20140,1981-01-01 01:01:02,2026-02-09 16:16:54.631706,100000000,2026-02-09T16:18:42.901877,"Music MP3 Player Lite
201.40",MixerBox© - Music & MP3 Player App,31 Dec 2025
B14AB534E2A7065BF1E8E141EE66CD22F018455CAD8EF0067FA3E96A7207C7F9,com.oplus.account,916000,1981-01-01 01:01:02,2026-01-13 03:43:40.944032,100000000,2026-01-13T03:48:23.774229,"Account Center
EXP_9.16.0_848e795",ColorOS,13 Nov 2025
0464E2E3129924C9781E405DEB5B3189FDF6F788E72D657BEC5E378D41CD8CA2,makeover.merge,416,1981-01-01 01:01:02,2026-02-09 03:25:16.737309,10000000,2026-02-09T03:15:59.488684,"Makeover Merge
2.25.811",Lion Studios Plus,3 Dec 2025
5F49EAF003015E7A80CB1B0A30A4A61E986E71119212292499274D612B85DCDE,com.teamviewer.teamviewer.market.mobile,1575080,1981-01-01 01:01:02,2026-02-25 06:51:39.942845,100000000,2026-02-24T22:39:25.506162,"TeamViewer Remote Control
15.75.80",TeamViewer,19 Feb 2026
296D8A26CE68E62141879FA04C06565D0DF1EC3B2852A6A65BCBD63B059F50A3,com.grabtaxi.passenger,53990000,1981-01-01 01:01:02,2026-02-27 06:27:51.611979,100000000,2026-02-27T06:29:15.698631,"Grab - Taxi &amp; Food Delivery
5.399.0",Grab Holdings,23 Feb 2026
01D4312FC75CE5FF8BAC1472766CF143ECF29915BD2B2986193DC5A214CF2D04,com.udemy.android,615,1981-01-01 01:01:02,2026-01-27 05:35:06.499625,10000000,2026-01-27T05:36:29.630223,"Udemy - Online Courses
9.57.0",Udemy,19 Jan 2026
004A929B937F440BDD920833805A100B75CB99145035749B89682342C10CE904,com.cookie.match3.casual,249,1981-01-01 01:01:02,2026-02-22 06:07:52.053881,10000000,2026-02-22T06:09:29.169196,"Dream Family - Match 3 Games
2.6.0",Playflux,11 Feb 2026
456CC80B55FB8471934D8E549EA3A19BC04D26CA3159178D3158A308CF6D8DB2,com.camerasideas.instashot,1526,1981-01-01 01:01:02,2026-01-31 16:19:58.381312,500000000,2026-01-31T16:20:37.494004,"InShot - Video Editor &amp; Maker
2.193.1526",InShot Video Editor,31 Jan 2026
06C40C1C23AED832112807FB74EDD5486DD2193A925463CAE946D52A4C590093,net.bat.store,3961,1981-01-01 01:01:02,2026-02-19 11:24:51.176433,500000000,2026-02-19T11:29:25.520633,"AHA Games: 10K+ Offline Games
V6.6.44.1",AHA Games,9 Feb 2026
00E8C47BC3471D324E4D90E3136D5A9CCF198C02FAD2345D6E68F197A4F439D3,com.lily.times.tweenshusky.all,934272,1981-01-01 01:01:02,2026-02-26 22:20:53.562162,10000000,2026-02-26T22:26:50.568723,"Talking Husky Dog
2.72",Talking Baby,14 Jan 2026
F65742279164516BFB0599A5A1C0FA99FC76FB32C0A0083C6F878890C0FB2CD7,com.samsung.sree,360007000,2009-01-01 00:00:00,2026-01-12 08:09:44.820825,500000000,2026-01-06T01:07:28.245555,"Samsung Global Goals
3.6.00.7","Samsung Electronics Co.,  Ltd.",23 Dec 2025
3E0951198D7B529AD8484FE484E3B601CCD9AB440DBBCE6D90EA3EFECA2DEADC,com.movile.playkids.pkxd,14193,1981-01-01 01:01:02,2026-02-21 12:02:55.773534,100000000,2026-02-21T12:08:48.868940,"PK XD: Fun, friends &amp; games
1.82.5",Afterverse Games,19 Feb 2026
052E989A48589759BF6E154AE3BD90164557F028DBAD2F17B03906F7434097BD,com.gp.pilot.simulator.airplanegames,54,1981-01-01 01:01:02,2026-02-01 00:53:22.286371,10000000,2026-02-01T00:53:24.009715,"Pilot Simulator: Airplane Game
1.47.3",GamePark,27 Oct 2025
183F32CD2CA3333909EE1FF021B73B9A5B7D628D263500440E281C805926F4DE,com.my.hc.rpg.kingdom.simulator,855,1981-01-01 01:01:02,2026-02-12 15:09:57.960697,50000000,2026-02-12T15:10:47.229724,"Hustle Castle: Medieval games
1.138.0",MY.GAMES B.V.,5 Feb 2026
749B2C29CB9E5C9F07C0ED01C9C612A66D2EF9775952D56622EF936AC6474BBC,com.amazon.kindle,1286324811,1981-01-01 01:01:02,2026-02-27 02:46:25.420957,100000000,2026-02-27T02:52:17.803054,"Amazon Kindle - eBooks &amp; more
8.142.1.0(2.0.67282.0)",Amazon Mobile LLC,26 Feb 2026
